# Blender 4.5.1 LTS
# www.blender.org
o Sphere
v 0.171404 1.618186 -0.932326
v 0.223605 1.605319 -0.937744
v 0.163394 1.575973 -0.967758
v 0.182656 0.159434 -0.746807
v 0.243028 0.137066 -0.704970
v 0.187319 0.132492 -0.706383
v 0.156053 1.835517 -0.675393
v 0.104090 1.841161 -0.667787
v 0.110098 1.866673 -0.621141
v 0.441154 0.386335 -0.911798
v 0.472741 0.415847 -0.922844
v 0.468987 0.361218 -0.873661
v 0.289550 0.173954 -0.741920
v 0.331666 0.215101 -0.781285
v 0.341270 0.187736 -0.743695
v 0.096929 1.964725 -0.280109
v 0.139640 1.964272 -0.283520
v 0.093809 1.960145 -0.326900
v 0.446529 0.891084 -1.109227
v 0.496859 0.867246 -1.090788
v 0.418895 0.841811 -1.112562
v 0.137502 1.968719 -0.236843
v 0.316648 1.858333 -0.587867
v 0.267298 1.869467 -0.587222
v 0.271318 1.893320 -0.538233
v 0.365598 1.846161 -0.587398
v 0.313280 1.835210 -0.638483
v 0.488938 1.599663 -0.852733
v 0.537317 1.578883 -0.846118
v 0.484182 1.559216 -0.892732
v 0.536445 1.275461 -1.023808
v 0.548983 1.326539 -0.999622
v 0.584970 1.250046 -1.006570
v 0.183908 1.962412 -0.284883
v 0.229432 1.959518 -0.284031
v 0.230816 1.955709 -0.334411
v 0.633965 1.646477 -0.700739
v 0.674798 1.652401 -0.643735
v 0.673253 1.619435 -0.688059
v 0.310259 -0.005867 -0.178743
v 0.259030 -0.010127 -0.131720
v 0.255593 -0.011220 -0.182595
v 0.687511 1.758962 -0.394032
v 0.689823 1.770028 -0.340181
v 0.730357 1.739670 -0.333377
v 0.671432 0.150996 -0.264028
v 0.622044 0.122061 -0.265971
v 0.620233 0.128229 -0.320282
v 1.022407 1.269272 -0.446507
v 1.030633 1.311197 -0.375788
v 1.040014 1.260896 -0.397176
v 0.468647 0.043457 -0.220850
v 0.520627 0.065313 -0.217725
v 0.468595 0.042530 -0.166403
v 1.055258 1.111074 -0.461354
v 1.072999 1.152402 -0.388914
v 1.072311 1.099257 -0.409130
v 0.882571 1.598315 -0.262626
v 0.850841 1.642852 -0.213680
v 0.886408 1.599603 -0.212934
v 0.516399 0.064716 -0.107468
v 0.466208 0.043451 -0.111343
v 0.271833 1.958537 -0.231165
v 0.225478 1.962651 -0.234383
v 0.264790 1.960154 -0.180835
v 1.086850 0.766770 -0.229732
v 1.097293 0.813533 -0.159193
v 1.088729 0.756293 -0.175336
v 1.102404 0.978241 -0.049727
v 1.089286 1.027087 0.023410
v 1.096583 0.969239 0.003717
v 0.445040 1.911753 -0.100815
v 0.502816 1.895423 -0.147477
v 0.454200 1.911292 -0.154960
v 1.066622 0.735941 -0.016621
v 1.042068 0.675324 0.019501
v 1.051309 0.680803 -0.030971
v 0.765236 1.718893 -0.056552
v 0.808883 1.683061 -0.054061
v 0.812919 1.684422 -0.108868
v 0.977936 1.442934 -0.022047
v 1.001187 1.383496 0.020352
v 1.007163 1.390394 -0.033654
v 0.302512 1.955486 -0.124034
v 0.312123 1.955283 -0.175476
v 0.259705 -0.007852 -0.079619
v 0.309690 0.002273 -0.073838
v 1.012431 1.240868 0.152149
v 0.997322 1.226955 0.205138
v 1.034525 1.186447 0.135911
v 0.432675 1.910605 -0.047014
v 0.493778 1.895317 -0.092644
v 0.546769 1.831828 0.086303
v 0.611254 1.813012 0.039975
v 0.562194 1.838255 0.032056
v 0.701361 1.744951 0.050120
v 0.641306 1.771481 0.099736
v 0.687097 1.736298 0.104573
v 0.929371 1.243694 0.321545
v 0.906595 1.222486 0.370735
v 0.954997 1.191708 0.306896
v 0.991942 1.085976 0.269153
v 0.951424 1.119118 0.338066
v 0.967968 1.066849 0.317983
v 0.812937 0.799111 0.513477
v 0.775600 0.759500 0.534277
v 0.824455 0.757400 0.485142
v 0.816099 0.641444 0.440144
v 0.802693 0.678189 0.473965
v 0.787728 0.601588 0.455748
v 0.722852 0.425416 0.390478
v 0.736602 0.492026 0.429577
v 0.701510 0.453945 0.434601
v 0.580238 0.443340 0.526233
v 0.535467 0.408549 0.525176
v 0.557972 0.375959 0.482869
v 0.632619 1.624221 0.368265
v 0.586158 1.663758 0.364621
v 0.606301 1.600540 0.414884
v 0.669736 1.491235 0.463856
v 0.599172 1.509402 0.509265
v 0.640971 1.462610 0.507161
v 0.726405 1.289284 0.535993
v 0.692357 1.339205 0.544439
v 0.694571 1.256061 0.575094
v 0.355363 1.766916 0.374341
v 0.302279 1.791497 0.361440
v 0.272743 1.765072 0.403885
v 0.237848 0.163351 0.387384
v 0.185323 0.145913 0.373286
v 0.263799 0.138514 0.344704
v 0.304927 1.079228 0.792959
v 0.266761 1.035285 0.800721
v 0.336751 1.030585 0.788626
v 0.196690 1.126880 0.798601
v 0.156322 1.168717 0.798584
v 0.162932 1.083074 0.806241
v 0.218433 0.477041 0.673746
v 0.194536 0.519750 0.698928
v 0.165127 0.448268 0.663617
v 0.136233 0.382537 0.620800
v 0.190126 0.407158 0.635698
v -0.058142 1.462242 0.672095
v -0.087336 1.416369 0.688332
v -0.003987 1.441724 0.688787
v 0.052850 0.218640 0.462695
v -0.000600 0.203081 0.439163
v 0.078871 0.187873 0.427767
v 0.171495 1.960541 -0.043976
v 0.097881 1.958712 -0.015739
v 0.148183 1.957067 -0.000372
v 0.001744 1.839408 0.300721
v 0.055592 1.830287 0.326572
v 0.085849 1.853232 0.286624
v -0.170159 1.168732 0.755325
v -0.220071 1.178120 0.737360
v -0.239696 1.127613 0.738312
v -0.090229 1.751630 0.406468
v -0.172783 1.724439 0.407318
v -0.121104 1.718120 0.439567
v -0.098625 1.672764 0.500037
v -0.152589 1.684813 0.473092
v -0.128222 1.631559 0.526226
v -0.079110 0.307625 0.532066
v -0.104135 0.347327 0.558359
v -0.132217 0.293062 0.503526
v -0.206169 0.237700 0.406442
v -0.254000 0.229461 0.368924
v -0.178756 0.204585 0.375561
v -0.043073 0.072529 0.213871
v -0.069580 0.094604 0.246751
v -0.086295 0.066272 0.178004
v 0.063698 0.045235 0.180163
v 0.032262 0.060340 0.213095
v 0.019686 0.039954 0.152715
v -0.395813 1.085980 0.664614
v -0.407981 1.029834 0.664350
v -0.360784 1.028646 0.689710
v 0.123252 1.962617 -0.054496
v 0.047996 1.959599 -0.038040
v 0.052032 0.027715 0.120919
v 0.085822 0.016541 0.087750
v 0.124111 0.021376 0.106570
v -0.316770 0.547365 0.606261
v -0.348135 0.489661 0.554691
v -0.297950 0.499075 0.587194
v 0.051144 0.012229 0.067207
v -0.445326 0.380918 0.392500
v -0.420851 0.338022 0.366325
v -0.376008 0.342801 0.408176
v -0.456529 1.527070 0.425873
v -0.497803 1.525790 0.384059
v -0.518508 1.475249 0.400227
v -0.624478 0.738773 0.439506
v -0.653899 0.683593 0.377398
v -0.616586 0.683133 0.422646
v -0.597255 1.619840 0.072450
v -0.648612 1.567998 0.049007
v -0.622356 1.580619 0.100053
v -0.187305 0.051455 0.055128
v -0.250342 0.074498 0.038588
v -0.213120 0.050030 0.010450
v -0.016428 0.018510 0.062215
v 0.020970 0.008337 0.044543
v -0.809507 1.270360 0.031712
v -0.834655 1.214634 0.004901
v -0.818672 1.225628 0.048019
v -0.016491 1.961198 -0.132524
v -0.077999 1.955662 -0.148495
v -0.044004 1.957591 -0.105022
v -0.536422 0.239610 -0.019645
v -0.501375 0.204615 -0.047594
v -0.475921 0.197953 0.005780
v -0.445809 0.149543 -0.156736
v -0.402189 0.123244 -0.183878
v -0.383032 0.115166 -0.131848
v -0.101375 1.948713 -0.194819
v -0.046236 1.958994 -0.176638
v -0.064645 1.956615 -0.222349
v -0.864972 0.892385 -0.298432
v -0.857654 0.847084 -0.327432
v -0.866301 0.857867 -0.250430
v -0.236684 1.903336 -0.279242
v -0.255977 1.901731 -0.197648
v -0.217265 1.912520 -0.229593
v -0.373522 1.839222 -0.234298
v -0.352046 1.853644 -0.183175
v -0.314278 1.871861 -0.215827
v -0.450018 1.786451 -0.303391
v -0.468329 1.780259 -0.218788
v -0.433626 1.806104 -0.252145
v -0.531772 1.693460 -0.422347
v -0.542821 1.664711 -0.470317
v -0.579281 1.637428 -0.438999
v -0.697322 1.232710 -0.688908
v -0.690271 1.187643 -0.727247
v -0.725073 1.196572 -0.660133
v -0.324091 1.839940 -0.397057
v -0.368533 1.825302 -0.367373
v -0.309545 1.858660 -0.347871
v -0.703850 0.566642 -0.567867
v -0.697358 0.602488 -0.615450
v -0.667041 0.526918 -0.591906
v -0.490427 1.715449 -0.452344
v -0.447387 1.735321 -0.481747
v -0.459153 1.708310 -0.529216
v -0.282109 0.079119 -0.354192
v -0.291298 0.096277 -0.404767
v -0.229884 0.058459 -0.372207
v -0.306330 0.133581 -0.507536
v -0.251783 0.116169 -0.522897
v -0.299807 0.113407 -0.456275
v -0.153504 0.023018 -0.288762
v -0.164895 0.033129 -0.337992
v -0.099242 0.010409 -0.302698
v -0.654456 1.093925 -0.791040
v -0.626903 1.130343 -0.818987
v -0.633923 1.048106 -0.823139
v -0.175968 1.896149 -0.431792
v -0.221985 1.885989 -0.405822
v -0.163433 1.909561 -0.383587
v -0.109629 0.021379 -0.351626
v -0.119592 0.033276 -0.401011
v -0.053779 0.011037 -0.362799
v -0.452976 0.882817 -0.987939
v -0.412769 0.849730 -1.010768
v -0.480312 0.842426 -0.960384
v -0.257709 0.195426 -0.669270
v -0.204169 0.177439 -0.681435
v -0.258162 0.165387 -0.621775
v -0.511437 1.301583 -0.875510
v -0.474308 1.328811 -0.895347
v -0.497055 1.257274 -0.904616
v -0.062924 0.024347 -0.411781
v -0.071451 0.037630 -0.460920
v -0.005614 0.017239 -0.420052
v 0.055795 1.963918 -0.272876
v 0.049579 1.959616 -0.318482
v 0.015421 1.962163 -0.259814
v -0.381105 0.891544 -1.032339
v -0.349527 0.933114 -1.053838
v -0.337849 0.862280 -1.052208
v -0.154751 1.838862 -0.592488
v -0.205124 1.831289 -0.570835
v -0.145700 1.861686 -0.546388
v -0.190261 1.689539 -0.802746
v -0.194992 1.652371 -0.838019
v -0.245919 1.645830 -0.816855
v -0.182675 0.900971 -1.120461
v -0.149896 0.947296 -1.135149
v -0.135076 0.878768 -1.132626
v -0.100329 0.742121 -1.121141
v -0.129710 0.696310 -1.097777
v -0.150551 0.763419 -1.112626
v -0.069679 0.323170 -0.904976
v -0.027280 0.270044 -0.873311
v -0.079572 0.284066 -0.868601
v -0.090415 0.215447 -0.785090
v -0.086487 0.248611 -0.828307
v -0.036027 0.205196 -0.788598
v -0.216427 1.452937 -0.985628
v -0.168992 1.449424 -1.001970
v -0.175468 1.405472 -1.024437
v -0.170270 1.081676 -1.120860
v -0.212762 1.101043 -1.105986
v -0.180450 1.146657 -1.111116
v 0.022372 1.126792 -1.154300
v 0.048332 1.179843 -1.149613
v 0.069682 1.108381 -1.160773
v 0.058526 1.869026 -0.611168
v 0.006830 1.870419 -0.598710
v 0.013539 1.894630 -0.553638
v 0.911224 0.900015 0.408650
v 0.863675 0.914942 0.468893
v 0.876691 0.870801 0.446214
v -0.661915 0.911115 0.433704
v -0.696683 0.911051 0.391329
v -0.700312 0.853226 0.379674
v 0.633980 1.045147 -1.021652
v 0.652195 1.096893 -1.006165
v 0.680600 1.019787 -0.996001
v 0.869883 1.021833 -0.820124
v 0.879734 1.072438 -0.800302
v 0.905993 0.998603 -0.779713
v 1.102509 1.013829 -0.267060
v 1.105157 1.061447 -0.192555
v 1.108803 1.004568 -0.212424
v -0.861244 0.968108 -0.385903
v -0.847187 1.008096 -0.423325
v -0.847554 0.922498 -0.415631
v -0.825151 0.662137 -0.227749
v -0.828552 0.690784 -0.281448
v -0.811799 0.644403 -0.308702
v 0.903013 0.676202 -0.707562
v 0.924243 0.656626 -0.656236
v 0.901213 0.605116 -0.666335
v 1.068692 0.711671 -0.244391
v 1.070864 0.701217 -0.190143
v 1.052794 0.645887 -0.203200
v -0.490357 0.607889 -0.877060
v -0.469101 0.650357 -0.911090
v -0.445394 0.576284 -0.896876
v 0.761423 0.646932 -0.858733
v 0.819065 0.672047 -0.807876
v 0.793501 0.622874 -0.815626
v 0.549140 0.655661 -1.010629
v 0.578806 0.700535 -1.010133
v 0.592054 0.630261 -0.978996
v -0.696109 1.254391 0.320510
v -0.722011 1.250257 0.274698
v -0.711825 1.198489 0.326907
v -0.846646 1.208895 -0.104681
v -0.837551 1.246512 -0.128191
v -0.860198 1.177305 -0.144976
v -0.859196 1.181020 -0.210536
v -0.844549 1.220172 -0.238669
v -0.861442 1.142881 -0.248812
v -0.792202 1.280587 0.078124
v -0.802893 1.233192 0.092170
v -0.786969 1.169418 -0.563869
v -0.758265 1.205469 -0.592337
v -0.772953 1.121833 -0.597592
v -0.685677 1.448803 0.171007
v -0.709818 1.438727 0.120939
v -0.704134 1.400951 0.190473
v 0.866792 1.336734 -0.721653
v 0.831143 1.360942 -0.752352
v 0.867701 1.379233 -0.694120
v 1.007786 1.404504 -0.240228
v 1.013120 1.403672 -0.190585
v 1.038579 1.351959 -0.205870
v -0.753957 1.414409 0.019996
v -0.772714 1.397762 -0.030038
v -0.770791 1.372010 0.042195
v -0.805221 1.354460 -0.128895
v -0.801514 1.366686 -0.202987
v -0.818018 1.327202 -0.176959
v -0.763306 1.336924 -0.471576
v -0.738898 1.373335 -0.501688
v -0.763712 1.295060 -0.513775
v -0.193055 1.444010 0.640897
v -0.221461 1.397215 0.658293
v -0.169020 1.384495 0.681271
v 0.971441 0.476135 -0.122860
v 0.989951 0.522057 -0.061585
v 0.963788 0.471848 -0.068425
v 0.893032 0.476979 0.186560
v 0.899900 0.528682 0.232054
v 0.873234 0.486413 0.234246
v 0.967453 0.517062 0.041325
v 0.952389 0.517150 0.091146
v 0.926734 0.469214 0.087878
v 0.025203 0.262899 -0.870683
v 0.083820 0.293151 -0.903231
v 0.076586 0.256619 -0.868092
v 0.584012 1.556218 -0.836787
v 0.585599 1.594475 -0.795065
v 0.629353 1.532552 -0.824990
v -0.554722 0.291398 -0.459736
v -0.554277 0.321067 -0.511222
v -0.509393 0.259668 -0.481994
v -0.510771 0.287132 -0.533821
v -0.510669 0.316417 -0.584751
v -0.464958 0.255769 -0.555094
v -0.209942 1.599334 0.522362
v -0.260521 1.605745 0.489389
v -0.239056 1.556157 0.546785
v -0.429381 1.570970 0.402438
v -0.445646 1.613178 0.336227
v -0.471608 1.569668 0.360607
v -0.446349 1.518198 -0.796530
v -0.400322 1.536516 -0.819470
v -0.399972 1.496160 -0.849756
v 0.537292 1.699149 0.358552
v 0.486611 1.731358 0.349617
v 0.512629 1.680691 0.407970
v -0.149108 0.162982 -0.690987
v -0.147636 0.194838 -0.735575
v -0.517250 0.211357 -0.239432
v -0.531445 0.227515 -0.295225
v -0.475806 0.179413 -0.265020
v 0.766645 1.700069 -0.379180
v 0.770890 1.709229 -0.326919
v 0.803570 1.668309 -0.371451
v -0.487346 0.196646 -0.319439
v -0.433858 0.146532 -0.290005
v 0.759566 0.218448 -0.203681
v 0.755401 0.215488 -0.147430
v 0.711708 0.179410 -0.150157
v 0.605189 1.832592 -0.299181
v 0.650871 1.810063 -0.293084
v 0.649875 1.799800 -0.347502
v 0.557801 0.094452 -0.047327
v 0.564954 0.090881 -0.103452
v 0.613837 0.117206 -0.099703
v 0.463804 1.838371 -0.530688
v 0.511866 1.838171 -0.473099
v 0.510313 1.820641 -0.526440
v 0.414432 0.135119 0.271065
v 0.435436 0.120782 0.219397
v 0.462836 0.159730 0.277030
v 0.223091 1.848622 0.284406
v 0.169278 1.862888 0.266101
v 0.194227 1.828184 0.328569
v 0.132466 0.132345 0.354728
v 0.158472 0.174538 0.410810
v -0.308003 0.075459 -0.232469
v -0.293637 0.064933 -0.182404
v -0.355377 0.099534 -0.208783
v -0.222764 0.101929 0.159661
v -0.184540 0.106492 0.202001
v -0.254333 0.126283 0.192526
v -0.388249 1.832769 -0.149427
v -0.412399 1.820216 -0.200598
v -0.448824 1.798585 -0.166689
v -0.175397 0.043857 -0.387731
v -0.238373 0.075939 -0.422141
v 0.224827 1.915629 -0.485307
v 0.227765 1.929959 -0.434671
v 0.273935 1.909144 -0.486753
v -0.014446 1.912906 0.131763
v 0.014647 1.926440 0.094291
v -0.064747 1.914343 0.099993
v -0.035377 1.928014 0.064267
v -0.112471 1.913744 0.064023
v 0.326562 1.909061 0.097081
v 0.275196 1.921383 0.083766
v 0.303589 1.900960 0.146735
v 0.421471 1.904096 -0.376057
v 0.372193 1.924443 -0.326650
v 0.420416 1.912077 -0.322489
v 0.373072 1.915217 -0.379337
v -0.157072 1.911568 0.024176
v -0.082878 1.927788 0.029609
v -0.127167 1.925296 -0.009467
v -0.197764 1.907916 -0.019371
v -0.166646 1.921105 -0.052940
v 0.461275 1.908926 -0.209183
v 0.329116 0.040777 0.095152
v 0.342635 0.030990 0.041068
v 0.391537 0.043940 0.048454
v 0.353156 0.022802 -0.013322
v 0.469023 1.899742 -0.317908
v 0.466131 1.904929 -0.263569
v 0.020729 1.910994 -0.505870
v 0.028334 1.925591 -0.458136
v 0.071052 1.910722 -0.517366
v -0.230673 1.909075 -0.148047
v -0.201105 1.915663 -0.099574
v -0.194473 1.920889 -0.180864
v -0.253232 1.890679 -0.328809
v -0.209371 1.901907 -0.357517
v -0.012952 -0.012424 -0.171472
v -0.001794 -0.012470 -0.126302
v -0.064409 -0.007246 -0.160156
v 0.077427 1.925583 -0.469004
v 0.126541 1.924092 -0.476499
v -0.310949 0.214758 -0.655904
v -0.311597 0.184431 -0.607798
v -0.202161 0.209704 -0.726872
v -0.336048 1.696055 -0.696463
v -0.286047 1.707156 -0.720083
v -0.293123 1.675287 -0.760828
v -0.543903 1.712673 -0.069153
v -0.511919 1.741523 -0.101339
v -0.568038 1.697135 -0.121978
v -0.482636 0.225556 0.087519
v -0.482624 0.256879 0.168118
v -0.515097 0.260305 0.116176
v -0.456069 1.768489 0.001694
v -0.426738 1.799298 -0.030315
v -0.486126 1.757008 -0.049429
v 0.064739 1.894677 -0.566019
v -0.341647 0.220955 0.284172
v -0.326704 0.259743 0.356760
v -0.370718 0.255065 0.313882
v 0.138329 1.268111 -1.127121
v 0.187366 1.249192 -1.128031
v 0.118937 1.215399 -1.145402
v 0.158697 0.652528 -1.116270
v 0.138560 0.715240 -1.137277
v 0.191453 0.697787 -1.126773
v 0.186855 0.308124 0.554745
v 0.159787 0.251622 0.504608
v 0.213175 0.270667 0.521929
v 0.053844 0.303260 0.551792
v 0.026360 0.249932 0.498214
v 0.079770 0.265008 0.522454
v 0.048381 1.761600 0.425161
v -0.006190 1.775915 0.401777
v -0.036739 1.741993 0.434906
v 0.584993 0.194369 -0.574702
v 0.574573 0.212674 -0.622387
v 0.633238 0.226385 -0.577113
v -0.398024 1.375690 -0.935048
v -0.398694 1.415079 -0.906601
v -0.354701 1.431449 -0.925268
v 0.997783 0.526814 -0.115287
v 1.015905 0.572212 -0.052906
v -0.682136 0.535013 0.216017
v -0.730105 0.589205 0.188191
v -0.713312 0.540735 0.164009
v 0.660934 0.637511 0.580740
v 0.642393 0.679485 0.612246
v 0.623885 0.594878 0.594092
v -0.662193 0.561758 -0.640291
v -0.629965 0.487225 -0.616480
v 0.652160 0.194105 -0.476825
v 0.644256 0.207986 -0.528006
v 0.699437 0.228635 -0.477202
v -0.012601 0.052343 0.184178
v 0.383308 1.925171 -0.055999
v 0.416933 1.907198 0.006179
v 0.334682 1.939566 -0.065205
v 0.366982 1.921776 -0.003944
v 0.133660 0.080020 0.256718
v 0.185519 0.091440 0.272976
v 0.158541 0.111533 0.313223
v 0.430098 1.417270 0.653672
v 0.414678 1.493925 0.615739
v 0.381921 1.456159 0.646668
v 0.917710 1.407496 -0.570887
v 0.911585 1.442792 -0.542517
v 0.946725 1.390936 -0.535289
v -0.709332 1.407045 -0.530654
v -0.740650 1.331877 -0.544338
v 0.711457 0.204235 -0.371065
v 0.707538 0.214006 -0.424800
v 0.757369 0.240198 -0.369945
v -0.735514 0.483737 -0.333781
v -0.761618 0.527670 -0.307169
v -0.738008 0.512703 -0.387783
v 1.001946 1.406472 -0.288838
v 0.971147 1.458083 -0.321453
v 0.976409 1.456761 -0.275205
v 0.535153 0.486117 -0.932393
v 0.496545 0.511015 -0.968048
v 0.567420 0.523642 -0.937780
v -0.457474 0.528728 0.497456
v -0.518955 0.574543 0.478526
v -0.502336 0.524448 0.457692
v 0.664209 1.417752 -0.875741
v 0.667785 1.462322 -0.842136
v 0.708572 1.392387 -0.856787
v 0.175112 -0.000167 -0.382674
v 0.167996 0.013327 -0.431354
v 0.232613 0.006688 -0.382489
v 0.604098 0.497450 -0.901266
v 0.635566 0.538431 -0.903642
v 0.634531 0.473373 -0.859721
v 0.423437 1.271785 -1.072720
v 0.474492 1.249349 -1.064311
v 0.458639 1.197044 -1.085621
v 0.237438 1.230115 -1.128886
v 0.255638 1.283378 -1.110936
v 0.288466 1.210836 -1.129709
v 0.244168 0.679095 -1.115911
v 0.277259 0.723026 -1.125978
v 0.296585 0.658703 -1.104830
v 0.173059 1.941272 0.056317
v 0.146831 1.929567 0.099669
v 0.198969 1.921420 0.116515
v -0.597198 0.574320 0.388000
v -0.635413 0.574654 0.341716
v -0.619628 0.524554 0.319886
v 0.275940 1.922743 -0.435092
v 0.277170 1.935165 -0.383611
v 0.325029 1.926151 -0.382024
v -0.597554 1.261439 0.448323
v -0.580981 1.317694 0.441748
v -0.616653 1.315658 0.399250
v 0.848873 1.247344 0.429241
v 0.791936 1.271033 0.487347
v 0.821632 1.220355 0.475278
v 1.074704 1.195837 -0.313599
v 1.067032 1.203864 -0.366773
v 1.060905 1.247844 -0.293528
v 0.874016 0.471907 -0.573196
v 0.857359 0.490449 -0.625283
v 0.905944 0.519901 -0.567621
v 0.124941 -0.009895 -0.331809
v 0.182043 -0.008479 -0.333326
v 0.132245 -0.014676 -0.282898
v 0.867805 0.754778 0.431072
v 0.902502 0.786917 0.402922
v 0.857479 0.795103 0.457928
v 0.018670 0.596094 0.737599
v -0.001665 0.642109 0.749125
v -0.035804 0.572736 0.720215
v -0.838088 1.255121 -0.196623
v -0.829743 1.259679 -0.267311
v -0.821106 0.661109 -0.091126
v -0.844695 0.729125 -0.121144
v -0.833159 0.682711 -0.146967
v 1.001455 0.654842 -0.488866
v 1.010162 0.723504 -0.531568
v 1.022041 0.708387 -0.476686
v 1.002606 0.864766 -0.606182
v 1.016804 0.917494 -0.590583
v 1.027242 0.846819 -0.556392
v 0.513071 0.824981 0.720642
v 0.489399 0.873832 0.738177
v 0.470153 0.782017 0.734337
v 1.067643 0.870814 -0.431363
v 1.078403 0.925498 -0.414357
v 1.083166 0.857192 -0.377884
v -0.157254 1.931235 -0.212493
v 0.020742 -0.011864 -0.274126
v 0.029900 -0.015494 -0.226486
v -0.023758 -0.010815 -0.217966
v -0.427548 1.202663 -0.982987
v -0.446881 1.242403 -0.951601
v -0.415282 1.268475 -0.967666
v -0.447565 0.692495 -0.945221
v -0.426376 0.618012 -0.933521
v -0.077122 -0.006095 -0.206921
v -0.104354 1.928194 -0.359221
v -0.116427 1.916263 -0.406570
v -0.284478 0.650593 -1.027339
v -0.258694 0.694704 -1.056220
v -0.236880 0.625329 -1.042875
v 0.882831 0.992036 0.452169
v 0.850270 0.960637 0.492288
v -0.281668 0.870555 0.726375
v -0.281605 0.922740 0.732208
v -0.327636 0.920732 0.707381
v -0.552230 0.854488 0.546110
v -0.550285 0.913383 0.555173
v -0.591833 0.912217 0.519270
v 0.967835 0.955636 -0.690127
v 0.949013 1.027688 -0.718371
v 0.976446 1.007020 -0.671344
v -0.632633 0.883056 -0.821832
v -0.580793 0.879439 -0.883438
v -0.603162 0.839875 -0.851071
v -0.862844 1.075696 -0.055020
v -0.854800 1.096047 0.010373
v -0.857011 1.111346 -0.031444
v -0.127703 1.062512 -1.135735
v -0.096756 1.112381 -1.140015
v -0.084236 1.043257 -1.151471
v 0.445856 0.085604 -0.477158
v 0.492482 0.121703 -0.526292
v 0.499961 0.107953 -0.476822
v 0.553886 1.867879 -0.195476
v 0.594024 1.844954 -0.133366
v 0.600031 1.843568 -0.188768
v 0.586313 1.845462 -0.077924
v 0.633761 1.820214 -0.071001
v 0.640653 1.819680 -0.126701
v 0.435276 1.580456 -0.899204
v 0.385171 1.599238 -0.902466
v 0.440507 1.620796 -0.859049
v 0.757870 0.937004 0.576691
v 0.774067 1.022724 0.562139
v 0.738555 0.985569 0.595994
v 0.553719 0.338012 -0.802937
v 0.591384 0.372819 -0.808802
v 0.573204 0.312916 -0.760432
v 0.485203 0.140427 0.227318
v 0.531889 0.167505 0.231275
v 0.509753 0.186905 0.281156
v 0.197898 1.951689 0.012346
v 0.224227 1.932284 0.070460
v 0.247273 1.941761 0.023115
v 0.527753 1.868140 -0.030333
v 0.513578 1.863350 0.023894
v 0.575265 1.842544 -0.022787
v 0.354586 1.881674 0.158919
v 0.329816 1.866437 0.206936
v 0.405752 1.859466 0.170417
v -0.278535 0.974508 0.739603
v -0.268900 1.025700 0.739536
v -0.314329 1.027203 0.714701
v 0.315492 0.157213 0.356053
v 0.366034 0.179852 0.364471
v 0.289476 0.184237 0.398190
v 0.277687 1.885975 0.193553
v 0.250956 1.867512 0.239201
v 0.587872 1.632541 -0.752980
v 0.629900 1.570597 -0.783935
v -0.076030 0.401962 0.613514
v -0.045789 0.462315 0.660796
v -0.099550 0.445351 0.635667
v 0.197743 1.883925 0.223409
v 0.091840 -0.000388 0.032536
v -0.027461 1.954244 -0.035104
v -0.070505 1.949959 -0.073886
v -0.098028 1.938157 -0.042173
v 0.061590 1.885552 0.223769
v -0.021141 1.869676 0.234888
v 0.031962 1.863475 0.262598
v 0.105459 0.157445 0.393309
v -0.820282 0.925713 0.149840
v -0.820154 0.976869 0.166868
v -0.836444 0.932634 0.098895
v -0.865742 0.956722 -0.001830
v -0.862723 1.001104 0.018475
v -0.872347 0.975663 -0.050710
v 0.159852 -0.015421 -0.090558
v 0.166914 -0.010755 -0.042201
v 0.109462 -0.016579 -0.091867
v -0.552964 0.919022 -0.910472
v -0.587385 0.960461 -0.887478
v -0.556919 0.997718 -0.911418
v -0.258336 1.869256 0.047505
v -0.326861 1.840126 0.034358
v -0.288261 1.846557 0.081170
v -0.362578 0.107096 -0.080395
v -0.339285 0.103157 -0.029864
v -0.403742 0.132857 -0.051856
v -0.352837 0.125861 0.049697
v -0.388037 0.153977 0.080367
v -0.416552 0.156792 0.029548
v -0.196284 0.101058 -0.536059
v -0.190819 0.078703 -0.486937
v -0.140493 0.086952 -0.547867
v -0.201207 0.123405 -0.585841
v -0.145072 0.110312 -0.596344
v -0.044669 1.870114 -0.583682
v -0.052087 1.845514 -0.629293
v -0.103493 1.842846 -0.611474
v 0.619571 0.861757 0.667804
v 0.661563 0.903802 0.650726
v 0.596116 0.911436 0.685862
v 1.061693 1.073920 0.095904
v 1.064538 1.141975 0.063547
v 1.049609 1.130700 0.116567
v 0.785349 1.107777 0.542096
v 0.793072 1.191216 0.519579
v 0.759333 1.157633 0.557125
v 0.231289 1.170847 0.790777
v 0.266244 1.213305 0.774365
v 0.188475 1.210600 0.782845
v -0.120160 0.803011 0.772609
v -0.080116 0.866398 0.791249
v -0.129242 0.848783 0.774542
v 0.374497 0.839473 0.769008
v 0.419431 0.881451 0.759677
v 0.349828 0.888346 0.781497
v -0.783428 0.806581 0.216766
v -0.780915 0.861146 0.232811
v -0.804155 0.866731 0.183089
v -0.759755 1.074125 -0.632202
v -0.737967 1.112800 -0.664924
v -0.331683 0.677138 -1.011193
v -0.379129 0.704954 -0.995355
v -0.305407 0.720745 -1.040165
v -0.838010 1.095335 -0.424122
v -0.844107 1.141133 -0.388560
v -0.823417 1.135471 -0.458677
v -0.179929 0.717892 -1.089352
v -0.511716 0.684092 -0.889292
v -0.532548 0.760460 -0.902020
v -0.490146 0.725770 -0.923270
v -0.571832 0.798347 -0.879687
v -0.507677 0.801457 -0.932732
v -0.018124 0.769578 -1.142954
v -0.069913 0.788616 -1.141824
v 0.014447 0.817797 -1.153007
v 0.888957 0.538325 -0.620192
v 0.920703 0.586021 -0.614621
v 0.397509 0.656404 0.716986
v 0.374490 0.702871 0.738627
v 0.325770 0.663972 0.741135
v 1.015481 1.319489 0.060333
v 0.990223 1.373830 0.074205
v 0.977446 0.565375 0.096916
v 0.997447 0.615791 0.104683
v 0.962672 0.564609 0.144216
v 0.072223 1.353361 0.743016
v 0.102882 1.395620 0.723955
v 0.019261 1.377003 0.725670
v -0.695589 1.358292 0.254777
v -0.646098 1.413648 0.284722
v -0.675273 1.407197 0.237420
v -0.668144 0.578602 0.291382
v -0.679155 0.631359 0.311212
v -0.708387 0.636359 0.259724
v 0.815122 0.532288 -0.724442
v 0.790464 0.554145 -0.772815
v 0.822287 0.599962 -0.769647
v -0.782489 1.327207 0.061661
v -0.749671 1.382833 0.091987
v -0.730389 1.241767 -0.621242
v -0.735509 1.287409 -0.582436
v -0.702540 1.277664 -0.650356
v 0.020066 0.534411 -1.062015
v 0.046694 0.577930 -1.087899
v 0.098407 0.562610 -1.084804
v 0.364214 0.433471 -0.975377
v 0.318402 0.451800 -0.999462
v 0.392860 0.466573 -0.985088
v 0.857132 1.453579 -0.632218
v 0.823755 1.515493 -0.624796
v 0.853623 1.487479 -0.600528
v -0.411527 1.525311 0.464319
v -0.383971 1.569392 0.441373
v -0.377202 0.434452 0.498458
v -0.395130 0.483545 0.517528
v -0.164475 1.490837 0.623537
v -0.135530 1.536804 0.604881
v -0.188742 1.549257 0.579050
v 0.026663 1.485122 0.668608
v 0.057327 1.528944 0.648409
v -0.027862 1.506222 0.651960
v 0.364632 1.530997 0.610239
v 0.332439 1.493383 0.640987
v 0.679612 0.486597 0.475043
v 0.717184 0.524835 0.470520
v 0.659281 0.521220 0.515552
v -0.768229 1.409984 -0.305962
v -0.756495 1.440905 -0.257287
v -0.745349 1.447454 -0.334911
v -0.648143 0.436921 0.168924
v -0.665243 0.485945 0.192252
v -0.694465 0.493233 0.138865
v -0.675740 1.438290 -0.558243
v -0.673891 1.478387 -0.516455
v -0.641700 1.468888 -0.587400
v -0.257055 0.405033 0.547714
v -0.207085 0.413680 0.582432
v -0.278551 0.450800 0.568445
v -0.553888 0.380219 -0.614433
v -0.597251 0.414586 -0.592849
v -0.550048 0.412614 -0.663631
v 0.766428 0.968956 -0.931256
v 0.738265 1.045173 -0.945457
v 0.781231 1.019838 -0.913409
v 0.325642 0.938018 0.793921
v 0.367408 0.981508 0.784352
v 0.297543 0.987364 0.802409
v 0.130786 0.896553 -1.169128
v 0.110324 0.966120 -1.177058
v 0.161526 0.947037 -1.171072
v -0.230643 0.974333 0.756700
v -0.173885 1.019639 0.769335
v -0.220877 1.022680 0.754769
v 0.841626 0.919969 -0.853321
v 0.806348 0.944109 -0.894590
v 0.859376 0.970966 -0.839571
v 1.091052 0.912908 -0.360332
v 1.098315 0.968543 -0.342221
v 1.102731 0.957783 -0.286628
v 0.281898 0.894643 0.797273
v 0.255869 0.944017 0.804700
v 0.211933 0.900629 0.804754
v -0.324570 0.974140 0.715040
v -0.590317 0.971163 0.530427
v -0.625211 0.970365 0.488283
v -0.421752 0.916939 0.656653
v -0.463303 0.973259 0.634358
v -0.465527 0.915758 0.625034
v -0.852903 0.942372 0.047925
v -0.854288 0.895595 0.027566
v -0.102542 0.926098 -1.147343
v -0.071022 0.974429 -1.160964
v -0.053917 0.905856 -1.154946
v -0.855215 1.100036 -0.354880
v -0.854580 1.143047 -0.318321
v 1.023047 1.174039 0.190398
v 1.056938 1.162443 -0.441071
v -0.043856 1.182136 0.783055
v -0.016170 1.222829 0.773438
v -0.094929 1.201746 0.767868
v 0.975406 1.139166 0.289030
v 0.935451 1.171993 0.358486
v 0.267530 1.157425 -1.145399
v 0.217257 1.177307 -1.146893
v 0.534861 0.724644 -1.041875
v 0.490185 0.747160 -1.073462
v 0.564257 0.770597 -1.041892
v 1.042748 0.761764 -0.463935
v 0.115892 0.822124 0.806561
v 0.096863 0.867659 0.809252
v 0.065355 0.788884 0.799302
v -0.069462 0.822283 0.788401
v -0.107067 0.756870 0.766968
v 0.967236 0.794304 0.300920
v 0.992132 0.806478 0.256874
v 0.960335 0.836807 0.322668
v -0.782750 0.735032 -0.534515
v -0.805540 0.780939 -0.506726
v -0.774978 0.772838 -0.579325
v 0.282946 1.633448 -0.904279
v 0.289930 1.675007 -0.866690
v 0.340878 1.658222 -0.865561
v 0.847632 1.640614 -0.264901
v 0.811398 1.678288 -0.321155
v 0.813837 1.681420 -0.269087
v 0.746131 0.262995 -0.478232
v 0.775600 0.321695 -0.528830
v 0.787354 0.304321 -0.476741
v -0.392847 1.610447 -0.747493
v -0.435036 1.629632 -0.684755
v -0.389464 1.647514 -0.711106
v 0.558619 0.287494 0.388759
v 0.601184 0.321090 0.389322
v 0.535884 0.313855 0.435268
v 0.643282 0.355021 0.390623
v 0.621667 0.382375 0.437262
v 0.646097 0.274935 0.293005
v 0.684831 0.310738 0.291902
v 0.664404 0.330775 0.342588
v 0.837648 1.633531 0.000174
v 0.800338 1.677022 0.000806
v 0.040902 1.683191 0.520224
v 0.127044 1.699282 0.506486
v 0.072057 1.715115 0.484134
v -0.651721 1.601106 -0.246434
v -0.636603 1.625718 -0.194850
v -0.621970 1.633632 -0.277480
v -0.045653 1.612415 -0.924395
v -0.039122 1.653500 -0.891310
v 0.013757 1.647401 -0.903918
v 0.020502 0.230331 -0.830536
v -0.234460 0.925411 0.750474
v 0.078135 0.913032 0.811876
v 0.119792 0.951953 0.819348
v 0.055109 0.957346 0.813973
v 0.589997 0.818923 -1.035634
v 0.543376 0.843536 -1.063289
v 0.614794 0.868258 -1.027863
v 0.953112 0.880589 0.345286
v 0.979852 0.899972 0.299288
v 0.945778 0.925380 0.369550
v -0.507709 0.914584 0.590267
v -0.547774 0.972027 0.565034
v 1.050636 0.886842 0.136055
v 1.066736 0.896045 0.086087
v 1.049638 0.940989 0.157628
v 0.339725 0.815344 -1.133868
v 0.288033 0.836505 -1.147726
v 0.368219 0.864368 -1.130245
v -0.778632 0.915853 0.248458
v -0.804262 0.919572 0.201013
v -0.544508 0.839261 -0.907298
v -0.610273 0.922310 -0.855142
v -0.263377 0.879085 -1.093807
v -0.306632 0.905347 -1.073680
v -0.229918 0.924122 -1.108501
v 0.695800 1.071032 -0.977029
v 1.053384 1.006794 -0.502744
v 1.036188 1.022356 -0.555544
v 1.054300 1.059086 -0.482067
v 0.986840 1.108209 -0.630858
v 0.991849 1.157828 -0.611170
v 1.018801 1.140726 -0.564302
v 0.486103 1.111157 0.735067
v 0.446783 1.067877 0.751428
v 0.516802 1.060871 0.725755
v 0.652098 1.044872 0.655216
v 0.688100 1.084477 0.624861
v 0.622872 1.094738 0.665295
v -0.255793 1.076643 0.738650
v -0.302041 1.080341 0.715363
v -0.190529 1.120447 0.753961
v -0.872087 0.936465 -0.270276
v -0.878121 0.979826 -0.242517
v -0.871578 0.974305 -0.313877
v -0.811087 1.028839 0.178544
v -0.802817 1.082220 0.187783
v -0.825493 1.030793 0.130395
v -0.875642 1.062586 -0.184932
v -0.870131 1.101903 -0.155213
v -0.868491 1.102166 -0.217956
v -0.786283 0.948052 -0.597621
v -0.804412 0.995588 -0.566347
v -0.768432 0.987943 -0.633888
v -0.052776 1.093631 -1.150164
v -0.689371 0.972548 -0.766887
v -0.710348 1.019094 -0.735172
v -0.661533 1.010621 -0.795287
v 0.010532 1.004688 -1.165160
v -0.006382 1.074641 -1.156604
v 0.041269 1.055775 -1.163156
v 0.095321 1.162454 -1.158730
v -0.605154 1.088796 0.495125
v -0.567751 1.089322 0.534131
v -0.594997 1.148333 0.498302
v -0.316661 1.191712 0.690150
v -0.287578 1.133417 0.717195
v -0.269474 1.186140 0.717279
v -0.141821 1.111192 0.769684
v -0.093860 1.100135 0.785366
v -0.120060 1.156935 0.771600
v -0.852191 1.136474 -0.009018
v -0.795540 1.136224 0.193537
v -0.785813 1.190645 0.193209
v -0.800173 1.188378 0.147741
v -0.832086 1.048694 -0.459400
v 0.441225 0.770659 -1.096552
v 0.390744 0.793459 -1.116149
v 0.469648 0.818201 -1.094748
v 1.071722 0.801929 -0.394656
v 1.080839 0.788868 -0.339981
v 0.815653 0.926043 0.528441
v 0.775821 0.889335 0.555915
v 0.829634 0.880455 0.505044
v 0.164429 0.860096 0.805440
v 0.143965 0.906113 0.811988
v -0.759643 0.563397 0.052573
v -0.782918 0.575603 -0.002782
v -0.761154 0.530636 -0.028801
v -0.530924 0.628071 0.494868
v -0.570823 0.627268 0.451824
v -0.708881 0.531808 -0.519020
v -0.740276 0.574377 -0.493320
v -0.646295 0.627987 0.360203
v 0.992646 0.566231 0.048376
v 1.012576 0.617941 0.057045
v -0.792151 0.567642 -0.142693
v -0.805437 0.589031 -0.199163
v -0.770558 0.522480 -0.168547
v 0.831164 0.606392 0.405107
v 0.857379 0.644348 0.391226
v 0.668063 0.580360 -0.905824
v 0.667206 0.514860 -0.861455
v 0.879578 1.435202 0.254179
v 0.861570 1.418277 0.306968
v 0.896196 1.368361 0.298514
v 0.517653 1.329323 0.658632
v 0.550709 1.366491 0.625917
v 0.476538 1.375861 0.659911
v -0.792503 1.358157 -0.006667
v -0.003788 1.317887 -1.102605
v -0.051274 1.332105 -1.093615
v 0.009945 1.368703 -1.085972
v -0.832753 0.707796 -0.065591
v -0.844211 0.753741 -0.040419
v -0.855856 0.774354 -0.095162
v -0.249067 0.665420 0.694811
v -0.196764 0.678380 0.714997
v -0.261943 0.716188 0.705055
v -0.297747 0.656527 0.665495
v -0.309844 0.708317 0.676757
v 0.230527 0.721054 0.773200
v 0.281120 0.757585 0.779298
v 0.208317 0.767241 0.789398
v -0.278965 0.764348 -1.069224
v 0.736649 0.719683 0.550693
v 0.720945 0.762839 0.580435
v 0.075793 0.622959 -1.107727
v 0.023757 0.640132 -1.107812
v 0.106379 0.668603 -1.124586
v 0.086373 0.732952 -1.142136
v 0.034105 0.751197 -1.142522
v 0.118774 0.778982 -1.159013
v 0.753259 0.719671 -0.893839
v 0.742383 0.792579 -0.927871
v 0.781309 0.767626 -0.889548
v 0.224444 0.743111 -1.137272
v 0.310100 0.767474 -1.135323
v 0.306542 1.264092 -1.111202
v 1.018432 1.189355 -0.542721
v 0.990563 1.205066 -0.588584
v 1.011210 1.235273 -0.518776
v 0.903411 1.296386 0.336370
v 0.971301 1.280313 0.219649
v 0.663525 1.221616 0.614024
v 0.627953 1.270832 0.619697
v 0.414888 1.207985 0.738658
v 0.450482 1.249415 0.714791
v 0.374710 1.253862 0.736373
v -0.614946 1.204857 0.454056
v -0.632683 1.259640 0.406375
v -0.649668 1.203265 0.412506
v -0.667261 1.257882 0.365078
v -0.416480 1.314688 0.591538
v -0.346874 1.363146 0.613867
v -0.395469 1.369184 0.584046
v -0.435953 1.259349 0.597169
v -0.459244 1.316641 0.555680
v -0.545329 1.319597 0.484061
v -0.334767 1.270860 -1.010161
v -0.346504 1.310810 -0.990212
v -0.307237 1.295429 -1.016466
v 0.931557 1.243907 -0.674102
v 0.933917 1.198137 -0.698999
v 0.900710 1.267797 -0.713128
v -0.784942 1.257332 -0.483024
v -0.805325 1.261575 -0.411417
v -0.784315 1.299701 -0.441027
v 1.054518 1.286312 -0.116887
v 1.057776 1.292824 -0.170019
v 1.039461 1.347988 -0.153966
v -0.244453 1.280749 -1.054696
v -0.265847 1.237486 -1.058424
v -0.277193 1.288544 -1.034882
v -0.271634 1.330219 -1.023588
v 0.653785 1.325472 -0.938241
v 0.645125 1.275884 -0.964714
v 0.608937 1.352346 -0.959397
v 0.937990 0.568040 -0.561989
v 0.945036 0.637305 -0.604962
v 0.965833 0.618277 -0.553867
v 0.848484 0.577752 -0.721912
v 0.876974 0.626239 -0.715515
v 0.157365 0.731457 0.783561
v 0.136665 0.776547 0.799619
v 0.105561 0.697832 0.776589
v 0.982803 0.613710 0.150795
v 0.996122 0.665177 0.160411
v 0.978274 0.662873 0.202369
v -0.789655 0.664058 -0.437943
v -0.785898 0.699265 -0.486943
v -0.766795 0.618539 -0.465964
v 0.106841 0.370663 -0.969111
v 0.172359 0.402201 -0.990163
v 0.154164 0.364304 -0.960853
v 0.308104 0.375133 -0.946817
v 0.264612 0.385150 -0.967083
v 0.335893 0.403362 -0.962480
v 0.215564 1.562642 -0.973561
v 0.174041 1.581606 0.605303
v 0.119743 1.606656 0.590553
v 0.088599 1.567790 0.619842
v 0.526286 1.492911 -0.919503
v 0.533393 1.538293 -0.885805
v 0.945077 0.425669 -0.129067
v 0.937914 0.421855 -0.073603
v 0.902847 0.378085 -0.078360
v -0.711071 1.514980 -0.316479
v -0.682434 1.549223 -0.347116
v -0.719488 1.483227 -0.364299
v -0.338666 1.568213 0.479799
v -0.356657 1.613163 0.417542
v -0.677390 0.373267 -0.190574
v -0.709650 0.412834 -0.164057
v -0.688942 0.394190 -0.247635
v -0.634792 1.300242 -0.741266
v -0.644225 1.345947 -0.708022
v -0.607131 1.375554 -0.732616
v 0.581915 1.400522 0.588711
v 0.506788 1.410189 0.623036
v -0.691345 1.483948 0.098973
v -0.648000 1.540964 0.127086
v -0.673575 1.528820 0.076080
v 0.900406 1.354053 -0.661844
v 0.893775 1.392511 -0.632575
v 0.986294 1.456114 -0.178426
v 1.012448 1.400037 -0.139653
v 0.844729 1.485903 0.262165
v 0.824952 1.467526 0.313743
v 0.984673 1.411167 -0.380867
v 0.962896 1.459017 -0.364971
v 0.165110 1.477529 0.676447
v 0.196799 1.518448 0.651455
v 0.111604 1.506219 0.666040
v -0.784528 1.340266 -0.398141
v 0.451623 1.375548 -1.027118
v 0.461707 1.423659 -0.996583
v 0.510214 1.399286 -0.984564
v 0.337179 1.368080 -1.065985
v 0.286294 1.388087 -1.069103
v 0.348934 1.416079 -1.035738
v 0.281564 0.558584 -1.067897
v 0.230907 0.575833 -1.082106
v 0.315259 0.596747 -1.080421
v 0.600775 0.562323 -0.943282
v 0.633566 0.603807 -0.946820
v 0.410630 0.557518 -1.030251
v 0.363665 0.578255 -1.056025
v 0.444652 0.593735 -1.039873
v 0.731483 0.532121 -0.820582
v 0.700306 0.556804 -0.863154
v 0.733621 0.599667 -0.864155
v 0.956578 0.467552 -0.014808
v 0.982298 0.517425 -0.009015
v 1.008080 0.567144 -0.000861
v 1.035685 0.625445 -0.042831
v 0.880917 0.538175 0.278280
v 0.924816 0.570226 0.232319
v 0.965657 0.612745 0.193871
v 0.944312 0.613004 0.233972
v -0.366472 0.538487 0.574340
v -0.412727 0.532912 0.537057
v -0.486100 0.631777 0.533101
v -0.502798 0.382728 -0.682729
v -0.498646 0.416290 -0.731723
v -0.485335 0.474386 0.437196
v 0.951805 0.430249 -0.184266
v 0.979316 0.480636 -0.177257
v -0.706914 0.471052 -0.413964
v -0.707639 0.501259 -0.466925
v -0.676097 0.458916 -0.493311
v -0.580742 0.524440 0.366227
v -0.602446 0.475101 0.297500
v 0.470204 1.470168 -0.963197
v 0.421072 1.492774 -0.971222
v 0.430081 1.540070 -0.939381
v 0.825693 1.480357 -0.658864
v 0.827007 1.441648 -0.689720
v 0.790072 1.506075 -0.680703
v -0.677894 1.397442 -0.600307
v -0.711542 1.365973 -0.572866
v -0.317858 1.518077 0.535928
v -0.267383 1.510776 0.567311
v -0.032654 0.237998 -0.831188
v 0.018074 0.197209 -0.789938
v -0.412353 0.204210 -0.522342
v -0.460818 0.232242 -0.502317
v -0.414037 0.231412 -0.573375
v -0.096834 1.614613 -0.906993
v -0.148487 1.615935 -0.890196
v -0.091120 1.655001 -0.874257
v -0.410200 0.255238 0.266811
v -0.396646 0.294937 0.340667
v -0.436589 0.294957 0.293624
v -0.183950 0.281225 0.472134
v -0.157360 0.245356 0.443058
v 0.780063 0.305063 0.134882
v 0.761767 0.316096 0.188227
v 0.743537 0.265962 0.134779
v 0.320633 1.659347 0.513959
v 0.350860 1.690435 0.474769
v 0.267312 1.687964 0.503245
v 0.138881 1.743175 -0.808618
v 0.191345 1.733675 -0.815027
v 0.185537 1.698918 -0.857951
v 0.872405 0.378221 -0.416689
v 0.901759 0.436822 -0.467636
v 0.910598 0.422208 -0.413037
v 0.916955 0.384619 -0.189619
v 0.724321 0.296361 -0.582056
v 0.708147 0.318248 -0.629943
v 0.763907 0.338954 -0.580611
v 0.591888 0.287334 -0.718068
v 0.633724 0.323335 -0.721773
v -0.157279 0.332966 0.529981
v -0.182280 0.373073 0.556627
v -0.232644 0.363609 0.522401
v -0.594327 0.285226 -0.046960
v -0.622722 0.326768 -0.020479
v -0.642274 0.341201 -0.076857
v -0.678058 0.410541 0.032797
v -0.675378 0.445471 0.114262
v -0.698689 0.456707 0.058007
v -0.608856 0.296102 -0.243436
v -0.643184 0.334762 -0.217035
v -0.620077 0.316567 -0.300035
v 0.673940 1.547662 -0.772024
v 0.673925 1.585377 -0.731692
v -0.633131 0.365319 -0.410453
v -0.671970 0.402059 -0.385785
v -0.638341 0.390939 -0.465359
v 0.885269 1.596859 -0.109424
v 0.848674 1.641306 -0.108216
v 0.845055 1.639198 -0.053913
v 0.882268 1.516447 0.157467
v 0.895803 1.528308 0.103384
v 0.842542 1.562098 0.161167
v 0.787462 1.515921 0.318845
v 0.809750 1.535653 0.268335
v 0.745034 1.559929 0.320419
v -0.349695 0.337288 -0.780728
v -0.400103 0.362065 -0.765537
v -0.341775 0.373847 -0.825854
v 0.010220 1.644292 0.549339
v -0.044591 1.660580 0.526827
v 0.699243 1.518694 0.420744
v 0.723164 1.540939 0.371516
v 0.653434 1.560491 0.418516
v 0.559075 1.640750 0.411157
v -0.175398 0.351937 -0.897458
v -0.227244 0.370835 -0.888761
v -0.162846 0.392151 -0.935588
v -0.402671 1.614533 0.378331
v -0.058184 0.362323 -0.941879
v -0.109970 0.377080 -0.938765
v -0.044325 0.401182 -0.979259
v -0.550242 1.563669 0.272514
v -0.485694 1.609734 0.291862
v -0.525401 1.606629 0.247168
v -0.697090 1.481652 -0.441022
v -0.691426 1.517050 -0.394831
v -0.669084 1.515060 -0.472126
v -0.258706 1.532153 -0.915584
v -0.254072 1.569471 -0.883212
v -0.204626 1.575187 -0.904347
v -0.163969 1.493133 -0.979197
v -0.210122 1.537159 -0.936626
v -0.159855 1.536674 -0.954395
v -0.009328 1.521795 -1.002244
v -0.060503 1.530494 -0.989811
v -0.001004 1.564215 -0.970733
v -0.067703 1.708229 0.468299
v -0.576112 1.683672 -0.037191
v -0.599711 1.645479 -0.007787
v -0.546221 1.694274 0.014530
v 0.844367 0.310588 -0.309753
v 0.881421 0.355257 -0.305739
v 0.843880 0.303319 -0.254134
v -0.625244 0.358872 0.061529
v -0.650541 0.368803 0.006078
v 0.643542 0.151142 0.016377
v 0.672975 0.191443 0.074254
v 0.629782 0.159243 0.072228
v 0.565191 0.109377 -0.374677
v 0.568480 0.101879 -0.321885
v 0.512118 0.084549 -0.375910
v 0.340418 0.134962 0.310207
v 0.390720 0.156235 0.318802
v 0.551304 0.152304 0.178561
v 0.668397 1.785320 -0.009850
v 0.623137 1.816816 -0.015585
v 0.330715 1.814297 0.316530
v 0.248515 1.812577 0.346826
v 0.079146 1.793285 0.389582
v 0.109846 1.820174 0.350836
v 0.025791 0.173614 0.405165
v -0.480162 1.770206 -0.133766
v -0.502655 1.754732 -0.186081
v -0.436329 1.761870 -0.434139
v -0.404370 1.755041 -0.511497
v -0.271370 1.768616 -0.635714
v -0.264689 1.798981 -0.593562
v -0.214999 1.809127 -0.617437
v -0.477338 1.740941 -0.403445
v -0.424840 1.786630 -0.385644
v -0.418335 0.134651 -0.236616
v -0.245241 0.096144 -0.472100
v -0.092195 0.123227 -0.652970
v -0.088302 0.099949 -0.604811
v -0.135056 0.064942 -0.499317
v -0.184095 0.059001 -0.437596
v 0.140814 0.083662 -0.619609
v 0.192391 0.109872 -0.663565
v 0.198390 0.086522 -0.619721
v 0.205244 0.064488 -0.575222
v 0.147064 0.060284 -0.575256
v -0.423715 1.697085 -0.602300
v -0.414313 1.726663 -0.557217
v -0.367492 1.742357 -0.584270
v 0.133832 1.777466 0.410550
v 0.218957 1.787882 0.389473
v 0.164464 1.806550 0.372043
v 0.460267 1.709997 0.396532
v 0.733369 1.701079 0.108602
v 0.777140 1.662040 0.110370
v 0.746252 1.708676 0.053672
v -0.310111 0.157208 -0.558168
v -0.256917 0.137308 -0.573608
v 0.594725 1.754265 -0.565068
v 0.551836 1.777849 -0.572248
v 0.555871 1.801909 -0.521340
v 0.504600 1.771960 -0.627944
v 0.459133 1.792102 -0.633661
v 0.508620 1.800833 -0.579352
v -0.510193 0.296932 0.195098
v -0.542265 0.301316 0.142692
v -0.541423 0.246789 -0.350640
v -0.152165 0.171747 0.344623
v -0.199458 0.163357 0.307808
v 0.735384 0.279176 -0.530403
v 0.690802 0.242602 -0.529287
v 0.715288 0.194279 -0.316845
v 0.669415 0.158516 -0.318672
v 0.391166 0.206895 -0.745005
v 0.511968 0.344263 0.478202
v 0.490014 0.282169 0.432433
v 0.197116 1.768367 -0.772186
v 0.150863 1.810223 -0.723225
v 0.202915 1.803356 -0.729819
v 0.657081 1.781042 0.045628
v 0.461823 1.817210 -0.582962
v 0.413966 1.832345 -0.585781
v 0.692230 1.779939 -0.286229
v 0.732622 1.747313 -0.279768
v 0.553869 0.130643 -0.477728
v 0.595375 0.175902 -0.526752
v 0.604659 0.159771 -0.477372
v 0.341138 0.204909 0.408714
v 0.316168 0.233079 0.451986
v 0.415572 0.204338 0.371660
v 0.464948 0.229262 0.379539
v 0.391517 0.228805 0.418160
v 0.024538 1.807323 0.366832
v -0.077241 0.149560 0.348812
v -0.103670 0.180335 0.379792
v -0.183456 1.827878 0.240051
v -0.164415 1.798156 0.310431
v -0.133535 1.825316 0.275642
v -0.441156 0.163666 -0.022848
v -0.450128 0.190532 0.058835
v -0.461753 0.163463 -0.210390
v -0.278361 1.738102 -0.677845
v -0.328324 1.727128 -0.654056
v -0.035008 0.116319 -0.657889
v -0.094013 0.149035 -0.699841
v -0.148614 0.134227 -0.644938
v -0.226333 0.196113 0.338482
v 0.132126 0.203168 0.448291
v 0.185707 0.221565 0.465430
v 0.106229 0.233341 0.485865
v 0.602365 0.243317 0.290314
v 0.581546 0.262777 0.341259
v 0.534746 0.234992 0.336081
v -0.026861 0.235293 0.472736
v 0.640641 0.212174 0.184145
v 0.665881 0.257789 0.240582
v 0.621377 0.227624 0.237151
v 0.705814 0.179121 -0.093891
v -0.183306 1.721545 -0.762455
v -0.125214 1.759283 -0.742306
v -0.131750 1.726561 -0.782754
v 0.305459 0.124471 -0.662486
v 0.351276 0.161838 -0.704373
v 0.360234 0.138050 -0.662917
v -0.386226 1.684655 -0.673374
v 0.697444 0.180808 -0.037386
v 0.728967 0.219675 0.021058
v 0.686167 0.185297 0.018539
v 0.103027 1.747196 0.448094
v 0.550127 1.752487 -0.622809
v -0.516937 1.717128 -0.372378
v -0.556351 1.693456 -0.341336
v -0.424416 1.780279 0.052289
v -0.452766 1.747486 0.083608
v -0.142663 1.759218 0.375596
v -0.193648 1.764116 0.341610
v 0.584369 1.734578 0.258535
v 0.535861 1.768479 0.251812
v 0.561778 1.717854 0.309115
v 0.773820 1.720718 -0.166282
v 0.731942 1.755452 -0.170803
v 0.769805 1.719598 -0.111660
v -0.059848 1.784870 0.373563
v 0.732642 1.751688 -0.225427
v 0.774088 1.718084 -0.220367
v 0.773202 1.714482 -0.273928
v 0.092189 1.784588 -0.758247
v 0.144903 1.777389 -0.766336
v 0.086102 1.750327 -0.799394
v 0.377475 0.052338 0.103033
v 0.406665 0.086563 0.160591
v 0.358542 0.067659 0.154551
v 0.239397 -0.004987 -0.333344
v 0.289755 0.016558 -0.381451
v 0.295721 0.007095 -0.331448
v 0.144304 1.896582 0.205523
v 0.172202 1.910040 0.161542
v 0.090813 1.904216 0.183979
v 0.411925 0.030169 -0.276123
v 0.414604 0.027144 -0.223558
v 0.508856 1.891581 -0.202456
v 0.557735 1.862917 -0.250654
v 0.513005 1.886497 -0.257215
v -0.088578 0.042782 0.112184
v -0.123929 0.059759 0.139185
v -0.119670 0.039265 0.071740
v 0.465941 1.888078 0.015350
v 0.481578 1.893113 -0.038290
v 0.106114 0.099191 0.294415
v 0.081915 0.070043 0.236616
v -0.228503 1.891737 0.014526
v 0.251252 1.912043 0.132087
v 0.212489 0.072160 0.231168
v -0.232713 1.865438 -0.452780
v 0.604883 1.813097 -0.408340
v 0.602157 1.797817 -0.462013
v 0.559172 1.833315 -0.414005
v 0.368515 1.868440 -0.536145
v 0.320148 1.881326 -0.537455
v 0.371163 1.888952 -0.484566
v 0.319429 0.085148 -0.573044
v 0.262738 0.072908 -0.574164
v 0.312005 0.104724 -0.618339
v 0.255302 0.094599 -0.618623
v 0.277285 0.039527 -0.480768
v 0.219105 0.032333 -0.480747
v 0.270633 0.051487 -0.529373
v 0.464391 0.049704 -0.326902
v 0.403628 0.041754 -0.379198
v 0.459077 0.059919 -0.377860
v 0.362742 1.822725 -0.638402
v 0.359647 1.796555 -0.688080
v 0.438405 0.100867 -0.525777
v 0.547718 1.870074 -0.140361
v 0.539558 1.871072 -0.085127
v 0.465204 1.856015 -0.477587
v 0.418642 1.873944 -0.481729
v 0.467380 1.873558 -0.424874
v 0.679187 1.790112 -0.065071
v 0.596560 1.805994 0.094667
v 0.569314 0.138442 0.125017
v 0.595996 0.182068 0.180997
v 0.613927 0.169124 0.127310
v 0.472332 0.094196 0.113332
v 0.487901 0.083279 0.059415
v 0.520798 0.116390 0.119412
v -0.082292 1.822169 0.309205
v -0.029208 1.814968 0.338882
v -0.323301 0.124392 0.099158
v -0.290083 0.125347 0.146383
v -0.357547 0.151330 0.130600
v -0.214199 0.130407 0.235263
v -0.285099 0.153507 0.224493
v -0.379489 0.128366 -0.000713
v -0.193889 0.030019 -0.223962
v -0.179394 0.024261 -0.175651
v -0.244850 0.044895 -0.204435
v -0.206892 0.037181 -0.272563
v -0.095308 1.866635 -0.565628
v 0.217301 1.878516 -0.584782
v 0.262981 1.844898 -0.636335
v 0.212467 1.854620 -0.633434
v 0.570855 0.091976 -0.214220
v 0.569163 0.090198 -0.159158
v 0.519815 0.063618 -0.163006
v 0.452887 0.071785 -0.428034
v 0.398423 0.050094 -0.429951
v 0.457383 1.837150 0.181794
v 0.478113 1.847533 0.129968
v 0.427886 1.871746 0.120110
v 0.288889 0.118795 0.298727
v 0.079822 0.121672 0.333001
v -0.200792 1.852407 0.166743
v -0.153109 1.852744 0.205065
v -0.171444 1.876524 0.132741
v -0.291662 1.833740 -0.473980
v -0.338133 1.820819 -0.446307
v -0.279169 1.853938 -0.425810
v -0.128260 0.046091 -0.450444
v -0.013730 0.031555 -0.468966
v -0.021260 0.045888 -0.517822
v 0.184237 1.958126 -0.334074
v 0.277370 1.946804 -0.332602
v 0.322524 1.944754 -0.278215
v 0.318896 1.951117 -0.226941
v 0.369700 1.932133 -0.274010
v 0.311782 -0.003085 -0.126357
v 0.276240 1.956404 -0.282035
v 0.304518 0.010107 -0.020476
v 0.258022 -0.001542 -0.026105
v 0.295620 0.019751 0.033408
v 0.250165 0.009498 0.026973
v 0.287641 1.953415 -0.073580
v 0.254961 1.960290 -0.131024
v 0.239371 1.959352 -0.082217
v 0.268673 1.948971 -0.024789
v 0.235577 0.021518 0.079286
v 0.281648 0.030255 0.087161
v 0.214319 0.033263 0.128605
v 0.219911 1.957296 -0.034325
v 0.168233 0.026905 0.119562
v 0.191304 0.014647 0.071768
v 0.149679 0.009102 0.062699
v 0.050276 0.000155 0.026198
v 0.014696 0.023181 0.093698
v -0.135137 1.938547 -0.164484
v -0.002461 0.002407 0.009778
v 0.038137 -0.005862 0.001031
v -0.119475 1.940832 -0.241858
v -0.135361 1.931729 -0.288437
v -0.092309 1.939827 -0.313260
v 0.009938 -0.011036 -0.082480
v 0.069503 -0.011211 -0.045557
v 0.022962 -0.008689 -0.039539
v -0.079572 1.949664 -0.267986
v -0.024973 1.959725 -0.242870
v -0.037268 1.957219 -0.288082
v 0.005908 1.958335 -0.305313
v 0.042723 1.954599 -0.365309
v 0.100597 -0.020961 -0.138894
v 0.221622 1.901768 -0.536542
v -0.044249 1.898327 0.169508
v 0.317327 1.935509 -0.014457
v 0.398642 1.902235 0.058532
v 0.447937 1.881115 0.068181
v 0.324489 1.936204 -0.330003
v 0.182474 1.949160 -0.383200
v 0.179452 1.935157 -0.432125
v 0.189503 0.044721 0.175417
v 0.162028 0.060968 0.218280
v 0.140772 0.039076 0.162390
v 0.310448 0.050589 0.147838
v -0.142733 1.899827 0.099442
v -0.187593 1.896858 0.058764
v 0.245313 -0.008545 -0.283393
v 0.301542 -0.000182 -0.281100
v 0.250708 -0.010697 -0.233114
v 0.237095 0.104511 0.286647
v 0.262813 0.085647 0.242143
v 0.092095 -0.022752 -0.185085
v 0.084240 -0.018990 -0.231917
v 0.146266 -0.022040 -0.186807
v -0.157609 0.053522 0.098530
v -0.168220 1.927554 -0.132419
v -0.265941 1.872474 -0.377350
v -0.021852 -0.004401 -0.029181
v -0.037610 -0.007606 -0.070839
v -0.177027 1.922426 -0.260159
v -0.114401 0.005516 -0.145885
v -0.128370 0.009210 -0.192695
v -0.099392 0.004414 -0.100167
v -0.051299 -0.007561 -0.114703
v -0.019798 0.034825 0.121105
v -0.054245 1.941093 -0.003790
v -0.006824 1.941494 0.029384
v 0.306523 -0.005059 -0.230367
v 0.238551 0.053598 0.187147
v 0.405759 1.926205 -0.162273
v 0.229775 1.943075 -0.384134
v -0.052990 0.029942 0.085200
v 0.415688 0.026368 -0.170210
v 0.362985 0.012299 -0.121283
v 0.362904 0.010111 -0.174473
v 0.348002 1.916541 0.047073
v 0.417754 1.918550 -0.269112
v -0.136057 1.933406 -0.085664
v -0.149850 1.921048 -0.335660
v -0.026428 1.725632 -0.815549
v -0.072365 1.759435 -0.758779
v -0.020044 1.759209 -0.774936
v -0.033144 1.692229 -0.855841
v -0.085388 1.692912 -0.839127
v -0.145126 0.226692 -0.780716
v -0.092890 0.182187 -0.742193
v -0.176511 1.753766 -0.721784
v -0.037759 0.172414 -0.746532
v -0.376678 1.713162 -0.628882
v -0.256650 0.225456 -0.717248
v -0.559608 0.249569 -0.074651
v -0.521914 0.216403 -0.102266
v -0.541760 0.228234 -0.157408
v -0.483856 0.182950 -0.129726
v -0.450663 0.186114 -0.396369
v -0.456492 0.208508 -0.449357
v -0.403319 0.157785 -0.418353
v 0.051988 1.844007 -0.657330
v 0.045532 1.818831 -0.703796
v -0.302131 1.696543 0.366750
v -0.223538 1.729618 0.373068
v -0.272262 1.731921 0.335764
v -0.113078 1.793613 0.344117
v 0.188456 1.758278 0.428550
v -0.026028 0.321648 0.559565
v -0.053882 0.268007 0.505945
v -0.000201 0.284171 0.530803
v -0.105942 0.256225 0.475272
v 0.093619 1.500828 -1.023591
v 0.051191 1.555692 -0.982869
v 0.102920 1.546853 -0.995218
v 0.342549 0.287121 0.504469
v 0.316749 0.321968 0.542036
v 0.291360 0.261213 0.495162
v 0.624559 0.295523 0.343127
v -0.215640 0.408835 -0.930154
v -0.266630 0.430222 -0.919188
v -0.199351 0.451219 -0.965436
v -0.279543 0.390736 -0.879237
v -0.316818 0.453438 -0.906364
v -0.106665 0.521752 -1.032760
v -0.127997 0.477820 -1.001868
v -0.158239 0.540394 -1.027478
v 0.612742 1.686436 0.317731
v 0.417675 0.282284 0.471206
v 0.465101 0.313259 0.474542
v 0.392638 0.313867 0.512101
v -0.193282 1.315695 -1.058868
v -0.227067 1.369120 -1.028992
v -0.183980 1.362201 -1.045908
v -0.140570 1.353739 -1.062856
v -0.075014 1.437804 -1.036937
v -0.038232 1.381046 -1.074629
v -0.085182 1.391220 -1.059747
v 0.760106 1.649655 0.163696
v 0.717984 1.691113 0.163023
v -0.442703 1.435418 -0.856486
v -0.440577 1.394418 -0.886445
v -0.482328 1.371914 -0.867666
v 0.737278 0.597916 0.503437
v 0.771779 0.637784 0.491018
v 0.716746 0.637953 0.535109
v -0.392229 0.398720 -0.810726
v -0.442565 0.424216 -0.795396
v -0.381253 0.436878 -0.853585
v -0.427278 1.311044 -0.940882
v -0.437292 1.354087 -0.916354
v -0.391941 1.333598 -0.958126
v -0.308340 1.442433 -0.943423
v -0.309788 1.402798 -0.966556
v -0.354564 1.391258 -0.949582
v 0.951033 0.439009 -0.239642
v 0.978910 0.489819 -0.232352
v -0.696815 1.515016 0.024009
v -0.713891 1.471292 0.047837
v 0.546265 0.968172 -1.075597
v 0.498452 0.992528 -1.100105
v 0.566471 1.019220 -1.060618
v 0.600521 0.639243 0.620763
v 0.578450 0.684060 0.647901
v 0.682337 1.416152 0.505182
v 0.653931 1.386823 0.548677
v -0.625293 0.521850 -0.664293
v -0.616208 0.559648 -0.709317
v 0.919736 0.521251 0.186557
v 0.945213 0.566005 0.189395
v 0.978937 1.363158 0.128813
v 0.958372 1.425159 0.085146
v 0.947532 1.414790 0.139881
v 0.612356 0.145656 -0.426663
v 0.660021 0.179794 -0.425306
v 0.636112 1.679954 -0.655979
v 0.593139 1.729106 -0.615092
v 0.636267 1.705746 -0.607193
v 0.455275 0.105664 0.167186
v 0.424688 0.072661 0.108183
v 0.883129 1.462176 -0.573879
v 0.880295 1.493128 -0.544255
v 0.512917 0.560984 0.632653
v 0.533671 0.520454 0.597113
v 0.558334 0.599304 0.629641
v 0.924746 1.370873 -0.599049
v 0.954730 1.353181 -0.560769
v 0.969105 1.378012 -0.492944
v -0.675614 0.429202 -0.440454
v 0.452770 1.730413 -0.729250
v 0.404202 1.747305 -0.731984
v 0.456029 1.762902 -0.682453
v -0.701129 0.415119 -0.304794
v -0.706628 0.441303 -0.360390
v 0.249688 1.488278 0.662372
v 0.281873 1.529409 0.636907
v 0.322264 0.538893 0.689921
v 0.372762 0.573524 0.693853
v 0.300206 0.580844 0.719932
v 0.436581 0.441402 -0.957967
v 0.466072 0.475398 -0.962853
v 0.346798 0.028557 -0.380200
v 0.352044 0.020179 -0.329560
v -0.482182 1.372640 0.510505
v -0.457992 1.423882 0.495095
v -0.501583 1.425652 0.458103
v 0.713897 1.480898 -0.791510
v 0.711068 1.436963 -0.824065
v 0.671750 1.506766 -0.808298
v 0.752820 1.453362 -0.770296
v 0.753448 1.411902 -0.804294
v 0.662808 0.143580 -0.096512
v 0.799055 0.251539 -0.144635
v 0.792172 0.250454 -0.088179
v 0.749023 0.214804 -0.091133
v 0.171448 1.905999 -0.531721
v 0.121289 1.909268 -0.525885
v 0.225935 0.018810 -0.431756
v 0.697636 0.489846 -0.819269
v 0.825376 1.268198 -0.804731
v 0.783457 1.246551 -0.862643
v 0.788669 1.294866 -0.836769
v 0.412985 1.923382 -0.215646
v 0.873921 0.698741 -0.753736
v 0.926332 0.727334 -0.697610
v 0.438548 1.324546 -1.051492
v 0.488503 1.300994 -1.040693
v 0.395970 0.617529 -1.061972
v 0.346537 0.639218 -1.083809
v 0.427580 0.659497 -1.065622
v 0.059884 -0.002052 -0.377679
v 0.068108 -0.009548 -0.328371
v 0.002758 0.002962 -0.371414
v 0.683160 0.892905 -0.989195
v 0.704551 0.943442 -0.978048
v 0.723436 0.867880 -0.952969
v 0.663270 0.968650 -1.013109
v 0.372732 1.294182 -1.081036
v 0.407265 1.219438 -1.094140
v 0.356432 1.241759 -1.102518
v 0.409971 0.725921 -1.091919
v 0.328446 0.702774 -1.109347
v 0.360157 0.747447 -1.113821
v 0.117453 -0.004259 -0.381414
v -0.779195 1.403565 -0.229455
v -0.768401 1.432703 -0.180915
v -0.787427 0.571090 -0.280773
v -0.753724 0.502594 -0.251242
v -0.396965 0.639973 0.608037
v -0.358451 0.701050 0.648288
v -0.406872 0.694252 0.620080
v 0.402300 0.181970 -0.704782
v 0.351044 1.731082 -0.779989
v 0.300048 1.744357 -0.778636
v 0.355365 1.764505 -0.734438
v 0.452616 0.202842 -0.706586
v 0.501043 0.227690 -0.709068
v 0.464344 0.179535 -0.663643
v -0.233909 1.903128 -0.066040
v 0.473366 0.941281 -1.106227
v 0.423012 0.964589 -1.123889
v 0.904452 1.147216 0.401846
v 0.878614 1.197427 0.416755
v 0.872576 1.120005 0.444892
v 1.053729 1.254372 -0.346288
v 1.040168 1.305671 -0.325972
v -0.144159 1.323614 0.714489
v -0.091992 1.308654 0.735033
v -0.064494 1.356066 0.728505
v -0.196677 1.337014 0.694330
v -0.170814 1.275297 0.721645
v 0.771722 0.418997 -0.682262
v 0.805388 0.464236 -0.679241
v 0.826089 0.442848 -0.630071
v -0.196258 0.520831 0.648288
v -0.163419 0.581436 0.691938
v -0.216544 0.567196 0.667907
v 0.884690 0.681002 0.375389
v 0.915125 0.714102 0.353742
v 0.876029 0.716914 0.403033
v 0.999681 1.157361 0.239831
v 0.975976 1.210064 0.255891
v 0.257331 0.788367 -1.146868
v 0.235160 0.857394 -1.154991
v 0.317707 0.885800 -1.147763
v 0.294654 0.957518 -1.158993
v 0.345654 0.936154 -1.144443
v 0.066424 0.798311 -1.156207
v 0.098988 0.846965 -1.164206
v 0.151123 0.827997 -1.160372
v 0.182724 0.877362 -1.162122
v 0.190735 0.998241 -1.168641
v 0.139849 1.017811 -1.171725
v 0.218013 1.050386 -1.160818
v 0.294645 1.082940 -1.150064
v 0.269295 1.030044 -1.157771
v 1.037720 1.263810 0.044924
v 1.047874 1.273085 -0.008691
v 1.028697 1.329958 0.007133
v 1.034223 0.771465 0.148331
v 1.038988 0.725861 0.082210
v 1.050317 0.778263 0.099912
v -0.013703 0.528953 0.698990
v -0.089557 0.552936 0.698501
v -0.056231 0.617945 0.736420
v -0.127680 0.645906 0.725709
v -0.110224 0.598028 0.716571
v -0.041247 0.013312 0.025958
v -0.064328 0.008971 -0.014124
v -0.797566 0.593318 -0.059678
v -0.809542 0.641342 -0.034602
v -0.814843 1.299461 -0.296067
v -0.836886 1.222499 -0.309302
v 1.051183 1.279816 -0.063019
v 1.073064 1.230701 -0.133906
v -0.762906 0.650296 0.155027
v -0.745330 0.695210 0.228298
v -0.772541 0.701792 0.176819
v -0.661294 0.739084 0.394794
v -0.666081 0.795025 0.410692
v -0.702146 0.796074 0.366798
v -0.724369 0.744160 0.298860
v -0.696309 0.740430 0.348968
v -0.298071 1.356634 0.643751
v -0.272124 1.296671 0.678027
v -0.248821 1.348820 0.672632
v -0.783128 0.661645 0.100170
v -0.792212 0.712065 0.122658
v -0.827940 1.286073 -0.152460
v -0.824975 1.273212 -0.082741
v 0.987372 1.250921 -0.565188
v 0.984928 1.295837 -0.541542
v 1.004133 1.280798 -0.494762
v 0.518255 0.794280 -1.071242
v 0.521700 0.917516 -1.083097
v 0.604367 1.122440 -1.028891
v 0.585719 1.070652 -1.044614
v 0.556753 1.148008 -1.051499
v -0.624346 1.254614 -0.775707
v -0.657313 1.221432 -0.751327
v -0.532514 1.228445 -0.886775
v 0.665298 0.765450 0.627123
v 0.622296 0.724490 0.638304
v 0.681265 0.721689 0.596929
v 0.763879 0.842696 -0.916584
v 0.824206 0.995316 -0.880632
v 0.834212 1.046218 -0.859822
v 1.030722 0.776592 -0.519001
v 1.042010 0.831033 -0.502431
v 1.004098 0.987719 -0.623624
v 1.009050 1.039177 -0.603661
v 1.063485 0.939095 -0.468125
v 1.052754 0.885154 -0.485288
v 0.907361 0.873475 -0.766038
v 0.925061 0.925139 -0.752454
v 0.953704 0.903803 -0.705788
v 0.981679 1.057901 -0.650975
v 0.959914 1.128319 -0.677052
v 0.992258 0.935889 -0.640330
v 0.978070 0.883768 -0.656036
v 0.444840 0.831631 0.746866
v 1.095458 1.126028 -0.226454
v 1.098999 1.069773 -0.246757
v 1.089343 1.133880 -0.280692
v 0.303787 0.710034 0.762491
v 0.352103 0.749852 0.760240
v 0.253748 1.295728 0.750593
v 0.299843 1.256993 0.757947
v 0.286732 1.339656 0.734019
v 0.340595 1.212245 0.759851
v 0.379365 1.166300 0.762183
v 0.173461 1.289898 0.760269
v 0.220867 1.252789 0.766857
v 0.205353 1.332783 0.744119
v 1.100926 1.118569 -0.172411
v 1.092211 1.175563 -0.152583
v 1.088451 1.167738 -0.098601
v -0.404797 0.660807 -0.967187
v -0.005663 0.593149 -1.090765
v -0.057271 0.609852 -1.090646
v -0.191612 1.208515 -1.093187
v -0.150975 1.194276 -1.110005
v -0.028356 0.657256 -1.107873
v -0.079857 0.675358 -1.106290
v 0.002423 0.704522 -1.125243
v 0.054512 0.686700 -1.124967
v 1.082974 0.847382 0.017113
v 1.092948 0.912323 -0.016296
v 1.082852 0.904043 0.035663
v 1.094450 1.035937 -0.030000
v 1.106537 0.986755 -0.103548
v 1.098943 1.044310 -0.083999
v 0.200615 -0.016605 -0.185745
v 0.194783 -0.015473 -0.235050
v 0.972058 0.947136 0.323677
v 0.998938 0.965468 0.277200
v 0.166931 1.885721 -0.580396
v 0.933999 0.971947 0.392468
v 0.898551 0.945418 0.431106
v -0.141326 0.015202 -0.240304
v 0.437922 0.974569 0.763639
v 0.478144 1.017748 0.747049
v 0.407061 1.024569 0.767913
v 0.671280 0.145855 -0.208823
v 0.621293 0.118776 -0.211193
v 0.180528 1.966299 -0.236431
v 0.111335 1.589426 -0.961476
v 0.560335 1.846161 -0.360013
v 0.605662 1.823817 -0.353899
v 1.092414 0.834039 -0.267627
v 1.088104 0.845295 -0.322643
v 1.095401 0.901637 -0.304906
v 0.925226 1.095893 0.384463
v 0.945038 1.045271 0.366961
v -0.639565 1.087593 0.453380
v -0.629601 1.146951 0.456351
v 0.205916 -0.015265 -0.136736
v 0.173493 1.969048 -0.189215
v -0.864136 0.929238 -0.343774
v -0.861001 0.780749 -0.228075
v -0.868052 0.826073 -0.200856
v -0.859077 0.812786 -0.278694
v -0.817183 1.089352 -0.494800
v -0.811097 1.042572 -0.530656
v -0.824905 0.915254 -0.487851
v -0.839159 0.961535 -0.456486
v -0.816689 0.954904 -0.528322
v -0.751630 0.969498 0.311252
v -0.777009 0.970336 0.263773
v -0.801852 0.972498 0.216794
v 1.105138 0.929304 -0.123075
v -0.639511 0.965859 -0.827641
v -0.661186 0.927515 -0.793908
v -0.749163 0.940903 -0.665582
v -0.732657 0.980512 -0.702364
v -0.462033 0.957288 -0.989949
v -0.495219 0.994562 -0.962454
v -0.431285 0.995324 -1.012512
v -0.851856 0.801002 -0.016555
v -0.838582 0.834588 0.058743
v -0.854312 0.848482 0.005980
v -0.822250 1.132521 0.106738
v -0.828764 1.181176 0.060977
v -0.834342 1.132968 0.066724
v -0.288265 1.080290 -1.079514
v -0.327088 1.104760 -1.056044
v -0.255140 1.121287 -1.091828
v -0.282901 1.015830 -1.089545
v -0.241278 0.991762 -1.108529
v -0.317944 0.974214 -1.075364
v 0.210172 -0.012072 -0.086409
v 0.211992 -0.007931 -0.033484
v 0.218547 1.964708 -0.185506
v -0.023984 1.145332 -1.147908
v -0.068831 1.163838 -1.141669
v 0.028806 0.935426 -1.166006
v -0.003633 0.886189 -1.157962
v -0.021417 0.954889 -1.162976
v 1.066128 0.951584 0.106847
v 1.058993 1.006703 0.127500
v 1.073849 1.017162 0.074995
v 0.208342 1.964866 -0.137368
v 0.668299 0.143542 -0.152833
v 0.596743 0.123491 0.013062
v 0.654696 0.145916 -0.039855
v 0.427475 0.252384 -0.788144
v 0.455207 0.304101 -0.828131
v 0.472998 0.275913 -0.792518
v 0.823999 0.288899 -0.029082
v 0.831530 0.290349 -0.085337
v 0.867230 0.334236 -0.082112
v 0.948674 1.495726 -0.012004
v 0.951846 1.499779 -0.065650
v 0.914977 1.544869 -0.005292
v 0.191743 1.963340 -0.090215
v 0.206504 0.001458 0.020206
v 0.165933 -0.005359 0.011825
v 0.796726 0.297067 0.081056
v 0.831872 0.338733 0.082426
v 0.816211 0.344828 0.136151
v 0.874627 0.336525 -0.138143
v 0.851865 1.643818 -0.161554
v 0.949869 1.507910 -0.267090
v 0.918049 1.555035 -0.263043
v 0.922380 1.555566 -0.214637
v 0.700458 0.945864 0.624931
v 0.718538 0.896959 0.603892
v 0.394238 0.931411 0.772436
v 0.375199 1.074140 0.772501
v 0.341810 1.122827 0.777643
v 0.532936 0.278549 -0.757167
v 0.488117 0.250010 -0.752466
v 0.514631 0.305219 -0.797404
v 0.674709 0.360372 -0.726209
v 0.652842 0.384736 -0.770956
v 0.093996 0.996723 0.817382
v 0.130138 1.039274 0.813784
v 0.145969 1.966330 -0.097020
v 0.162748 1.969070 -0.143216
v 0.837116 1.631764 -0.363684
v 0.871578 1.593728 -0.357093
v 0.863200 1.587697 -0.401682
v 0.916864 0.409316 -0.357616
v 0.878420 0.365614 -0.361389
v 0.760888 0.382742 0.291925
v 0.797947 0.417734 0.292200
v 0.775544 0.439454 0.338043
v 0.744409 0.328167 0.241690
v 0.780120 0.366434 0.241106
v 0.722782 1.620698 0.269298
v 0.700707 1.602210 0.319999
v 0.766840 1.578666 0.269726
v 0.382446 1.846740 0.220299
v 0.880831 0.347853 -0.250041
v 0.917708 0.392234 -0.245427
v 0.801409 0.277878 -0.368414
v 0.839927 0.321777 -0.364948
v 0.304173 1.850768 0.254718
v -0.028269 1.012480 0.803788
v -0.006834 0.966752 0.809601
v -0.001607 1.044285 0.803282
v 0.578595 1.795986 0.148189
v 0.627314 1.536547 0.465251
v 0.121721 1.948239 0.040589
v 0.115403 0.003614 0.048015
v 0.128692 -0.007650 -0.002552
v 0.100762 1.967669 -0.106396
v -0.181183 1.642311 0.497934
v -0.203379 1.689436 0.439093
v -0.232033 1.648544 0.464981
v -0.158196 1.590226 0.552410
v -0.104934 1.577916 0.579073
v 0.345311 0.497021 0.659654
v 0.319968 0.422214 0.626160
v 0.369506 0.455422 0.629191
v 0.664007 0.416130 0.438179
v 0.620142 0.482244 0.520852
v 0.641506 0.448461 0.480072
v -0.002026 1.958856 -0.065560
v -0.791667 1.026423 0.225635
v -0.766977 1.025488 0.272021
v 0.075305 1.963592 -0.071063
v -0.616645 1.548848 0.176158
v -0.583870 1.556205 0.224731
v -0.592100 1.590416 0.150060
v 0.292069 0.357273 0.579655
v 0.268012 0.393520 0.616835
v 0.290042 1.626259 0.551479
v 0.236553 1.654281 0.539504
v 0.312158 1.562362 0.599304
v 0.228174 1.556036 0.620957
v -0.306470 0.304334 0.424602
v -0.282561 0.354402 0.487193
v -0.330761 0.346947 0.449689
v -0.711699 0.933864 -0.733710
v -0.727499 0.893961 -0.696352
v -0.597821 0.275857 -0.186787
v -0.629738 0.315912 -0.160289
v -0.681757 1.568141 -0.216154
v -0.664991 1.591467 -0.164765
v -0.732561 1.496407 -0.157694
v -0.751165 1.456627 -0.130704
v -0.715597 1.518700 -0.106452
v -0.745614 1.470388 -0.207756
v -0.722836 1.507656 -0.236774
v -0.012248 1.962176 -0.197230
v -0.849073 0.988058 0.067092
v -0.834612 0.981367 0.117023
v -0.826252 1.001972 -0.494409
v 0.080714 -0.007596 -0.004017
v 0.058991 1.967475 -0.228303
v 0.022445 1.965103 -0.214665
v -0.874618 0.870275 -0.173565
v -0.876605 1.026341 -0.145392
v -0.876877 1.021687 -0.213283
v -0.883104 0.985977 -0.171014
v -0.674861 1.555528 -0.002440
v -0.650069 1.593586 -0.030916
v -0.697109 1.539104 -0.054546
v -0.589153 0.303245 -0.380782
v -0.550192 0.266784 -0.406017
v -0.596680 1.571801 -0.530527
v -0.635754 1.545899 -0.502300
v -0.588946 1.606258 -0.485296
v -0.594066 0.328369 -0.435270
v -0.597588 0.354942 -0.488883
v 0.118440 -0.012105 -0.046441
v -0.504845 0.236104 -0.428626
v -0.196719 0.969013 -1.123773
v -0.517208 0.879462 -0.934801
v -0.102941 1.849996 0.239892
v -0.051209 1.845997 0.271838
v -0.073202 1.874330 0.204416
v -0.276090 0.948368 -1.095927
v -0.231054 1.827800 0.201177
v -0.123672 1.877331 0.170590
v -0.189764 0.077741 0.128663
v -0.153622 0.082856 0.170445
v 0.075153 0.419412 -1.005984
v 0.046625 0.476333 -1.033588
v 0.096670 0.462788 -1.031277
v -0.329911 1.854371 -0.048543
v -0.298061 1.875973 -0.082097
v -0.360849 1.844732 -0.098480
v -0.249645 1.607767 -0.850113
v -0.199243 1.613974 -0.871305
v -0.307394 1.483111 -0.919393
v -0.355030 1.472638 -0.900248
v -0.307397 1.524082 -0.894680
v -0.122209 0.337459 -0.901237
v -0.259874 0.050948 -0.254088
v -0.351342 1.800827 -0.495111
v -0.359021 1.771044 -0.539757
v -0.103038 1.574077 -0.939708
v -0.006653 0.350723 -0.941568
v 0.007348 0.390850 -0.975878
v -0.111800 1.818993 -0.657392
v -0.118910 1.791131 -0.701195
v -0.170150 1.785928 -0.680960
v 0.153863 0.042299 -0.528506
v 0.095358 0.041182 -0.526703
v -0.037705 1.023770 -1.158529
v 0.572215 1.199229 -1.030783
v 0.523185 1.224452 -1.048356
v 0.922783 0.799277 -0.735783
v 0.899763 0.748536 -0.745943
v 0.889550 0.821880 -0.779769
v 0.844421 1.096768 -0.839572
v 0.211330 0.635443 -1.105904
v 0.213318 0.927398 -1.164037
v 0.777077 1.197251 -0.887132
v 0.766839 1.147270 -0.909061
v 0.732538 1.222475 -0.913834
v 0.716232 0.744336 -0.933860
v 0.678803 0.768383 -0.973968
v 0.701783 0.817716 -0.964378
v 0.509367 1.173563 -1.073582
v 0.490544 1.120790 -1.089707
v 0.991741 0.740881 -0.583914
v 1.012936 0.793332 -0.572002
v 0.554214 0.868216 0.703456
v 1.096743 0.823501 -0.213135
v 1.082158 1.188733 -0.259802
v 1.099762 0.890903 -0.249892
v 1.104116 0.880701 -0.195476
v 0.986424 0.852931 0.277213
v 1.012038 0.865601 0.231926
v 1.022985 0.720676 0.129574
v 1.026478 0.672167 0.067611
v 1.034788 1.118278 0.169620
v 1.054757 0.747374 -0.409383
v 1.095200 0.863301 -0.088181
v 1.091228 0.805512 -0.105639
v 1.101263 0.871501 -0.141540
v 0.723283 1.122197 0.591204
v -0.683977 1.201637 0.371474
v -0.663917 1.145469 0.414765
v 0.728024 1.206758 0.566893
v 0.696825 1.172281 0.606270
v 0.834293 0.718111 0.454458
v -0.374663 0.807825 0.669696
v -0.326797 0.812991 0.695855
v -0.376029 0.863451 0.675148
v -0.716419 0.690295 0.279239
v -0.687775 0.685857 0.329985
v -0.762112 1.192175 0.236869
v -0.747311 1.246323 0.229884
v -0.726477 0.911891 0.345210
v -0.752538 0.913471 0.296781
v -0.018846 1.116758 0.794446
v 0.026547 1.079827 0.802554
v 0.053633 1.120531 0.801213
v 0.031464 0.878927 0.803921
v 0.047547 0.834168 0.801096
v -0.222902 0.775713 0.737774
v -0.171635 0.787649 0.756240
v -0.179180 0.835696 0.758053
v -0.145566 1.215225 0.748255
v -0.184793 0.882852 0.761181
v -0.233534 0.875676 0.745660
v 0.305452 0.845839 0.790371
v 0.464238 0.923761 0.750419
v -0.852593 1.054762 -0.389749
v -0.857365 0.752307 -0.175260
v -0.864605 0.797981 -0.149026
v -0.801273 0.762174 0.144900
v -0.781631 0.753155 0.198550
v -0.820666 0.874498 0.131280
v -0.837396 0.883770 0.079258
v -0.521008 1.262272 0.526224
v -0.562919 1.263404 0.490578
v -0.716284 1.150892 -0.697569
v -0.751270 1.159563 -0.630312
v -0.352904 0.747821 -1.024046
v -0.399876 0.775850 -1.008533
v -0.812237 0.709252 -0.410502
v -0.794001 0.629726 -0.387914
v -0.815936 0.674904 -0.360630
v -0.119334 0.809898 -1.130347
v -0.222218 1.163631 -1.096707
v -0.200453 0.785595 -1.103251
v -0.468147 0.766263 -0.957138
v -0.489654 0.918750 -0.962395
v -0.579571 1.120609 -0.877660
v -0.606617 1.084904 -0.850726
v -0.599745 1.165396 -0.846664
v 0.002069 1.197168 -1.139801
v -0.042735 1.214506 -1.130129
v 0.715150 0.182203 -0.206235
v 0.238841 0.239614 0.482190
v 0.263958 0.211350 0.440289
v 0.715984 0.187380 -0.261822
v 0.617566 0.135251 -0.374114
v 0.665474 0.168300 -0.372535
v 0.474879 0.157066 -0.619750
v 0.422784 0.134703 -0.620093
v -0.204902 0.146393 -0.635688
v 0.487455 0.206957 0.330911
v 0.513460 0.255762 0.386132
v 0.408119 1.779725 -0.685313
v 0.383050 1.789469 0.328531
v 0.434978 1.761300 0.339508
v 0.410225 1.810366 0.282331
v 0.576532 0.197325 0.233879
v 0.556442 0.214340 0.285878
v 0.598578 1.778292 -0.514445
v 0.558195 1.820053 -0.468215
v 0.367964 0.118977 -0.618520
v 0.375596 0.099254 -0.573099
v -0.370724 0.110467 -0.260628
v -0.423173 1.812297 -0.115143
v -0.394380 1.823632 -0.063907
v -0.013916 1.792579 -0.734509
v -0.066595 1.792559 -0.718554
v -0.007294 1.820903 -0.690765
v 0.924108 1.315908 0.285145
v 0.914318 1.385265 0.245535
v 0.950102 1.262682 0.270601
v 0.938056 0.656101 0.273275
v 0.957437 0.660585 0.239887
v 0.923309 0.616136 0.275271
v 0.906217 0.627409 0.314467
v 1.005713 0.531753 -0.169000
v 1.006832 0.540515 -0.223980
v 0.981447 1.456126 -0.227499
v 0.537541 1.444289 0.586031
v 0.492457 1.487722 0.583932
v 0.253108 0.674159 0.756750
v 0.421747 0.610100 0.695026
v 0.445572 0.694669 0.714478
v 0.359888 1.464309 -1.005605
v 0.400029 1.395664 -1.031586
v 0.126375 0.651905 0.762482
v 1.007390 0.715597 0.175701
v 1.017146 0.765099 0.195077
v 0.986736 0.712328 0.218209
v 0.969293 1.434958 0.031188
v 0.926556 1.476936 0.095148
v 0.094712 0.576910 0.735301
v 0.072917 0.622998 0.750673
v 0.013738 0.759429 0.786230
v -0.003410 0.804045 0.793111
v -0.038740 0.733070 0.773066
v -0.752681 0.748298 0.248543
v -0.668138 1.496098 0.150450
v -0.428228 0.465657 -0.834838
v -0.475318 0.495360 -0.816632
v 0.792236 1.341829 -0.810074
v 0.752779 1.368598 -0.836878
v 0.723112 1.370222 0.503325
v -0.563042 1.372442 0.432166
v -0.525298 1.374285 0.473988
v -0.478447 1.260916 0.561683
v 0.747435 1.321164 -0.863067
v 0.740194 1.271791 -0.888291
v 0.704909 1.346873 -0.887927
v 0.697343 0.625466 -0.902939
v 0.661017 0.650128 -0.942382
v 0.697951 0.678934 0.566538
v 0.753346 0.677567 0.520543
v -0.801270 1.314191 0.013285
v -0.775261 1.288113 0.126145
v -0.764534 1.336775 0.110898
v -0.754063 0.598974 0.133378
v -0.820834 0.772734 0.091398
v -0.812245 0.723586 0.068599
v -0.808522 0.615965 -0.254381
v -0.779528 0.546022 -0.224925
v -0.217621 1.503104 0.598537
v -0.244372 1.454446 0.613587
v -0.267233 0.556471 0.638232
v -0.247977 0.508636 0.619672
v -0.657535 0.596588 -0.688273
v -0.686559 0.640448 -0.659963
v -0.299351 0.496555 -0.941708
v -0.349566 0.520792 -0.929486
v -0.309751 1.326882 -1.004356
v -0.680057 1.356603 -0.642095
v -0.646319 1.388572 -0.669389
v -0.674884 1.312471 -0.679806
v 0.058257 1.355194 -1.097664
v 0.043218 1.302327 -1.111954
v -0.135087 0.583751 -1.058602
v -0.186240 0.603987 -1.051503
v -0.605030 0.598279 -0.753130
v -0.641358 0.637800 -0.727671
v 0.263820 0.616481 -1.094982
v 0.144763 1.486321 -1.030535
v 0.195839 1.469926 -1.034268
v 0.183931 1.421282 -1.061441
v 0.370107 1.512675 -0.975620
v 0.309250 1.484601 -1.009686
v 0.319440 1.532476 -0.979703
v 0.423655 0.499789 -0.994210
v 0.660730 1.373145 -0.909292
v 0.615645 1.399305 -0.928242
v 0.620124 1.444063 -0.893815
v 0.749523 0.358175 -0.630928
v 0.731839 0.379525 -0.679962
v 0.726346 0.464149 -0.776878
v 0.862397 1.417433 -0.663156
v 0.855874 0.406596 -0.525746
v 0.803632 0.381557 -0.580102
v 0.842321 0.424217 -0.578678
v 0.890361 0.453096 -0.521390
v 0.922723 0.501201 -0.515650
v 0.880174 0.340339 -0.194100
v 0.958528 1.508054 -0.169650
v 0.954611 1.507848 -0.219282
v 0.941706 0.468137 0.036548
v 0.930415 0.418270 -0.019002
v 0.859332 0.332257 -0.026320
v 0.629101 0.408604 -0.815658
v 0.602411 0.432809 -0.858169
v 0.886951 0.424083 0.139114
v 0.912260 0.470797 0.138493
v 0.908079 1.503153 -0.464802
v 0.917804 1.503390 -0.432309
v 0.940006 1.456558 -0.444937
v 0.247874 0.549887 0.709783
v 0.205354 1.617793 0.572522
v 0.150944 1.642623 0.557503
v 0.224551 0.593423 0.735206
v 0.148543 0.606351 0.746480
v 0.171301 0.562701 0.724175
v -0.354907 0.389622 0.474962
v 0.684813 0.388747 0.392255
v 0.703092 0.367030 0.342122
v 0.741160 0.402516 0.341420
v 0.343526 0.385800 0.588393
v 0.350075 1.418091 0.677490
v 0.398068 1.379451 0.684410
v -0.535872 1.522130 0.339759
v -0.510996 1.566523 0.316661
v -0.654640 0.355530 -0.273772
v -0.697365 1.543033 -0.266893
v -0.667391 1.575904 -0.297328
v -0.691126 0.397114 -0.106960
v -0.672746 0.381559 -0.049953
v -0.717664 0.439751 -0.080476
v -0.643882 1.428899 -0.628442
v -0.228078 0.460624 0.601349
v -0.237707 0.332404 -0.847578
v -0.299850 0.313033 -0.796008
v -0.290194 0.351986 -0.837658
v -0.528671 1.551046 -0.671832
v -0.484488 1.572941 -0.697482
v -0.531011 1.512555 -0.710494
v -0.703499 1.445317 -0.486479
v -0.731705 1.411006 -0.456369
v -0.738977 0.543357 -0.440760
v -0.485902 1.413485 -0.836127
v -0.444354 1.476807 -0.826651
v -0.523369 1.347411 -0.849271
v 0.057892 0.380625 -0.972465
v 0.025019 0.431973 -1.007749
v 0.468297 1.887186 -0.371248
v 0.514306 1.866788 -0.365738
v -0.265272 1.885131 -0.032742
v -0.221560 0.075724 0.084242
v -0.326809 1.864709 -0.132328
v 0.044355 0.027594 -0.474604
v 0.052066 0.012721 -0.425955
v -0.293908 1.874506 -0.297785
v -0.334644 1.858290 -0.266835
v -0.351931 1.841659 -0.317185
v 0.116020 1.891499 -0.574694
v 0.559442 1.855135 -0.305394
v 0.516638 0.075314 -0.324223
v 0.519562 0.068885 -0.271523
v 0.466981 0.046070 -0.274339
v 0.372988 1.904984 -0.432359
v 0.420666 1.891002 -0.429177
v 0.503719 0.127776 0.173638
v 0.363743 0.117747 0.261395
v 0.211222 0.123417 0.330765
v -0.195279 1.853947 -0.524341
v 0.115409 1.876143 0.246639
v 0.008218 1.893062 0.198292
v 0.548432 0.098762 0.008804
v 0.500148 0.075076 0.004107
v 0.513375 1.853591 -0.419601
v -0.185674 1.876332 -0.478226
v -0.244017 1.844605 -0.500150
v 0.000600 0.133430 0.345201
v 0.027898 0.111410 0.308688
v -0.265780 1.896411 -0.114870
v -0.287743 0.099611 0.067804
v -0.256379 0.100432 0.114332
v 0.160877 0.027797 -0.480011
v 0.212336 0.045861 -0.529181
v 0.386193 0.100856 0.211817
v 0.336800 0.083751 0.204026
v 0.408107 0.035196 -0.327943
v 0.335306 0.047845 -0.480459
v 0.283658 0.027145 -0.431342
v 0.341184 0.038098 -0.430662
v -0.113696 0.088345 0.209956
v 0.378043 1.894111 0.109711
v 0.037748 1.909458 0.159514
v -0.211705 0.036495 -0.107839
v -0.229110 0.040015 -0.155875
v -0.163360 0.020729 -0.128451
v 0.820235 1.140949 0.505434
v 0.841471 1.090102 0.487414
v 0.809116 1.122155 -0.878055
v 0.795157 1.071027 -0.895489
v 0.914064 1.020035 0.409784
v 0.662063 1.135018 0.639847
v 0.396048 0.914132 -1.126901
v 0.321147 1.009222 -1.152330
v 0.372126 0.987222 -1.139119
v 0.568252 0.893259 -1.055519
v 0.592773 0.943412 -1.047986
v 0.615053 0.994052 -1.037448
v 0.124841 1.125453 0.805818
v 0.094548 1.081730 0.809064
v 1.070872 0.992756 -0.449832
v 0.546082 1.010583 0.715693
v 0.584066 1.053317 0.690641
v 1.079260 1.152201 0.010655
v 1.076577 1.084743 0.043183
v 1.086755 1.093931 -0.009867
v 1.025262 0.981236 0.229912
v 1.044345 0.995060 0.179720
v 1.008563 1.033279 0.249015
v 0.661070 0.842708 -1.000288
v 0.639356 0.918273 -1.020293
v -0.556112 1.148471 0.536183
v -0.833587 0.875888 -0.445937
v -0.772947 1.137079 0.237650
v 1.088704 0.980102 -0.397079
v -0.869354 1.060822 -0.250541
v -0.462593 1.103290 -0.975443
v -0.432617 1.066206 -1.004307
v -0.493599 1.069317 -0.954305
v 0.942999 0.976520 -0.739270
v -0.612499 1.003684 -0.856107
v -0.361241 1.068184 -1.041853
v 0.639411 0.954091 0.667461
v 0.798415 0.973886 0.548221
v -0.187124 0.929476 0.765249
v -0.183761 0.974775 0.770922
v -0.045515 0.934651 0.801827
v 0.013049 0.923000 0.806448
v -0.057194 0.977548 0.804641
v -0.374579 0.918824 0.682077
v -0.371315 0.973864 0.690054
v -0.726171 0.969037 0.358883
v -0.741853 1.025828 0.318955
v -0.694308 0.968615 0.403117
v -0.684396 1.026766 0.408152
v -0.716762 1.026518 0.365753
v -0.505188 0.972716 0.599707
v -0.418704 0.973558 0.664724
v -0.856516 0.883646 -0.373622
v -0.743425 0.853655 -0.658176
v -0.765000 0.900807 -0.627616
v -0.780963 0.860241 -0.589316
v 0.090063 1.036991 -1.169812
v 0.059973 0.985481 -1.171921
v -0.167774 0.832045 -1.117922
v -0.215785 0.855110 -1.105720
v 0.079485 0.915965 -1.169081
v 0.933333 1.150391 -0.722625
v 0.898448 1.172800 -0.761551
v 0.860290 1.195933 -0.796577
v 0.854467 1.146984 -0.819572
v 0.822480 1.220638 -0.830893
v -0.868493 1.141708 -0.183175
v -0.863129 1.139067 -0.121283
v 0.559354 1.193748 0.682750
v 0.593383 1.232656 0.651243
v 0.522751 1.242130 0.685754
v -0.807926 1.175519 -0.492338
v -0.806424 1.218845 -0.452232
v -0.786337 1.213759 -0.523740
v -0.794568 1.082755 -0.565279
v -0.802434 1.129658 -0.529810
v -0.539818 1.206067 0.532738
v -0.580017 1.206449 0.495860
v 1.049211 1.211421 -0.418309
v 1.089316 1.182486 -0.206361
v 1.075245 1.237956 -0.187229
v 0.012704 1.265128 0.763451
v -0.068188 1.245689 0.761741
v 0.660510 1.306128 0.583494
v 0.142275 1.247664 0.776153
v 0.124028 1.324327 0.754694
v 0.093505 1.280656 0.766699
v -0.110389 1.180854 -1.126551
v -0.085180 1.231631 -1.118180
v -0.300034 1.251266 -1.035434
v -0.514464 1.185329 -0.918426
v -0.480105 1.214396 -0.935272
v -0.462257 1.285262 -0.922244
v 0.688600 0.697065 -0.938076
v 0.651600 0.720952 -0.977770
v 0.844701 0.721375 -0.800111
v 0.789781 0.694574 -0.854161
v 0.947381 0.708079 -0.645899
v 0.968364 0.689064 -0.594465
v 1.055120 0.730343 0.033690
v 0.578338 0.819406 0.685137
v -0.273180 0.766378 0.716228
v -0.320620 0.759919 0.688661
v 0.967833 0.751513 0.278670
v 0.964015 0.707668 0.257733
v -0.210802 0.727380 0.726197
v 0.186065 0.814086 0.798778
v 0.422750 0.742418 0.736464
v 0.399848 0.790116 0.757339
v -0.357098 0.632950 -0.982483
v -0.804264 0.813885 0.164883
v -0.821365 0.823376 0.111714
v -0.532994 0.641929 -0.855363
v -0.745860 0.728707 -0.605540
v -0.759607 0.813093 -0.619468
v -0.158555 0.650365 -1.074533
v -0.209115 0.671860 -1.065976
v -0.592374 0.758107 -0.844608
v -0.608711 0.718414 -0.805813
v -0.625375 0.799544 -0.817772
v -0.049459 0.722437 -1.125567
v 0.440134 0.228100 -0.747988
v 0.380244 0.231136 -0.784174
v 0.706427 0.292082 0.241569
v 0.753256 0.250016 -0.424517
v 0.795313 0.290155 -0.423050
v 0.801092 1.605868 0.162881
v 0.503488 1.587905 0.499062
v 0.552988 1.551087 0.506700
v 0.532380 1.616535 0.457106
v 0.440715 0.344645 0.516642
v 0.488243 0.376591 0.520822
v 0.511650 0.445071 0.563416
v 0.488257 0.483723 0.599233
v 0.465815 0.409499 0.563285
v 0.815207 0.403997 0.240542
v 0.807161 0.265830 -0.313585
v 0.666703 0.278538 -0.629319
v 0.621531 0.244465 -0.625937
v 0.651085 0.300188 -0.676222
v 0.592789 1.702508 -0.664521
v 0.541181 1.618909 -0.805701
v 0.578827 0.348103 0.436211
v -0.309773 0.245043 -0.704379
v -0.362881 0.264290 -0.690985
v -0.357001 0.300606 -0.735975
v -0.306790 0.276715 -0.751940
v 0.601471 0.410624 0.483684
v 0.513448 0.205917 -0.664732
v 0.561854 0.233635 -0.668488
v 0.525374 0.183668 -0.620041
v 0.182096 1.679082 0.525039
v 0.212593 1.709142 0.486045
v 0.161283 0.345086 0.587597
v 0.214981 0.369272 0.602158
v -0.570155 0.275402 0.008290
v -0.597648 0.316970 0.034610
v 0.373242 1.628669 0.524184
v 0.367800 0.254832 0.463889
v -0.510546 0.232123 0.034380
v -0.138242 1.693412 -0.822461
v -0.078778 1.726061 -0.799125
v 0.028189 0.341430 0.580590
v 0.082461 0.360888 0.601904
v -0.502712 0.194961 -0.184199
v -0.604503 1.537492 -0.575333
v -0.640145 1.508293 -0.545842
v -0.485822 1.737363 0.033637
v -0.395661 0.138193 -0.365793
v -0.442151 0.166627 -0.343027
v 0.124902 0.220242 -0.826589
v 0.073125 0.224626 -0.828768
v -0.052766 1.571379 -0.957260
v -0.691410 1.555740 -0.135305
v -0.670546 1.574919 -0.083274
v -0.298257 0.225787 0.326838
v -0.568891 1.666683 -0.390939
v 0.132833 1.708886 -0.850996
v 0.073480 1.681660 -0.881747
v 0.079873 1.715972 -0.840643
v 0.231168 1.648005 -0.901968
v 0.178822 1.660328 -0.897010
v 0.187366 0.321095 -0.922122
v 0.230823 0.315758 -0.913462
v 0.179445 0.284199 -0.892623
v 0.794526 0.843016 0.534691
v -0.136890 0.892847 0.776736
v 0.892118 0.947632 -0.796069
v 0.636593 0.793481 -1.007900
v -0.090440 0.908289 0.792408
v 0.960673 0.995477 0.346470
v -0.509217 0.856283 0.581637
v -0.466218 0.800851 0.609897
v -0.466589 0.858120 0.616854
v 0.970576 0.759471 -0.635416
v 0.988333 0.811939 -0.621900
v -0.754289 0.857631 0.281895
v -0.729091 0.798857 0.316817
v -0.727686 0.855058 0.331132
v -0.659793 0.969544 0.445317
v 1.037929 0.900485 -0.539334
v 1.048622 0.953935 -0.522133
v 1.032715 0.928914 0.207525
v 1.082566 0.960445 0.055650
v -0.796199 0.819581 -0.550175
v -0.721603 0.807050 -0.689312
v 0.167600 1.070252 -1.163827
v 0.193450 1.123504 -1.156036
v 0.143861 1.143234 -1.158977
v 0.265482 0.906941 -1.156884
v 0.242553 0.978211 -1.165836
v -0.861338 0.866723 -0.047112
v -0.840343 0.784945 0.037944
v -0.859093 0.820595 -0.070448
v 0.367916 1.114171 -1.127393
v 0.345082 1.061403 -1.139725
v -0.873371 0.901875 -0.222647
v -0.880117 0.944675 -0.196956
v -0.525112 0.957216 -0.938172
v -0.654689 0.842934 -0.788757
v -0.677042 0.802060 -0.755204
v -0.705585 0.847086 -0.727477
v -0.683628 0.887794 -0.760426
v -0.696618 0.761524 -0.718987
v -0.391965 0.962818 -1.034456
v -0.423623 0.923039 -1.013113
v -0.426095 0.734107 -0.979698
v -0.442608 0.807654 -0.986918
v -0.230270 0.740136 -1.081098
v -0.248832 0.809305 -1.091004
v 0.680160 1.199133 -0.965936
v 0.724677 1.173408 -0.939447
v 0.668933 1.148623 -0.989240
v 1.038395 1.174475 -0.492387
v 1.038044 1.124752 -0.513484
v 1.013917 1.090209 -0.583943
v 1.016072 1.103125 0.220444
v 0.862399 1.040444 0.469585
v 0.893505 1.069631 0.427173
v 0.573085 0.960860 0.703666
v -0.087209 0.857317 -1.144949
v -0.045132 1.082387 0.795242
v 0.029198 1.000785 0.810600
v 0.063612 1.039024 0.810223
v -0.068669 1.044415 0.796664
v -0.114127 1.057755 0.783558
v -0.207484 1.071444 0.753837
v -0.839771 1.033867 0.082288
v -0.852950 1.044277 0.035330
v -0.860223 1.057647 -0.010366
v -0.843005 1.086709 0.053786
v -0.746320 1.027079 -0.667121
v -0.161596 1.014822 -1.130339
v -0.205002 1.035996 -1.115003
v -0.547749 1.153739 -0.899161
v -0.521713 1.110406 -0.926022
v -0.553180 1.075980 -0.904563
v -0.724465 1.065832 -0.699949
v -0.682131 1.056747 -0.763062
v 0.810157 1.057789 0.528074
v 0.749005 1.072162 0.576439
v -0.334513 1.137985 0.691600
v -0.348564 1.083421 0.690154
v 0.034386 1.195524 0.786700
v 0.006851 1.154880 0.793222
v 0.081844 1.163450 0.799765
v -0.843563 1.197879 -0.039446
v -0.857595 1.138363 -0.064395
v -0.851076 1.164639 -0.024476
v 0.233231 1.082228 0.799400
v -0.442134 1.088070 0.637381
v -0.463731 1.030879 -0.983691
v -0.396097 1.032042 -1.027239
v -0.781696 1.034950 -0.599299
v -0.817127 1.081716 0.140780
v 0.819730 1.172600 -0.857531
v -0.862746 1.058511 -0.319942
v -0.863832 1.013968 -0.353452
v -0.870383 1.018287 -0.282618
v -0.247598 1.058142 -1.099813
v 0.924558 1.100131 -0.741406
v 0.954518 1.078399 -0.697527
v 1.096128 1.023723 -0.321961
v 1.086365 1.088762 -0.356046
v 1.092731 1.078812 -0.301354
v 1.091285 1.102132 -0.064059
v 1.095846 1.110285 -0.118527
v 0.203890 0.808805 -1.153285
v 0.243719 1.103441 -1.153061
v 0.338920 1.189498 -1.124317
v 0.389678 1.167505 -1.115589
v 0.318162 1.136438 -1.140205
v 0.856557 0.845102 -0.823560
v 0.838676 0.793725 -0.837409
v 0.785198 0.893236 -0.905496
v 1.056880 0.816148 -0.448384
v 1.084651 0.777373 -0.284719
v 1.107164 0.947653 -0.231482
v 1.111281 0.937893 -0.176858
v 1.035152 0.823808 0.165817
v 1.050831 0.832112 0.116934
v -0.756247 0.802200 0.266707
v -0.866521 0.843404 -0.123058
v -0.096878 0.947459 0.794467
v -0.294207 0.834790 -1.072480
v -0.553177 0.796051 0.537923
v -0.509510 0.798453 0.574064
v 0.872295 0.613032 0.358149
v 0.896035 0.650058 0.346841
v 1.042660 0.631343 -0.095483
v 1.031996 0.582630 -0.159742
v 1.049796 0.637433 -0.149182
v 0.931523 0.486718 -0.460949
v 0.940207 0.472377 -0.406043
v 0.468947 0.647710 0.692573
v 0.492229 0.602890 0.666202
v -0.559025 0.573892 0.434155
v -0.542245 0.523996 0.412764
v -0.608437 0.627608 0.406154
v -0.592963 0.447888 -0.641316
v -0.635159 0.452857 -0.567981
v -0.672170 0.492264 -0.543206
v 0.201215 0.639798 0.751438
v 0.178889 0.685612 0.767534
v 1.028411 0.619787 0.008491
v -0.181370 0.629244 0.704166
v -0.234892 0.614996 0.684126
v 0.170689 1.372658 -1.088735
v 0.106426 1.339525 -1.106896
v 0.120889 1.390023 -1.084358
v -0.020821 0.687541 0.761020
v -0.074912 0.663936 0.747979
v 0.387875 1.346508 -1.059935
v 0.330134 0.541307 -1.045659
v 0.932645 1.401247 0.193213
v 0.945321 1.333798 0.234003
v 0.966613 1.350615 0.183398
v 0.980796 1.447417 -0.075412
v 0.997271 1.326363 -0.469997
v 0.987323 1.370181 -0.447236
v 0.813912 1.374342 0.405330
v 0.800437 1.445307 0.362245
v 0.776208 1.422297 0.411062
v 0.846588 1.323990 0.395552
v 0.838295 1.397147 0.356497
v 0.874784 1.348395 0.349582
v 0.568905 1.478007 0.548929
v 0.612834 1.433406 0.550349
v -0.736822 1.457659 -0.002772
v 0.185980 1.406700 0.712250
v 0.217647 1.447261 0.687451
v 0.133893 1.436918 0.701229
v 0.237198 1.374873 0.724218
v -0.478504 1.476612 0.441976
v -0.116474 1.370931 0.704751
v -0.034300 1.398668 0.708815
v -0.111041 1.476878 0.647506
v -0.800057 1.339012 -0.324374
v -0.780903 1.378055 -0.353551
v -0.805361 1.302071 -0.369183
v -0.815089 1.313354 -0.106000
v -0.614348 1.418925 0.330673
v -0.593839 1.469217 0.313494
v -0.626016 1.463022 0.266579
v -0.220861 1.410583 -1.007826
v -0.271142 1.405497 0.628802
v -0.529203 1.430822 -0.781229
v -0.528336 1.389924 -0.816578
v -0.566857 1.362436 -0.793605
v -0.066508 1.282261 -1.107547
v -0.097003 1.343688 -1.079243
v -0.109770 1.294395 -1.090921
v 0.022245 1.416362 -1.061709
v -0.026850 1.428113 -1.050593
v -0.737863 0.641828 0.208080
v -0.579528 0.682803 0.467645
v -0.460458 0.745050 0.598382
v -0.503898 0.742287 0.561652
v -0.416406 0.748329 0.633495
v -0.368537 0.753850 0.660971
v -0.845003 0.736315 -0.254657
v -0.841542 0.707639 -0.201472
v -0.347164 0.648156 0.636215
v -0.284630 0.605060 0.654889
v 0.530665 0.917287 0.721497
v 0.537312 0.776414 0.701902
v 0.557528 0.729933 0.674787
v 0.492773 0.734381 0.711840
v 0.513148 0.688538 0.684338
v 0.949526 0.778414 -0.687237
v -0.808678 0.744779 -0.459181
v -0.507765 0.566588 -0.839018
v -0.588531 0.638534 -0.792390
v -0.624952 0.678282 -0.766926
v 1.045540 0.678828 -0.368480
v 1.048426 0.667165 -0.313086
v 1.024726 0.624358 -0.380448
v -0.055469 0.777513 0.785140
v 1.073734 0.742498 -0.068630
v 1.079453 0.791380 -0.000219
v 1.085284 0.798352 -0.052443
v 0.085258 0.743817 0.788539
v 1.058344 0.687058 -0.083131
v -0.158914 0.740908 0.746205
v 0.934646 0.814811 0.366155
v 0.889805 0.827248 0.423506
v 0.909358 0.749479 0.377917
v 0.643490 0.812801 0.649578
v 0.601980 0.770803 0.665016
v -0.108146 0.629463 -1.083230
v -0.210615 0.559521 -1.022222
v 0.843668 0.836565 0.481163
v 0.608418 0.746261 -1.009957
v 0.725243 0.672302 -0.898333
v 0.205148 1.302237 -1.110188
v 0.155341 1.321065 -1.109382
v 0.167402 1.196322 -1.146035
v 0.071683 1.232406 -1.135968
v 0.090335 1.286063 -1.121529
v 0.439832 1.144292 -1.102493
v 0.634049 1.224920 -0.988937
v 0.597220 1.301225 -0.982503
v 0.864455 1.291005 -0.746260
v 0.862495 1.243587 -0.771214
v 0.828198 1.315411 -0.778827
v 0.961112 1.222975 -0.632215
v 1.083094 1.142846 -0.335167
v 1.030516 1.221736 -0.469212
v 0.876636 1.272846 0.383276
v 0.818880 1.298189 0.441592
v 1.002732 1.308164 0.114138
v 1.024962 1.252848 0.098382
v 0.484947 1.290461 0.689417
v -0.010644 1.333567 0.740390
v 0.111485 1.206025 0.791109
v 0.063478 1.237379 0.776869
v -0.119215 1.261760 0.741568
v -0.497629 1.204988 0.567783
v -0.455380 1.203691 0.602962
v -0.502384 1.318151 0.519686
v -0.429746 1.145275 0.640077
v -0.411738 1.201108 0.636114
v -0.722671 1.352381 0.208063
v -0.708195 1.304760 0.265642
v -0.734316 1.299870 0.219905
v -0.746709 1.345642 0.160438
v -0.758548 1.294921 0.174161
v -0.698252 1.143973 0.374354
v -0.681579 1.309667 0.312294
v -0.844519 1.184049 -0.350222
v -0.827876 1.180594 -0.421295
v -0.490609 1.143339 -0.947373
v -0.580827 1.242409 -0.834544
v -0.548130 1.273471 -0.856374
v -0.568586 1.198407 -0.869576
v -0.459799 1.174180 -0.967642
v -0.363880 1.193964 -1.020922
v -0.398983 1.165803 -1.010831
v -0.394079 1.227918 -0.993158
v -0.786927 1.238721 0.139053
v -0.261746 1.181608 -1.079743
v -0.612932 1.209624 -0.811024
v 0.900546 1.312328 -0.688303
v 0.956665 1.311656 -0.583743
v 0.929654 1.288095 -0.649366
v 0.928384 1.330479 -0.624597
v -0.651809 1.313661 0.357363
v -0.635774 1.368239 0.347065
v -0.591464 1.287260 -0.800239
v -0.763113 1.251444 -0.553824
v 1.067774 1.242430 -0.240463
v 1.014292 1.317420 -0.423184
v -0.369198 1.309791 0.621649
v -0.390700 1.255641 0.628692
v -0.342855 1.250121 0.656155
v -0.295021 1.244233 0.683738
v -0.320591 1.303551 0.649766
v -0.039579 1.289172 0.751008
v 0.042221 1.308666 0.753151
v -0.222274 1.287326 0.702241
v 0.221218 1.355500 -1.092679
v 0.760079 1.239947 0.527625
v 0.459103 0.702674 -1.069681
v 0.942382 0.739068 0.318314
v 0.941889 0.700808 0.294735
v 0.921145 0.655878 0.304770
v 0.952696 0.550909 -0.508780
v 0.845146 0.680180 0.423183
v 0.790051 0.717381 0.505969
v 0.871815 0.556455 -0.672720
v 0.702353 0.808346 0.605939
v -0.143875 0.693576 0.735835
v -0.091387 0.710812 0.757194
v -0.451354 0.690300 0.584471
v -0.629817 0.795130 0.454896
v -0.832669 0.721290 -0.333604
v -0.572326 0.678670 -0.831235
v -0.554233 0.719345 -0.868167
v -0.726820 0.646212 -0.588331
v -0.737790 0.608242 -0.543492
v 0.141632 0.325664 -0.930376
v 0.132577 0.287046 -0.899575
v 0.124193 0.409165 -1.000622
v 0.407520 0.411654 -0.947829
v 0.270016 0.286026 -0.882320
v 0.272002 0.256200 -0.851466
v 0.225287 0.281242 -0.885682
v 0.310525 0.299969 -0.881931
v 0.713752 1.558600 -0.717029
v 0.712311 1.592559 -0.675066
v 0.786534 1.597314 -0.561720
v 0.752631 1.625854 -0.575699
v 0.787601 1.621917 -0.517097
v 0.850817 1.546034 -0.530299
v 0.879643 1.520985 -0.514039
v 0.713119 0.400117 -0.729284
v 0.692122 0.421452 -0.777095
v 0.898801 1.500493 -0.498927
v 0.882257 1.540014 -0.473017
v 0.493256 0.333850 -0.835344
v 0.538218 0.421952 -0.892449
v 0.502864 0.390985 -0.883120
v 0.503452 0.449948 -0.927522
v 0.581422 1.515673 -0.876301
v 0.378295 1.557076 -0.940536
v 0.863463 1.501488 0.209528
v 0.915942 1.466746 0.149888
v 0.827869 0.346744 -0.474631
v 0.815826 0.364232 -0.527272
v 0.523689 1.520662 0.547369
v 0.474868 1.559002 0.541126
v -0.711461 1.535459 -0.186881
v 0.754872 0.464337 0.384096
v 0.786219 0.502757 0.378116
v -0.734221 1.478855 -0.079303
v -0.753464 1.438162 -0.053834
v -0.718166 1.499385 -0.027712
v 0.845544 0.335314 0.027735
v 0.880840 0.377587 0.030317
v 0.466500 0.523097 0.634611
v 0.556134 0.481315 0.561500
v 0.578953 0.557759 0.595410
v 0.918415 0.399817 -0.301432
v 0.948826 0.458144 -0.351548
v -0.568205 1.631600 0.123411
v 0.845902 0.444085 0.237616
v 0.827869 0.457812 0.286842
v -0.310769 1.612190 0.456407
v 0.063617 0.508527 0.695687
v 0.140770 0.490442 0.688558
v 0.117553 0.532838 0.713750
v -0.153590 0.428668 0.610000
v -0.488519 1.455932 -0.804770
v -0.529882 1.471887 -0.745969
v -0.490343 1.497535 -0.772641
v -0.569494 1.445360 -0.719944
v -0.570829 1.486900 -0.683486
v -0.348675 1.588239 -0.807208
v -0.353078 1.551551 -0.842357
v -0.484968 0.381177 0.345676
v -0.508223 0.425205 0.371385
v -0.468082 0.425178 0.417493
v -0.507288 0.349093 -0.633957
v -0.459873 0.319380 -0.653479
v -0.332153 0.410794 -0.869692
v -0.407486 0.325116 -0.720439
v -0.600991 1.331714 -0.767476
v -0.568233 1.403532 -0.756554
v -0.121474 1.444442 -1.019153
v -0.130105 1.398883 -1.041860
v 0.983593 1.451833 -0.127775
v -0.353441 1.351638 -0.972529
v -0.637505 1.503842 0.199022
v -0.667116 1.363654 0.301817
v 0.789890 1.542002 -0.645624
v 1.026416 1.357386 -0.306546
v 1.046794 1.300573 -0.274405
v 1.032411 1.353778 -0.256562
v 0.995855 1.409173 -0.336021
v -0.608956 1.417930 -0.694860
v -0.610042 1.460278 -0.657310
v 1.019954 1.362047 -0.355500
v 1.004634 1.365833 -0.401539
v -0.821783 1.262262 -0.340180
v -0.606768 1.511625 0.247746
v 0.300923 1.455172 0.671788
v 0.461893 1.453583 0.620859
v 0.269166 1.415482 0.699364
v 0.759010 1.321228 0.496759
v 0.752232 1.398708 0.459929
v 0.154916 1.366664 0.736710
v -0.788513 1.377388 -0.079878
v -0.769914 1.416755 -0.104684
v 0.753224 1.493780 -0.735913
v 0.790236 1.466597 -0.713606
v 0.792234 1.385319 -0.779323
v 0.790883 1.426427 -0.746500
v -0.389962 1.473013 0.517117
v -0.366739 1.523766 0.502405
v -0.343341 1.468794 0.552032
v 0.559482 1.375730 -0.972438
v 0.566984 1.422395 -0.940282
v 0.574194 1.469188 -0.908204
v 0.410810 1.444082 -1.001401
v 0.221019 0.481135 -1.032463
v 0.195457 0.441058 -1.013559
v 0.171474 0.493783 -1.044103
v 0.146032 0.451219 -1.023858
v 0.270209 0.466623 -1.019861
v 0.663934 0.448098 -0.818199
v 0.782026 0.487050 -0.726838
v 0.748984 0.442053 -0.729370
v 0.769068 0.531175 0.422843
v 0.801454 0.569026 0.415118
v 0.816790 0.540385 0.372416
v 0.978431 0.508339 -0.343859
v 0.970212 0.522273 -0.398563
v 1.005947 0.559327 -0.335050
v 1.030370 0.611604 -0.325286
v 1.006403 0.549964 -0.279617
v 0.855041 0.498821 0.282284
v 0.865757 0.433058 0.188027
v 0.937826 0.517589 0.139959
v 0.349372 0.618113 0.719508
v 0.276201 0.627305 0.740263
v 0.008972 0.485204 0.677839
v 0.040818 0.552527 0.716960
v -0.329249 0.441018 0.535447
v -0.717604 0.504410 0.083068
v -0.280755 0.539129 -0.977326
v -0.249525 0.473043 -0.954159
v -0.330891 0.563408 -0.965172
v -0.776410 0.548693 -0.085710
v -0.722272 0.468673 0.002192
v -0.741048 0.516159 0.027311
v -0.004371 0.489898 -1.035816
v -0.026133 0.444639 -1.009481
v -0.055949 0.503514 -1.038010
v -0.334659 0.595718 0.625388
v -0.531370 0.488641 -0.753152
v -0.573942 0.523846 -0.730798
v -0.521134 0.526834 -0.797651
v 0.154927 1.534135 -1.003486
v 0.071388 1.403739 -1.073297
v 0.234894 1.404606 -1.065335
v -0.616773 0.431966 0.222023
v -0.698894 0.583777 0.239692
v -0.768871 0.554240 -0.362157
v -0.440242 0.479115 0.477456
v -0.422790 0.429966 0.457959
v -0.474316 0.578417 0.517827
v 0.901081 0.421729 0.086530
v -0.736264 0.551758 0.108317
v -0.450959 0.387274 -0.750436
v -0.739433 0.485240 -0.054628
v -0.754833 0.503527 -0.111746
v -0.733040 0.457950 -0.137824
v -0.746261 0.478231 -0.194794
v 0.219241 0.394652 -0.979350
v -0.066809 1.484366 -1.013543
v 0.518399 1.446071 -0.951970
v 0.478533 1.516908 -0.930553
v 0.944984 1.508596 -0.312963
v 1.009804 1.395305 -0.087123
v 0.711148 1.444784 0.461835
v 0.905588 1.475509 -0.516816
v 0.887783 1.428904 -0.602719
v 0.828949 1.401771 -0.720791
v 0.080731 1.462578 0.685984
v -0.081983 1.523495 0.630407
v -0.434140 1.474838 0.479605
v -0.725099 1.447911 -0.410518
v -0.753270 1.413056 -0.381523
v -0.264850 1.409205 -0.986711
v -0.293665 1.461760 0.582827
v -0.320424 1.412482 0.598246
v 0.121649 0.505266 -1.055795
v 0.071310 0.519908 -1.059311
v 0.149228 0.548903 -1.075756
v 0.178672 0.190016 -0.784464
v 0.125589 0.188611 -0.787979
v -0.572713 0.259311 -0.269587
v -0.584399 0.278181 -0.325934
v -0.300217 1.600463 -0.829846
v -0.296889 1.638636 -0.796360
v -0.242346 1.684097 -0.782903
v 0.760852 0.224026 -0.259641
v 0.680763 0.258534 -0.580656
v 0.783767 0.250306 -0.031639
v 0.482884 1.653003 0.449789
v 0.432663 1.687471 0.442259
v 0.759257 0.257636 0.079786
v 0.716733 0.223941 0.077215
v -0.405993 1.727307 0.209342
v -0.416463 1.755058 0.132046
v -0.445539 1.721860 0.163049
v -0.510947 1.680777 0.145795
v -0.475140 1.688363 0.193839
v -0.481716 1.714264 0.114906
v 0.547829 0.255219 -0.713857
v 0.742849 1.637190 0.217578
v 0.702109 1.680893 0.217797
v 0.763570 1.689971 -0.431499
v 0.758618 1.673577 -0.481816
v 0.724386 1.717715 -0.439396
v 0.683840 1.744321 -0.446811
v 0.643091 1.770974 -0.454484
v 0.281987 0.201480 -0.779095
v 0.816005 1.684436 -0.216445
v 0.020156 1.687592 -0.869342
v 0.026698 1.721419 -0.828769
v 0.066925 1.639901 -0.915310
v 0.093850 0.331990 -0.936093
v 0.119322 1.631384 -0.926624
v 0.126475 1.672954 -0.891804
v 0.275679 1.591761 -0.942062
v 0.326853 1.574286 -0.941452
v 0.838591 0.292174 -0.141817
v 0.866401 0.390769 -0.471786
v 0.843410 0.296014 -0.198032
v 0.790538 0.398149 -0.632812
v 0.833866 0.334214 -0.419920
v 0.321839 0.241182 -0.817317
v 0.358158 0.284268 -0.854081
v 0.368344 0.255563 -0.821434
v 0.280608 0.345470 -0.929841
v 0.241790 0.352067 -0.942180
v 0.397823 1.682153 -0.825014
v 0.445888 1.661068 -0.818878
v 0.391865 1.641831 -0.864796
v 0.003046 0.380261 0.609982
v 0.057411 0.400167 0.631673
v 0.600075 0.517833 0.560039
v 0.243237 0.433992 0.648293
v 0.395327 0.530851 0.663287
v 0.295148 0.463569 0.656276
v 0.271209 0.505962 0.684007
v 0.394447 0.413953 0.597826
v 0.418580 0.488398 0.632635
v -0.307008 0.396199 0.512833
v -0.208233 0.322170 0.497073
v 0.544090 1.656787 -0.763294
v 0.493948 1.640166 -0.812547
v -0.524186 0.381255 0.297990
v -0.561160 0.382800 0.248518
v -0.499990 0.337773 0.271493
v -0.593508 0.387464 0.196080
v -0.625585 0.391779 0.143543
v -0.599988 0.348831 0.116838
v -0.568074 0.344475 0.169183
v 0.787438 1.571365 -0.604986
v 0.751547 1.598256 -0.619924
v 0.753877 1.651195 -0.529465
v 0.852866 1.518588 -0.566842
v 0.821596 1.544853 -0.587015
v -0.627947 0.339746 -0.355590
v -0.666435 0.376286 -0.330370
v 0.784395 1.592926 0.216541
v 0.882167 1.594195 -0.055736
v 0.876079 1.589195 -0.001774
v 0.905532 1.536803 0.048539
v 0.856456 1.573464 0.107174
v 0.897651 1.549918 -0.394401
v 0.889127 1.546145 -0.433118
v 0.927843 1.505434 -0.395469
v -0.412644 0.290179 -0.673434
v -0.455540 0.353078 -0.702141
v 0.065124 1.625803 0.569920
v -0.051621 1.565447 0.605888
v -0.020641 1.605344 0.578263
v -0.074548 1.619258 0.553007
v -0.289431 1.562749 0.513754
v 0.342673 1.595506 0.561760
v -0.132726 0.297633 -0.864055
v -0.017832 0.310332 -0.907319
v -0.574341 1.518781 0.295693
v -0.544933 1.672269 0.096487
v -0.733765 1.478092 -0.286253
v -0.648008 1.579062 -0.376650
v -0.637164 1.609067 -0.327956
v -0.643991 1.610813 -0.112753
v -0.623924 1.606915 0.020899
v -0.607581 1.499147 -0.617086
v -0.479353 1.608977 -0.657346
v -0.213287 1.495164 -0.962425
v -0.017391 1.475260 -1.026324
v 0.033710 0.301643 -0.905265
v 0.059384 1.597698 -0.949202
v 0.866369 1.581357 0.052288
v -0.534433 1.639803 0.172382
v 0.878615 1.597343 -0.310884
v 0.275407 0.228623 -0.815486
v 0.435311 0.332080 -0.864677
v 0.446540 1.530119 0.582955
v 0.394957 1.563893 0.572881
v 0.678769 1.583525 0.370785
v -0.376690 1.657691 0.354055
v -0.330056 1.656535 0.393548
v -0.344585 1.625125 -0.771593
v -0.396589 1.573212 -0.783763
v -0.304026 1.562264 -0.863185
v 0.915759 0.419748 0.033606
v 0.107660 0.321430 0.572735
v 0.866745 0.380225 0.084201
v 0.851993 0.384279 0.137558
v 0.797710 0.354957 0.188313
v -0.257983 0.312716 0.461725
v 0.367659 0.349367 0.549977
v -0.460795 0.337942 0.319469
v -0.547407 0.425507 0.323891
v -0.585163 0.426515 0.275008
v -0.109942 1.534230 -0.972218
v -0.253931 0.256964 -0.764183
v -0.247068 0.293735 -0.806764
v -0.194570 0.275014 -0.817488
v -0.185705 0.313227 -0.857615
v 0.603350 1.838880 -0.244110
v 0.484843 0.136967 -0.574615
v 0.430318 0.117870 -0.573367
v 0.583767 0.131099 0.068937
v 0.439787 0.180292 0.325654
v 0.486389 1.799122 0.243498
v 0.434493 1.823941 0.232394
v 0.625246 1.762554 0.154183
v -0.052582 0.192174 0.410292
v -0.026380 0.160983 0.378716
v -0.021956 0.103149 0.279443
v 0.276835 1.831821 0.300791
v -0.097652 0.117448 0.279974
v -0.049704 0.125389 0.314295
v -0.125674 0.140685 0.314051
v -0.393862 1.825390 -0.285125
v -0.502325 1.740779 -0.321750
v -0.486228 1.761375 -0.270674
v -0.321560 0.087206 -0.283047
v -0.243123 0.158714 0.266869
v -0.171558 0.134416 0.276290
v -0.319862 0.082700 -0.107175
v -0.298509 0.077893 -0.057486
v -0.362039 1.832493 -0.014126
v -0.295888 1.863394 0.000401
v -0.303446 1.812537 -0.521848
v -0.312588 1.786181 -0.567402
v -0.271351 0.064644 -0.303849
v -0.219371 0.045357 -0.322179
v 0.030651 0.061341 -0.570841
v 0.036876 0.042482 -0.523378
v -0.235295 1.715984 -0.742313
v -0.228476 1.748328 -0.701484
v -0.440307 1.594209 -0.723936
v -0.341271 1.661697 -0.735672
v -0.430639 1.664680 -0.644992
v -0.502366 1.688112 -0.500331
v -0.535654 1.726305 -0.154053
v -0.592187 1.681848 -0.174416
v -0.617949 1.646174 -0.142986
v -0.597229 1.665105 -0.090360
v -0.455432 1.786320 -0.082035
v -0.607003 1.658023 -0.226204
v -0.575763 1.688891 -0.258368
v -0.335043 1.765244 0.223278
v -0.377381 1.761537 0.178774
v -0.306854 1.799096 0.192919
v -0.262202 1.802140 0.235381
v -0.214334 1.801306 0.274459
v -0.242972 1.766875 0.304968
v 0.157776 1.728770 0.467528
v 0.017422 0.164249 -0.749711
v 0.379956 1.716059 0.431124
v 0.326388 1.741226 0.417831
v 0.096101 1.664984 0.540816
v 0.817226 1.618564 0.109609
v 0.789559 1.670196 0.055544
v 0.671320 1.726649 0.158911
v 0.844429 1.638470 -0.315289
v -0.362660 0.207820 -0.590882
v -0.363868 0.235178 -0.641705
v -0.359531 0.153669 -0.490547
v -0.579867 0.261681 -0.130502
v -0.558405 0.243018 -0.213285
v 0.546579 1.692043 -0.718860
v 0.500305 1.712236 -0.725160
v -0.270212 0.192031 0.296901
v -0.448263 0.254399 0.218827
v -0.475348 0.294273 0.245517
v -0.450932 0.222504 0.138981
v -0.419294 0.188116 0.109709
v -0.387680 0.184962 0.160269
v -0.350926 0.186527 0.207696
v -0.322214 0.152787 0.178188
v -0.312935 0.187029 0.254423
v 0.248872 1.757948 -0.776938
v 0.254154 1.791576 -0.732721
v 0.265675 0.294343 0.533952
v 0.239952 0.331225 0.568474
v -0.078821 0.224035 0.442708
v 0.761153 0.230079 -0.315201
v 0.684508 0.243664 0.187012
v 0.725871 0.277697 0.188856
v 0.805561 0.260549 -0.257549
v 0.298071 0.146024 -0.704693
v 0.295109 1.710364 -0.823211
v 0.305060 1.778337 -0.734056
v 0.309835 1.810744 -0.688572
v 0.258761 1.820226 -0.685618
v 0.098241 1.815702 -0.714841
v 0.700450 0.233820 0.131864
v 0.501837 1.742311 -0.676723
v 0.416132 1.853296 -0.533542
v 0.647781 1.788301 -0.401635
v 0.400761 1.714758 -0.778575
v 0.646499 1.819276 -0.182263
v 0.649047 1.814793 -0.237676
v 0.559842 0.119930 -0.426368
v 0.506798 0.094923 -0.426836
v 0.508905 1.813470 0.192418
v 0.557304 1.782441 0.200024
v 0.211432 0.191836 0.426672
v 0.243013 1.738709 0.446311
v -0.380439 0.220812 0.237270
v -0.349388 1.795310 0.148327
v -0.387989 1.787843 0.100981
v -0.319176 1.823085 0.115410
v -0.276317 1.825666 0.159592
v -0.539969 1.715682 -0.290342
v -0.521347 1.735159 -0.238455
v -0.338672 0.090096 -0.157675
v -0.358262 1.816592 0.068561
v -0.394904 1.810266 0.020091
v -0.470762 1.681051 -0.576083
v -0.320848 1.758013 -0.611488
v -0.221499 1.779373 -0.659768
v -0.163382 1.814999 -0.638253
v -0.037766 0.140652 -0.704396
v -0.031200 0.091787 -0.611315
v 0.025820 0.085399 -0.616398
v 0.088758 0.059276 -0.573928
v 0.033041 1.755385 -0.788005
v -0.000183 1.845741 -0.644596
v 0.039240 1.789239 -0.747364
v 0.359812 0.016669 -0.067420
v 0.360532 0.010830 -0.226866
v 0.043281 1.939781 0.057238
v 0.094649 1.935735 0.080452
v 0.070592 1.953723 0.021419
v 0.261652 0.041134 0.138320
v 0.396393 1.926661 -0.108929
v 0.358180 1.940852 -0.169443
v -0.080892 0.025833 0.046562
v 0.039184 -0.017626 -0.179917
v 0.083495 1.940232 -0.421311
v 0.035674 1.939962 -0.411094
v 0.048859 -0.017280 -0.134561
v -0.193992 1.913117 -0.308713
v -0.011670 1.937886 -0.396998
v 0.188667 -0.012410 -0.284188
v 0.020805 1.954887 -0.004112
v 0.059219 -0.014748 -0.089298
v -0.058190 1.934084 -0.379029
v -0.047882 1.946512 -0.333301
v 0.072838 0.159995 -0.749985
v 0.075237 0.131709 -0.708110
v 0.018522 0.134428 -0.707611
v -0.464333 0.171293 -0.075729
v -0.130314 0.212196 0.411920
v 0.657066 0.201261 0.129273
v 0.545942 0.144458 -0.527329
v 0.536285 0.163024 -0.574135
v 0.249048 0.116127 -0.662404
v 0.740614 0.215531 -0.034647
v -0.602975 1.638125 -0.358928
v 0.640191 1.752676 -0.506980
v 0.679806 1.707362 -0.550361
v 0.637490 1.730769 -0.557871
v 0.727184 1.729449 -0.386535
v 0.605151 1.748598 0.206414
v 0.653407 1.714731 0.212350
v 0.460976 1.781462 0.292057
v 0.511339 1.749683 0.300577
v 0.231055 0.192136 -0.782288
v 0.226840 0.221999 -0.818691
v 0.131400 1.938743 -0.427723
v 0.356792 0.014295 -0.278482
v 0.313332 0.100518 0.251967
v 0.287605 0.067564 0.196149
v 0.054697 0.090307 0.271847
v 0.004836 0.081202 0.244869
v 0.111771 0.050122 0.202159
v -0.087415 1.889955 -0.520615
v -0.078498 1.907683 -0.473631
v -0.127631 1.902922 -0.454293
v 0.452833 0.051505 0.000083
v 0.509640 0.069020 -0.051685
v 0.402725 0.036981 -0.006345
v 0.410203 0.031386 -0.061231
v 0.414521 0.027714 -0.116041
v -0.276285 0.074459 -0.008633
v 0.514047 1.877506 -0.311559
v -0.236608 0.049740 -0.035378
v -0.192040 0.034931 -0.060695
v -0.257810 0.052457 -0.083783
v -0.276886 1.890162 -0.247851
v -0.083067 0.005764 -0.056154
v -0.034217 -0.008002 -0.265592
v -0.088469 0.001034 -0.254428
v -0.146309 0.019654 -0.082595
v -0.127547 0.020401 -0.037499
v -0.292260 1.884897 -0.165017
v 0.135583 0.107216 -0.664191
v 0.571078 0.094924 -0.268524
v 0.207681 1.829716 -0.681890
v 0.691585 1.784910 -0.231279
v 0.412147 1.810486 -0.637833
v 0.618775 0.116901 -0.155637
v 0.606249 0.119972 -0.043358
v 0.327433 0.065534 -0.527356
v 0.391152 0.065188 -0.478619
v 0.685172 1.789789 -0.120751
v 0.690620 1.789978 -0.176147
v 0.528793 1.823195 0.139646
v 0.357092 1.830412 0.268410
v 0.139953 1.841724 0.308583
v 0.052645 0.143863 0.371678
v -0.276385 0.058109 -0.132857
v -0.142715 0.111060 0.242399
v -0.314901 0.100270 0.019597
v -0.426206 0.139712 -0.103940
v -0.245928 1.849940 0.125378
v -0.344146 0.116574 -0.386064
v -0.333467 0.101310 -0.334251
v -0.383941 0.123909 -0.312813
v -0.463699 1.763661 -0.353493
v -0.083806 0.076247 -0.557175
v -0.026868 0.067296 -0.564977
v -0.393845 1.780930 -0.464591
v 0.021853 0.109785 -0.662125
v -0.255214 1.823804 -0.547663
v -0.059681 1.820852 -0.674974
v 0.083238 0.083446 -0.618604
v 0.161420 1.860705 -0.627740
v 0.383272 0.082161 -0.525969
v 0.323135 1.901959 -0.486817
v 0.535702 0.107152 0.064275
v 0.497430 1.857399 0.077612
v -0.216493 1.873654 0.091649
v -0.094781 1.900581 0.136484
v -0.383535 1.806746 -0.417250
v -0.078792 0.052342 -0.510200
v 0.138647 1.959671 -0.331344
v 0.365372 1.937644 -0.221714
v 0.348762 1.941266 -0.116970
v 0.094220 0.033384 0.144103
v 0.024142 1.962581 -0.093004
v 0.053263 1.966320 -0.117014
v -0.106378 1.944878 -0.117470
v 0.088952 1.954959 -0.374553
v 0.152962 -0.019734 -0.139220
v 0.139288 -0.019074 -0.234595
v 0.297251 1.929343 0.035056
v 0.066454 1.922901 0.119983
v 0.175657 1.921012 -0.481791
v 0.119149 1.917627 0.142156
v 0.460916 0.046663 -0.055751
v -0.053218 0.047413 0.150067
v 0.225328 1.901526 0.179244
v 0.440421 0.060990 0.054762
v -0.037414 1.893687 -0.538653
v -0.020494 1.924064 -0.443698
v 0.076279 -0.014419 -0.279710
v 0.110006 0.011121 -0.429545
v -0.136947 1.883642 -0.500689
v -0.068659 1.921026 -0.425857
v -0.029207 1.910045 -0.491191
v -0.146586 0.036802 0.029569
v -0.105644 0.022598 0.006003
v -0.170367 0.035178 -0.014774
v -0.044506 -0.001195 -0.314241
v 0.128003 0.157309 -0.749600
v -0.143637 1.655621 -0.857796
v -0.141041 0.259253 -0.825244
v -0.199280 0.241890 -0.772667
v -0.361276 0.180538 -0.540420
v -0.415033 0.258778 -0.624471
v -0.549765 1.631238 -0.515319
v -0.510468 1.656153 -0.545671
v -0.515972 1.725771 -0.017330
v -0.613547 1.608507 -0.407410
v -0.496139 0.216606 -0.373833
v -0.556909 1.708569 -0.206346
v -0.545118 0.265941 0.063068
v -0.592265 1.665989 -0.309464
v -0.363898 1.730821 0.253919
v -0.393394 1.695955 0.284623
v -0.435302 1.692677 0.239824
v 0.025034 1.249141 -1.126297
v 0.171374 0.761616 -1.148113
v 0.179740 0.590933 -1.095371
v -0.417848 0.219710 0.189581
v -0.351827 0.300062 0.382864
v -0.281947 0.263335 0.399126
v -0.233747 0.271400 0.437149
v -0.253906 1.694814 0.404690
v 0.296830 1.714613 0.460520
v 0.133582 0.284762 0.540819
v 0.017345 1.729856 0.460783
v 0.042322 1.511751 -1.012700
v 0.403430 1.660585 0.485237
v 0.407642 1.738672 0.385232
v 0.633075 1.700275 0.264755
v -0.179704 0.496109 -0.996350
v -0.147314 0.433454 -0.971347
v -0.268957 1.370156 -1.008068
v 0.547511 1.722208 -0.670775
v 0.441544 0.254257 0.426417
v -0.031977 0.548835 -1.064600
v -0.233789 1.325352 -1.043534
v -0.541232 0.450135 -0.708849
v -0.489164 0.454522 -0.775972
v -0.460593 0.536183 -0.856808
v 0.754248 0.562299 0.465884
v -0.367252 0.477635 -0.893591
v -0.261181 0.580870 -1.012965
v -0.231347 0.515565 -0.989523
v 0.954928 1.503732 -0.118393
v 1.023897 0.577372 -0.106042
v -0.633797 0.480548 0.244994
v -0.731690 1.427061 0.070217
v -0.563563 0.561767 -0.775241
v -0.668254 1.267691 -0.715983
v 0.897884 1.451288 0.201778
v 0.889129 0.588923 0.321019
v 0.864110 0.552241 0.325081
v 0.679173 1.682918 -0.598859
v 0.519650 0.611802 -1.011378
v 0.561961 0.587151 -0.979004
v 0.696819 1.298065 -0.913627
v 0.621856 0.675114 -0.978420
v 0.756398 1.713902 -0.001606
v 0.951410 1.457317 -0.405952
v 0.970703 1.412205 -0.425019
v 0.955459 1.416156 -0.468032
v 0.444877 0.565300 0.667406
v 0.938389 1.508130 -0.355763
v 0.937644 1.486547 0.040985
v 1.032487 1.336339 -0.047282
v -0.727687 0.458802 -0.277928
v 0.318755 1.379998 0.708166
v 0.142934 1.545447 0.638042
v 0.978342 0.499039 -0.288151
v 0.950304 0.447990 -0.295779
v 0.488414 0.571178 -1.008681
v -0.556153 1.472161 0.356945
v -0.577532 1.421432 0.373431
v 0.716164 1.522519 -0.756973
v 0.803833 0.254576 -0.201194
v 0.771616 0.253988 0.023801
v 0.571013 0.459049 -0.896900
v 0.567664 0.395924 -0.852881
v 0.765648 0.575127 -0.821466
v 0.688517 1.248693 -0.939722
v 0.815233 0.743763 -0.846672
v 0.870269 0.770737 -0.792447
v 0.899677 1.220815 -0.736743
v 0.958611 1.268234 -0.607910
v 0.848067 0.649176 -0.761653
v 0.475889 0.635033 -1.042996
v 0.505363 0.679421 -1.042162
v 0.710623 1.122284 -0.958365
v 0.752675 1.096260 -0.927154
v 0.322515 1.316525 -1.089221
v 0.272052 1.337083 -1.093029
v -0.599689 1.370318 0.389292
v -0.650998 0.529613 0.268180
v -0.655880 1.455848 0.218803
v -0.441495 0.635595 0.571198
v -0.429813 0.582257 0.556992
v -0.384055 0.587305 0.594387
v -0.369717 1.419419 0.568401
v -0.414199 1.422096 0.532264
v -0.438738 1.370940 0.547329
v 0.324287 1.914146 -0.434149
v -0.808699 1.334711 -0.249885
v -0.790761 1.373053 -0.277607
v 0.413234 0.156577 -0.664022
v 0.346712 1.696782 -0.824768
v 0.243615 1.724296 -0.821243
v 0.395591 1.038916 -1.126707
v 0.518400 1.044047 -1.083553
v 0.468965 1.068006 -1.101469
v -0.547675 0.739552 0.524657
v -0.539537 0.683783 0.509557
v -0.593881 0.795215 0.498697
v -0.587956 0.738511 0.483883
v 0.851278 1.170619 0.462925
v 0.758171 0.803808 0.559555
v 0.788796 1.349981 0.453604
v 1.033845 0.693485 -0.422278
v 1.064510 0.733797 -0.355001
v 1.066578 0.722572 -0.299433
v 0.102624 0.026224 -0.478109
v -0.142686 0.536300 0.673137
v 0.919163 0.684126 0.326568
v 0.118114 1.089869 -1.167068
v 0.810025 0.292950 0.025634
v 1.069918 1.223594 -0.080081
v 1.066169 0.784675 0.050353
v -0.809231 0.613668 -0.116674
v -0.821424 0.688684 -0.009426
v -0.855731 1.173262 -0.083708
v -0.821910 0.635426 -0.172782
v -0.823321 1.295153 -0.223262
v -0.851671 1.216262 -0.170503
v 1.033586 0.600967 -0.269731
v 1.050609 0.656393 -0.257741
v 1.036002 1.342197 -0.101005
v -0.833040 0.736368 0.014893
v -0.728911 1.392820 0.142122
v -0.279456 0.818383 0.721759
v -0.774183 0.611349 0.077349
v -0.813463 1.295717 -0.035176
v -0.803110 1.336914 -0.056945
v -0.823724 1.255128 -0.014338
v -0.795085 0.624333 0.021948
v -0.814653 1.184535 0.104005
v 0.135376 1.953156 -0.379817
v 0.981050 0.601301 -0.500450
v 0.964586 1.177099 -0.656661
v 0.979208 1.338352 -0.517074
v 0.537898 1.095944 -1.067364
v 0.446714 1.015931 -1.113553
v 1.011021 0.668580 0.114833
v 1.047246 1.197970 0.081991
v 0.990266 1.295861 0.168026
v 0.923490 0.856105 0.386918
v -0.716388 0.684600 -0.632431
v -0.676986 0.679011 -0.703315
v -0.551932 0.600012 -0.818656
v -0.645423 1.176377 -0.787256
v 0.625740 1.356488 0.592077
v 0.590250 1.319272 0.623269
v 0.889335 1.122812 -0.780821
v 0.804397 0.817637 -0.880154
v 0.823695 0.868716 -0.867251
v 0.963818 0.831303 -0.671790
v 1.036880 1.073918 -0.534487
v 0.744858 0.918325 -0.941784
v 0.723515 0.994160 -0.964031
v -0.850245 0.800496 -0.356076
v -0.834453 0.754202 -0.384011
v -0.851831 1.183021 -0.279146
v -0.861863 1.101834 -0.285579
v 0.915383 1.049430 -0.760418
v 0.489726 1.202842 0.716854
v 0.452986 1.161014 0.740007
v 1.088741 1.034548 -0.376815
v 0.096589 1.969083 -0.234653
v 0.329394 0.797844 0.778426
v 0.257766 0.805798 0.790900
v 0.306891 1.170597 0.783332
v 0.234444 0.853581 0.797903
v 0.298354 1.436494 -1.039732
v 0.250085 0.520182 -1.050471
v 0.299038 0.503817 -1.034252
v 0.244440 0.429609 -1.002615
v 0.377492 0.522286 -1.020719
v 0.346817 0.487420 -1.010643
v 1.083626 1.159966 -0.044135
v 0.874414 0.896424 -0.809730
v -0.381284 0.588156 -0.953714
v -0.127668 1.244233 -1.101316
v -0.151652 1.305536 -1.074701
v -0.167486 1.255891 -1.085560
v 1.089178 0.855216 -0.035117
v 0.090766 1.972216 -0.190892
v 1.034563 0.876247 0.185465
v 1.032455 1.049128 0.200884
v 1.066789 0.840077 0.067014
v 0.270033 1.126451 0.791420
v 0.227736 0.991521 0.808875
v 0.186733 0.947803 0.811882
v 0.630014 1.184415 0.648176
v 0.592550 1.144631 0.675957
v 0.713660 1.034581 0.610210
v 0.832144 1.008682 0.511359
v -0.309606 0.606129 -0.998687
v -0.296346 1.199064 -1.055274
v -0.331154 1.165887 -1.047542
v -0.364158 1.133345 -1.033053
v -0.329489 1.220871 -1.030094
v -0.362890 1.250662 -1.002043
v -0.230085 1.223202 -1.076883
v -0.206859 1.268455 -1.069652
v 0.199403 0.358335 -0.951499
v 0.399021 0.304788 -0.859008
v 0.413520 0.276817 -0.825147
v 0.379191 0.386297 -0.934781
v 0.291464 0.416634 -0.987712
v 0.175998 0.250958 -0.858985
v 0.224581 0.250894 -0.854122
v 0.238173 1.689230 -0.864572
v -0.069981 1.142192 0.787589
v -0.031252 0.891599 0.798992
v -0.128579 1.015805 0.783471
v -0.085293 1.008520 0.797348
v -0.141085 0.935576 0.779840
v -0.138835 0.976247 0.784412
v -0.107502 0.977406 0.794151
v 1.103454 1.052833 -0.138319
v 1.111033 0.995389 -0.157827
v 1.071600 1.046064 -0.429434
v 1.006315 0.915693 0.253049
v -0.579125 1.030149 0.532300
v -0.615299 1.029428 0.491935
v -0.626705 0.911604 0.476683
v -0.453226 1.030664 0.635557
v -0.707393 1.085008 0.371127
v -0.673878 1.086211 0.411784
v -0.649894 1.028331 0.449951
v -0.819576 0.828486 -0.476120
v -0.701928 1.104035 -0.731633
v -0.810530 0.867610 -0.519152
v 0.130283 1.972930 -0.191459
v -0.866103 1.017334 -0.029752
v -0.868740 1.037343 -0.076534
v -0.874923 0.997822 -0.099795
v -0.674104 1.140746 -0.759865
v -0.398047 1.100134 -1.018630
v -0.870210 1.065491 -0.119611
v -0.877770 0.957066 -0.123605
v -0.845920 1.133202 0.028477
v -0.843276 1.174491 0.020091
v -0.322590 1.040344 -1.065607
v -0.357782 1.001379 -1.051127
v -0.293389 1.142403 -1.069873
v -0.117053 0.994389 -1.145943
v 1.046914 1.062235 0.148568
v 0.530447 0.364388 -0.843746
v 0.720613 1.700485 -0.490779
v 0.895054 0.375227 -0.023148
v 0.913480 1.554994 -0.309765
v 0.679376 0.995468 0.643306
v 0.613142 1.003738 0.680610
v 0.507672 0.967151 0.739329
v 0.499116 1.680609 -0.772614
v 0.613207 0.348497 -0.765194
v 0.160146 0.993812 0.815306
v 0.821005 1.593623 -0.503625
v 0.792580 1.643211 -0.470889
v 0.824775 1.612258 -0.459245
v 0.830050 1.622991 -0.411660
v 0.826102 1.548979 0.214655
v 0.679343 1.662644 0.268227
v 0.723154 0.346844 0.291689
v -0.160416 1.065347 0.768739
v 0.119343 1.971884 -0.148025
v 0.032671 0.441743 0.656942
v 0.002820 1.547982 0.627649
v 0.033989 1.586833 0.598835
v 0.087019 0.464664 0.674547
v 0.111450 0.420014 0.653533
v -0.282729 1.654925 0.431975
v -0.129255 0.387482 0.585010
v 0.077277 1.970223 -0.149511
v 0.417699 0.377306 0.558906
v 0.762572 1.493886 0.367650
v -0.781579 1.081567 0.233043
v -0.748510 1.138747 0.283023
v -0.732364 1.083366 0.324744
v 0.061828 1.969331 -0.195904
v -0.558818 1.598212 0.198818
v -0.500581 1.648350 0.220906
v 0.259339 1.592407 0.588038
v -0.525707 1.089179 0.568653
v -0.494946 1.030753 0.601307
v -0.537032 1.030509 0.566799
v -0.483764 1.088836 0.603119
v 0.012806 1.964533 -0.153051
v -0.420389 1.656198 0.311617
v 0.035869 1.967002 -0.168472
v -0.802058 0.907826 -0.560093
v -0.660545 0.356649 -0.133636
v -0.611764 0.300803 -0.103691
v -0.720285 0.434510 -0.221250
v -0.842916 0.837347 -0.402169
v -0.868585 0.888784 -0.098635
v -0.876051 0.914877 -0.148342
v -0.863566 0.912117 -0.024336
v -0.400157 0.385667 0.433647
v -0.461159 1.652505 0.266694
v -0.002972 1.951464 -0.351139
v -0.703213 0.421492 -0.022888
v -0.572660 1.658625 0.044405
v -0.535803 0.339852 0.221548
v -0.659532 1.548347 -0.425079
v -0.625094 1.577968 -0.455265
v -0.523578 1.587755 -0.630779
v -0.572832 1.529112 -0.647089
v -0.517583 1.623338 -0.589215
v -0.565187 1.563634 -0.603596
v 0.032846 1.464150 -1.037210
v 0.083204 1.452441 -1.048428
v -0.411441 1.808590 -0.335958
v -0.355867 1.513599 -0.874561
v -0.399170 1.455732 -0.878235
v -0.464049 0.285904 -0.605293
v -0.444420 1.557126 -0.761505
v -0.153996 1.575988 -0.922619
v -0.095762 0.416144 -0.976415
v 0.044327 0.341285 -0.938843
v -0.115099 1.489460 -0.996063
v 0.939978 0.851469 -0.721911
v 0.622185 1.174295 -1.013115
v 0.418213 1.091279 -1.114481
v 0.554285 1.103236 0.701011
v 0.523803 1.153499 0.711718
v 1.016607 0.815869 0.213038
v 1.066723 1.216462 -0.025673
v 1.065552 0.693520 -0.136412
v 1.060138 1.208457 0.028585
v 0.681871 0.855296 0.628701
v 0.738344 0.849873 0.581667
v -0.737234 1.195283 0.281424
v -0.723785 1.141231 0.328763
v -0.771602 1.243161 0.185888
v 0.942002 0.775839 0.343449
v 0.413879 1.117651 0.756311
v -0.471810 1.146936 0.605563
v -0.514015 1.147836 0.570812
v -0.423050 0.803517 0.644432
v -0.423150 0.860128 0.649592
v -0.756095 0.690136 -0.561690
v -0.735946 0.767405 -0.648871
v -0.432301 1.135954 -0.996257
v -0.325153 0.790715 -1.051041
v -0.829224 0.790431 -0.431465
v -0.849229 0.767098 -0.306554
v -0.795450 0.597454 -0.335992
v -0.138662 1.130215 -1.125476
v -0.036871 0.837313 -1.149874
v -0.585168 1.040720 -0.883191
v -0.524986 1.033957 -0.933030
v -0.644727 0.759254 -0.781361
v 0.047318 0.866626 -1.161053
v -0.352803 0.133937 -0.438446
v 0.131546 0.130443 -0.708043
v 0.078801 0.107738 -0.663615
v 0.680614 1.726440 -0.498842
v 0.727204 1.754889 -0.115730
v 0.721985 1.754688 -0.060261
v 0.712100 1.749735 -0.005264
v -0.290271 1.767329 0.265438
v -0.319326 1.732585 0.296098
v 0.937196 1.427061 -0.508250
v 0.904975 0.576736 0.276784
v 0.835559 0.515708 0.328854
v 1.034883 0.591003 -0.214649
v 1.080999 0.749182 -0.121806
v 1.053065 1.296788 -0.222386
v 1.013135 0.639556 -0.434464
v 0.992092 0.586033 -0.445821
v 0.555997 1.281039 0.654664
v 0.378270 0.682117 -1.087716
v 0.365969 1.339878 0.711889
v 0.443538 1.336948 0.689283
v 0.052543 0.668888 0.762587
v -0.540421 1.424075 0.416435
v -0.834521 1.234429 -0.060218
v -0.803559 0.673879 0.045541
v -0.759755 1.376421 -0.427276
v -0.261759 1.449668 -0.963957
v -0.398537 0.547197 -0.915316
v -0.762855 0.653376 -0.515183
v -0.247455 1.237427 0.710895
v -0.311519 1.364908 -0.988484
v -0.020728 1.266119 -1.116640
v 0.128094 0.606385 -1.105287
v -0.558539 1.318349 -0.825565
v -0.583826 0.485381 -0.686501
v -0.826585 1.222956 -0.381493
v 0.247052 1.453708 -1.037892
v 0.200037 0.535389 -1.063529
v 0.271748 0.317269 -0.908460
v 0.302711 0.322793 -0.903782
v 0.267962 1.549819 -0.979549
v 0.258241 1.502922 -1.010484
v 0.334022 1.616248 -0.903464
v 0.456048 0.533455 -1.003160
v 0.353413 0.363256 -0.922936
v 0.206535 1.518570 -1.007214
v 0.133489 1.438227 -1.057352
v 0.631179 1.608814 -0.742507
v 0.691459 0.339724 -0.677925
v 0.758002 0.509116 -0.774614
v 0.819604 1.570428 -0.546431
v 0.924718 1.555387 -0.164392
v 0.919516 1.549125 -0.059393
v 0.922241 1.552188 -0.112584
v 0.827519 1.626065 0.054573
v -0.175364 0.474324 0.628774
v -0.121435 0.490535 0.654145
v -0.140214 1.430537 0.664416
v 0.580095 1.576725 0.461552
v 0.738394 1.470814 0.416458
v 0.806383 0.477883 0.332688
v 0.846409 0.576541 0.366641
v 0.833163 0.393414 0.188615
v -0.787244 1.393475 -0.154294
v -0.652552 0.400473 0.088555
v -0.554051 0.350646 -0.562892
v -0.640781 0.418836 -0.518934
v -0.707770 1.322022 -0.612164
v -0.259804 1.490766 -0.940213
v -0.489654 1.537203 -0.737197
v -0.077128 0.459879 -1.007327
v -0.413658 0.506535 -0.874925
v 0.011624 -0.007578 -0.322534
v 0.984390 1.015731 0.297888
v 0.196833 1.037946 0.807346
v 1.030962 0.970015 -0.575016
v -0.382001 1.141848 0.665788
v -0.757184 1.081977 0.278598
v -0.830904 1.080705 0.095704
v -0.593074 0.853245 0.508646
v -0.870598 0.933228 -0.074628
v -0.369200 0.819212 -1.030664
v -0.364215 1.196585 0.663063
v -0.196379 1.226668 0.729231
v 0.332584 1.298654 0.735021
v 0.032705 0.714599 0.774500
v -0.018135 0.848204 0.796010
v -0.628407 0.852858 0.465533
v -0.664129 0.852668 0.421976
v 0.992760 0.759626 0.237229
v -0.706394 0.723312 -0.675920
v -0.661095 0.719295 -0.742402
v 0.236591 0.163354 -0.744552
v 0.910559 0.380813 -0.133941
v 0.442877 0.446587 0.601576
v 0.450015 1.697621 -0.775812
v 0.797579 1.657472 -0.421690
v 0.856417 1.579878 -0.446040
v 0.591329 1.670182 -0.710373
v 0.656479 1.644794 0.319067
v 0.713560 1.624913 -0.631891
v 0.609215 0.262344 -0.674655
v 0.453606 1.624494 0.491840
v 0.424850 1.595687 0.533888
v -0.572515 0.307107 0.089714
v -0.623375 1.629618 -0.060123
v -0.013977 1.698269 0.496693
v -0.557121 1.597713 -0.559643
v -0.050985 0.361571 0.586639
v -0.349020 1.697444 0.326855
v -0.407849 0.181178 -0.470057
v 0.176017 0.220517 -0.821891
v 0.126835 0.251936 -0.865019
v -0.328384 0.866854 0.700993
v 1.099024 0.920858 -0.069443
v -0.809411 1.134943 0.148243
v -0.863944 1.103570 -0.094062
v -0.230014 0.825696 0.741609
v -0.083683 0.565224 -1.063896
v 0.961501 0.536677 -0.453674
v 1.000229 0.571901 -0.390554
v 0.535318 0.643634 0.657117
v -0.525205 0.474178 0.391754
v 0.681364 0.596575 0.548609
v -0.769939 0.585066 -0.415126
v -0.067978 0.507299 0.679679
v 0.839053 0.509903 -0.676513
v -0.380882 1.290700 -0.978721
v 0.049809 1.419478 0.705976
v -0.495337 0.686973 0.547077
v 0.989506 0.670320 -0.543458
v 0.409414 1.295283 0.712778
v 0.501424 1.351863 -1.016374
v 0.325861 0.351142 -0.920954
v 0.343018 0.315810 -0.885595
v 0.753898 1.533322 -0.701337
v 0.751273 1.566504 -0.661134
v 0.888050 1.599766 -0.161885
v 0.906795 1.553630 -0.353815
v 0.624577 1.488699 -0.859445
v -0.564026 0.474582 0.344790
v -0.597489 0.384876 -0.540929
v 0.926199 1.461728 -0.480979
v 0.528697 0.548485 -0.973462
v 0.641015 0.557298 0.555370
v 0.698519 0.559889 0.509961
v -0.474805 1.644623 -0.616996
v -0.515969 1.705946 0.065500
v 0.719478 1.681489 -0.541529
v 0.816414 1.686253 -0.162939
v 0.410753 0.358172 -0.901569
v -0.022096 0.418877 0.639266
v 0.006721 1.605694 -0.937453
v 0.717434 1.655124 -0.588276
v 0.072072 0.192283 -0.789253
v 0.316395 0.267788 -0.852684
v 0.854007 1.566777 -0.489329
v 0.378970 0.334929 -0.891007
vn 0.0707 0.6334 -0.7706
vn 0.0759 0.6326 -0.7708
vn 0.0363 0.6447 -0.7636
vn 0.1192 0.5870 -0.8007
vn 0.0819 -0.8240 -0.5606
vn 0.0624 -0.7715 -0.6332
vn 0.1071 -0.8861 -0.4510
vn 0.1454 -0.8795 -0.4532
vn 0.0604 -0.8359 -0.5455
vn 0.0271 0.8825 -0.4695
vn 0.0537 0.8727 -0.4853
vn 0.0172 0.8831 -0.4689
vn -0.0472 0.8789 -0.4746
vn -0.0464 0.8810 -0.4709
vn -0.0498 0.8835 -0.4659
vn 0.0420 0.8814 -0.4706
vn 0.3602 -0.6365 -0.6820
vn 0.2830 -0.5823 -0.7621
vn 0.3651 -0.6326 -0.6831
vn 0.3249 -0.5737 -0.7519
vn 0.1847 -0.7715 -0.6088
vn 0.1829 -0.7658 -0.6165
vn 0.2301 -0.7975 -0.5577
vn 0.2958 -0.7615 -0.5768
vn 0.0037 0.9954 -0.0954
vn 0.0010 0.9954 -0.0958
vn 0.0388 0.9946 -0.0965
vn -0.0300 0.9950 -0.0954
vn 0.0232 0.9906 -0.1347
vn 0.2889 -0.0975 -0.9524
vn 0.4062 -0.0612 -0.9117
vn 0.2889 -0.0976 -0.9524
vn 0.4691 -0.0975 -0.8777
vn 0.0568 0.9941 -0.0921
vn 0.0566 0.9972 -0.0496
vn 0.0039 0.9958 -0.0918
vn 0.1947 0.8872 -0.4182
vn 0.1544 0.8947 -0.4190
vn 0.1359 0.8876 -0.4400
vn 0.1502 0.9429 -0.2974
vn 0.2230 0.8810 -0.4173
vn 0.2248 0.8889 -0.3992
vn 0.2667 0.8906 -0.3683
vn 0.2204 0.8704 -0.4403
vn 0.1389 0.8860 -0.4423
vn 0.3651 0.6326 -0.6831
vn 0.4292 0.6099 -0.6662
vn 0.3807 0.6271 -0.6795
vn 0.3549 0.5963 -0.7201
vn 0.4313 0.2977 -0.8517
vn 0.4513 0.2890 -0.8443
vn 0.4115 0.4539 -0.7903
vn 0.4469 0.2981 -0.8434
vn 0.0648 0.9942 -0.0862
vn 0.0644 0.9963 -0.0577
vn 0.1915 0.9650 -0.1789
vn 0.1629 0.9618 -0.2201
vn 0.6023 0.6251 -0.4964
vn 0.4908 0.6305 -0.6013
vn 0.5074 0.6830 -0.5253
vn 0.4732 0.7129 -0.5176
vn 0.4893 0.7704 -0.4088
vn 0.5987 0.6326 -0.4913
vn 0.1273 -0.9907 0.0489
vn 0.2842 -0.9581 -0.0356
vn 0.1855 -0.9768 0.1071
vn 0.0790 -0.9960 0.0425
vn 0.1015 -0.9946 -0.0201
vn 0.0965 -0.9952 0.0168
vn 0.6088 0.7715 -0.1847
vn 0.6056 0.7549 -0.2515
vn 0.5984 0.7828 -0.1705
vn 0.6089 0.7750 -0.1695
vn 0.5228 -0.8417 -0.1351
vn 0.6140 -0.7822 -0.1058
vn 0.5062 -0.8588 -0.0786
vn 0.4528 -0.8810 -0.1369
vn 0.4709 -0.8810 -0.0464
vn 0.4528 -0.8810 -0.1374
vn 0.9161 0.2890 -0.2779
vn 0.9383 0.2679 -0.2185
vn 0.2911 -0.9551 -0.0557
vn 0.2898 -0.9569 -0.0198
vn 0.4000 -0.9147 -0.0572
vn 0.3819 -0.9239 -0.0229
vn 0.4709 -0.8810 -0.0459
vn 0.3870 -0.9211 0.0420
vn 0.2901 -0.9565 0.0300
vn 0.9565 0.0928 -0.2767
vn 0.9431 0.0949 -0.3185
vn 0.9792 0.1218 -0.1623
vn 0.9524 0.0975 -0.2889
vn 0.7708 0.6326 -0.0759
vn 0.7668 0.6373 -0.0759
vn 0.7672 0.6408 -0.0276
vn 0.7724 0.6346 -0.0269
vn 0.7734 0.6331 -0.0337
vn 0.4709 -0.8810 0.0464
vn 0.4058 -0.9062 0.1191
vn 0.2830 -0.9552 0.0863
vn 0.1606 0.9853 -0.0586
vn 0.1007 0.9945 -0.0276
vn 0.0679 0.9970 -0.0359
vn 0.0822 0.9962 -0.0303
vn 0.0981 0.9950 0.0166
vn 0.0954 0.9953 0.0170
vn 0.9898 -0.1381 -0.0356
vn 0.9844 -0.1408 -0.1054
vn 0.9527 -0.2890 -0.0938
vn 0.9768 -0.1792 0.1173
vn 0.9542 -0.2859 -0.0880
vn 0.9901 0.0874 0.1102
vn 0.9909 -0.0922 0.0985
vn 0.9928 -0.0595 0.1038
vn 0.9895 0.0927 0.1110
vn 0.9636 0.0312 0.2654
vn 0.3027 0.9517 0.0517
vn 0.2884 0.9567 0.0406
vn 0.3420 0.9397 0.0036
vn 0.4891 0.8720 0.0200
vn 0.9443 -0.2719 0.1856
vn 0.9425 -0.2571 0.2135
vn 0.9161 -0.2890 0.2779
vn 0.9513 -0.2905 0.1028
vn 0.9527 -0.2890 0.0938
vn 0.6312 0.7731 0.0622
vn 0.6280 0.7594 0.1700
vn 0.7600 0.6273 0.1698
vn 0.7670 0.6372 0.0758
vn 0.8502 0.4826 0.2103
vn 0.8782 0.4702 0.0875
vn 0.8780 0.3789 0.2927
vn 0.9104 0.3988 0.1102
vn 0.8786 0.4696 0.0865
vn 0.2614 0.9582 0.1164
vn 0.2866 0.9568 0.0498
vn 0.1176 -0.9858 0.1199
vn 0.2311 -0.9631 0.1376
vn 0.1836 -0.9755 0.1208
vn 0.8593 0.3080 0.4084
vn 0.9161 0.2890 0.2779
vn 0.9191 0.2953 0.2609
vn 0.9660 0.1176 0.2303
vn 0.3017 0.9475 0.1061
vn 0.3331 0.9296 0.1581
vn 0.2790 0.9566 0.0846
vn 0.4528 0.8810 0.1374
vn 0.4803 0.8734 0.0809
vn 0.4168 0.8807 0.2250
vn 0.4173 0.8810 0.2231
vn 0.4223 0.8615 0.2818
vn 0.4287 0.8870 0.1715
vn 0.5474 0.8184 0.1748
vn 0.5611 0.7715 0.2999
vn 0.6088 0.7715 0.1847
vn 0.5677 0.7770 0.2722
vn 0.8443 0.2890 0.4513
vn 0.8501 0.2964 0.4353
vn 0.7400 0.2890 0.6073
vn 0.7540 0.3034 0.5826
vn 0.7744 0.2227 0.5921
vn 0.8777 0.0975 0.4691
vn 0.8560 0.0603 0.5135
vn 0.8309 0.1389 0.5387
vn 0.8859 0.0910 0.4548
vn 0.6853 -0.2294 0.6912
vn 0.6275 -0.1847 0.7564
vn 0.6073 -0.2890 0.7400
vn 0.6351 -0.1035 0.7654
vn 0.7254 -0.3016 0.6188
vn 0.7547 -0.2131 0.6205
vn 0.7400 -0.2890 0.6073
vn 0.7337 -0.2799 0.6191
vn 0.6718 -0.2148 0.7089
vn 0.7105 -0.4121 0.5703
vn 0.6872 -0.4357 0.5813
vn 0.6401 -0.5146 0.5705
vn 0.6085 -0.5287 0.5918
vn 0.5731 -0.4850 0.6605
vn 0.5854 -0.5218 0.6205
vn 0.4428 -0.5903 0.6749
vn 0.5438 -0.5119 0.6650
vn 0.4952 -0.4013 0.7706
vn 0.3661 -0.6319 0.6831
vn 0.3651 -0.6326 0.6831
vn 0.4128 -0.4652 0.7831
vn 0.4138 -0.6883 0.5959
vn 0.5731 0.6191 0.5369
vn 0.5987 0.6326 0.4913
vn 0.4913 0.6326 0.5987
vn 0.4254 0.6881 0.5878
vn 0.5212 0.6269 0.5791
vn 0.5560 0.5001 0.6639
vn 0.4755 0.5575 0.6805
vn 0.5196 0.4310 0.7377
vn 0.4482 0.5022 0.7395
vn 0.4981 0.5909 0.6346
vn 0.5601 0.4696 0.6825
vn 0.6073 0.2890 0.7400
vn 0.6057 0.3479 0.7156
vn 0.5764 0.2622 0.7740
vn 0.6072 0.2938 0.7383
vn 0.2125 0.7728 0.5981
vn 0.2999 0.7715 0.5611
vn 0.2535 0.7983 0.5462
vn 0.1481 0.7901 0.5949
vn 0.1691 0.7797 0.6030
vn 0.1847 0.7715 0.6088
vn 0.0904 -0.7764 0.6237
vn 0.1982 -0.7900 0.5802
vn 0.1194 -0.7639 0.6342
vn 0.0954 -0.8340 0.5434
vn 0.0580 -0.8773 0.4763
vn 0.1781 0.1487 0.9727
vn 0.0930 0.0943 0.9912
vn 0.2889 0.0975 0.9524
vn 0.2848 0.1014 0.9532
vn 0.0975 0.0976 0.9904
vn 0.1004 0.0972 0.9902
vn 0.0042 0.1619 0.9868
vn 0.0381 0.1419 0.9892
vn 0.0975 0.0975 0.9904
vn 0.0684 -0.5317 0.8442
vn 0.0865 -0.4696 0.8786
vn 0.0872 -0.4671 0.8799
vn 0.0729 -0.6283 0.7746
vn -0.0290 -0.6154 0.7877
vn 0.0311 -0.5813 0.8131
vn 0.0759 -0.6326 0.7708
vn -0.0940 0.4672 0.8792
vn -0.0914 0.4722 0.8768
vn -0.2563 0.4696 0.8448
vn -0.0865 0.4696 0.8786
vn -0.0138 -0.7843 0.6203
vn -0.1014 -0.7563 0.6463
vn -0.0624 -0.7715 0.6332
vn -0.0312 -0.7610 0.6480
vn 0.0016 0.9949 0.1013
vn 0.0764 0.9899 0.1197
vn 0.0214 0.9949 0.0983
vn 0.0440 0.9854 0.1646
vn 0.0563 0.9679 0.2450
vn -0.0844 0.8714 0.4832
vn -0.0677 0.8882 0.4544
vn -0.1330 0.8821 0.4519
vn 0.0127 0.8643 0.5028
vn 0.0466 0.8809 0.4710
vn -0.0460 0.8810 0.4708
vn -0.0464 0.8810 0.4709
vn -0.3187 0.1078 0.9417
vn -0.2759 0.2882 0.9170
vn -0.3867 0.1313 0.9128
vn -0.2703 0.7660 0.5832
vn -0.1924 0.7688 0.6098
vn -0.1847 0.7715 0.6088
vn -0.2999 0.7715 0.5611
vn -0.2035 0.7454 0.6348
vn -0.3035 0.7721 0.5583
vn -0.2248 0.6326 0.7412
vn -0.2708 0.6150 0.7406
vn -0.3105 0.6182 0.7221
vn -0.1934 -0.6802 0.7070
vn -0.2154 -0.6367 0.7404
vn -0.2248 -0.6326 0.7412
vn -0.2675 -0.6993 0.6629
vn -0.2988 -0.6194 0.7260
vn -0.3049 -0.7656 0.5665
vn -0.2999 -0.7715 0.5611
vn -0.3035 -0.7674 0.5648
vn -0.3127 -0.7627 0.5661
vn -0.1367 -0.8788 0.4572
vn -0.1347 -0.8805 0.4545
vn -0.2205 -0.8807 0.4193
vn -0.2164 -0.8962 0.3872
vn -0.1868 -0.9232 0.3359
vn -0.2613 -0.8844 0.3869
vn -0.0302 -0.9569 0.2889
vn -0.1047 -0.8976 0.4282
vn 0.0098 -0.9616 0.2743
vn -0.0429 -0.9438 0.3276
vn -0.0874 -0.9563 0.2792
vn -0.4691 0.0975 0.8777
vn -0.4665 0.0969 0.8792
vn -0.5324 0.1070 0.8397
vn -0.4697 0.0953 0.8776
vn -0.5343 0.0765 0.8418
vn -0.4697 0.0958 0.8776
vn -0.0263 0.9948 0.0985
vn -0.0156 0.9945 0.1036
vn -0.0316 0.9934 0.1102
vn -0.0311 -0.9564 0.2905
vn -0.0860 -0.9569 0.2773
vn -0.0282 -0.9565 0.2902
vn 0.0308 -0.9578 0.2859
vn -0.4162 -0.4696 0.7786
vn -0.4132 -0.4631 0.7841
vn -0.5049 -0.4799 0.7175
vn -0.1312 -0.9535 0.2712
vn -0.0894 -0.9549 0.2830
vn -0.4844 -0.6322 0.6047
vn -0.4975 -0.5987 0.6277
vn -0.5897 -0.6313 0.5038
vn -0.5883 -0.6335 0.5026
vn -0.4913 -0.6326 0.5987
vn -0.6347 0.4717 0.6121
vn -0.5650 0.6251 0.5385
vn -0.6274 0.6060 0.4891
vn -0.6551 0.4683 0.5929
vn -0.6825 0.4696 0.5601
vn -0.7400 -0.2890 0.6073
vn -0.7504 -0.2393 0.6161
vn -0.7412 0.6326 0.2248
vn -0.7395 0.6335 0.2277
vn -0.7684 0.6141 0.1801
vn -0.7430 0.6299 0.2264
vn -0.6975 0.6283 0.3447
vn -0.7191 0.6201 0.3136
vn -0.3924 -0.8790 0.2710
vn -0.2205 -0.9554 0.1965
vn -0.4173 -0.8810 0.2230
vn -0.4081 -0.8873 0.2147
vn -0.2528 -0.9580 0.1356
vn -0.2371 -0.9579 0.1622
vn -0.1643 -0.9544 0.2493
vn -0.1493 -0.9593 0.2397
vn -0.9262 0.3335 0.1756
vn -0.9161 0.2890 0.2779
vn -0.0930 0.9956 0.0129
vn -0.0933 0.9956 -0.0002
vn -0.0874 0.9950 0.0488
vn -0.2231 0.9659 0.1316
vn -0.3008 0.9521 0.0558
vn -0.0787 0.9955 0.0518
vn -0.6088 -0.7715 0.1847
vn -0.6441 -0.7529 0.1352
vn -0.5970 -0.7885 0.1479
vn -0.4856 -0.8740 0.0176
vn -0.6140 -0.7876 0.0519
vn -0.5568 -0.8306 -0.0092
vn -0.4747 -0.8793 0.0383
vn -0.4812 -0.8717 0.0928
vn -0.1618 0.9846 -0.0660
vn -0.2551 0.9648 -0.0635
vn -0.1001 0.9949 -0.0115
vn -0.9903 -0.0958 -0.1002
vn -0.9904 -0.0975 -0.0976
vn -0.9690 -0.1814 -0.1675
vn -0.9906 -0.1019 -0.0907
vn -0.3284 0.9411 -0.0801
vn -0.3171 0.9412 -0.1163
vn -0.2786 0.9566 -0.0860
vn -0.4516 0.8921 -0.0175
vn -0.3004 0.9537 0.0120
vn -0.2815 0.9577 -0.0602
vn -0.4709 0.8810 -0.0464
vn -0.4880 0.8727 0.0163
vn -0.4557 0.8896 -0.0308
vn -0.4475 0.8855 -0.1251
vn -0.6338 0.7710 -0.0620
vn -0.6062 0.7749 -0.1790
vn -0.6088 0.7715 -0.1847
vn -0.5624 0.8231 -0.0790
vn -0.5298 0.8347 -0.1506
vn -0.6985 0.6683 -0.2558
vn -0.5877 0.7712 -0.2447
vn -0.6312 0.7379 -0.2387
vn -0.6085 0.7346 -0.3001
vn -0.6831 0.6326 -0.3651
vn -0.6766 0.6534 -0.3396
vn -0.8443 0.2890 -0.4513
vn -0.7986 0.2346 -0.5543
vn -0.8530 0.2227 -0.4720
vn -0.7768 0.1564 -0.6100
vn -0.4219 0.8818 -0.2108
vn -0.4162 0.8814 -0.2235
vn -0.4528 0.8810 -0.1374
vn -0.5251 0.8371 -0.1535
vn -0.4543 0.8803 -0.1367
vn -0.8157 -0.4599 -0.3509
vn -0.7787 -0.4701 -0.4155
vn -0.7786 -0.4696 -0.4162
vn -0.8079 -0.4125 -0.4210
vn -0.8443 -0.2890 -0.4513
vn -0.5611 0.7715 -0.2999
vn -0.5363 0.7644 -0.3578
vn -0.5255 0.7855 -0.3267
vn -0.6471 0.7178 -0.2572
vn -0.4080 -0.9005 -0.1501
vn -0.4153 -0.8783 -0.2369
vn -0.4130 -0.8824 -0.2252
vn -0.4173 -0.8810 -0.2231
vn -0.4344 -0.7992 -0.4154
vn -0.3658 -0.8810 -0.3002
vn -0.3644 -0.8814 -0.3005
vn -0.3209 -0.8853 -0.3366
vn -0.3753 -0.8504 -0.3688
vn -0.4258 -0.8630 -0.2718
vn -0.2890 -0.9552 -0.0634
vn -0.2801 -0.9560 -0.0871
vn -0.2480 -0.9643 -0.0932
vn -0.2618 -0.9521 -0.1579
vn -0.2207 -0.9620 -0.1609
vn -0.7693 0.0975 -0.6314
vn -0.7360 0.2780 -0.6173
vn -0.7673 0.0937 -0.6345
vn -0.2349 0.9505 -0.2034
vn -0.3661 0.8811 -0.2995
vn -0.2863 0.9297 -0.2316
vn -0.4159 0.8815 -0.2236
vn -0.2349 0.9582 -0.1631
vn -0.2123 -0.9622 -0.1707
vn -0.2196 -0.9511 -0.2174
vn -0.1696 -0.9629 -0.2102
vn -0.6314 -0.0975 -0.7693
vn -0.4691 -0.0975 -0.8777
vn -0.4753 -0.1093 -0.8730
vn -0.5570 -0.1088 -0.8233
vn -0.6020 -0.1297 -0.7879
vn -0.3757 -0.7818 -0.4976
vn -0.4036 -0.7715 -0.4918
vn -0.2999 -0.7715 -0.5611
vn -0.3001 -0.8106 -0.5029
vn -0.5559 0.3735 -0.7427
vn -0.6073 0.2890 -0.7400
vn -0.6679 0.2311 -0.7075
vn -0.6275 0.3347 -0.7030
vn -0.1932 -0.9551 -0.2247
vn -0.1741 -0.9526 -0.2497
vn -0.1550 -0.9548 -0.2537
vn -0.1420 -0.9541 -0.2637
vn -0.1022 -0.9591 -0.2640
vn -0.0912 -0.9597 -0.2657
vn -0.0553 0.9956 -0.0755
vn -0.0659 0.9954 -0.0700
vn -0.0288 0.9940 -0.1052
vn -0.0546 0.9959 -0.0724
vn -0.0819 0.9953 -0.0521
vn -0.0674 0.9949 -0.0746
vn -0.5349 -0.0311 -0.8443
vn -0.4678 -0.0973 -0.8784
vn -0.2231 0.8810 -0.4173
vn -0.3002 0.8810 -0.3658
vn -0.3140 0.8607 -0.4007
vn -0.2884 0.8870 -0.3607
vn -0.2645 0.8881 -0.3760
vn -0.3303 0.6435 -0.6905
vn -0.3047 0.6758 -0.6712
vn -0.3928 0.6606 -0.6398
vn -0.3651 0.6326 -0.6831
vn -0.2889 -0.0975 -0.9524
vn -0.2928 -0.1067 -0.9502
vn -0.2645 -0.0364 -0.9637
vn -0.1208 -0.2718 -0.9547
vn -0.2779 -0.2890 -0.9161
vn -0.2447 -0.1976 -0.9492
vn -0.1855 -0.6081 -0.7719
vn -0.1783 -0.7233 -0.6671
vn -0.0769 -0.7888 -0.6099
vn -0.0802 -0.6539 -0.7523
vn -0.2248 -0.6326 -0.7412
vn -0.1847 -0.7715 -0.6088
vn -0.2377 -0.7086 -0.6643
vn -0.2563 0.4696 -0.8448
vn -0.4079 0.4710 -0.7822
vn -0.4093 0.4626 -0.7864
vn -0.2648 0.4794 -0.8367
vn -0.2889 0.0975 -0.9524
vn -0.4172 0.0648 -0.9065
vn -0.2716 0.1009 -0.9571
vn -0.2316 0.2320 -0.9447
vn -0.3260 0.1623 -0.9313
vn -0.0976 0.0975 -0.9904
vn -0.1477 0.1585 -0.9762
vn -0.1505 0.1085 -0.9826
vn -0.0804 0.2838 -0.9555
vn -0.0938 0.2890 -0.9527
vn -0.0970 0.0835 -0.9918
vn -0.0927 0.8711 -0.4822
vn -0.0874 0.8829 -0.4614
vn -0.0743 0.9499 -0.3036
vn -0.1459 0.8859 -0.4403
vn 0.7693 -0.0975 0.6314
vn 0.7752 -0.0927 0.6249
vn 0.7828 -0.0170 0.6220
vn 0.7668 -0.0909 0.6354
vn -0.7693 -0.0975 0.6314
vn -0.7738 -0.1037 0.6248
vn -0.8345 -0.1240 0.5369
vn -0.8682 -0.1019 0.4857
vn 0.5117 0.0750 -0.8559
vn 0.4691 0.0975 -0.8777
vn 0.5373 0.1480 -0.8303
vn 0.4932 0.0937 -0.8649
vn 0.6379 -0.0258 -0.7697
vn 0.7793 0.0768 -0.6219
vn 0.7693 0.0976 -0.6314
vn 0.7693 0.0975 -0.6314
vn 0.7934 -0.0208 -0.6083
vn 0.9904 0.0975 -0.0976
vn 0.9974 0.0595 0.0408
vn 0.9969 0.0738 -0.0283
vn 0.9968 0.0300 -0.0746
vn 0.9991 0.0169 -0.0380
vn -0.9882 0.0474 -0.1459
vn -0.9701 0.0574 -0.2359
vn -0.9658 -0.1540 -0.2084
vn -0.9524 -0.0975 -0.2889
vn -0.9524 0.0975 -0.2889
vn -0.9577 0.0381 -0.2853
vn -0.9527 -0.2890 -0.0938
vn -0.9522 -0.2932 -0.0863
vn -0.9532 -0.2902 -0.0848
vn -0.9213 -0.3629 -0.1398
vn 0.8117 -0.3485 -0.4687
vn 0.8388 -0.2932 -0.4588
vn 0.7400 -0.2890 -0.6073
vn 0.8443 -0.2890 -0.4513
vn 0.7888 -0.4173 -0.4513
vn 0.9503 -0.3113 0.0040
vn 0.9463 -0.3198 0.0477
vn 0.9577 -0.2784 -0.0729
vn -0.6242 -0.3352 -0.7057
vn -0.6073 -0.2890 -0.7400
vn -0.5478 -0.4301 -0.7176
vn -0.5406 -0.4024 -0.7388
vn -0.5601 -0.4696 -0.6825
vn 0.7006 -0.3578 -0.6174
vn 0.6060 -0.2896 -0.7409
vn 0.7116 -0.3399 -0.6149
vn 0.6683 -0.3158 -0.6735
vn 0.4402 -0.3071 -0.8438
vn 0.4513 -0.2890 -0.8443
vn 0.5027 -0.3508 -0.7901
vn 0.5606 -0.2568 -0.7872
vn -0.8117 0.2983 0.5021
vn -0.8092 0.2945 0.5084
vn -0.8443 0.2890 0.4513
vn -0.8607 0.1950 0.4703
vn -0.9527 0.2890 0.0938
vn -0.9552 0.2772 0.1039
vn -0.9650 0.2591 0.0402
vn -0.9888 0.1256 0.0804
vn -0.9569 0.2780 -0.0840
vn -0.9821 0.1590 -0.1008
vn -0.9902 0.0921 -0.1047
vn -0.8725 0.0841 -0.4813
vn -0.8893 0.2349 -0.3923
vn -0.8777 0.0975 -0.4691
vn -0.9164 0.0137 -0.4001
vn -0.7786 0.4696 0.4162
vn -0.8207 0.4564 0.3438
vn -0.8448 0.4696 0.2563
vn -0.8398 0.4728 0.2670
vn -0.8247 0.4461 0.3476
vn 0.6694 0.4765 -0.5699
vn 0.7321 0.3064 -0.6084
vn 0.6825 0.4696 -0.5601
vn 0.7800 0.4558 -0.4288
vn 0.7123 0.4526 -0.5364
vn 0.7794 0.3288 -0.5333
vn 0.8840 0.4585 -0.0911
vn 0.8786 0.4696 -0.0865
vn 0.8820 0.4657 -0.0722
vn 0.8991 0.4373 0.0182
vn 0.8786 0.4696 -0.0867
vn 0.9527 0.2890 -0.0938
vn -0.8500 0.4661 0.2456
vn -0.8732 0.4765 0.1026
vn -0.9020 0.3471 0.2568
vn -0.9013 0.4324 0.0263
vn -0.8630 0.5046 -0.0247
vn -0.9525 0.2903 -0.0918
vn -0.9533 0.2867 0.0953
vn -0.9161 0.2890 -0.2779
vn -0.8819 0.3848 -0.2724
vn -0.8879 0.3765 -0.2645
vn -0.9004 0.3132 -0.3021
vn -0.8538 0.3457 -0.3892
vn -0.2805 0.4795 0.8315
vn -0.3267 0.4971 0.8038
vn -0.2696 0.4105 0.8711
vn 0.8786 -0.4696 0.0865
vn 0.8808 -0.4685 0.0685
vn 0.8816 -0.4648 0.0819
vn 0.7786 -0.4696 0.4162
vn 0.7763 -0.4680 0.4223
vn 0.8448 -0.4696 0.2563
vn 0.8492 -0.4667 0.2471
vn 0.8408 -0.4777 0.2547
vn 0.8528 -0.4587 0.2497
vn -0.0860 -0.6818 -0.7265
vn 0.0106 -0.6250 -0.7805
vn -0.0759 -0.6326 -0.7708
vn -0.0202 -0.6910 -0.7226
vn -0.0624 -0.7715 -0.6332
vn -0.0384 -0.7700 -0.6369
vn 0.4825 0.5989 -0.6392
vn 0.4878 0.6370 -0.5968
vn 0.4913 0.6326 -0.5987
vn 0.5601 0.4696 -0.6825
vn 0.5610 0.4728 -0.6795
vn -0.7419 -0.6188 -0.2580
vn -0.6297 -0.7250 -0.2791
vn -0.6811 -0.6543 -0.3286
vn -0.6831 -0.6326 -0.3651
vn -0.5696 -0.7324 -0.3730
vn -0.5655 -0.7712 -0.2923
vn -0.6191 -0.6683 -0.4124
vn -0.6182 -0.6346 -0.4639
vn -0.6191 -0.6339 -0.4635
vn -0.3651 0.6326 0.6831
vn -0.3665 0.6329 0.6820
vn -0.3634 0.5894 0.7215
vn -0.2853 0.6629 0.6923
vn -0.5499 0.6365 0.5408
vn -0.4918 0.6268 0.6044
vn -0.5987 0.6326 0.4913
vn -0.5601 0.4696 -0.6825
vn -0.5618 0.4901 -0.6665
vn -0.5338 0.6170 -0.5783
vn -0.4913 0.6326 -0.5987
vn -0.5008 0.5168 -0.6944
vn 0.4642 0.7276 0.5052
vn 0.3203 0.7814 0.5356
vn 0.4036 0.7715 0.4918
vn 0.3491 0.7783 0.5220
vn 0.3667 0.6342 0.6807
vn 0.3964 0.7059 0.5870
vn -0.2498 -0.7839 -0.5683
vn -0.6332 -0.7715 -0.0624
vn -0.6121 -0.7820 -0.1178
vn -0.6505 -0.7505 -0.1164
vn -0.6156 -0.7881 0.0036
vn 0.5928 0.7790 -0.2043
vn 0.6103 0.7535 -0.2445
vn 0.6130 0.7831 -0.1044
vn 0.6346 0.7659 -0.1036
vn 0.6617 0.7127 -0.2326
vn 0.7412 0.6326 -0.2248
vn -0.6113 -0.7670 -0.1951
vn -0.6088 -0.7715 -0.1847
vn -0.4526 -0.8845 -0.1132
vn -0.4898 -0.8379 -0.2409
vn 0.6320 -0.7749 0.0060
vn 0.6365 -0.7712 0.0065
vn 0.6332 -0.7715 -0.0624
vn 0.6332 -0.7715 0.0624
vn 0.6334 -0.7713 0.0624
vn 0.4879 0.8625 -0.1341
vn 0.4528 0.8810 -0.1374
vn 0.4499 0.8889 -0.0865
vn 0.5130 0.8408 -0.1729
vn 0.4556 -0.8828 0.1143
vn 0.4411 -0.8862 0.1417
vn 0.4209 -0.8914 0.1684
vn 0.4547 -0.8821 0.1231
vn 0.4712 -0.8808 0.0465
vn 0.4664 -0.8785 0.1030
vn 0.3657 0.8803 -0.3022
vn 0.4173 0.8810 -0.2231
vn 0.3655 0.8785 -0.3075
vn 0.3902 0.8581 -0.3337
vn 0.3339 0.8792 -0.3398
vn 0.3914 0.8708 -0.2976
vn 0.3196 -0.7976 0.5116
vn 0.2649 -0.8527 0.4503
vn 0.2964 -0.8814 0.3678
vn 0.2906 -0.8839 0.3664
vn 0.2265 -0.8861 0.4044
vn 0.3776 -0.7750 0.5067
vn 0.0950 0.8783 0.4685
vn 0.0464 0.8810 0.4709
vn 0.1374 0.8810 0.4528
vn 0.0635 0.8439 0.5327
vn 0.0711 -0.8126 0.5784
vn -0.4884 -0.8726 -0.0015
vn -0.4446 -0.8954 0.0254
vn -0.3590 -0.9333 -0.0036
vn -0.4709 -0.8810 0.0464
vn -0.4709 -0.8810 -0.0464
vn -0.4569 -0.8856 -0.0832
vn -0.3657 -0.8806 0.3012
vn -0.2995 -0.8810 0.3663
vn -0.3001 -0.8803 0.3674
vn -0.2767 -0.8800 0.3860
vn -0.4033 -0.8509 0.3365
vn -0.4946 0.8690 0.0150
vn -0.4709 0.8810 0.0464
vn -0.4699 0.8818 0.0414
vn -0.4713 0.8807 -0.0470
vn -0.6218 0.7820 -0.0423
vn -0.3465 -0.9127 -0.2167
vn -0.2295 -0.9512 -0.2063
vn -0.2675 -0.9444 -0.1911
vn 0.1191 0.9590 -0.2571
vn 0.0903 0.9631 -0.2536
vn 0.0851 0.9574 -0.2759
vn 0.1376 0.9448 -0.2974
vn 0.1741 0.9506 -0.2570
vn -0.1065 0.9423 0.3173
vn -0.1343 0.9573 0.2559
vn -0.1285 0.9559 0.2642
vn -0.0707 0.9589 0.2747
vn -0.1257 0.9580 0.2578
vn -0.1843 0.9582 0.2190
vn -0.1856 0.9553 0.2303
vn -0.2283 0.9521 0.2035
vn 0.2142 0.9477 0.2366
vn 0.1328 0.9588 0.2511
vn 0.1804 0.9545 0.2376
vn 0.1883 0.9563 0.2237
vn 0.1895 0.9267 0.3246
vn 0.2314 0.9589 -0.1640
vn 0.3590 0.9049 -0.2285
vn 0.2328 0.9434 -0.2361
vn 0.2459 0.9607 -0.1287
vn 0.2567 0.9580 -0.1278
vn 0.2783 0.9574 -0.0766
vn 0.3486 0.9280 -0.1314
vn 0.2470 0.9552 -0.1631
vn -0.2259 0.9544 0.1952
vn -0.2835 0.9468 0.1525
vn -0.1739 0.9570 0.2321
vn -0.2571 0.9530 0.1603
vn -0.2164 0.9588 0.1842
vn -0.3456 0.9223 0.1730
vn -0.2571 0.9589 0.1201
vn -0.2810 0.9549 0.0962
vn -0.2777 0.9535 0.1172
vn 0.2957 0.9552 -0.0105
vn 0.2919 0.9554 -0.0442
vn 0.1925 -0.9561 0.2211
vn 0.1666 -0.9267 0.3368
vn 0.2485 -0.9533 0.1718
vn 0.2185 -0.9537 0.2068
vn 0.2616 -0.9549 0.1404
vn 0.4556 0.8737 -0.1707
vn 0.3698 0.9284 -0.0352
vn 0.4489 0.8915 -0.0612
vn -0.1083 0.9455 -0.3071
vn -0.0602 0.9564 -0.2859
vn -0.0631 0.9562 -0.2857
vn -0.0994 0.9559 -0.2764
vn -0.0207 0.9582 -0.2854
vn -0.2986 0.9522 0.0639
vn -0.3595 0.9328 -0.0243
vn -0.2894 0.9569 0.0252
vn -0.2809 0.9596 -0.0167
vn -0.4253 0.9008 -0.0880
vn -0.3825 0.8936 -0.2350
vn -0.2566 0.9565 -0.1388
vn -0.1024 -0.9947 -0.0106
vn -0.0956 -0.9952 0.0207
vn -0.0956 -0.9952 0.0226
vn -0.2363 -0.9708 0.0404
vn 0.0286 0.9566 -0.2900
vn -0.0094 0.9562 -0.2925
vn -0.4246 -0.7758 -0.4668
vn -0.4021 -0.7955 -0.4533
vn -0.4251 -0.7631 -0.4868
vn -0.4918 -0.7715 -0.4036
vn -0.4239 0.7084 -0.5643
vn -0.4324 0.6609 -0.6134
vn -0.4036 0.7715 -0.4918
vn -0.3679 0.7578 -0.5389
vn -0.4906 0.6320 -0.5999
vn -0.3661 0.7628 -0.5330
vn -0.6336 0.7591 0.1496
vn -0.6667 0.7454 0.0045
vn -0.6332 0.7715 0.0624
vn -0.7362 0.6607 0.1464
vn -0.5611 -0.7715 0.2999
vn -0.6182 -0.6851 0.3854
vn -0.6508 -0.6781 0.3416
vn -0.5877 -0.7808 0.2122
vn -0.6043 0.7577 0.2463
vn -0.6088 0.7715 0.1847
vn -0.6036 0.7853 0.1378
vn -0.5919 0.7839 0.1876
vn -0.5384 0.8380 0.0884
vn -0.4754 0.8728 0.1103
vn -0.0251 0.9504 -0.3102
vn -0.4002 -0.7713 0.4949
vn -0.4889 -0.7717 0.4067
vn -0.4894 -0.7712 0.4071
vn -0.4718 -0.6821 0.5587
vn -0.4828 -0.6677 0.5667
vn 0.1003 0.2866 -0.9528
vn 0.0938 0.2890 -0.9527
vn -0.0618 0.3472 -0.9357
vn 0.0592 -0.2999 -0.9521
vn 0.0684 -0.2737 -0.9594
vn 0.0960 -0.2903 -0.9521
vn 0.0938 -0.2890 -0.9527
vn 0.0006 -0.2630 -0.9648
vn 0.1156 -0.6897 0.7148
vn 0.0426 -0.7400 0.6712
vn 0.0594 -0.7676 0.6382
vn 0.1121 -0.6363 0.7633
vn -0.0292 -0.7009 0.7126
vn -0.0887 -0.6281 0.7730
vn -0.0809 -0.6405 0.7637
vn -0.0679 -0.7732 0.6305
vn -0.0673 0.7733 0.6305
vn -0.0624 0.7715 0.6332
vn -0.0647 0.7724 0.6319
vn -0.1603 0.8112 0.5624
vn 0.4502 -0.7963 -0.4040
vn 0.4918 -0.7715 -0.4036
vn 0.4704 -0.7472 -0.4695
vn 0.5401 -0.7410 -0.3989
vn 0.4948 -0.7696 -0.4035
vn -0.4329 0.5229 -0.7343
vn -0.5611 0.4784 -0.6756
vn -0.4890 0.4953 -0.7180
vn 0.8794 -0.4681 0.0868
vn 0.8785 -0.4698 0.0865
vn 0.9290 -0.3608 0.0826
vn -0.7757 -0.4707 0.4205
vn -0.7786 -0.4696 0.4162
vn -0.7853 -0.5028 0.3612
vn -0.8501 -0.4582 0.2596
vn 0.6092 -0.2787 0.7424
vn 0.5996 -0.2871 0.7470
vn 0.5358 -0.2095 0.8179
vn 0.4506 -0.2881 0.8450
vn 0.6064 -0.2897 0.7405
vn 0.4575 -0.5284 0.7152
vn -0.7107 -0.5347 -0.4571
vn -0.8522 -0.2777 -0.4435
vn 0.5185 -0.8016 -0.2975
vn 0.5611 -0.7715 -0.2999
vn 0.5640 -0.7694 -0.2998
vn 0.5607 -0.7710 -0.3019
vn 0.5679 -0.7797 -0.2637
vn -0.1179 -0.9533 0.2782
vn 0.2509 0.9577 0.1412
vn 0.2643 0.9589 0.1034
vn 0.3163 0.9206 0.2291
vn 0.2429 0.9541 0.1753
vn 0.2324 0.9600 0.1562
vn 0.0369 -0.8796 0.4743
vn 0.0790 -0.8849 0.4591
vn -0.0256 -0.8713 0.4901
vn 0.0428 -0.8821 0.4691
vn 0.2880 0.4447 0.8481
vn 0.3695 0.4237 0.8270
vn 0.2851 0.4475 0.8476
vn 0.3588 0.5184 0.7762
vn 0.2555 0.4702 0.8448
vn 0.2563 0.4696 0.8448
vn 0.7786 0.4696 -0.4162
vn 0.7924 0.4855 -0.3694
vn 0.7824 0.4538 -0.4266
vn -0.8365 0.4097 -0.3639
vn -0.8333 0.4169 -0.3631
vn -0.8474 0.4515 -0.2793
vn 0.6088 -0.7715 -0.1847
vn 0.5753 -0.7963 -0.1868
vn -0.8746 -0.4763 -0.0901
vn -0.8786 -0.4696 -0.0865
vn -0.8433 -0.4889 -0.2233
vn -0.8642 -0.4589 -0.2063
vn -0.8448 -0.4696 -0.2563
vn 0.8788 0.4693 -0.0866
vn 0.8665 0.4593 -0.1956
vn 0.8696 0.4738 -0.1391
vn 0.4170 -0.4625 -0.7825
vn 0.4162 -0.4696 -0.7786
vn 0.4156 -0.4692 -0.7792
vn 0.4273 -0.4569 -0.7802
vn -0.5601 -0.4696 0.6825
vn -0.6897 -0.3604 0.6281
vn -0.5939 -0.3399 0.7292
vn -0.6536 -0.4651 0.5971
vn 0.6163 0.3263 -0.7168
vn 0.5862 0.4248 -0.6899
vn 0.1154 -0.9608 -0.2520
vn 0.0705 -0.9533 -0.2938
vn 0.0266 -0.9510 -0.3080
vn 0.0589 -0.9694 -0.2384
vn 0.4256 -0.4765 -0.7693
vn 0.5155 -0.5215 -0.6799
vn 0.5601 -0.4696 -0.6825
vn 0.5372 -0.4534 -0.7113
vn 0.2779 0.2890 -0.9161
vn 0.2931 0.3307 -0.8971
vn 0.3611 0.3336 -0.8708
vn 0.3084 0.1883 -0.9324
vn 0.0970 0.2972 -0.9499
vn 0.1278 0.3501 -0.9280
vn 0.0797 0.2521 -0.9644
vn 0.2291 0.3084 -0.9233
vn 0.2091 -0.2481 -0.9459
vn 0.2779 -0.2890 -0.9161
vn 0.2783 -0.2783 -0.9193
vn 0.0918 0.9568 0.2760
vn 0.0428 0.9577 0.2845
vn 0.0312 0.9568 0.2892
vn -0.6825 -0.4696 0.5601
vn -0.7227 -0.3559 0.5925
vn -0.7231 -0.3545 0.5928
vn -0.7737 -0.4713 0.4233
vn 0.1746 0.9562 -0.2349
vn 0.1620 0.9536 -0.2539
vn 0.1878 0.9647 -0.1845
vn 0.1881 0.9565 -0.2230
vn -0.7400 0.2890 0.6073
vn -0.7360 0.3007 0.6066
vn -0.7295 0.3350 0.5963
vn -0.7245 0.3346 0.6026
vn 0.7405 0.2895 0.6065
vn 0.6694 0.3446 0.6582
vn 0.9294 0.2314 -0.2875
vn 0.9737 0.1991 -0.1104
vn 0.7786 -0.4696 -0.4162
vn 0.7620 -0.5303 -0.3716
vn 0.7297 -0.5107 -0.4547
vn 0.7765 -0.4727 -0.4166
vn -0.0100 -0.9954 -0.0958
vn 0.0380 -0.9957 -0.0848
vn 0.0676 -0.9901 -0.1227
vn -0.0099 -0.9956 -0.0936
vn 0.7648 -0.0852 0.6387
vn 0.7825 -0.1965 0.5908
vn 0.7564 -0.2172 0.6170
vn -0.0841 -0.4612 0.8833
vn -0.0903 -0.4635 0.8815
vn -0.1267 -0.3849 0.9142
vn -0.0938 -0.2890 0.9527
vn -0.1924 -0.4397 0.8773
vn -0.9527 0.2890 -0.0938
vn -0.9527 -0.2890 0.0938
vn -0.9531 -0.2882 0.0922
vn -0.9642 -0.2619 0.0417
vn -0.9437 -0.3307 -0.0061
vn 0.9138 -0.2917 -0.2827
vn 0.9153 -0.2878 -0.2819
vn 0.9161 -0.2890 -0.2779
vn 0.8777 -0.0975 -0.4691
vn 0.9163 -0.0565 -0.3965
vn 0.8593 -0.0820 -0.5048
vn 0.9237 -0.1434 -0.3553
vn 0.4683 -0.1048 0.8773
vn 0.4641 -0.0914 0.8811
vn 0.3535 -0.0555 0.9338
vn 0.2834 -0.0912 0.9546
vn 0.4217 -0.1355 0.8966
vn 0.9476 -0.1047 -0.3017
vn 0.9524 -0.0975 -0.2889
vn 0.9686 -0.0612 -0.2410
vn 0.9802 -0.0674 -0.1860
vn 0.9896 -0.0940 -0.1087
vn 0.9883 -0.1049 -0.1109
vn -0.0765 -0.9962 -0.0420
vn -0.0548 -0.9944 -0.0903
vn -0.1284 -0.9855 -0.1107
vn -0.1023 -0.9928 -0.0626
vn -0.0525 -0.9964 -0.0658
vn -0.1033 -0.9943 -0.0249
vn -0.1840 -0.9775 -0.1028
vn -0.4675 0.2822 -0.8378
vn -0.5593 0.1999 -0.8045
vn -0.6086 0.2926 -0.7376
vn -0.4888 0.3617 -0.7939
vn -0.4531 0.2924 -0.8421
vn -0.5975 -0.2875 -0.7485
vn -0.4540 -0.2765 -0.8470
vn -0.5563 -0.3221 -0.7660
vn -0.3033 -0.9503 -0.0702
vn -0.2264 0.9567 -0.1828
vn -0.1862 0.9564 -0.2251
vn -0.4513 -0.2890 -0.8443
vn -0.3047 -0.2714 -0.9129
vn -0.3527 -0.2700 -0.8960
vn -0.3254 -0.3989 -0.8573
vn -0.4158 -0.3148 -0.8532
vn 0.7636 0.0321 0.6449
vn -0.4691 -0.0975 0.8777
vn -0.3548 -0.0966 0.9299
vn -0.3584 -0.0973 0.9285
vn -0.4690 -0.0989 0.8776
vn -0.6693 -0.1181 0.7336
vn -0.6314 -0.0975 0.7693
vn -0.6314 -0.0976 0.7693
vn -0.7687 -0.1050 0.6310
vn -0.6264 -0.1031 0.7726
vn 0.9018 0.0683 -0.4267
vn 0.8992 0.0092 -0.4374
vn 0.8777 0.0975 -0.4691
vn 0.8367 0.0530 -0.5451
vn 0.8777 0.0976 -0.4691
vn -0.7639 -0.1051 -0.6367
vn -0.7693 -0.0975 -0.6314
vn -0.6919 -0.0248 -0.7215
vn -0.9919 0.0933 0.0866
vn -0.9904 0.0975 0.0976
vn -0.9904 0.0975 0.0975
vn -0.9734 0.1471 0.1756
vn -0.9543 0.1014 0.2811
vn -0.1695 0.1312 -0.9768
vn -0.3014 0.0951 -0.9488
vn 0.3368 -0.8823 -0.3286
vn 0.3383 -0.8833 -0.3245
vn 0.3658 -0.8810 -0.3002
vn 0.3379 -0.8819 -0.3287
vn 0.3653 -0.8800 -0.3035
vn 0.4285 -0.8399 -0.3330
vn 0.3683 -0.8861 -0.2813
vn 0.4732 0.8805 0.0293
vn 0.4601 0.8875 0.0277
vn 0.4709 0.8810 -0.0464
vn 0.4694 0.8811 0.0572
vn 0.4593 0.8774 0.1385
vn 0.4699 0.8811 0.0535
vn 0.5467 0.8356 0.0539
vn 0.5512 0.8324 0.0570
vn 0.4055 0.5785 -0.7077
vn 0.3421 0.5918 -0.7299
vn 0.2795 0.6180 -0.7349
vn 0.6323 0.0961 0.7687
vn 0.6314 0.0975 0.7693
vn 0.6635 0.0428 0.7470
vn 0.6377 -0.0518 0.7685
vn 0.4913 -0.6326 -0.5987
vn 0.5083 -0.5712 -0.6444
vn 0.4327 -0.6816 -0.5901
vn 0.4636 -0.6535 -0.5983
vn 0.4064 -0.7751 0.4838
vn 0.3911 -0.8359 0.3851
vn 0.4918 -0.7715 0.4036
vn 0.4070 -0.7757 0.4823
vn 0.0911 0.9562 0.2780
vn 0.1538 0.9699 0.1890
vn 0.1385 0.9573 0.2537
vn 0.2196 0.9532 0.2077
vn 0.4453 0.8781 0.1748
vn 0.4409 0.8766 0.1927
vn 0.2379 0.8837 0.4031
vn 0.3002 0.8810 0.3658
vn 0.3004 0.8812 0.3652
vn 0.2256 0.8834 0.4108
vn -0.4692 0.0962 0.8779
vn -0.2953 0.0976 0.9504
vn -0.3351 -0.0932 0.9376
vn -0.4748 0.0989 0.8745
vn -0.2889 0.0975 0.9524
vn 0.2041 -0.8544 0.4778
vn 0.1847 -0.7715 0.6088
vn 0.2695 -0.8006 0.5351
vn 0.2999 -0.7715 0.5611
vn 0.1424 0.8858 0.4417
vn 0.1910 0.9305 0.3125
vn 0.1463 0.8813 0.4492
vn 0.4966 0.6303 -0.5968
vn 0.4919 0.6353 -0.5953
vn -0.2181 -0.5263 0.8219
vn -0.2423 -0.6039 0.7593
vn -0.1472 -0.6567 0.7396
vn -0.0825 -0.4783 0.8743
vn -0.2490 -0.4675 0.8482
vn 0.0467 0.8810 0.4708
vn -0.0442 -0.9775 0.2062
vn 0.0195 -0.9748 0.2223
vn -0.2564 0.9497 0.1796
vn -0.1801 0.9524 0.2459
vn -0.2609 0.9599 0.1028
vn -0.1422 0.9826 0.1198
vn -0.1345 0.8804 0.4547
vn -0.0170 0.9100 0.4143
vn -0.0811 0.9239 0.3738
vn -0.1374 0.8810 0.4528
vn -0.0630 -0.7706 0.6341
vn -0.0434 -0.8511 0.5233
vn -0.9533 -0.0932 0.2872
vn -0.9535 -0.0730 0.2926
vn -0.9524 -0.0975 0.2889
vn -0.9531 -0.0456 0.2991
vn -0.9834 -0.1178 0.1383
vn -0.9703 -0.0429 0.2380
vn -0.9849 0.0675 0.1592
vn -0.9701 0.1430 0.1962
vn -0.9905 0.0983 0.0964
vn -0.9980 -0.0563 0.0270
vn -0.9905 -0.0961 0.0982
vn 0.0207 -0.9961 0.0854
vn 0.0615 -0.9964 0.0580
vn 0.0204 -0.9954 0.0940
vn 0.0476 -0.9959 0.0763
vn 0.1259 -0.9749 0.1834
vn 0.0227 -0.9948 0.0998
vn -0.0318 -0.9956 0.0880
vn -0.0312 -0.9946 0.0986
vn -0.6744 -0.0428 -0.7371
vn -0.6194 -0.0967 -0.7791
vn -0.6883 -0.1822 -0.7021
vn -0.7548 -0.0971 -0.6488
vn -0.6949 0.1118 -0.7104
vn -0.6013 0.0544 -0.7972
vn -0.4173 0.8810 0.2230
vn -0.3873 0.8786 0.2796
vn -0.4173 0.8810 0.2231
vn -0.4175 0.8800 0.2263
vn -0.3638 0.8883 0.2804
vn -0.3748 0.8800 0.2916
vn -0.4516 -0.8813 0.1394
vn -0.4718 -0.8803 0.0495
vn -0.4528 -0.8810 0.1374
vn -0.5689 -0.8107 0.1387
vn -0.4802 -0.8513 0.2116
vn -0.4594 -0.8569 0.2337
vn -0.5562 -0.7865 0.2685
vn -0.2988 -0.8813 -0.3661
vn -0.2762 -0.8867 -0.3707
vn -0.2307 -0.8796 -0.4161
vn -0.2553 -0.8851 -0.3892
vn -0.2224 -0.8864 -0.4061
vn -0.2105 0.8826 -0.4204
vn -0.1374 0.8810 -0.4528
vn -0.2169 0.8818 -0.4188
vn -0.1931 0.8846 -0.4246
vn 0.4691 -0.0975 0.8777
vn 0.4630 -0.0895 0.8818
vn 0.6260 -0.0897 0.7747
vn 0.5114 -0.1685 0.8427
vn 0.9524 0.0975 0.2889
vn 0.9510 0.1671 0.2601
vn 0.6635 0.1524 0.7325
vn 0.7144 0.1637 0.6803
vn 0.6079 0.2367 0.7579
vn 0.7190 0.2694 0.6407
vn 0.0975 0.0995 0.9902
vn 0.0978 0.0997 0.9902
vn 0.0938 0.2890 0.9527
vn 0.0923 0.2873 0.9534
vn 0.0860 0.2799 0.9562
vn -0.2777 -0.1285 0.9520
vn -0.2889 -0.0975 0.9524
vn -0.2803 -0.0801 0.9566
vn 0.2917 -0.0756 0.9535
vn 0.2773 -0.0839 0.9571
vn 0.2889 -0.0975 0.9524
vn 0.2858 -0.0993 0.9531
vn -0.9270 -0.1205 0.3553
vn -0.8777 -0.0975 0.4691
vn -0.8788 -0.0969 0.4672
vn -0.8777 0.0975 -0.4692
vn -0.8682 0.1111 -0.4836
vn -0.4403 -0.2868 -0.8508
vn -0.4601 -0.2906 -0.8390
vn -0.9453 0.1475 -0.2909
vn -0.9809 0.1243 -0.1496
vn -0.9677 0.0611 -0.2446
vn -0.2715 -0.2718 -0.9233
vn -0.5809 -0.2321 -0.7802
vn -0.6612 -0.1496 -0.7351
vn -0.7520 -0.1208 -0.6480
vn -0.6808 -0.2520 -0.6877
vn -0.0518 -0.1702 -0.9840
vn -0.1100 -0.1311 -0.9852
vn -0.0976 -0.0976 -0.9904
vn 0.7672 -0.4587 -0.4483
vn 0.2779 -0.2890 0.9161
vn 0.2799 -0.2879 0.9158
vn 0.1695 -0.2518 0.9528
vn 0.8951 0.3434 0.2844
vn 0.8448 0.4696 0.2563
vn 0.8824 -0.3905 0.2626
vn 0.8783 -0.3960 0.2679
vn 0.8563 -0.3956 0.3320
vn -0.1625 0.3207 0.9332
vn -0.0804 0.4663 0.8810
vn -0.0057 0.3945 0.9189
vn -0.0192 0.4307 0.9023
vn -0.7781 0.4708 0.4157
vn -0.8269 -0.3243 0.4594
vn -0.7923 -0.3378 0.5081
vn -0.8443 -0.2890 0.4513
vn 0.6825 -0.4696 -0.5601
vn -0.8875 0.3883 0.2482
vn -0.8213 0.3135 -0.4767
vn -0.0865 -0.4696 -0.8786
vn -0.0882 -0.4688 -0.8789
vn -0.0771 -0.3792 -0.9221
vn 0.1865 -0.6062 -0.7732
vn 0.2563 -0.4696 -0.8448
vn 0.3073 -0.5049 -0.8066
vn 0.3618 -0.4325 -0.8258
vn 0.2261 -0.5048 -0.8331
vn 0.7784 0.4586 -0.4287
vn 0.6870 0.5250 -0.5024
vn 0.7268 0.5618 -0.3951
vn -0.5623 0.4635 0.6848
vn -0.5635 0.4602 0.6860
vn -0.4913 0.6326 0.5987
vn -0.4971 0.6218 0.6052
vn -0.5150 -0.4794 0.7106
vn -0.2662 0.5115 0.8170
vn -0.2455 0.4933 0.8345
vn -0.2101 0.6382 0.7406
vn -0.3739 0.5658 0.7349
vn -0.0527 0.5311 0.8457
vn -0.0906 0.4663 0.8800
vn -0.2610 0.4716 0.8423
vn 0.2240 0.6331 0.7410
vn 0.2039 0.5525 0.8082
vn 0.2629 0.4647 0.8455
vn 0.1530 0.5437 0.8252
vn 0.5553 -0.4870 0.6741
vn 0.5601 -0.4696 0.6825
vn -0.8777 0.4719 -0.0828
vn -0.8926 0.4217 -0.1596
vn -0.8786 0.4696 -0.0865
vn -0.8595 0.4824 -0.1691
vn -0.8081 -0.4908 0.3259
vn -0.7178 -0.5904 0.3690
vn -0.8448 -0.4696 0.2563
vn -0.7786 0.4696 -0.4162
vn -0.4062 -0.4920 0.7700
vn -0.3519 -0.6303 0.6921
vn -0.3905 -0.5257 0.7557
vn -0.6960 -0.5735 -0.4320
vn -0.6913 -0.5675 -0.4473
vn -0.6181 -0.6335 -0.4654
vn -0.6834 -0.4879 -0.5430
vn 0.6314 0.0976 -0.7693
vn 0.6662 -0.0292 -0.7452
vn 0.6339 -0.1109 -0.7654
vn 0.6314 0.0975 -0.7693
vn 0.6943 0.0621 -0.7170
vn 0.2118 -0.1388 0.9674
vn 0.2554 0.0756 0.9639
vn 0.1448 -0.0871 0.9856
vn 0.0902 -0.0341 0.9953
vn -0.0491 -0.1274 -0.9906
vn 0.0301 -0.1178 -0.9926
vn -0.0976 -0.0975 -0.9904
vn -0.1305 -0.0770 -0.9885
vn -0.0700 0.0816 -0.9942
vn 0.0975 -0.0976 -0.9904
vn 0.1270 0.0298 -0.9915
vn -0.2889 0.0973 0.9524
vn -0.2888 -0.0987 0.9523
vn 0.7693 -0.0976 -0.6314
vn 0.6896 -0.0448 -0.7228
vn 0.7357 -0.0730 -0.6734
vn 0.9904 -0.0975 -0.0975
vn 0.9853 0.0590 -0.1602
vn 0.9904 -0.0975 -0.0976
vn 0.9933 0.0416 -0.1080
vn 0.0975 -0.0975 0.9904
vn 0.0948 -0.0944 0.9910
vn 0.1018 -0.0271 0.9944
vn 0.0975 -0.0976 0.9904
vn -0.4686 -0.0990 0.8778
vn -0.7404 0.1195 0.6614
vn -0.5603 -0.0873 0.8237
vn -0.4686 -0.0994 0.8778
vn -0.6335 -0.0999 0.7673
vn -0.5957 -0.1021 0.7967
vn -0.9856 -0.0700 0.1539
vn -0.0826 -0.1075 -0.9908
vn -0.9904 0.0975 -0.0976
vn 0.8323 0.2697 0.4844
vn -0.1239 0.2385 0.9632
vn -0.1879 0.2469 0.9507
vn -0.0938 0.2890 0.9527
vn -0.2779 0.2890 0.9161
vn -0.2396 0.2133 0.9472
vn 0.9114 0.1237 0.3926
vn 0.8804 0.1950 0.4323
vn 0.1853 0.2094 -0.9601
vn 0.0402 0.1501 -0.9879
vn 0.1065 0.1206 -0.9870
vn 0.3578 -0.3244 -0.8756
vn 0.4169 -0.2670 -0.8689
vn 0.2945 -0.2833 -0.9127
vn 0.5161 -0.1661 -0.8403
vn 0.0422 -0.1223 0.9916
vn -0.0330 -0.1652 0.9857
vn -0.0927 -0.0758 0.9928
vn -0.0896 -0.2686 0.9591
vn -0.2432 -0.1459 0.9589
vn -0.0975 -0.0976 0.9904
vn -0.1053 -0.0998 0.9894
vn -0.2468 -0.1863 0.9510
vn 0.8742 -0.1010 0.4749
vn 0.8574 -0.1892 0.4787
vn 0.8777 -0.0975 0.4691
vn 0.8288 -0.0560 0.5567
vn -0.8670 -0.2560 -0.4275
vn -0.9167 -0.2865 -0.2784
vn -0.9126 -0.1878 -0.3632
vn -0.9298 -0.2608 -0.2597
vn 0.2248 0.6326 -0.7412
vn 0.1493 0.6494 -0.7457
vn 0.2417 0.6877 -0.6846
vn 0.1797 0.7535 -0.6324
vn 0.2251 0.6672 -0.7100
vn 0.7729 0.6302 -0.0741
vn 0.7683 0.6079 -0.2003
vn 0.6344 0.7705 -0.0623
vn 0.6831 -0.6326 -0.3651
vn 0.6719 -0.6946 -0.2570
vn 0.6822 -0.6334 -0.3652
vn 0.7335 -0.6225 -0.2730
vn -0.5545 0.6530 -0.5158
vn -0.5618 0.6132 -0.5554
vn -0.5987 0.6326 -0.4913
vn 0.4774 -0.7210 0.5022
vn 0.4913 -0.6326 0.5987
vn 0.5011 -0.6446 0.5773
vn 0.4285 -0.6742 0.6015
vn 0.4910 -0.6322 0.5994
vn 0.5739 -0.6409 0.5099
vn 0.4860 -0.7150 0.5026
vn 0.5185 -0.7518 0.4073
vn 0.5567 -0.6722 0.4880
vn 0.5987 -0.6326 0.4913
vn 0.5369 -0.6850 0.4925
vn 0.7412 0.6326 0.2248
vn -0.0635 0.7340 0.6761
vn -0.1025 0.6706 0.7347
vn -0.0782 0.6336 0.7697
vn -0.0577 0.7740 0.6305
vn -0.0418 0.7639 0.6440
vn 0.0554 0.6809 0.7303
vn -0.7708 0.6326 -0.0759
vn -0.7911 0.6100 0.0439
vn -0.7708 0.6325 -0.0758
vn -0.7583 0.6502 -0.0465
vn -0.1095 0.6340 -0.7655
vn -0.2248 0.6326 -0.7412
vn -0.1113 0.6344 -0.7649
vn -0.2150 0.6811 -0.6999
vn -0.1020 0.6580 -0.7460
vn -0.0194 -0.1685 0.9855
vn -0.0976 -0.0976 0.9904
vn -0.0975 -0.0975 0.9904
vn -0.0832 -0.0042 0.9965
vn 0.0338 0.0557 0.9979
vn -0.0645 0.0390 0.9972
vn -0.1031 0.0157 0.9945
vn 0.4928 -0.1120 -0.8629
vn 0.4691 -0.0976 -0.8777
vn 0.8834 -0.1030 0.4572
vn 0.8777 -0.0975 0.4692
vn 0.7785 -0.1074 0.6184
vn 0.8724 -0.0247 0.4881
vn -0.6274 -0.0982 0.7725
vn -0.6316 0.0928 0.7697
vn 0.9524 -0.0975 0.2889
vn 0.9509 -0.0944 0.2946
vn 0.9361 -0.0169 0.3512
vn 0.1654 -0.1229 -0.9785
vn 0.1383 -0.0840 -0.9868
vn -0.8777 -0.1065 0.4673
vn -0.8812 -0.1034 0.4613
vn -0.9530 -0.0991 0.2864
vn -0.3030 -0.0846 -0.9492
vn -0.4696 -0.0986 -0.8773
vn -0.2861 -0.0484 -0.9570
vn 0.6172 0.0571 -0.7847
vn 0.9648 0.0095 -0.2629
vn 0.9502 0.0208 -0.3110
vn 0.8853 0.0917 -0.4559
vn 0.9149 0.1421 -0.3780
vn 0.8718 0.1021 -0.4792
vn 0.8659 0.2084 -0.4548
vn 0.9396 0.1448 -0.3103
vn 0.4532 0.0858 0.8873
vn 0.3532 0.1402 0.9250
vn 0.4691 0.0976 0.8777
vn 0.4261 0.1117 0.8977
vn 0.5292 0.0211 0.8483
vn 0.5964 0.0707 0.7996
vn 0.4691 0.0975 0.8777
vn -0.4422 0.0897 0.8924
vn -0.2869 0.0966 0.9531
vn -0.9904 -0.0975 -0.0975
vn -0.9922 -0.0738 -0.1004
vn -0.9904 0.0968 -0.0983
vn -0.9936 0.0829 -0.0764
vn -0.9904 0.0975 -0.0975
vn -0.9332 0.0843 0.3495
vn -0.9520 0.1012 0.2889
vn -0.8994 0.1076 0.4236
vn -0.9524 0.0975 0.2889
vn -0.8864 0.1003 0.4520
vn -0.9937 0.0795 0.0791
vn -0.9994 0.0228 -0.0260
vn -0.9162 -0.0144 -0.4005
vn -0.8777 -0.0975 -0.4691
vn -0.8768 -0.0958 -0.4712
vn -0.8728 0.1046 -0.4768
vn -0.8970 0.1793 -0.4041
vn -0.1942 0.0740 -0.9782
vn -0.1104 0.0946 -0.9894
vn -0.7651 0.1025 -0.6357
vn -0.8301 0.0058 -0.5576
vn -0.8758 0.0925 -0.4738
vn -0.7657 0.0842 -0.6377
vn -0.0907 0.0996 -0.9909
vn 0.0783 0.2104 -0.9745
vn -0.7693 0.0975 0.6314
vn -0.7176 0.1167 0.6866
vn -0.6936 0.1118 0.7116
vn -0.4581 0.1757 0.8714
vn -0.4415 0.2950 0.8473
vn -0.2699 0.2857 0.9195
vn -0.2742 0.1052 0.9559
vn -0.2398 0.2687 0.9329
vn -0.9898 0.0966 0.1045
vn -0.9442 0.1659 0.2845
vn -0.8450 0.2912 0.4485
vn -0.8798 0.1600 0.4475
vn -0.9170 0.2888 0.2752
vn -0.9405 0.1654 0.2968
vn 0.2422 -0.2658 -0.9331
vn 0.3502 -0.1745 -0.9203
vn 0.2748 -0.1282 -0.9529
vn 0.3286 -0.1751 -0.9281
vn 0.9894 -0.1057 -0.0991
vn 0.9456 -0.2326 -0.2277
vn 0.7342 0.0075 0.6789
vn 0.6805 -0.0598 0.7303
vn 0.6314 -0.0975 0.7693
vn 0.6276 -0.0934 0.7729
vn 0.0976 -0.1063 0.9895
vn 0.1039 -0.1040 0.9891
vn -0.8466 -0.4684 0.2527
vn -0.8707 -0.4423 0.2150
vn -0.8795 -0.4679 0.0873
vn -0.8834 -0.3679 0.2903
vn -0.8669 -0.4836 0.1208
vn -0.6908 -0.2823 0.6657
vn -0.8448 -0.4701 -0.2555
vn -0.7879 -0.2777 0.5497
vn 0.8814 -0.3882 0.2691
vn -0.8786 -0.4696 0.0865
vn -0.8714 -0.4863 -0.0644
vn -0.9250 -0.3721 0.0767
vn -0.8877 -0.4578 -0.0499
vn 0.7224 -0.3776 0.5793
vn 0.7020 -0.4004 0.5890
vn 0.6340 -0.3077 -0.7095
vn 0.7786 0.4696 0.4162
vn 0.7537 0.4402 0.4881
vn 0.8175 0.3301 0.4719
vn 0.4513 0.2890 0.8443
vn 0.3886 0.3486 0.8529
vn 0.4162 0.4696 0.7786
vn -0.8946 0.4469 -0.0001
vn -0.1303 0.3401 -0.9313
vn -0.0921 0.2940 -0.9513
vn -0.1165 0.3860 -0.9151
vn -0.0833 0.4650 -0.8814
vn -0.9798 -0.1900 0.0625
vn -0.9892 -0.1168 0.0890
vn -0.4420 -0.2877 0.8496
vn -0.3091 -0.2952 0.9040
vn -0.2730 -0.2723 0.9227
vn -0.2779 -0.2890 0.9161
vn -0.4523 -0.2852 0.8450
vn -0.4513 -0.2890 0.8443
vn 0.0938 -0.2890 0.9527
vn 0.0960 -0.2880 0.9528
vn 0.1115 -0.1811 0.9771
vn 0.2256 -0.2501 0.9416
vn 0.0975 -0.2939 0.9509
vn -0.4390 -0.2577 -0.8607
vn 0.6314 -0.0976 0.7693
vn -0.1106 -0.3398 -0.9340
vn -0.0938 -0.2890 -0.9527
vn -0.0933 -0.2874 -0.9532
vn -0.0239 -0.3293 -0.9439
vn -0.1436 -0.2500 -0.9575
vn -0.0908 -0.1021 -0.9906
vn 0.6292 -0.2497 -0.7360
vn 0.6494 -0.3180 -0.6908
vn 0.6314 -0.0975 -0.7693
vn 0.6139 -0.1374 -0.7773
vn 0.7072 -0.1990 -0.6785
vn 0.1003 -0.2751 -0.9562
vn 0.2869 0.2855 -0.9144
vn 0.8824 0.3191 -0.3457
vn 0.8710 0.2808 -0.4031
vn 0.7684 0.2763 0.5773
vn 0.8763 0.2657 0.4019
vn 0.4842 0.2535 0.8374
vn 0.2779 0.2890 0.9161
vn 0.3827 0.2316 0.8944
vn 0.2865 0.2589 0.9224
vn 0.2763 0.2875 0.9171
vn -0.7534 0.2153 0.6213
vn -0.4674 0.3160 0.8256
vn -0.5354 0.2698 0.8003
vn -0.4461 0.3092 0.8399
vn -0.4088 0.4674 0.7839
vn -0.5958 0.3371 0.7289
vn -0.6073 0.2890 0.7400
vn -0.5703 0.2794 0.7725
vn -0.6007 0.3383 0.7244
vn -0.5910 0.3503 0.7266
vn -0.6055 0.2886 0.7417
vn -0.7261 0.3423 0.5964
vn -0.4513 0.2890 -0.8443
vn 0.8291 0.2999 -0.4718
vn 0.8275 0.2375 -0.5087
vn 0.7881 0.2665 -0.5548
vn 0.8443 0.2890 -0.4513
vn 0.7400 0.2890 -0.6073
vn -0.9001 0.3124 -0.3035
vn -0.9478 0.2298 -0.2212
vn 0.9527 0.2890 0.0938
vn 0.9022 0.4232 0.0835
vn 0.9497 0.3130 0.0078
vn -0.4353 0.3151 -0.8433
vn -0.2713 0.2877 -0.9185
vn -0.2719 0.2863 -0.9187
vn -0.3331 0.3147 -0.8888
vn -0.4109 0.3540 -0.8401
vn -0.4278 0.3312 -0.8410
vn 0.5672 0.3655 -0.7380
vn 0.6073 0.2890 -0.7400
vn 0.5300 0.2454 -0.8117
vn 0.8566 -0.3321 -0.3948
vn 0.8039 -0.4276 -0.4134
vn 0.8411 -0.2914 -0.4557
vn 0.8351 -0.4091 -0.3679
vn 0.6942 -0.4795 -0.5368
vn 0.7564 -0.3879 -0.5267
vn 0.0673 -0.3009 0.9513
vn 0.0257 -0.2408 0.9702
vn 0.8899 -0.2953 0.3476
vn 0.8821 -0.3058 0.3584
vn 0.8443 -0.2890 0.4513
vn -0.9161 -0.2890 -0.2779
vn -0.9090 -0.2524 -0.3316
vn -0.8436 -0.4230 -0.3307
vn -0.9018 -0.3155 -0.2955
vn 0.0759 -0.6326 -0.7708
vn -0.0759 -0.6324 -0.7709
vn 0.0048 -0.6502 -0.7597
vn 0.1272 -0.6510 -0.7483
vn 0.2293 -0.6350 -0.7377
vn 0.2248 -0.6326 -0.7412
vn 0.0750 0.6568 -0.7503
vn 0.0552 0.5988 -0.7990
vn 0.0808 0.6299 0.7725
vn 0.0538 0.6017 0.7969
vn 0.0836 0.6340 0.7688
vn 0.0759 0.6326 0.7708
vn -0.0710 0.6304 0.7730
vn -0.0251 0.5940 0.8041
vn -0.0683 0.6347 0.7697
vn -0.0735 0.6314 0.7719
vn 0.4162 0.4696 -0.7786
vn 0.7880 -0.6128 0.0596
vn 0.7890 -0.6125 0.0488
vn 0.8817 -0.4647 0.0813
vn 0.7669 -0.6373 0.0753
vn 0.7631 -0.6407 0.0853
vn -0.7983 0.5971 -0.0788
vn -0.8335 0.5180 -0.1922
vn -0.7786 0.6200 -0.0970
vn -0.8404 0.4944 -0.2221
vn -0.4934 0.6313 0.5984
vn -0.4018 0.6039 0.6884
vn -0.4926 0.6327 0.5975
vn -0.7708 -0.6326 -0.0759
vn -0.8051 -0.5907 -0.0536
vn -0.8340 -0.5496 0.0492
vn -0.8666 -0.4982 -0.0276
vn -0.7708 -0.6326 0.0759
vn -0.8222 -0.5541 -0.1301
vn -0.7400 0.2890 -0.6073
vn -0.7883 0.2471 -0.5634
vn -0.7164 0.4467 -0.5360
vn 0.4250 0.3081 0.8512
vn -0.8262 0.5030 0.2537
vn -0.8462 0.4665 0.2576
vn 0.8426 0.3401 -0.4177
vn 0.7072 0.4946 0.5052
vn 0.7349 0.5329 0.4194
vn 0.6825 0.4696 0.5601
vn 0.8411 0.5075 -0.1872
vn 0.8448 0.4696 -0.2563
vn 0.0865 0.4696 0.8786
vn 0.1119 0.5166 0.8489
vn 0.0061 0.5229 0.8524
vn 0.0825 0.4722 0.8776
vn 0.3913 0.4615 -0.7962
vn 0.2989 0.3480 -0.8886
vn 0.2861 0.5237 -0.8024
vn 0.2670 0.4663 -0.8434
vn 0.4262 0.4657 -0.7755
vn 0.2517 0.3372 -0.9071
vn 0.2009 0.3695 -0.9073
vn 0.2513 0.4555 -0.8540
vn 0.2836 0.4255 -0.8594
vn 0.2502 -0.4653 -0.8491
vn 0.2322 -0.4543 -0.8601
vn 0.1071 -0.3942 -0.9128
vn 0.1463 -0.3250 -0.9343
vn 0.0857 -0.4718 -0.8776
vn 0.0865 -0.4696 -0.8786
vn 0.2550 -0.4700 -0.8450
vn 0.3643 -0.4332 -0.8244
vn 0.1968 -0.4202 -0.8859
vn 0.2498 -0.3426 -0.9057
vn 0.4053 -0.3698 -0.8361
vn 0.5653 -0.4631 -0.6826
vn 0.6238 -0.4055 -0.6682
vn 0.6332 -0.3674 -0.6813
vn 0.5991 -0.2833 -0.7489
vn 0.9236 -0.3727 0.0898
vn 0.7810 -0.4714 0.4097
vn 0.7773 -0.4684 0.4199
vn 0.8096 -0.3957 0.4335
vn 0.8100 -0.3862 0.4412
vn -0.5235 -0.4781 0.7052
vn -0.6073 -0.2890 0.7400
vn -0.5989 -0.6361 -0.4865
vn -0.6616 -0.4720 0.5827
vn -0.6653 -0.4715 0.5789
vn 0.7967 -0.6001 -0.0711
vn 0.8794 -0.4682 -0.0863
vn -0.8000 -0.5463 -0.2481
vn -0.8012 -0.4664 -0.3748
vn -0.6765 -0.4704 0.5666
vn -0.6881 -0.4689 0.5539
vn 0.3560 0.4916 -0.7947
vn 0.2088 0.5823 -0.7857
vn 0.7675 0.4153 -0.4883
vn -0.8490 0.3099 -0.4280
vn -0.4162 0.4696 0.7786
vn -0.1055 -0.7838 -0.6120
vn -0.1302 -0.7795 -0.6128
vn -0.5663 -0.7712 -0.2909
vn -0.5077 -0.7671 -0.3921
vn -0.4977 -0.7721 -0.3951
vn -0.5116 -0.7326 -0.4490
vn -0.2728 0.6287 -0.7282
vn -0.2137 0.6833 -0.6982
vn -0.5582 -0.6812 0.4737
vn -0.5620 -0.6857 0.4626
vn -0.5987 -0.6326 0.4913
vn 0.6831 -0.6326 0.3651
vn 0.6842 -0.6337 0.3610
vn 0.6972 -0.6520 0.2980
vn 0.5560 -0.7730 0.3054
vn 0.5969 -0.7420 0.3050
vn 0.1713 0.6451 0.7446
vn 0.2248 0.6326 0.7412
vn 0.2625 0.7268 0.6347
vn 0.2305 0.6574 0.7174
vn 0.2149 0.7729 0.5970
vn 0.0942 0.7628 0.6397
vn 0.0624 0.7715 -0.6332
vn 0.0695 0.7904 -0.6086
vn 0.0851 0.6615 -0.7451
vn 0.0631 0.7714 -0.6332
vn 0.7739 -0.5692 -0.2776
vn 0.7412 -0.6326 -0.2248
vn 0.8332 -0.4549 -0.3144
vn 0.8468 -0.4634 -0.2611
vn 0.7442 -0.6271 -0.2300
vn 0.5909 -0.7307 -0.3421
vn 0.5781 -0.6823 -0.4475
vn 0.6222 -0.6554 -0.4282
vn 0.5987 -0.6326 -0.4913
vn 0.6882 -0.6273 -0.3645
vn 0.4967 -0.6370 -0.5895
vn 0.5384 -0.6194 -0.5714
vn -0.3256 -0.6253 0.7092
vn -0.2273 -0.5998 0.7672
vn -0.3651 -0.6326 0.6831
vn -0.7749 -0.6287 0.0655
vn -0.7397 -0.6394 0.2099
vn -0.7412 -0.6326 0.2248
vn -0.7710 -0.6149 0.1656
vn -0.8098 -0.5408 0.2275
vn -0.7380 -0.6596 0.1423
vn -0.8295 -0.5031 0.2426
vn -0.7754 -0.5600 0.2917
vn -0.6831 -0.7197 -0.1241
vn -0.7593 -0.6498 -0.0359
vn -0.7412 -0.6326 -0.2248
vn -0.7424 -0.6635 -0.0927
vn -0.7698 -0.6342 -0.0722
vn 0.5992 0.6355 -0.4868
vn 0.5649 0.6290 -0.5341
vn -0.7202 -0.6392 -0.2695
vn -0.7435 -0.6317 -0.2195
vn -0.7653 -0.6081 -0.2111
vn -0.7917 -0.5792 -0.1945
vn 0.7708 0.6326 0.0759
vn 0.7643 0.6409 0.0711
vn 0.7484 0.6412 0.1697
vn 0.8477 0.4672 0.2513
vn 0.7503 0.5508 0.3657
vn 0.7283 0.6082 0.3157
vn 0.6867 0.5346 0.4926
vn 0.6351 0.5947 0.4930
vn 0.6831 0.6326 0.3651
vn -0.4913 -0.6326 -0.5987
vn -0.4198 -0.6465 -0.6370
vn -0.5177 -0.5948 -0.6150
vn -0.4142 -0.6149 -0.6711
vn -0.1949 0.6218 0.7585
vn -0.0759 0.6326 0.7708
vn -0.2203 0.7120 0.6667
vn 0.6559 0.5031 0.5627
vn 0.5334 0.6155 0.5802
vn 0.4734 0.6355 0.6099
vn -0.3456 -0.6268 -0.6984
vn -0.2777 -0.6521 -0.7054
vn -0.2709 -0.6164 -0.7393
vn -0.3592 -0.6031 -0.7122
vn -0.2153 -0.5917 -0.7769
vn -0.5488 0.6357 0.5428
vn -0.0761 -0.6325 -0.7708
vn -0.1926 -0.6425 -0.7417
vn -0.2250 -0.6326 -0.7411
vn -0.6004 0.6325 0.4895
vn -0.6269 0.5958 0.5020
vn -0.6831 0.6214 0.3837
vn -0.6042 0.6498 0.4612
vn -0.8448 0.4696 -0.2563
vn -0.8337 0.5163 -0.1960
vn -0.7753 0.6003 -0.1963
vn -0.8268 0.4905 -0.2755
vn -0.7752 0.5147 -0.3664
vn -0.7660 0.5985 -0.2345
vn -0.3616 0.6332 -0.6843
vn -0.3922 0.6301 -0.6702
vn -0.2807 0.5177 -0.8082
vn -0.2532 0.6307 -0.7336
vn -0.3900 0.4785 -0.7867
vn -0.2308 0.6388 -0.7339
vn -0.2704 0.4957 -0.8253
vn -0.0853 0.6049 -0.7917
vn -0.1122 0.6318 -0.7669
vn -0.2227 0.6392 -0.7361
vn -0.1328 0.4677 -0.8738
vn -0.0759 0.6326 -0.7708
vn -0.1804 0.7703 0.6116
vn -0.6044 0.7735 0.1908
vn -0.7762 0.6080 0.1667
vn -0.7040 0.6836 0.1927
vn -0.7405 0.6583 0.1353
vn -0.6675 0.7261 0.1651
vn 0.7643 -0.6172 -0.1866
vn 0.7600 -0.6134 -0.2145
vn 0.7708 -0.6326 -0.0759
vn 0.7673 -0.6218 -0.1571
vn 0.7458 -0.6649 -0.0414
vn -0.7417 -0.6323 0.2239
vn 0.6019 -0.7656 0.2270
vn 0.6149 -0.7665 0.1855
vn 0.5611 -0.7715 0.2999
vn 0.5408 -0.8047 0.2448
vn 0.4959 -0.8376 0.2292
vn 0.4193 -0.8866 -0.1951
vn 0.4173 -0.8810 -0.2230
vn 0.2859 -0.8527 0.4373
vn 0.4102 -0.8579 0.3093
vn 0.5508 0.8199 0.1559
vn 0.2034 0.8525 0.4815
vn 0.1901 0.8477 0.4952
vn -0.0118 0.7832 0.6217
vn -0.0271 0.8079 0.5887
vn -0.1001 -0.8066 0.5826
vn -0.1786 -0.7701 0.6125
vn -0.6019 0.7976 0.0393
vn -0.6332 0.7715 -0.0624
vn -0.5706 0.7664 -0.2950
vn -0.4014 0.7772 -0.4847
vn -0.4051 0.7724 -0.4892
vn -0.4056 0.7709 -0.4911
vn -0.5607 0.7722 -0.2990
vn -0.3620 -0.8804 -0.3063
vn -0.1444 -0.8954 -0.4211
vn -0.1982 -0.8741 -0.4435
vn -0.2815 -0.9078 -0.3110
vn -0.2315 -0.8955 -0.3801
vn 0.0464 -0.8810 -0.4709
vn 0.0646 -0.8903 -0.4508
vn 0.1339 -0.8816 -0.4526
vn 0.1374 -0.8810 -0.4528
vn 0.0080 -0.9334 -0.3587
vn 0.0518 -0.9230 -0.3814
vn 0.0047 -0.8844 -0.4668
vn -0.4918 0.7715 -0.4036
vn -0.5104 0.7228 -0.4659
vn -0.5065 0.7776 -0.3725
vn 0.0619 0.7717 0.6330
vn 0.0466 0.8812 0.4704
vn 0.6131 0.7036 0.3592
vn 0.6365 0.7287 0.2526
vn 0.6894 0.6293 0.3588
vn -0.3954 -0.8449 -0.3603
vn 0.4918 0.7715 -0.4036
vn 0.4020 0.7642 -0.5043
vn 0.3273 0.8398 -0.4332
vn 0.2993 0.8759 -0.3783
vn 0.3494 0.7726 -0.5302
vn 0.4040 0.7734 -0.4885
vn 0.3963 0.8152 -0.4223
vn -0.6455 -0.6265 0.4368
vn -0.6831 -0.6326 0.3651
vn -0.6834 -0.6570 0.3184
vn -0.6827 -0.6589 0.3160
vn -0.6631 -0.7009 -0.2628
vn -0.6083 -0.7724 -0.1826
vn -0.2630 -0.7813 0.5660
vn -0.2934 -0.8193 0.4926
vn -0.2853 -0.7883 0.5452
vn 0.6151 -0.7842 -0.0821
vn 0.5620 -0.8056 -0.1875
vn 0.0276 0.7934 -0.6081
vn 0.1371 0.7545 -0.6419
vn 0.1625 0.8359 -0.5243
vn 0.5223 0.8006 0.2937
vn 0.2979 0.8817 -0.3659
vn 0.2262 0.8953 -0.3839
vn 0.6332 0.7715 -0.0624
vn 0.5802 0.8117 -0.0666
vn 0.5136 -0.8018 -0.3054
vn 0.4851 -0.8430 -0.2323
vn 0.2570 -0.7717 0.5817
vn -0.1087 -0.8529 0.5106
vn -0.1847 -0.7715 0.6088
vn -0.1861 -0.7718 0.6080
vn -0.2585 0.8628 0.4343
vn -0.2471 0.8781 0.4098
vn -0.3354 0.7766 0.5334
vn -0.2291 0.8554 0.4645
vn -0.6094 -0.7701 0.1885
vn -0.5369 -0.8237 0.1823
vn -0.6073 -0.7721 0.1872
vn -0.6381 -0.7683 0.0515
vn -0.4448 0.7944 -0.4136
vn -0.1452 -0.8802 -0.4519
vn -0.1391 -0.8787 -0.4566
vn -0.1235 -0.8823 -0.4543
vn -0.2872 -0.8139 -0.5051
vn -0.3985 -0.7713 0.4963
vn -0.3913 -0.7793 0.4894
vn 0.0624 -0.7715 0.6332
vn 0.0372 -0.7665 0.6412
vn 0.4376 -0.7657 0.4713
vn 0.4516 -0.7816 0.4302
vn -0.1200 -0.7317 0.6710
vn -0.1850 -0.7712 0.6092
vn -0.1746 -0.7751 0.6072
vn 0.5222 -0.7622 0.3825
vn 0.6285 -0.7691 0.1161
vn 0.6182 -0.7776 0.1148
vn -0.3065 0.7704 -0.5591
vn -0.2965 0.7721 -0.5621
vn -0.2987 0.7750 -0.5569
vn -0.2999 0.7715 -0.5611
vn -0.1889 0.7782 -0.5990
vn 0.2534 -0.8429 -0.4748
vn 0.2230 -0.8810 -0.4173
vn 0.2630 -0.7857 -0.5600
vn 0.6088 -0.7715 0.1847
vn 0.6078 -0.7707 0.1910
vn 0.0624 0.7715 0.6332
vn 0.4831 0.7283 -0.4861
vn -0.7093 0.6686 -0.2231
vn -0.5128 0.8193 0.2564
vn -0.5611 0.7715 0.2999
vn -0.2441 0.7606 0.6016
vn -0.3655 0.7687 0.5249
vn 0.4955 0.7748 0.3926
vn 0.4918 0.7715 0.4036
vn 0.4009 0.7689 0.4980
vn 0.4279 0.8033 0.4143
vn 0.6276 0.7778 -0.0348
vn 0.6332 0.7715 0.0624
vn 0.6325 0.7733 -0.0452
vn 0.6439 0.7638 -0.0444
vn 0.6249 0.7783 0.0619
vn -0.0668 0.8298 -0.5540
vn -0.0045 0.7777 -0.6286
vn 0.0153 0.7944 -0.6072
vn -0.0075 0.7689 -0.6393
vn -0.0624 0.7715 -0.6332
vn 0.3383 -0.8742 0.3483
vn 0.3631 -0.9023 0.2324
vn 0.3002 -0.8810 0.3658
vn 0.2236 -0.8817 0.4155
vn 0.1692 -0.9534 -0.2499
vn 0.0605 -0.9943 -0.0877
vn 0.2058 -0.9568 -0.2056
vn 0.1698 -0.9596 -0.2244
vn 0.2058 -0.9571 -0.2039
vn 0.2118 -0.9727 -0.0944
vn 0.2571 -0.9570 -0.1341
vn 0.0210 0.9242 0.3814
vn 0.0101 0.9502 0.3116
vn 0.0931 0.9597 0.2652
vn -0.0260 0.9569 0.2893
vn 0.2957 -0.9551 -0.0199
vn 0.2790 -0.9566 -0.0844
vn 0.4528 0.8810 -0.1371
vn -0.1499 -0.9548 0.2566
vn -0.1599 -0.9473 0.2778
vn -0.1850 -0.9565 0.2254
vn -0.2128 -0.9551 0.2060
vn 0.3801 0.8914 0.2470
vn -0.0525 -0.8826 0.4671
vn -0.0464 -0.8810 0.4709
vn -0.0208 -0.8732 0.4869
vn -0.0497 -0.8819 0.4688
vn 0.1374 -0.8810 0.4528
vn -0.3776 0.8848 -0.2731
vn 0.4543 0.8728 -0.1784
vn 0.4648 0.8581 -0.2183
vn 0.5627 0.7871 -0.2527
vn 0.5373 0.7777 -0.3263
vn 0.4216 0.8801 -0.2185
vn 0.2585 0.8892 -0.3776
vn 0.3002 0.8810 -0.3656
vn 0.2645 0.9383 -0.2229
vn 0.2321 -0.8784 -0.4178
vn 0.2207 -0.8805 -0.4194
vn 0.2210 -0.8815 -0.4172
vn 0.1588 -0.8766 -0.4542
vn 0.1405 -0.9101 -0.3898
vn 0.1613 -0.8917 -0.4228
vn 0.1399 -0.9561 -0.2576
vn 0.1338 -0.9196 -0.3693
vn 0.0913 -0.9557 -0.2797
vn 0.3111 -0.9389 -0.1473
vn 0.3691 -0.9103 -0.1874
vn 0.4175 -0.8816 -0.2203
vn 0.3860 -0.8860 -0.2571
vn 0.3041 0.7875 -0.5360
vn 0.2979 -0.8808 -0.3680
vn 0.3364 -0.8814 -0.3316
vn 0.3010 0.9026 -0.3078
vn 0.3576 0.8816 -0.3081
vn 0.3042 0.9076 -0.2893
vn 0.6086 0.7714 0.1859
vn 0.5235 0.7884 0.3231
vn 0.5161 -0.7773 0.3598
vn 0.4173 -0.8810 0.2229
vn 0.5046 -0.7857 0.3579
vn 0.3621 -0.8817 0.3025
vn 0.3836 -0.8773 0.2884
vn 0.4106 -0.8747 0.2576
vn 0.4173 -0.8810 0.2231
vn 0.4194 -0.8799 0.2234
vn -0.1863 0.8913 0.4134
vn -0.1916 0.8187 0.5413
vn -0.3797 -0.8802 0.2849
vn -0.4053 -0.8537 0.3271
vn -0.4902 -0.7716 0.4053
vn -0.3380 -0.8335 0.4372
vn -0.4010 -0.7714 0.4941
vn -0.4412 -0.8771 0.1897
vn -0.2910 -0.9563 -0.0267
vn -0.2732 -0.9595 -0.0683
vn -0.3014 -0.9535 0.0019
vn -0.2881 -0.9572 0.0262
vn 0.1434 0.8800 -0.4528
vn 0.1417 0.8747 -0.4635
vn 0.0842 0.8769 -0.4732
vn 0.4699 -0.8825 -0.0204
vn 0.4744 -0.8803 -0.0082
vn 0.2255 -0.9574 -0.1805
vn 0.2960 -0.9302 -0.2170
vn 0.3054 0.8854 0.3505
vn 0.3009 0.8809 0.3654
vn 0.3330 0.8646 0.3763
vn 0.3649 0.8811 0.3007
vn 0.3422 0.8855 0.3143
vn 0.3286 0.8991 0.2891
vn 0.2230 -0.8810 0.4173
vn -0.0675 -0.8759 0.4778
vn -0.3462 0.8800 0.3253
vn -0.3051 0.8790 0.3664
vn -0.2421 0.8757 0.4178
vn -0.3002 0.8810 0.3658
vn -0.3465 0.8825 0.3182
vn -0.2999 0.8835 0.3597
vn -0.4173 0.8810 -0.2231
vn -0.3966 0.8822 -0.2540
vn -0.5276 0.8266 -0.1958
vn -0.2650 -0.9115 -0.3147
vn -0.0819 -0.9597 -0.2689
vn -0.1973 -0.8821 -0.4278
vn 0.0497 0.9822 -0.1810
vn 0.2539 0.9513 -0.1749
vn 0.2642 0.9612 -0.0794
vn 0.2507 0.9627 -0.1017
vn 0.3032 0.9522 -0.0372
vn 0.2870 -0.9570 0.0425
vn 0.2762 -0.9550 0.1084
vn 0.2104 -0.9504 0.2288
vn 0.1373 -0.9563 0.2580
vn 0.1432 -0.9645 0.2218
vn 0.0905 0.9936 0.0675
vn 0.2519 0.9540 0.1624
vn 0.0984 0.9869 0.1282
vn 0.0911 0.9947 0.0482
vn 0.1018 -0.9562 0.2746
vn 0.1032 -0.9567 0.2723
vn 0.1354 -0.9570 0.2564
vn 0.1023 -0.9569 0.2720
vn 0.0503 0.9953 0.0823
vn 0.0351 -0.9569 0.2882
vn 0.0780 -0.9580 0.2759
vn -0.0025 -0.9530 0.3029
vn 0.0636 -0.9544 0.2916
vn -0.1394 -0.9563 0.2571
vn -0.1179 -0.9587 0.2589
vn -0.2833 0.9577 -0.0515
vn -0.1646 -0.9545 0.2487
vn -0.1705 -0.9765 0.1318
vn -0.2580 0.9566 -0.1353
vn -0.2765 0.9565 -0.0927
vn -0.2231 0.9590 -0.1747
vn -0.2588 0.9562 -0.1369
vn -0.0422 -0.9950 0.0904
vn -0.0600 -0.9970 0.0487
vn -0.0652 -0.9954 0.0706
vn -0.0165 -0.9957 0.0911
vn -0.0772 -0.9940 0.0777
vn -0.0429 -0.9954 0.0854
vn -0.1785 0.9839 -0.0060
vn -0.0696 0.9884 -0.1347
vn -0.1547 0.9810 -0.1171
vn -0.0679 0.9538 -0.2925
vn -0.1448 0.9559 -0.2555
vn -0.0937 -0.9952 0.0276
vn 0.0404 0.9210 -0.3874
vn 0.0558 0.9629 -0.2640
vn -0.2239 0.8831 0.4124
vn 0.1952 0.9604 0.1987
vn 0.0255 0.9905 -0.1349
vn 0.0462 0.9596 -0.2775
vn 0.1035 -0.9521 0.2879
vn 0.0964 -0.9387 0.3310
vn 0.0636 -0.9055 0.4195
vn 0.2018 -0.9219 0.3308
vn 0.0868 -0.9949 -0.0519
vn 0.1051 -0.9889 -0.1054
vn 0.0986 -0.9949 -0.0198
vn 0.0143 -0.9992 0.0361
vn 0.0111 -0.9979 -0.0636
vn 0.1001 -0.9944 -0.0347
vn -0.2992 -0.8809 0.3667
vn -0.3726 -0.8759 0.3064
vn -0.2788 0.9595 0.0413
vn -0.2258 -0.9586 0.1738
vn -0.2095 -0.9719 0.1075
vn -0.2560 0.9568 -0.1378
vn -0.2247 -0.9727 0.0581
vn -0.2801 -0.9565 0.0817
vn 0.2863 -0.9544 -0.0848
vn 0.2966 0.9548 -0.0178
vn 0.2836 -0.9585 0.0299
vn 0.2785 0.9573 -0.0778
vn -0.1847 0.7715 -0.6088
vn -0.0921 0.7721 -0.6288
vn -0.2132 0.7879 -0.5777
vn -0.0952 0.7720 -0.6285
vn -0.0990 0.7719 -0.6279
vn -0.2481 -0.7586 -0.6025
vn -0.3193 0.7850 -0.5308
vn -0.1511 -0.7894 -0.5950
vn -0.4937 0.7708 -0.4027
vn -0.3204 -0.7778 -0.5407
vn -0.6527 -0.7445 0.1403
vn -0.7285 -0.6748 0.1179
vn -0.6332 -0.7715 0.0624
vn -0.6357 -0.7684 0.0731
vn -0.6291 -0.7759 0.0467
vn -0.5611 -0.7715 -0.2999
vn -0.6075 -0.7739 -0.1789
vn -0.5724 -0.7921 -0.2119
vn -0.5536 -0.8000 -0.2315
vn -0.0835 0.8829 -0.4621
vn -0.3572 0.7794 0.5147
vn -0.4537 0.6963 0.5561
vn -0.4260 0.6999 0.5733
vn -0.4036 0.7715 0.4918
vn -0.2192 -0.6305 0.7446
vn -0.0911 -0.5973 0.7968
vn -0.0662 -0.6358 0.7690
vn -0.2237 -0.7579 0.6128
vn -0.0966 0.5723 -0.8143
vn 0.0203 0.4890 -0.8720
vn 0.0083 0.4552 -0.8903
vn -0.0811 0.6329 -0.7700
vn 0.2248 -0.6326 0.7412
vn 0.2401 -0.6539 0.7175
vn 0.2580 -0.7350 0.6271
vn -0.2575 -0.5578 -0.7890
vn -0.3901 -0.4959 -0.7758
vn -0.4162 -0.4696 -0.7786
vn -0.3446 -0.5378 -0.7694
vn -0.3651 -0.6326 -0.6831
vn -0.4222 -0.4711 -0.7745
vn -0.2563 -0.4696 -0.8448
vn -0.2429 -0.4758 -0.8453
vn -0.2459 -0.4355 -0.8660
vn 0.3392 -0.6326 0.6962
vn 0.3032 -0.6721 0.6756
vn 0.2539 -0.6737 0.6940
vn 0.3046 -0.5865 0.7505
vn -0.2954 0.3418 -0.8921
vn -0.2779 0.2890 -0.9161
vn -0.2609 0.4562 -0.8508
vn -0.1687 0.4804 -0.8607
vn -0.1820 0.3974 -0.8994
vn -0.0865 0.4696 -0.8786
vn 0.6935 0.6449 0.3213
vn 0.5652 -0.4584 0.6859
vn 0.6000 -0.2786 0.7499
vn 0.6547 -0.3594 0.6649
vn -0.4904 -0.6262 -0.6061
vn -0.5744 -0.5328 -0.6215
vn -0.5813 -0.4666 -0.6666
vn -0.5499 0.3390 -0.7633
vn -0.4233 0.4450 -0.7891
vn -0.4162 0.4696 -0.7786
vn -0.4378 0.4413 -0.7833
vn 0.8351 -0.5414 -0.0975
vn 0.8786 -0.4696 -0.0865
vn 0.8909 -0.4470 -0.0811
vn -0.8449 0.4966 0.1987
vn 0.4254 -0.0727 -0.9021
vn 0.5261 0.0410 -0.8494
vn 0.4613 0.0767 -0.8839
vn 0.2489 -0.0062 -0.9685
vn 0.2911 0.0965 -0.9518
vn 0.4002 -0.4562 0.7948
vn 0.4513 -0.2890 0.8443
vn 0.6053 0.2917 0.7406
vn -0.7129 -0.5331 -0.4557
vn -0.7402 -0.2895 -0.6068
vn -0.6859 -0.4833 -0.5441
vn 0.8164 -0.4571 0.3529
vn 0.8044 -0.4801 0.3500
vn 0.8435 0.4668 0.2656
vn 0.9079 0.3144 0.2772
vn 0.8433 0.4500 0.2938
vn 0.7799 0.4713 0.4118
vn 0.5709 -0.7880 -0.2306
vn 0.4909 0.7658 -0.4155
vn 0.3651 -0.8802 0.3031
vn 0.7194 0.5741 -0.3909
vn 0.4162 -0.4696 0.7786
vn 0.4245 -0.4409 0.7908
vn 0.8389 0.3429 -0.4227
vn 0.8487 0.4075 -0.3372
vn 0.8666 0.3313 -0.3731
vn 0.8927 0.3773 -0.2464
vn 0.8389 0.4502 -0.3059
vn -0.8406 -0.5053 -0.1949
vn 0.3462 0.7921 -0.5028
vn 0.3039 0.7703 -0.5606
vn 0.2719 0.7793 -0.5645
vn 0.2999 0.7715 -0.5611
vn -0.7673 -0.6370 -0.0737
vn 0.1735 -0.4283 0.8868
vn 0.2826 -0.3627 0.8880
vn 0.2563 -0.4696 0.8448
vn 0.4105 -0.4764 -0.7775
vn 0.2599 -0.9547 -0.1449
vn -0.5601 0.4696 0.6825
vn -0.6500 0.4818 0.5876
vn 0.6466 0.4269 -0.6322
vn 0.5838 0.4589 -0.6697
vn 0.5690 0.5066 -0.6478
vn 0.6573 0.4845 -0.5772
vn 0.6789 0.4347 -0.5917
vn 0.7128 -0.6982 0.0665
vn 0.6855 -0.7212 0.1000
vn 0.6198 -0.7780 0.1023
vn 0.0608 0.9194 -0.3886
vn 0.5674 -0.4753 -0.6724
vn 0.7144 0.3033 -0.6305
vn 0.6143 0.3200 -0.7213
vn 0.6671 0.3010 -0.6814
vn 0.7685 -0.3113 -0.5590
vn 0.7972 -0.2518 -0.5487
vn 0.3461 0.3317 -0.8776
vn 0.2847 -0.2845 -0.9154
vn 0.3997 -0.2488 -0.8822
vn -0.1066 -0.9758 -0.1911
vn -0.0471 -0.9887 -0.1424
vn 0.5574 -0.0532 -0.8285
vn 0.6220 -0.1022 -0.7763
vn 0.4956 -0.0375 -0.8677
vn 0.2806 0.2837 -0.9169
vn 0.2766 0.2853 -0.9177
vn -0.0441 -0.9573 -0.2858
vn -0.9275 0.3594 -0.1030
vn -0.8657 0.4994 -0.0338
vn -0.8777 0.4731 0.0759
vn -0.8752 -0.4706 -0.1119
vn -0.4618 -0.3269 0.8245
vn -0.5830 -0.2910 0.7586
vn -0.5931 -0.2892 0.7514
vn 0.2999 -0.7715 -0.5611
vn 0.2062 0.7669 -0.6077
vn 0.1847 0.7715 -0.6088
vn 0.2283 0.7814 -0.5807
vn 0.3185 -0.8011 -0.5068
vn 0.3534 -0.7783 -0.5190
vn 0.3955 -0.7576 -0.5192
vn 0.4119 -0.7355 -0.5379
vn 0.4036 -0.7715 -0.4918
vn 0.3630 -0.8002 -0.4774
vn -0.4096 0.9063 0.1040
vn 0.2538 -0.0781 -0.9641
vn 0.8136 0.1415 0.5639
vn 0.7693 0.0975 0.6314
vn 0.7695 0.0990 0.6310
vn 0.9173 0.2880 -0.2750
vn 0.9528 0.2886 -0.0939
vn 0.9530 0.2613 -0.1534
vn -0.2594 0.3380 0.9047
vn -0.2729 0.2864 0.9184
vn -0.1980 0.2455 0.9490
vn -0.2430 0.3863 0.8898
vn 0.6979 -0.5252 -0.4870
vn 0.5962 -0.6349 -0.4914
vn 0.6951 -0.6181 -0.3672
vn -0.2563 -0.4696 0.8448
vn -0.3317 -0.4878 0.8074
vn -0.3050 -0.3419 0.8889
vn -0.3597 -0.4927 0.7924
vn -0.2535 -0.3279 0.9101
vn -0.3905 -0.4206 0.8189
vn 0.7411 -0.2923 0.6045
vn 0.7705 -0.3680 0.5205
vn 0.9305 0.0614 0.3610
vn 0.0849 -0.0895 -0.9924
vn 0.1301 -0.1962 -0.9719
vn 0.1261 -0.1138 -0.9855
vn 0.1579 0.0718 -0.9848
vn 0.2690 -0.0137 -0.9630
vn 0.0743 -0.1591 -0.9845
vn 0.1254 -0.0245 -0.9918
vn 0.0975 0.0975 -0.9904
vn 0.0976 0.0975 -0.9904
vn 0.0995 0.1027 -0.9897
vn 0.2889 0.0975 -0.9524
vn 0.2478 0.1186 -0.9615
vn 0.9150 0.2869 0.2838
vn 0.9240 0.3069 0.2281
vn 0.9154 -0.2916 0.2774
vn 0.9100 -0.2938 0.2924
vn 0.9201 -0.2732 0.2807
vn 0.9481 -0.1040 0.3005
vn -0.1431 -0.4344 0.8893
vn -0.2442 -0.2670 0.9322
vn -0.1019 -0.2919 0.9510
vn -0.1914 -0.9579 0.2139
vn -0.2428 -0.9550 0.1705
vn -0.9395 -0.3093 0.1472
vn -0.9565 0.2586 -0.1348
vn 0.9499 0.2931 0.1086
vn -0.8631 -0.2799 0.4204
vn -0.9161 -0.2890 0.2779
vn -0.8529 -0.3241 0.4094
vn -0.7696 -0.2666 0.5802
vn -0.7803 -0.3108 0.5427
vn -0.7504 -0.2393 0.6162
vn -0.8570 -0.2260 0.4631
vn -0.8694 -0.0819 0.4872
vn -0.7687 -0.1170 0.6288
vn -0.4517 0.2873 0.8446
vn -0.4148 0.4692 0.7796
vn -0.3936 0.4604 0.7957
vn -0.3814 0.2622 0.8864
vn -0.9204 -0.2851 0.2676
vn -0.9420 0.3352 -0.0185
vn 0.8934 0.2464 -0.3758
vn 0.8423 0.2863 -0.4568
vn 0.9152 0.2864 -0.2836
vn 0.4717 0.1043 -0.8756
vn 0.4691 0.0976 -0.8777
vn 0.4530 0.2942 -0.8416
vn 0.4770 -0.2727 0.8355
vn 0.5536 -0.2182 0.8037
vn 0.6289 -0.1684 0.7590
vn 0.6616 -0.1166 -0.7407
vn 0.7446 0.0242 -0.6671
vn 0.8787 -0.2649 -0.3972
vn 0.9401 -0.1579 -0.3021
vn 0.9524 -0.0976 -0.2889
vn 0.9604 -0.0381 -0.2761
vn 0.7751 -0.1016 -0.6236
vn 0.7693 -0.0975 -0.6314
vn 0.8142 -0.1396 -0.5636
vn 0.8700 0.0319 -0.4920
vn 0.8846 -0.0911 -0.4574
vn 0.2704 -0.2741 0.9229
vn 0.9824 0.1476 -0.1143
vn 0.9904 0.0975 -0.0975
vn 0.2819 -0.2679 0.9213
vn 0.1807 0.2255 0.9573
vn 0.1833 0.3660 0.9124
vn 0.1452 0.4496 0.8814
vn 0.2551 0.3077 0.9166
vn 0.2933 0.0932 0.9515
vn 0.2840 0.2861 0.9151
vn 0.0381 0.3270 0.9443
vn 0.0671 0.3075 0.9492
vn 0.1545 0.4250 0.8919
vn 0.9875 0.1126 0.1104
vn 0.9863 0.1620 -0.0322
vn 0.9497 0.3027 0.0800
vn 0.9902 0.0962 0.1014
vn -0.1517 -0.4406 -0.8848
vn -0.1246 -0.2709 -0.9545
vn 0.9898 -0.0992 0.1027
vn 0.9904 -0.0975 0.0975
vn 0.9656 -0.0825 0.2467
vn 0.9908 0.0995 0.0918
vn 0.9960 -0.0496 0.0746
vn 0.9904 0.0975 0.0976
vn 0.9904 0.0975 0.0975
vn 0.0988 -0.9945 0.0343
vn 0.8585 0.0380 0.5115
vn 0.8574 0.0890 0.5070
vn 0.8518 0.0530 0.5211
vn 0.8042 0.0026 0.5944
vn 0.3205 -0.0796 0.9439
vn 0.2889 0.0976 0.9524
vn 0.2893 0.0972 0.9523
vn 0.6389 -0.7661 -0.0696
vn 0.4767 -0.8790 -0.0109
vn -0.7527 0.2201 0.6205
vn 0.0945 0.9954 0.0168
vn -0.9891 -0.1472 -0.0112
vn -0.9532 -0.2876 -0.0930
vn -0.9893 -0.1015 0.1046
vn -0.9835 -0.1589 -0.0870
vn -0.9473 0.0764 -0.3111
vn -0.9564 0.0159 -0.2917
vn -0.9519 -0.0959 -0.2912
vn -0.9536 0.0227 -0.3004
vn -0.8773 -0.1073 0.4679
vn -0.8788 0.0891 0.4688
vn -0.8785 0.0883 0.4696
vn 0.9906 -0.1337 0.0296
vn 0.9904 -0.0975 0.0976
vn -0.7674 -0.1003 -0.6333
vn -0.8770 -0.0752 -0.4745
vn -0.5959 -0.0444 -0.8018
vn -0.5489 -0.0512 -0.8343
vn -0.6313 0.0512 -0.7739
vn -0.6314 0.0975 -0.7693
vn -0.9608 -0.0774 0.2661
vn -0.9904 -0.0975 0.0975
vn -0.9668 -0.2126 0.1416
vn -0.9418 -0.1009 0.3207
vn -0.9435 0.1447 0.2981
vn -0.9413 0.1240 0.3138
vn -0.4691 0.0975 -0.8777
vn -0.4532 0.1001 -0.8858
vn -0.4386 0.1301 -0.8892
vn -0.4684 0.0967 -0.8782
vn -0.4188 0.0435 -0.9070
vn -0.2807 0.0904 -0.9555
vn -0.3719 0.0860 -0.9243
vn -0.0361 0.2396 -0.9702
vn -0.1484 0.2916 -0.9450
vn -0.2923 0.1282 -0.9477
vn -0.1390 -0.1074 -0.9844
vn -0.0167 0.0605 -0.9980
vn -0.1455 -0.0263 -0.9890
vn 0.9494 0.0396 0.3117
vn 0.9636 -0.0148 0.2670
vn 0.6380 -0.7701 0.0008
vn 0.4554 -0.8736 0.1715
vn 0.3224 -0.7347 -0.5969
vn 0.7696 -0.6327 0.0867
vn 0.7390 -0.6313 0.2355
vn 0.6934 -0.6928 0.1980
vn 0.7708 -0.6326 0.0759
vn 0.8447 0.4694 0.2571
vn 0.8266 0.5514 0.1127
vn 0.7695 0.6284 0.1140
vn 0.8365 0.5011 0.2219
vn 0.0838 0.9946 0.0617
vn 0.0323 -0.9586 0.2828
vn 0.6981 -0.6445 0.3118
vn 0.7412 -0.6326 0.2248
vn 0.7357 -0.6291 0.2512
vn 0.8228 0.5625 -0.0809
vn 0.5694 -0.0226 0.8217
vn 0.2888 -0.0982 0.9523
vn 0.1941 0.1749 0.9653
vn 0.2886 0.0897 0.9532
vn 0.3985 -0.6705 -0.6257
vn 0.3916 -0.6548 -0.6465
vn 0.5580 -0.6753 -0.4823
vn 0.5340 -0.6597 -0.5289
vn 0.4949 -0.6296 -0.5990
vn -0.0536 0.0659 0.9964
vn 0.0557 0.9953 0.0793
vn 0.0603 0.9974 0.0392
vn 0.7430 0.6384 -0.2008
vn 0.7478 0.6433 -0.1642
vn 0.8293 -0.5163 -0.2138
vn 0.6598 -0.5693 0.4904
vn 0.6584 -0.6076 0.4442
vn 0.6140 -0.6538 0.4422
vn 0.7357 -0.5328 0.4181
vn 0.6825 -0.4696 0.5601
vn 0.6838 -0.4711 0.5573
vn 0.6832 -0.6327 0.3647
vn 0.6757 0.6251 0.3907
vn 0.2238 0.8809 0.4169
vn 0.2233 0.8812 0.4167
vn 0.6429 -0.7440 -0.1823
vn 0.6070 -0.7729 -0.1848
vn -0.0786 0.0893 0.9929
vn -0.0976 0.0975 0.9904
vn -0.0975 0.0975 0.9904
vn 0.3924 0.8376 0.3801
vn -0.0422 0.9957 0.0820
vn -0.3480 0.6633 0.6625
vn -0.3690 0.6678 0.6464
vn -0.2040 0.6249 0.7536
vn 0.2582 -0.4626 0.8481
vn 0.2183 -0.4899 0.8440
vn 0.2156 -0.6323 0.7441
vn 0.2666 -0.4743 0.8390
vn 0.5506 -0.4580 0.6979
vn -0.0584 0.9951 0.0793
vn -0.0630 0.9942 0.0876
vn -0.8777 0.0975 0.4691
vn -0.0465 0.9956 0.0814
vn -0.7466 0.5385 0.3905
vn -0.6831 0.6326 0.3651
vn -0.7302 0.5467 0.4099
vn -0.7101 0.5842 0.3931
vn 0.1346 -0.6059 0.7841
vn 0.1725 -0.6593 0.7319
vn 0.1537 -0.5460 0.8235
vn 0.0815 0.6295 0.7727
vn 0.0532 0.7087 0.7035
vn 0.1723 0.6465 0.7432
vn 0.0823 0.6291 0.7730
vn -0.4084 -0.6390 0.6519
vn -0.4163 -0.6260 0.6594
vn -0.8774 -0.0969 -0.4699
vn -0.8192 -0.1842 -0.5432
vn -0.7517 -0.6564 0.0635
vn -0.7794 0.6239 0.0577
vn -0.7708 0.6326 0.0759
vn -0.8741 0.4808 -0.0686
vn -0.8786 0.4696 0.0865
vn -0.7875 0.6151 0.0387
vn -0.8360 0.5368 0.1139
vn -0.1029 0.9947 0.0053
vn -0.9506 0.1005 0.2938
vn -0.0559 0.9953 -0.0787
vn -0.0832 0.9953 -0.0497
vn -0.9886 -0.1502 -0.0094
vn -0.9904 -0.0975 0.0976
vn -0.9996 0.0288 0.0020
vn -0.9976 0.0353 0.0589
vn -0.9969 -0.0658 0.0430
vn -0.8161 0.5508 0.1748
vn -0.8664 0.4853 0.1179
vn -0.7396 -0.6341 -0.2257
vn -0.6936 0.5783 -0.4295
vn -0.7225 0.6364 -0.2702
vn -0.7412 0.6326 -0.2248
vn -0.6823 -0.6331 -0.3654
vn -0.2224 0.0309 -0.9745
vn -0.1716 0.8870 0.4287
vn -0.1843 0.8746 0.4484
vn -0.2982 0.8739 0.3840
vn -0.3459 0.8802 0.3250
vn -0.3649 -0.8810 0.3012
vn -0.2693 -0.8787 0.3942
vn -0.0867 -0.4696 -0.8786
vn -0.0098 -0.5001 -0.8659
vn -0.4485 0.8874 0.1066
vn -0.4528 0.8810 0.1374
vn -0.4577 0.8869 0.0631
vn -0.2932 0.6259 -0.7227
vn -0.4230 0.4752 -0.7715
vn -0.4138 0.6007 -0.6840
vn -0.4159 0.4732 -0.7766
vn -0.4530 -0.8808 -0.1379
vn -0.3073 -0.9333 -0.1860
vn -0.4392 0.7804 -0.4450
vn -0.4931 0.7721 -0.4009
vn -0.0564 -0.5540 -0.8306
vn -0.2548 0.8177 -0.5162
vn -0.1929 0.8367 -0.5126
vn -0.0398 -0.9566 -0.2885
vn 0.0091 -0.9553 -0.2954
vn -0.0408 -0.9349 -0.3525
vn -0.1009 0.1169 -0.9880
vn 0.7984 -0.1569 -0.5813
vn 0.7861 -0.1096 -0.6083
vn 0.7652 0.1002 -0.6359
vn 0.6458 0.1672 -0.7450
vn 0.6602 0.3350 -0.6723
vn 0.6265 0.1002 -0.7730
vn 0.5763 -0.2145 -0.7886
vn 0.6073 -0.2890 -0.7400
vn 0.5213 -0.2332 -0.8209
vn 0.5620 -0.1537 -0.8128
vn 0.4666 0.0989 -0.8789
vn 0.3948 0.1351 -0.9088
vn 0.8428 -0.2876 -0.4550
vn 0.8828 -0.1878 -0.4306
vn 0.9960 -0.0801 0.0390
vn 0.9537 0.2800 -0.1103
vn 0.9788 0.1881 -0.0813
vn 0.9032 -0.1384 0.4062
vn 0.9040 -0.0767 0.4207
vn 0.9152 -0.2821 0.2877
vn 0.9282 -0.2048 -0.3106
vn 0.9724 -0.2073 0.1068
vn 0.6338 0.2590 0.7289
vn 0.6319 0.1027 0.7682
vn -0.7479 0.2165 0.6275
vn 0.5467 0.2431 0.8012
vn -0.4581 -0.1716 0.8722
vn -0.4556 -0.0816 0.8864
vn -0.8692 0.1775 0.4616
vn -0.1316 -0.2003 0.9709
vn -0.3124 -0.1168 0.9428
vn -0.2695 -0.2717 0.9239
vn -0.3675 -0.1421 0.9191
vn 0.3970 -0.0249 0.9175
vn -0.9876 0.0557 -0.1466
vn -0.9337 -0.1748 0.3125
vn -0.8664 -0.2100 0.4531
vn -0.6511 0.2616 0.7125
vn -0.8527 0.2230 -0.4723
vn -0.8136 0.1158 -0.5698
vn -0.5127 -0.1946 -0.8362
vn -0.9198 -0.2816 -0.2732
vn -0.9082 -0.3695 -0.1967
vn -0.9516 -0.2156 -0.2191
vn -0.2404 -0.1345 -0.9613
vn -0.1274 -0.0771 -0.9889
vn -0.2728 0.2712 -0.9231
vn -0.5729 -0.0917 -0.8145
vn -0.7673 0.0935 -0.6345
vn -0.6811 0.1891 -0.7074
vn -0.6851 0.1522 -0.7124
vn 0.1706 -0.7199 0.6728
vn 0.4343 -0.8744 -0.2162
vn 0.3690 -0.8539 -0.3671
vn 0.2982 -0.8817 -0.3657
vn 0.4036 -0.7715 0.4918
vn 0.3550 -0.7397 0.5717
vn 0.3449 0.7809 0.5208
vn 0.3007 0.8349 0.4610
vn 0.4983 0.8136 -0.2997
vn 0.5319 0.7486 -0.3958
vn 0.2917 -0.8594 -0.4200
vn -0.1576 0.8395 -0.5200
vn -0.0978 0.8421 -0.5304
vn 0.8007 0.3783 0.4644
vn 0.8624 -0.3155 0.3959
vn 0.8019 -0.2649 0.5356
vn 0.8403 -0.2831 0.4624
vn 0.8772 -0.4766 -0.0581
vn 0.8860 -0.4559 -0.0843
vn 0.4345 0.4527 0.7787
vn 0.4798 0.5357 0.6948
vn 0.3183 -0.3730 0.8715
vn 0.3790 -0.2295 0.8965
vn 0.2563 0.4696 -0.8448
vn -0.0230 -0.3413 0.9397
vn -0.0623 -0.2766 0.9590
vn 0.8445 -0.2889 0.4510
vn 0.9312 -0.1128 0.3467
vn 0.8313 0.4925 0.2576
vn -0.0916 -0.2930 0.9517
vn -0.8632 -0.2232 0.4529
vn -0.6825 -0.4696 -0.5601
vn 0.5593 0.4705 0.6825
vn 0.5193 -0.3257 -0.7901
vn -0.9555 0.2834 0.0819
vn -0.9454 0.3020 0.1228
vn -0.9166 0.2928 0.2722
vn -0.8730 0.3976 0.2823
vn -0.8934 -0.2964 0.3377
vn -0.9475 -0.1614 0.2759
vn -0.9193 -0.2860 0.2702
vn -0.9200 -0.3311 0.2098
vn -0.9149 -0.4005 -0.0504
vn -0.9247 -0.3574 -0.1313
vn -0.4006 -0.4222 0.8131
vn -0.8194 -0.1940 -0.5394
vn -0.4098 -0.4734 -0.7797
vn -0.4626 -0.4471 -0.7655
vn -0.4254 0.3317 -0.8420
vn -0.7798 0.4674 -0.4164
vn -0.8077 0.3254 -0.4916
vn -0.7809 0.4031 -0.4772
vn -0.0694 0.4625 -0.8839
vn -0.2490 -0.3074 -0.9184
vn -0.7400 -0.2890 -0.6073
vn -0.6788 -0.4562 -0.5754
vn -0.7655 -0.3670 -0.5284
vn -0.7417 -0.2929 -0.6034
vn 0.0865 0.4696 -0.8786
vn 0.2823 0.5622 -0.7773
vn 0.2228 0.6265 -0.7469
vn 0.1899 0.4918 -0.8498
vn 0.5596 0.4699 -0.6827
vn 0.4228 0.4583 -0.7818
vn 0.4302 0.5229 -0.7358
vn 0.4955 0.4984 -0.7114
vn 0.6646 -0.6147 -0.4248
vn 0.6264 -0.5369 -0.5651
vn 0.7128 -0.6004 -0.3625
vn 0.7732 -0.5427 -0.3282
vn 0.8442 -0.4687 -0.2599
vn 0.7679 -0.6398 0.0325
vn 0.7745 -0.6316 0.0337
vn 0.8846 0.4584 0.0859
vn 0.8237 0.5629 -0.0674
vn 0.8471 -0.4694 0.2492
vn 0.8483 -0.4654 0.2527
vn 0.7422 -0.6314 0.2245
vn 0.7229 -0.6446 0.2488
vn 0.8211 0.5257 -0.2222
vn 0.8101 0.5390 -0.2309
vn 0.1316 -0.3396 0.9313
vn 0.0926 -0.2871 0.9534
vn 0.0503 -0.4335 0.8997
vn 0.0885 -0.4726 0.8768
vn -0.4513 -0.5703 0.6864
vn -0.5106 -0.5993 0.6166
vn 0.6090 -0.6070 0.5106
vn 0.6538 -0.5623 0.5064
vn 0.2105 0.5023 0.8387
vn 0.2661 0.3948 0.8794
vn -0.8224 0.5682 -0.0282
vn -0.8508 0.5121 -0.1180
vn -0.7931 -0.6091 0.0059
vn -0.8893 -0.4347 0.1419
vn -0.7784 0.4745 -0.4109
vn -0.3024 -0.4823 0.8222
vn -0.3702 -0.6341 -0.6789
vn -0.3965 -0.6768 -0.6202
vn -0.6823 0.5383 -0.4946
vn -0.6542 0.6025 -0.4571
vn -0.5702 0.4649 -0.6773
vn -0.6365 0.4325 -0.6386
vn -0.1269 -0.6156 -0.7777
vn 0.4173 0.8810 -0.2230
vn -0.3862 -0.8802 0.2759
vn -0.4768 0.8757 0.0765
vn -0.0397 -0.9573 -0.2864
vn -0.4732 0.8795 -0.0500
vn -0.4477 0.8836 -0.1372
vn 0.4740 0.8765 -0.0843
vn 0.4421 -0.8931 -0.0835
vn 0.4567 -0.8797 -0.1327
vn 0.2790 -0.9570 -0.0799
vn 0.2231 -0.8810 0.4173
vn -0.3265 0.8917 -0.3134
vn 0.4292 -0.8763 0.2190
vn -0.3417 0.8715 -0.3518
vn -0.2788 0.9029 -0.3271
vn -0.3661 0.8811 -0.2994
vn -0.1374 -0.8810 0.4528
vn 0.0548 -0.9544 -0.2933
vn 0.0274 -0.9570 -0.2886
vn 0.2600 -0.9562 -0.1343
vn 0.1853 -0.9600 -0.2098
vn 0.2870 -0.8856 -0.3652
vn -0.2230 -0.8810 0.4173
vn -0.2790 -0.9565 0.0846
vn -0.3347 -0.9409 0.0523
vn -0.2919 -0.9560 0.0276
vn 0.4694 0.0977 0.8776
vn 0.2889 0.0976 -0.9524
vn 0.3190 0.0819 -0.9442
vn -0.0698 0.0794 0.9944
vn 0.9521 0.1061 -0.2869
vn 0.9535 0.0993 0.2846
vn 0.9420 0.2029 0.2672
vn 0.9493 0.2731 0.1555
vn 0.9912 0.0949 0.0925
vn 0.8723 -0.0820 0.4820
vn 0.8758 0.1083 0.4704
vn 0.9528 0.0969 0.2876
vn 0.8777 0.0975 0.4692
vn -0.6833 0.2056 0.7006
vn -0.6177 0.2199 0.7550
vn -0.6314 0.0975 0.7693
vn -0.9515 -0.1001 -0.2910
vn -0.6207 0.1099 -0.7763
vn -0.4617 0.0983 -0.8816
vn -0.4657 0.1035 -0.8788
vn 0.7160 -0.0718 -0.6944
vn 0.7704 0.1614 -0.6168
vn -0.4691 0.0976 -0.8777
vn 0.4691 -0.0976 0.8777
vn -0.2889 -0.0978 0.9524
vn -0.2891 0.0973 0.9523
vn -0.1678 -0.1099 0.9797
vn -0.1198 0.1233 0.9851
vn -0.2040 0.0451 0.9779
vn -0.8785 0.0877 0.4697
vn -0.8095 0.0627 0.5837
vn -0.7726 0.0771 0.6302
vn -0.7930 0.0715 0.6050
vn -0.6355 0.0910 0.7667
vn -0.6318 0.0903 0.7699
vn -0.9131 -0.1801 -0.3658
vn 0.1025 0.0949 -0.9902
vn -0.4350 -0.1265 -0.8915
vn 0.8854 0.1974 -0.4208
vn 0.7700 0.1010 -0.6300
vn 0.7285 0.2184 -0.6493
vn 0.7370 0.2952 -0.6079
vn 0.7404 0.2930 -0.6049
vn -0.9905 0.1042 0.0903
vn -0.9773 0.2120 -0.0029
vn 0.4521 0.2223 0.8638
vn -0.9496 0.1221 -0.2886
vn 0.9190 0.2759 -0.2816
vn 0.9454 0.3201 -0.0608
vn -0.0860 0.2917 0.9526
vn 0.5107 0.3393 0.7900
vn -0.0230 0.2438 0.9695
vn -0.0489 0.2964 0.9538
vn -0.2723 0.2875 -0.9183
vn -0.1063 0.2418 -0.9645
vn -0.6150 0.1798 -0.7677
vn -0.6000 0.2948 -0.7437
vn -0.6801 0.2197 -0.6995
vn 0.7394 -0.2901 -0.6075
vn 0.8451 -0.2898 -0.4492
vn 0.4836 -0.1235 0.8666
vn 0.4639 -0.1367 0.8753
vn -0.3290 -0.2971 0.8964
vn -0.4773 -0.1724 0.8617
vn 0.8752 -0.2668 0.4035
vn 0.0903 -0.1541 0.9839
vn 0.2891 -0.2829 0.9145
vn -0.5999 -0.3563 -0.7164
vn -0.8827 -0.1169 -0.4552
vn -0.7566 -0.1993 -0.6227
vn -0.7113 -0.3193 -0.6262
vn -0.7601 -0.1951 -0.6198
vn 0.2903 -0.7551 -0.5878
vn 0.5700 -0.7147 0.4053
vn 0.6848 0.6344 0.3586
vn 0.4614 0.6235 0.6311
vn 0.3923 0.6115 0.6871
vn 0.3651 0.6326 0.6831
vn 0.3623 -0.6343 0.6829
vn 0.4044 -0.5239 0.7497
vn 0.3278 -0.5728 0.7513
vn 0.7071 -0.5753 0.4111
vn 0.6138 -0.7874 -0.0567
vn 0.5732 -0.6546 -0.4930
vn 0.5164 -0.7292 -0.4490
vn 0.4521 0.7222 -0.5235
vn 0.4532 0.5963 -0.6626
vn 0.4923 -0.6318 0.5987
vn -0.4016 -0.6862 -0.6064
vn -0.4035 -0.7497 -0.5245
vn -0.4928 -0.6445 -0.5846
vn -0.4957 -0.7199 -0.4859
vn 0.4247 -0.7601 -0.4918
vn 0.4079 -0.7972 -0.4451
vn 0.0679 0.7690 0.6357
vn 0.0630 -0.6295 0.7744
vn 0.0967 -0.5733 0.8137
vn -0.6312 -0.7498 0.1984
vn -0.7392 -0.6336 0.2284
vn 0.3217 -0.7414 0.5889
vn -0.1820 0.7693 -0.6125
vn -0.0759 -0.6326 0.7708
vn -0.7612 0.5665 -0.3158
vn -0.5818 0.7656 0.2745
vn -0.4528 -0.8810 -0.1374
vn -0.4570 -0.8532 -0.2514
vn -0.0388 -0.7727 -0.6335
vn -0.4005 -0.7719 0.4937
vn -0.4036 -0.7715 0.4918
vn -0.0021 0.7507 -0.6607
vn 0.0983 0.6994 -0.7079
vn -0.0617 0.7709 -0.6339
vn 0.1403 0.6213 -0.7709
vn 0.1166 -0.6375 -0.7615
vn 0.0619 -0.7052 -0.7063
vn 0.7211 -0.1388 0.6788
vn -0.1409 -0.1115 0.9837
vn -0.2889 -0.0976 0.9524
vn -0.6179 -0.0988 0.7800
vn 0.8583 -0.1653 -0.4859
vn -0.7772 0.0817 0.6240
vn 0.9029 -0.1212 -0.4124
vn 0.0975 0.0976 -0.9904
vn 0.0996 -0.0924 -0.9907
vn -0.7689 -0.0968 -0.6320
vn -0.7580 -0.1912 -0.6236
vn -0.8203 -0.1871 -0.5405
vn -0.7772 -0.3726 -0.5071
vn -0.8448 -0.2904 -0.4495
vn -0.4924 0.0611 -0.8682
vn -0.5810 -0.2077 -0.7870
vn -0.3333 -0.2207 -0.9166
vn -0.4390 -0.1360 -0.8881
vn 0.5421 0.2553 -0.8006
vn 0.6350 0.1085 -0.7649
vn 0.9133 0.0679 -0.4017
vn 0.9526 0.0980 0.2879
vn 0.7555 0.0852 0.6496
vn -0.2542 0.0805 0.9638
vn -0.0881 0.0903 0.9920
vn -0.9557 0.0922 0.2795
vn -0.6274 0.1016 -0.7720
vn -0.8286 0.0249 -0.5594
vn -0.4566 0.1916 0.8688
vn -0.1323 0.1208 0.9838
vn -0.9902 0.1044 0.0930
vn -0.9522 0.2950 0.0798
vn -0.9610 0.2599 0.0948
vn -0.9822 0.1188 0.1456
vn -0.6288 0.0998 0.7711
vn -0.4655 0.0931 -0.8801
vn -0.9906 0.0962 -0.0975
vn 0.9894 0.0878 -0.1159
vn 0.9645 0.1302 -0.2296
vn 0.1487 0.1156 -0.9821
vn 0.3121 0.1584 -0.9368
vn 0.2874 0.0937 -0.9532
vn 0.7591 -0.1254 -0.6388
vn 0.9518 -0.2806 -0.1240
vn 0.9515 -0.0984 0.2916
vn -0.6882 -0.1133 0.7166
vn -0.6148 -0.2198 0.7575
vn -0.6133 -0.2284 0.7561
vn 0.9389 -0.3261 0.1097
vn 0.9508 -0.3097 0.0043
vn 0.8448 -0.4696 -0.2563
vn 0.8495 -0.4619 -0.2550
vn 0.4351 -0.2998 0.8490
vn 0.3819 -0.4553 0.8042
vn -0.7660 -0.4830 -0.4243
vn -0.6802 -0.5635 -0.4688
vn 0.0841 0.3486 -0.9335
vn 0.0925 0.2856 -0.9539
vn -0.1526 -0.3085 0.9389
vn -0.2818 -0.2795 0.9179
vn 0.7733 0.4281 0.4676
vn 0.9024 0.3414 -0.2629
vn 0.7670 0.3160 0.5585
vn 0.6964 0.4500 0.5589
vn 0.5876 0.4975 0.6382
vn 0.6649 0.4090 0.6250
vn 0.4857 0.5362 0.6903
vn 0.0382 0.4596 0.8873
vn -0.2530 0.4682 0.8466
vn -0.9546 0.2753 -0.1140
vn -0.9150 0.3577 -0.1866
vn -0.8474 0.4665 -0.2534
vn -0.9297 0.3647 0.0519
vn -0.7487 0.4746 0.4628
vn -0.7512 0.4681 0.4653
vn -0.7651 0.4621 0.4485
vn -0.3933 0.4727 -0.7886
vn -0.6825 0.4696 -0.5601
vn -0.6640 0.4055 -0.6282
vn -0.2229 0.2790 -0.9341
vn -0.1499 0.4761 -0.8665
vn -0.8370 -0.3202 0.4438
vn -0.6873 -0.2972 0.6628
vn -0.5978 -0.2207 0.7706
vn -0.4408 -0.1918 0.8769
vn -0.4477 -0.2820 0.8486
vn 0.4604 -0.2894 0.8392
vn 0.8814 -0.1036 -0.4609
vn 0.9475 -0.2994 -0.1124
vn 0.9325 -0.3191 -0.1692
vn 0.9521 -0.2853 -0.1097
vn 0.9040 -0.3873 -0.1809
vn 0.9233 -0.3170 -0.2170
vn -0.1958 -0.3250 0.9252
vn 0.9664 -0.2459 0.0751
vn 0.9902 -0.0943 0.1035
vn 0.9628 -0.1333 0.2352
vn 0.7720 -0.1066 0.6267
vn 0.7914 -0.2517 0.5571
vn 0.5837 -0.1337 0.8009
vn -0.2223 -0.3576 -0.9070
vn -0.2901 -0.4794 -0.8283
vn 0.0074 0.3155 -0.9489
vn 0.4623 0.2843 -0.8399
vn 0.5922 0.2373 -0.7700
vn 0.4485 0.2808 -0.8486
vn 0.7687 0.2722 -0.5788
vn 0.6801 0.4233 -0.5986
vn 0.7043 0.3457 0.6200
vn 0.3002 0.2700 0.9149
vn -0.6148 0.2128 0.7595
vn -0.6177 0.2172 0.7558
vn -0.4522 0.2074 0.8674
vn -0.8440 0.2903 0.4510
vn -0.8660 0.3086 0.3935
vn -0.8589 0.2874 0.4239
vn -0.7603 0.0955 0.6425
vn -0.9408 0.2469 -0.2323
vn -0.6316 0.3677 -0.6825
vn -0.7140 0.3106 -0.6275
vn -0.7378 0.2828 -0.6130
vn -0.4560 0.2817 -0.8442
vn -0.4033 0.1813 -0.8969
vn -0.4641 0.2761 -0.8416
vn -0.3980 0.2094 -0.8932
vn -0.8049 0.3134 0.5039
vn 0.9121 0.3047 -0.2744
vn -0.4513 0.2890 0.8443
vn -0.4438 0.2863 0.8491
vn 0.6210 0.3012 0.7236
vn -0.9599 -0.2412 -0.1430
vn -0.8815 -0.2314 -0.4116
vn 0.1079 -0.5231 -0.8454
vn 0.1187 -0.7170 -0.6869
vn 0.1648 -0.7038 -0.6910
vn 0.0598 -0.7131 -0.6985
vn 0.1252 -0.6342 -0.7630
vn 0.5936 0.6393 -0.4889
vn 0.6831 0.6326 -0.3651
vn 0.6812 0.6135 -0.3995
vn 0.7424 0.5885 -0.3203
vn 0.7739 0.4940 -0.3962
vn 0.6071 -0.6247 -0.4912
vn 0.6443 -0.5521 -0.5293
vn 0.7968 0.5272 -0.2953
vn 0.8410 0.4715 -0.2654
vn 0.7364 0.6351 -0.2332
vn 0.3670 -0.6311 -0.6834
vn 0.4068 -0.4735 -0.7812
vn 0.7824 0.4674 0.4115
vn 0.2726 0.6326 0.7249
vn -0.8808 0.4603 0.1113
vn 0.2911 -0.4501 0.8442
vn 0.3417 -0.5166 0.7851
vn 0.8345 -0.5390 -0.1142
vn 0.8639 -0.4970 -0.0816
vn -0.6847 0.6320 0.3629
vn 0.7556 -0.4475 0.4784
vn -0.0211 -0.4432 0.8962
vn -0.0865 -0.4696 0.8786
vn 0.0155 -0.5023 0.8645
vn -0.0846 -0.4728 0.8771
vn -0.6432 0.4927 -0.5861
vn -0.5696 0.5652 -0.5968
vn -0.6879 0.4662 -0.5563
vn -0.7713 0.3942 -0.4996
vn -0.4566 0.6088 -0.6487
vn -0.4509 0.6451 -0.6169
vn -0.6011 -0.6043 0.5229
vn -0.6104 -0.6135 0.5010
vn -0.5987 -0.6326 -0.4913
vn -0.5607 -0.6564 -0.5046
vn -0.5010 -0.5125 -0.6974
vn -0.7467 0.3468 -0.5676
vn -0.7356 0.3011 -0.6069
vn 0.6463 0.6024 -0.4684
vn 0.7051 0.5789 -0.4096
vn 0.5990 0.6363 -0.4861
vn 0.8370 0.4748 -0.2719
vn 0.6295 0.3848 0.6750
vn -0.8803 0.4673 0.0815
vn 0.6782 0.4772 -0.5589
vn -0.4571 0.4809 0.7482
vn -0.4902 0.4988 0.7148
vn 0.0474 -0.5769 -0.8155
vn 0.0992 -0.4651 -0.8797
vn 0.0114 -0.5049 -0.8631
vn 0.2231 -0.4584 -0.8603
vn 0.6909 -0.4583 -0.5591
vn 0.8526 -0.4838 -0.1975
vn 0.8850 -0.4452 -0.1365
vn 0.7201 -0.5866 0.3706
vn 0.2210 -0.3206 0.9211
vn -0.1011 -0.4271 0.8985
vn -0.4583 -0.4430 -0.7705
vn -0.2835 -0.4566 -0.8433
vn -0.9078 -0.4029 0.1168
vn -0.0866 -0.4697 -0.8786
vn -0.1860 -0.5032 -0.8439
vn -0.1870 -0.5069 -0.8415
vn -0.1513 -0.4394 -0.8854
vn -0.5949 -0.4748 -0.6486
vn -0.6781 -0.4518 -0.5797
vn -0.0275 0.4599 -0.8876
vn 0.0854 0.4665 -0.8804
vn 0.1231 0.4608 -0.8789
vn -0.7083 -0.6071 0.3601
vn -0.6047 -0.3397 0.7204
vn -0.6014 -0.5586 -0.5712
vn 0.0879 -0.5973 -0.7972
vn -0.2625 0.4770 -0.8388
vn 0.8158 0.5630 -0.1318
vn 0.9025 0.4178 0.1046
vn 0.8247 0.4873 -0.2869
vn -0.1392 0.5726 0.8079
vn 0.0420 -0.4374 -0.8983
vn 0.0385 -0.4454 -0.8945
vn 0.0827 -0.7865 -0.6120
vn -0.0379 -0.7722 -0.6342
vn 0.3783 0.6470 0.6620
vn 0.7070 -0.6783 0.2003
vn -0.5306 0.7783 0.3358
vn -0.5173 0.7688 0.3760
vn -0.4918 0.7715 0.4036
vn -0.5431 0.7641 0.3482
vn -0.6661 0.6594 0.3486
vn -0.5862 0.7630 0.2724
vn -0.5629 0.7695 0.3016
vn 0.6550 0.6084 0.4481
vn 0.5596 0.7702 0.3059
vn 0.7052 0.6586 -0.2626
vn 0.5975 0.7460 -0.2940
vn 0.6088 0.7670 -0.2025
vn 0.5611 0.7715 -0.2999
vn -0.1004 0.6580 -0.7463
vn -0.0590 0.6470 -0.7602
vn -0.0767 0.6457 -0.7597
vn 0.7225 -0.6912 0.0147
vn 0.7404 -0.6334 -0.2249
vn 0.7242 -0.6878 -0.0507
vn 0.2485 -0.6877 -0.6822
vn 0.2647 -0.6818 -0.6820
vn 0.3803 0.6868 -0.6194
vn 0.3558 0.6357 -0.6850
vn 0.2152 0.6349 -0.7420
vn -0.1212 -0.5672 0.8146
vn -0.0465 -0.5389 0.8411
vn 0.1076 -0.5010 0.8587
vn 0.2596 -0.4741 0.8413
vn 0.2219 -0.6341 0.7407
vn -0.3628 -0.6243 0.6918
vn 0.4008 0.7577 -0.5150
vn 0.3644 0.6303 -0.6855
vn -0.6349 -0.6244 0.4550
vn -0.6345 -0.6435 0.4282
vn -0.6831 -0.6333 0.3638
vn 0.6053 0.6685 -0.4321
vn 0.6880 0.6745 -0.2679
vn 0.6685 0.6444 -0.3712
vn 0.7265 0.5684 -0.3862
vn 0.7439 0.6293 0.2249
vn 0.8024 0.5502 -0.2311
vn 0.1985 0.6304 0.7504
vn 0.2695 0.6348 0.7242
vn -0.7412 0.6326 -0.2247
vn -0.7350 0.6463 -0.2049
vn -0.6164 0.6399 -0.4589
vn 0.1799 -0.7726 -0.6088
vn 0.1464 -0.7784 -0.6105
vn 0.3677 -0.6309 -0.6832
vn -0.5055 0.6985 0.5065
vn 0.7408 -0.6314 0.2291
vn -0.4040 -0.6448 0.6489
vn -0.2941 -0.6994 -0.6514
vn -0.2943 -0.6588 -0.6924
vn 0.4682 0.8822 -0.0498
vn 0.3952 0.7728 0.4966
vn 0.5522 0.7551 0.3535
vn -0.1780 -0.8746 0.4510
vn -0.0812 -0.8892 0.4502
vn 0.1536 0.8785 0.4524
vn -0.1760 -0.8668 0.4666
vn -0.6175 0.7775 -0.1189
vn -0.4651 -0.8786 -0.1085
vn -0.3394 -0.8231 0.4554
vn -0.4587 -0.8857 0.0716
vn -0.4497 -0.8817 0.1426
vn -0.4493 0.8732 0.1885
vn -0.4295 0.8783 0.2100
vn -0.4204 0.8316 -0.3629
vn -0.0887 -0.9296 -0.3577
vn -0.5657 0.6170 -0.5471
vn -0.5244 0.6610 -0.5367
vn -0.6140 0.7891 -0.0180
vn -0.7082 0.7059 -0.0104
vn -0.4723 0.7626 0.4420
vn -0.3802 0.8609 0.3380
vn -0.4105 0.7626 0.4999
vn 0.0720 0.7730 0.6303
vn -0.0654 -0.8151 -0.5756
vn 0.2899 0.7283 0.6209
vn 0.6207 0.7537 0.2162
vn -0.6442 -0.7648 -0.0105
vn 0.4036 0.7715 -0.4918
vn 0.3383 0.7598 -0.5551
vn -0.5488 -0.7739 0.3161
vn -0.4918 -0.7715 0.4036
vn -0.5612 -0.7613 0.3249
vn -0.4904 -0.7706 0.4070
vn 0.1848 0.7719 -0.6082
vn 0.1260 0.8421 -0.5245
vn 0.1889 -0.8036 -0.5644
vn 0.2644 0.7531 -0.6024
vn 0.5583 0.8270 -0.0662
vn -0.4050 0.8474 0.3433
vn -0.4837 0.8261 0.2891
vn -0.6634 0.7402 -0.1095
vn -0.6214 0.6147 -0.4859
vn -0.3099 0.8081 -0.5009
vn -0.0563 -0.8810 -0.4697
vn -0.1373 -0.8818 -0.4511
vn -0.0440 -0.8831 -0.4671
vn 0.2696 -0.9592 0.0855
vn -0.1228 0.9523 0.2795
vn -0.0762 0.9554 0.2852
vn -0.0079 0.9556 0.2944
vn -0.0269 0.9563 0.2913
vn 0.2861 0.9572 0.0438
vn -0.1110 0.9552 -0.2745
vn 0.0640 -0.9955 -0.0700
vn -0.1541 0.9550 -0.2535
vn -0.1917 0.9572 -0.2169
vn -0.0365 -0.8291 -0.5579
vn -0.0463 -0.8797 -0.4732
vn 0.5018 0.8086 -0.3073
vn 0.4968 0.7689 -0.4024
vn 0.5554 0.7210 0.4143
vn -0.0087 0.9578 -0.2874
vn 0.0305 0.9607 -0.2759
vn 0.1738 -0.8810 0.4400
vn -0.2210 0.9155 -0.3361
vn -0.1594 0.9333 -0.3219
vn -0.1829 0.9560 -0.2293
vn 0.3998 -0.9015 0.1659
vn 0.2725 -0.9527 0.1343
vn 0.3030 -0.9357 0.1807
vn -0.4517 -0.8805 0.1436
vn -0.2850 -0.9546 0.0872
vn -0.2618 -0.9565 0.1287
vn -0.2631 -0.9564 0.1269
vn -0.2327 -0.9631 -0.1351
vn -0.0129 -0.8805 -0.4739
vn 0.0418 0.8870 -0.4600
vn 0.6322 0.7723 0.0623
vn 0.4032 0.8722 0.2770
vn -0.0798 0.9960 0.0402
vn -0.1485 0.9600 -0.2375
vn -0.2401 -0.9559 0.1692
vn -0.2984 -0.7523 -0.5873
vn -0.4979 -0.7706 -0.3978
vn -0.4544 0.7721 0.4443
vn -0.4524 0.7724 0.4458
vn -0.5877 0.6752 0.4458
vn -0.5522 0.6913 0.4660
vn 0.6215 0.6660 0.4125
vn -0.6833 -0.4736 -0.5557
vn -0.3416 -0.4519 -0.8241
vn 0.8308 0.5516 0.0738
vn 0.8306 0.5496 0.0897
vn 0.7244 -0.3800 0.5752
vn 0.6075 0.6802 -0.4102
vn 0.4607 -0.4066 -0.7889
vn 0.6197 0.7663 0.1693
vn 0.5913 0.6159 -0.5206
vn 0.4658 -0.5394 -0.7015
vn 0.6455 -0.5242 -0.5554
vn 0.7612 -0.2459 -0.6000
vn -0.5809 -0.3347 0.7420
vn -0.5324 0.4883 0.6915
vn -0.6728 -0.2306 0.7030
vn 0.9353 -0.2654 -0.2340
vn 0.9618 0.2583 0.0903
vn -0.9347 -0.2699 0.2311
vn 0.9122 -0.2992 -0.2799
vn 0.8606 -0.4426 -0.2518
vn -0.8471 -0.2851 -0.4484
vn 0.6047 -0.0060 -0.7964
vn -0.9536 -0.1793 -0.2420
vn 0.3810 0.1685 0.9091
vn 0.1511 -0.1671 0.9743
vn 0.1748 0.4484 -0.8766
vn -0.3689 -0.3530 -0.8598
vn -0.0407 0.9986 0.0348
vn -0.4737 0.0903 -0.8761
vn -0.4708 0.0974 -0.8768
vn 0.2277 -0.6314 -0.7413
vn 0.2790 -0.6866 -0.6713
vn -0.2987 0.1000 0.9491
vn -0.2907 -0.0910 0.9525
vn -0.8701 0.1086 0.4808
vn 0.4958 0.0650 0.8660
vn 0.6776 0.6557 -0.3329
vn 0.7164 0.6472 -0.2604
vn -0.0811 0.9967 0.0078
vn -0.6833 0.6342 0.3618
vn -0.6419 0.6516 -0.4043
vn -0.5318 0.4806 -0.6973
vn 0.8633 -0.1602 0.4786
vn -0.8620 0.1952 0.4678
vn -0.6277 0.1017 -0.7718
vn -0.0192 -0.8809 -0.4730
vn 0.5671 0.7672 -0.2998
vn 0.6795 -0.4731 0.5608
vn 0.2193 -0.6361 -0.7398
vn 0.8408 -0.4818 -0.2470
vn 0.5629 -0.4601 0.6866
vn 0.0746 0.6287 -0.7740
vn 0.0631 0.6122 -0.7882
vn 0.0779 0.6383 -0.7659
vn 0.0833 -0.8248 -0.5593
vn 0.0840 -0.8769 -0.4732
vn 0.1286 -0.8739 -0.4688
vn 0.0470 -0.8287 -0.5577
vn 0.0395 0.8745 -0.4834
vn 0.0398 0.8815 -0.4705
vn 0.0254 0.8779 -0.4782
vn -0.0507 0.8810 -0.4703
vn -0.0290 0.8708 -0.4908
vn 0.0464 0.8785 -0.4755
vn 0.3621 -0.6302 -0.6868
vn 0.2625 -0.6570 -0.7067
vn 0.3626 -0.6412 -0.6763
vn 0.3172 -0.6109 -0.7254
vn 0.2361 -0.7828 -0.5757
vn 0.1796 -0.7693 -0.6131
vn 0.2698 -0.7444 -0.6108
vn 0.2231 -0.7810 -0.5833
vn 0.2840 -0.7779 -0.5606
vn 0.0030 0.9955 -0.0947
vn 0.0028 0.9952 -0.0976
vn 0.0286 0.9958 -0.0866
vn -0.0352 0.9954 -0.0891
vn -0.0002 0.9941 -0.1082
vn 0.2988 -0.1030 -0.9487
vn 0.3038 -0.0920 -0.9483
vn 0.0395 0.9962 -0.0772
vn 0.0932 0.9926 -0.0773
vn -0.0191 0.9971 -0.0739
vn 0.2207 0.8697 -0.4416
vn 0.1906 0.8711 -0.4526
vn 0.1387 0.8859 -0.4427
vn 0.1185 0.9566 -0.2662
vn 0.2231 0.8810 -0.4173
vn 0.2446 0.8757 -0.4164
vn 0.2980 0.8691 -0.3948
vn 0.2470 0.8509 -0.4636
vn 0.1499 0.8789 -0.4528
vn 0.4224 0.6186 -0.6625
vn 0.3680 0.6428 -0.6718
vn 0.4245 0.4960 -0.7575
vn 0.4446 0.2700 -0.8541
vn 0.4707 0.3476 -0.8109
vn 0.0512 0.9960 -0.0739
vn 0.0840 0.9937 -0.0739
vn 0.0693 0.9949 -0.0733
vn 0.1913 0.9503 -0.2455
vn 0.5957 0.6344 -0.4926
vn 0.4881 0.6341 -0.5998
vn 0.5838 0.5832 -0.5648
vn 0.4998 0.6819 -0.5340
vn 0.6036 0.6307 -0.4877
vn 0.0964 -0.9952 0.0149
vn 0.2923 -0.9560 -0.0263
vn 0.1280 -0.9909 0.0416
vn 0.0910 -0.9943 0.0554
vn 0.0990 -0.9948 -0.0227
vn 0.0949 -0.9954 0.0150
vn 0.5610 0.7706 -0.3024
vn 0.6085 0.7777 -0.1578
vn 0.6356 0.7601 -0.1352
vn 0.6065 0.7727 -0.1876
vn 0.5055 -0.8552 -0.1140
vn 0.6311 -0.7650 -0.1286
vn 0.4775 -0.8774 -0.0461
vn 0.4713 -0.8744 -0.1150
vn 0.4713 -0.8808 -0.0459
vn 0.4390 -0.8853 -0.1531
vn 0.9406 0.3065 -0.1460
vn 0.2789 -0.9578 -0.0693
vn 0.2932 -0.9559 -0.0160
vn 0.3902 -0.9182 -0.0687
vn 0.3883 -0.9214 -0.0153
vn 0.4532 -0.8888 -0.0680
vn 0.3787 -0.9250 0.0319
vn 0.2888 -0.9570 0.0285
vn 0.9527 0.0842 -0.2920
vn 0.9519 0.1140 -0.2844
vn 0.9674 0.0790 -0.2405
vn 0.7718 0.6322 -0.0680
vn 0.7676 0.6404 -0.0270
vn 0.7723 0.6347 -0.0269
vn 0.7699 0.6376 -0.0268
vn 0.3827 -0.9195 0.0895
vn 0.2794 -0.9567 0.0819
vn 0.1043 0.9944 -0.0173
vn 0.0897 0.9958 -0.0194
vn 0.0921 0.9942 -0.0554
vn 0.0993 0.9941 -0.0431
vn 0.1007 0.9948 0.0149
vn 0.0964 0.9952 0.0163
vn 0.9861 -0.1534 -0.0636
vn 0.9912 -0.1170 -0.0622
vn 0.9764 -0.2004 0.0805
vn 0.9879 0.0940 0.1234
vn 0.9912 -0.0956 0.0919
vn 0.9947 -0.0805 0.0637
vn 0.9674 0.1412 0.2101
vn 0.9545 0.0462 0.2945
vn 0.3125 0.9489 0.0448
vn 0.2863 0.9572 0.0421
vn 0.3146 0.9487 -0.0318
vn 0.4670 0.8842 -0.0105
vn 0.9440 -0.2987 0.1404
vn 0.9439 -0.2733 0.1854
vn 0.9536 -0.2634 0.1460
vn 0.6283 0.7752 0.0655
vn 0.6179 0.7652 0.1805
vn 0.7470 0.6381 0.1866
vn 0.7694 0.6347 0.0724
vn 0.8775 0.4539 0.1551
vn 0.9013 0.3558 0.2473
vn 0.8938 0.4216 0.1528
vn 0.2773 0.9548 0.1068
vn 0.2933 0.9550 0.0451
vn 0.0744 -0.9944 0.0752
vn 0.2528 -0.9534 0.1645
vn 0.2212 -0.9616 0.1626
vn 0.9050 0.2698 0.3289
vn 0.8799 0.3335 0.3385
vn 0.9423 0.1513 0.2987
vn 0.3204 0.9426 0.0938
vn 0.3035 0.9364 0.1764
vn 0.2662 0.9594 0.0928
vn 0.4448 0.8841 0.1431
vn 0.4607 0.8860 0.0521
vn 0.4191 0.8800 0.2234
vn 0.4173 0.8810 0.2230
vn 0.4001 0.8672 0.2965
vn 0.4492 0.8796 0.1563
vn 0.5490 0.8176 0.1734
vn 0.5905 0.7587 0.2752
vn 0.6098 0.7710 0.1838
vn 0.5974 0.7634 0.2457
vn 0.5686 0.7684 0.2937
vn 0.7942 0.3301 0.5101
vn 0.8255 0.2668 0.4973
vn 0.7145 0.2498 0.6535
vn 0.7792 0.1062 0.6177
vn 0.8826 0.1031 0.4587
vn 0.6753 -0.2777 0.6833
vn 0.6228 -0.1883 0.7594
vn 0.7315 -0.2739 0.6244
vn 0.7734 -0.0937 0.6269
vn 0.7300 -0.2992 0.6144
vn 0.6461 -0.3468 0.6799
vn 0.6784 -0.4643 0.5693
vn 0.6601 -0.4437 0.6062
vn 0.6410 -0.4213 0.6416
vn 0.5832 -0.4480 0.6776
vn 0.5718 -0.5643 0.5955
vn 0.4474 -0.5775 0.6829
vn 0.5547 -0.4744 0.6836
vn 0.4612 -0.5264 0.7143
vn 0.3656 -0.6332 0.6822
vn 0.4037 -0.5229 0.7508
vn 0.3939 -0.5297 0.7512
vn 0.4542 -0.5879 0.6694
vn 0.4962 0.6374 0.5896
vn 0.5425 0.6483 0.5342
vn 0.5374 0.6662 0.5170
vn 0.5909 0.5346 0.6042
vn 0.5084 0.5225 0.6845
vn 0.4430 0.5350 0.7194
vn 0.4563 0.5970 0.6599
vn 0.5681 0.3942 0.7224
vn 0.5747 0.3290 0.7494
vn 0.2141 0.7719 0.5986
vn 0.2351 0.7985 0.5542
vn 0.1797 0.7922 0.5832
vn 0.0687 0.7687 0.6359
vn 0.1530 -0.7862 0.5987
vn 0.1370 -0.8387 0.5271
vn 0.0359 -0.8741 0.4843
vn 0.1719 0.0247 0.9848
vn 0.0932 0.1012 0.9905
vn 0.2846 0.0944 0.9540
vn 0.0976 0.0946 0.9907
vn 0.0911 0.2883 0.9532
vn 0.0015 0.1982 0.9802
vn 0.0403 0.0462 0.9981
vn 0.1095 -0.5120 0.8520
vn -0.0496 -0.6754 0.7358
vn 0.0033 -0.6622 0.7494
vn -0.1944 0.4349 0.8792
vn -0.2634 0.4665 0.8444
vn -0.0560 -0.7695 0.6361
vn -0.0522 -0.7743 0.6306
vn 0.0444 -0.7786 0.6260
vn 0.0229 0.9955 0.0916
vn 0.0390 0.9898 0.1373
vn 0.0526 0.9951 0.0833
vn -0.0271 0.9807 0.1938
vn 0.0402 0.9670 0.2518
vn -0.0434 0.8802 0.4727
vn -0.1177 0.8769 0.4661
vn -0.0775 0.8468 0.5262
vn -0.0133 0.8718 0.4897
vn -0.0417 0.8819 0.4696
vn 0.0039 0.8897 0.4566
vn -0.2838 0.1282 0.9503
vn -0.2786 0.2868 0.9166
vn -0.3506 0.1536 0.9238
vn -0.2280 0.7824 0.5795
vn -0.1422 0.7658 0.6272
vn -0.2491 0.7939 0.5547
vn -0.2277 0.6336 0.7394
vn -0.2554 0.6427 0.7223
vn -0.2743 -0.6450 0.7133
vn -0.2380 -0.7120 0.6607
vn -0.3086 -0.6526 0.6920
vn -0.2951 -0.7241 0.6234
vn -0.3045 -0.7722 0.5577
vn -0.3135 -0.7669 0.5601
vn -0.1383 -0.8784 0.4574
vn -0.1584 -0.8741 0.4592
vn -0.2207 -0.8828 0.4148
vn -0.1892 -0.9031 0.3856
vn -0.2381 -0.9121 0.3338
vn -0.2613 -0.8782 0.4006
vn -0.0700 -0.9528 0.2955
vn -0.0138 -0.9138 0.4060
vn -0.0336 -0.9576 0.2862
vn -0.0975 -0.9366 0.3365
vn -0.1000 -0.9548 0.2798
vn -0.5033 0.0684 0.8614
vn -0.5613 0.0813 0.8236
vn -0.4693 0.0957 0.8779
vn -0.5005 0.1044 0.8594
vn -0.4692 0.0962 0.8778
vn -0.0118 0.9956 0.0926
vn 0.0103 0.9957 0.0925
vn -0.0337 0.9933 0.1110
vn -0.0213 -0.9570 0.2892
vn -0.0450 -0.9597 0.2774
vn -0.0515 -0.9564 0.2876
vn -0.0235 -0.9557 0.2934
vn -0.4995 -0.4661 0.7303
vn -0.0854 -0.9568 0.2780
vn -0.0557 -0.9575 0.2831
vn -0.4865 -0.6403 0.5944
vn -0.4998 -0.6063 0.6186
vn -0.5900 -0.6333 0.5007
vn -0.5892 -0.6384 0.4953
vn -0.6487 0.4598 0.6065
vn -0.5552 0.6320 0.5407
vn -0.6030 0.6250 0.4958
vn -0.6412 0.4799 0.5988
vn -0.6914 0.4612 0.5561
vn -0.7504 -0.2394 0.6161
vn -0.7407 0.6101 0.2814
vn -0.7720 0.5832 0.2525
vn -0.7427 0.6317 0.2220
vn -0.6983 0.6524 0.2946
vn -0.7190 0.6440 0.2612
vn -0.3901 -0.8851 0.2536
vn -0.2204 -0.9554 0.1963
vn -0.4185 -0.8784 0.2307
vn -0.4100 -0.8836 0.2260
vn -0.2494 -0.9606 0.1229
vn -0.2385 -0.9564 0.1683
vn -0.1389 -0.9565 0.2567
vn -0.1810 -0.9556 0.2324
vn -0.9199 0.2862 0.2680
vn -0.9175 0.2971 0.2644
vn -0.0980 0.9947 0.0325
vn -0.1005 0.9948 0.0181
vn -0.0801 0.9957 0.0475
vn -0.2108 0.9757 0.0597
vn -0.2873 0.9578 0.0013
vn -0.0857 0.9949 0.0533
vn -0.6106 -0.7675 0.1954
vn -0.6297 -0.7737 0.0697
vn -0.6046 -0.7731 0.1918
vn -0.4941 -0.8681 0.0471
vn -0.6221 -0.7782 0.0861
vn -0.5412 -0.8390 -0.0569
vn -0.4579 -0.8889 -0.0145
vn -0.4698 -0.8814 0.0485
vn -0.1915 0.9811 0.0261
vn -0.0924 0.9953 -0.0277
vn -0.9900 -0.1002 -0.0997
vn -0.9813 -0.0403 -0.1883
vn -0.9916 -0.0900 -0.0928
vn -0.3398 0.9396 -0.0409
vn -0.3100 0.9409 -0.1368
vn -0.2851 0.9563 -0.0654
vn -0.4468 0.8939 -0.0357
vn -0.2902 0.9565 -0.0286
vn -0.4696 0.8814 -0.0514
vn -0.4730 0.8797 -0.0495
vn -0.4731 0.8799 0.0434
vn -0.6246 0.7749 -0.0974
vn -0.6033 0.7751 -0.1878
vn -0.6314 0.7675 -0.1105
vn -0.5853 0.8106 0.0191
vn -0.5490 0.8315 -0.0850
vn -0.7047 0.6683 -0.2382
vn -0.6599 0.7357 -0.1526
vn -0.6224 0.7365 -0.2647
vn -0.7176 0.6379 -0.2797
vn -0.6583 0.6491 -0.3812
vn -0.7591 0.3488 -0.5496
vn -0.8398 0.2696 -0.4713
vn -0.8582 0.2432 -0.4521
vn -0.4248 0.8828 -0.2007
vn -0.4285 0.8793 -0.2079
vn -0.4973 0.8351 -0.2350
vn -0.4256 0.8783 -0.2180
vn -0.4535 0.8809 -0.1353
vn -0.8403 -0.3967 -0.3694
vn -0.7792 -0.4690 -0.4158
vn -0.7965 -0.4257 -0.4294
vn -0.5813 0.7749 -0.2483
vn -0.4890 0.7726 -0.4049
vn -0.5912 0.7052 -0.3914
vn -0.3961 -0.9015 -0.1746
vn -0.4237 -0.8784 -0.2210
vn -0.3666 -0.8789 -0.3051
vn -0.4451 -0.8797 -0.1674
vn -0.4852 -0.8057 -0.3397
vn -0.3238 -0.8742 -0.3618
vn -0.3002 -0.8810 -0.3658
vn -0.4114 -0.8553 -0.3149
vn -0.4171 -0.8625 -0.2864
vn -0.4167 -0.8810 -0.2241
vn -0.2793 -0.9565 -0.0841
vn -0.2548 -0.9572 -0.1376
vn -0.2869 -0.9503 -0.1205
vn -0.2392 -0.9605 -0.1419
vn -0.2468 -0.9523 -0.1796
vn -0.7773 0.1138 -0.6187
vn -0.7638 0.1287 -0.6325
vn -0.7662 0.1014 -0.6345
vn -0.2314 0.9497 -0.2112
vn -0.3649 0.8807 -0.3021
vn -0.3078 0.9343 -0.1799
vn -0.3870 0.8739 -0.2940
vn -0.2261 0.9567 -0.1834
vn -0.2423 -0.9508 -0.1932
vn -0.1886 -0.9627 -0.1939
vn -0.1380 -0.9730 -0.1848
vn -0.5448 -0.0865 -0.8341
vn -0.5155 -0.1156 -0.8490
vn -0.6509 -0.1358 -0.7469
vn -0.3199 -0.7658 -0.5579
vn -0.3758 -0.7640 -0.5245
vn -0.2617 -0.7966 -0.5448
vn -0.6015 0.2732 -0.7507
vn -0.6255 0.3378 -0.7033
vn -0.5591 0.4640 -0.6871
vn -0.1828 -0.9590 -0.2166
vn -0.1527 -0.9605 -0.2325
vn -0.1343 -0.9622 -0.2368
vn -0.1368 -0.9560 -0.2594
vn -0.1139 -0.9550 -0.2738
vn -0.1031 -0.9557 -0.2758
vn -0.0363 0.9948 -0.0956
vn -0.0552 0.9947 -0.0863
vn -0.0313 0.9943 -0.1019
vn -0.0748 0.9966 -0.0349
vn -0.0972 0.9949 -0.0263
vn -0.0839 0.9951 -0.0517
vn -0.4243 -0.0153 -0.9054
vn -0.2374 0.8883 -0.3932
vn -0.2230 0.8810 -0.4173
vn -0.2941 0.8782 -0.3771
vn -0.3433 0.8743 -0.3430
vn -0.2634 0.8749 -0.4065
vn -0.2436 0.8780 -0.4121
vn -0.3575 0.6664 -0.6543
vn -0.3023 0.6737 -0.6743
vn -0.3633 0.6371 -0.6798
vn -0.3643 0.6319 -0.6841
vn -0.2875 -0.0973 -0.9528
vn -0.2802 -0.1043 -0.9543
vn -0.3296 -0.0507 -0.9427
vn -0.1938 -0.2901 -0.9372
vn -0.1857 -0.2673 -0.9456
vn -0.3068 -0.2121 -0.9279
vn -0.2355 -0.6293 -0.7406
vn -0.2565 -0.7532 -0.6057
vn -0.1028 -0.7666 -0.6339
vn -0.0483 -0.6376 -0.7688
vn -0.2076 -0.7805 -0.5898
vn -0.1729 -0.6816 -0.7110
vn -0.3962 0.4584 -0.7955
vn -0.2777 0.0878 -0.9567
vn -0.3090 0.2129 -0.9269
vn -0.2555 0.1803 -0.9499
vn -0.0615 0.1843 -0.9809
vn -0.0850 0.1289 -0.9880
vn -0.0898 0.2806 -0.9556
vn 0.0457 0.1282 -0.9907
vn -0.1114 0.8823 -0.4574
vn -0.0844 0.8810 -0.4655
vn -0.0667 0.9470 -0.3144
vn 0.8441 -0.1419 0.5171
vn 0.7651 -0.1011 0.6359
vn 0.7693 -0.0976 0.6314
vn -0.7579 -0.0829 0.6471
vn -0.8088 -0.0858 0.5818
vn -0.8391 -0.0564 0.5410
vn 0.4968 0.1193 -0.8597
vn 0.5727 0.0434 -0.8186
vn 0.4807 0.1283 -0.8675
vn 0.6169 0.0536 -0.7852
vn 0.7710 0.1052 -0.6281
vn 0.7667 0.0849 -0.6363
vn 0.9909 0.1037 -0.0859
vn 0.9897 0.0939 0.1078
vn 0.9922 0.1142 0.0493
vn 0.9936 0.0092 -0.1129
vn 0.9971 -0.0033 -0.0757
vn -0.9881 -0.0733 -0.1355
vn -0.9641 0.1149 -0.2393
vn -0.9746 -0.0167 -0.2233
vn -0.9517 0.0514 -0.3026
vn -0.9678 -0.2493 0.0349
vn -0.9524 -0.2916 -0.0890
vn -0.9571 -0.2334 -0.1718
vn 0.8155 -0.2636 -0.5152
vn 0.8425 -0.3179 -0.4349
vn 0.9580 -0.2815 0.0544
vn 0.9519 -0.2901 0.0989
vn 0.9521 -0.2910 -0.0942
vn -0.5637 -0.3260 -0.7589
vn -0.6022 -0.4384 -0.6672
vn -0.5848 -0.4099 -0.7000
vn 0.7000 -0.2590 -0.6655
vn 0.7022 -0.4496 -0.5521
vn 0.6682 -0.3069 -0.6777
vn 0.4645 -0.2980 -0.8339
vn 0.4562 -0.2871 -0.8423
vn 0.4592 -0.2861 -0.8410
vn 0.3987 -0.3861 -0.8318
vn 0.4606 -0.2953 -0.8370
vn -0.8213 0.2873 0.4929
vn -0.8139 0.2889 0.5042
vn -0.8323 0.2312 0.5038
vn -0.9497 0.2982 0.0952
vn -0.9495 0.2956 0.1056
vn -0.9311 0.3609 0.0527
vn -0.9514 0.2949 0.0888
vn -0.9514 0.2967 -0.0824
vn -0.9816 0.1608 -0.1026
vn -0.8290 0.2760 -0.4864
vn -0.8453 0.3651 -0.3901
vn -0.8986 0.1587 -0.4091
vn -0.8236 0.4811 0.3003
vn -0.8376 0.4471 0.3139
vn -0.8242 0.4425 0.3534
vn 0.7368 0.3564 -0.5745
vn 0.7774 0.4603 -0.4287
vn 0.6683 0.5222 -0.5298
vn 0.7739 0.3410 -0.5337
vn 0.8833 0.4606 -0.0872
vn 0.8847 0.4578 -0.0878
vn 0.8916 0.4507 0.0439
vn 0.9535 0.2821 -0.1059
vn -0.8471 0.5104 0.1477
vn -0.8778 0.4433 0.1816
vn -0.8965 0.3185 0.3080
vn -0.9178 0.3965 0.0195
vn -0.9116 0.4089 -0.0427
vn -0.9380 0.3359 -0.0853
vn -0.9548 0.2818 0.0944
vn -0.8884 0.3469 -0.3007
vn -0.8903 0.2326 -0.3916
vn -0.3480 0.4463 0.8244
vn -0.3943 0.4625 0.7941
vn -0.2831 0.4041 0.8698
vn 0.8694 -0.4866 0.0856
vn 0.8819 -0.4643 0.0814
vn 0.8147 -0.4363 0.3820
vn 0.8464 -0.4699 0.2505
vn 0.8477 -0.4697 0.2466
vn 0.8472 -0.4650 0.2568
vn -0.0428 -0.6600 -0.7500
vn -0.0230 -0.6423 -0.7661
vn -0.0338 -0.6983 -0.7151
vn -0.0334 -0.7738 -0.6325
vn 0.4402 0.6534 -0.6159
vn 0.5570 0.4747 -0.6814
vn 0.4790 0.5968 -0.6437
vn -0.6832 -0.6301 -0.3690
vn -0.6369 -0.7238 -0.2653
vn -0.6486 -0.6570 -0.3842
vn -0.6269 -0.7287 -0.2757
vn -0.6364 -0.6681 -0.3855
vn -0.4002 0.6152 0.6793
vn -0.3673 0.6314 0.6829
vn -0.3961 0.5721 0.7182
vn -0.3560 0.6303 0.6899
vn -0.5544 0.6333 0.5399
vn -0.4959 0.6242 0.6037
vn -0.5375 0.5032 -0.6767
vn -0.5808 0.4605 -0.6713
vn -0.4949 0.5946 -0.6336
vn -0.5633 0.5583 -0.6091
vn 0.3621 0.7420 0.5642
vn 0.4043 0.7722 0.4902
vn 0.4911 0.6199 0.6120
vn 0.2559 0.7123 0.6536
vn -0.2858 -0.7509 -0.5954
vn -0.6375 -0.7561 -0.1482
vn -0.5859 -0.8059 -0.0846
vn 0.6628 0.7265 -0.1812
vn 0.6347 0.7690 -0.0760
vn 0.6087 0.7814 -0.1371
vn 0.7061 0.6864 -0.1740
vn -0.6502 -0.7531 -0.1006
vn -0.6222 -0.7674 -0.1549
vn -0.4750 -0.8781 -0.0573
vn -0.5544 -0.8262 -0.1001
vn 0.6367 -0.7711 0.0007
vn 0.6318 -0.7750 0.0118
vn 0.6335 -0.7712 0.0623
vn 0.4541 0.8740 -0.1731
vn 0.4720 0.8796 -0.0596
vn 0.4899 0.8487 -0.1992
vn 0.4652 -0.8789 0.1058
vn 0.4536 -0.8815 0.1314
vn 0.4520 -0.8805 0.1431
vn 0.4638 -0.8784 0.1150
vn 0.4713 -0.8807 0.0464
vn 0.4635 -0.8798 0.1056
vn 0.3636 0.8818 -0.3004
vn 0.3753 0.8878 -0.2665
vn 0.4094 0.8735 -0.2633
vn 0.4803 0.7777 -0.4056
vn 0.3607 0.8597 -0.3617
vn 0.3743 0.8724 -0.3143
vn 0.3431 -0.7957 0.4991
vn 0.3795 -0.8402 0.3874
vn 0.3555 -0.8749 0.3288
vn 0.3000 -0.8808 0.3664
vn 0.0779 0.8844 0.4602
vn 0.0696 0.8757 0.4779
vn 0.1279 0.8502 0.5107
vn -0.0071 -0.7975 0.6033
vn -0.4721 -0.8802 -0.0496
vn -0.4075 -0.9102 -0.0744
vn -0.3696 -0.9288 0.0264
vn -0.4696 -0.8819 0.0421
vn -0.3657 -0.8810 0.3003
vn -0.2995 -0.8814 0.3654
vn -0.3001 -0.8810 0.3658
vn -0.2769 -0.8850 0.3743
vn -0.4030 -0.8538 0.3295
vn -0.4959 0.8681 0.0211
vn -0.4758 0.8765 0.0735
vn -0.4702 0.8811 -0.0516
vn -0.6415 0.7656 0.0494
vn -0.3192 -0.9101 -0.2643
vn -0.2702 -0.9334 -0.2363
vn -0.2938 -0.9453 -0.1419
vn 0.1400 0.9506 -0.2771
vn 0.1171 0.9528 -0.2800
vn 0.0882 0.9562 -0.2791
vn 0.2264 0.8973 -0.3790
vn 0.1405 0.9639 -0.2261
vn -0.0738 0.9485 0.3081
vn -0.1213 0.9600 0.2525
vn -0.1114 0.9593 0.2594
vn -0.0853 0.9564 0.2792
vn -0.1373 0.9556 0.2607
vn -0.1759 0.9601 0.2173
vn -0.1702 0.9589 0.2270
vn -0.2277 0.9567 0.1813
vn 0.2175 0.9474 0.2349
vn 0.1689 0.9574 0.2343
vn 0.1371 0.9563 0.2582
vn 0.1693 0.9576 0.2331
vn 0.2805 0.9182 0.2796
vn 0.2571 0.9565 -0.1374
vn 0.3514 0.9059 -0.2362
vn 0.2879 0.9402 -0.1819
vn 0.2679 0.9522 -0.1470
vn 0.2802 0.9545 -0.1018
vn 0.2538 0.9616 -0.1039
vn 0.2595 0.9392 -0.2246
vn 0.2279 0.9564 -0.1825
vn -0.2202 0.9559 0.1943
vn -0.2863 0.9394 0.1887
vn -0.1698 0.9580 0.2312
vn -0.2551 0.9568 0.1394
vn -0.2272 0.9559 0.1860
vn -0.3408 0.9304 0.1351
vn -0.2599 0.9549 0.1440
vn -0.2764 0.9585 0.0702
vn -0.2735 0.9576 0.0904
vn 0.2873 0.9578 -0.0043
vn 0.2771 0.9589 -0.0619
vn 0.2217 -0.9536 0.2038
vn 0.2877 -0.9180 0.2729
vn 0.1731 -0.9572 0.2320
vn 0.2249 -0.9562 0.1874
vn 0.2001 -0.9624 0.1836
vn 0.2553 -0.9577 0.1324
vn 0.4172 0.8833 -0.2136
vn 0.3494 0.9350 -0.0603
vn 0.3790 0.9141 -0.1440
vn -0.1080 0.9454 -0.3076
vn -0.0624 0.9572 -0.2827
vn -0.0657 0.9571 -0.2821
vn -0.1078 0.9587 -0.2632
vn -0.0155 0.9563 -0.2918
vn -0.2960 0.9538 0.0509
vn -0.3782 0.9240 0.0561
vn -0.2949 0.9542 0.0502
vn -0.2919 0.9561 0.0267
vn -0.4077 0.9017 -0.1437
vn -0.3995 0.8966 -0.1911
vn -0.2491 0.9554 -0.1584
vn -0.0882 -0.9961 -0.0005
vn -0.0935 -0.9954 0.0221
vn -0.0902 -0.9956 0.0268
vn -0.2838 -0.9588 0.0090
vn 0.0287 0.9565 -0.2902
vn -0.0146 0.9580 -0.2863
vn -0.4229 -0.7998 -0.4260
vn -0.4882 -0.7732 -0.4046
vn -0.4885 -0.7711 -0.4084
vn -0.4653 0.7346 -0.4938
vn -0.4793 0.6908 -0.5414
vn -0.3936 0.7742 -0.4956
vn -0.3649 0.7619 -0.5351
vn -0.6235 0.7780 0.0777
vn -0.6842 0.7224 0.1001
vn -0.6291 0.7763 0.0409
vn -0.6373 0.7655 0.0883
vn -0.7212 0.6919 0.0351
vn -0.5614 -0.7698 0.3037
vn -0.6181 -0.6818 0.3913
vn -0.6513 -0.6663 0.3632
vn -0.5932 -0.7638 0.2543
vn -0.6010 0.7750 0.1954
vn -0.5934 0.7783 0.2054
vn -0.5437 0.8304 0.1218
vn -0.4820 0.8615 0.1598
vn 0.0004 0.9397 -0.3421
vn -0.4002 -0.7716 0.4944
vn -0.4889 -0.7714 0.4073
vn -0.4894 -0.7717 0.4062
vn -0.4689 -0.6670 0.5790
vn -0.4793 -0.6518 0.5876
vn 0.0960 0.2944 -0.9508
vn -0.0135 0.2642 -0.9644
vn -0.0550 -0.3133 -0.9481
vn 0.0930 -0.2913 -0.9521
vn -0.0071 -0.6618 0.7497
vn 0.0123 -0.7332 0.6799
vn 0.0683 -0.7692 0.6353
vn 0.0728 -0.6278 0.7750
vn -0.1463 -0.6626 0.7346
vn -0.0130 -0.6617 0.7497
vn -0.0592 -0.7756 0.6285
vn -0.1387 0.7531 0.6432
vn -0.0688 0.7713 0.6327
vn -0.1796 0.8049 0.5655
vn 0.4790 -0.7524 -0.4522
vn 0.4348 -0.8043 -0.4051
vn 0.5083 -0.7894 -0.3442
vn 0.4928 -0.7727 -0.4001
vn -0.4856 0.4513 -0.7487
vn -0.5746 0.4568 -0.6791
vn -0.5299 0.4372 -0.7267
vn 0.8784 -0.4698 0.0883
vn 0.8786 -0.4696 0.0864
vn 0.9325 -0.3451 0.1067
vn -0.7767 -0.4753 0.4133
vn -0.7792 -0.4694 0.4154
vn -0.8489 -0.4401 0.2926
vn 0.5603 -0.4566 0.6910
vn 0.5075 -0.3626 0.7817
vn 0.4502 -0.2897 0.8446
vn 0.6067 -0.2881 0.7409
vn 0.4903 -0.4181 0.7647
vn -0.7653 -0.4085 -0.4974
vn -0.8000 -0.4459 -0.4014
vn 0.5512 -0.7570 -0.3509
vn 0.5618 -0.7724 -0.2962
vn 0.5895 -0.7292 -0.3476
vn 0.5595 -0.7726 -0.3000
vn 0.5913 -0.7484 -0.3003
vn -0.0973 -0.9560 0.2766
vn 0.2572 0.9565 0.1374
vn 0.2771 0.9561 0.0954
vn 0.3503 0.9130 0.2089
vn 0.2286 0.9561 0.1832
vn 0.2560 0.9561 0.1427
vn 0.0464 -0.8810 0.4709
vn 0.0400 -0.8829 0.4678
vn 0.1076 -0.8894 0.4443
vn 0.2811 0.4962 0.8215
vn 0.3581 0.5185 0.7765
vn 0.2890 0.4084 0.8658
vn 0.3718 0.4217 0.8270
vn 0.2569 0.4703 0.8443
vn 0.7891 0.4625 -0.4043
vn -0.8326 0.4181 -0.3632
vn -0.7759 0.5239 -0.3514
vn -0.8276 0.4892 -0.2753
vn 0.6040 -0.7635 -0.2287
vn -0.8581 -0.4920 -0.1469
vn -0.8817 -0.4598 -0.1059
vn 0.8761 0.4770 -0.0702
vn 0.8629 0.4816 -0.1533
vn 0.8720 0.4642 -0.1554
vn 0.3044 -0.5072 -0.8063
vn 0.4150 -0.4701 -0.7790
vn 0.4256 -0.4764 -0.7693
vn -0.6841 -0.3486 0.6407
vn -0.6007 -0.3533 0.7172
vn -0.6564 -0.4728 0.5879
vn 0.5546 0.4390 -0.7069
vn 0.0886 -0.9565 -0.2781
vn 0.0886 -0.9569 -0.2765
vn 0.0621 -0.9594 -0.2750
vn 0.1170 -0.9765 -0.1809
vn 0.5235 -0.4441 -0.7271
vn 0.5251 -0.4436 -0.7263
vn 0.5083 -0.4637 -0.7256
vn 0.5511 -0.5277 -0.6464
vn 0.3240 0.2718 -0.9062
vn 0.4091 0.2352 -0.8816
vn 0.3153 0.1727 -0.9332
vn 0.1033 0.2858 -0.9527
vn 0.0965 0.2844 -0.9538
vn 0.1782 0.2618 -0.9485
vn 0.1362 0.2727 -0.9524
vn 0.2675 0.2340 -0.9347
vn 0.0883 -0.2907 -0.9527
vn 0.0902 -0.2865 -0.9538
vn 0.1739 -0.3240 -0.9299
vn 0.1395 -0.3263 -0.9349
vn 0.0551 0.9551 0.2912
vn 0.0020 0.9538 0.3006
vn 0.0600 0.9587 0.2780
vn -0.6798 -0.4623 0.5693
vn -0.7221 -0.3546 0.5939
vn -0.7226 -0.3534 0.5941
vn -0.7668 -0.4437 0.4638
vn 0.1876 0.9566 -0.2230
vn 0.1420 0.9615 -0.2354
vn 0.2256 0.9496 -0.2176
vn 0.2279 0.9560 -0.1849
vn -0.7467 0.2900 0.5986
vn -0.7487 0.2805 0.6007
vn -0.7226 0.3419 0.6007
vn -0.7313 0.3277 0.5982
vn 0.7395 0.2899 0.6075
vn 0.6718 0.2257 0.7055
vn 0.9361 0.2585 -0.2385
vn 0.9724 0.1777 -0.1510
vn 0.7443 -0.4382 -0.5040
vn 0.7775 -0.4685 -0.4196
vn -0.0120 -0.9952 -0.0976
vn 0.0220 -0.9947 -0.1005
vn 0.0200 -0.9855 -0.1688
vn -0.0059 -0.9959 -0.0898
vn 0.7345 -0.2357 0.6363
vn 0.7452 -0.2706 0.6095
vn 0.8103 -0.2155 0.5449
vn -0.0575 -0.3402 0.9386
vn -0.0973 -0.2821 0.9544
vn -0.0915 -0.2798 0.9557
vn -0.1810 -0.4033 0.8970
vn -0.9532 -0.2871 0.0946
vn -0.9530 -0.2841 0.1052
vn -0.9653 -0.2270 0.1288
vn -0.9516 -0.2911 0.0981
vn 0.8761 -0.3277 -0.3537
vn 0.8775 -0.0977 -0.4694
vn 0.8776 -0.0975 -0.4694
vn 0.8872 -0.0550 -0.4581
vn 0.9503 -0.1082 -0.2918
vn 0.4629 -0.1016 0.8806
vn 0.3394 -0.1678 0.9256
vn 0.2821 -0.1014 0.9540
vn 0.4086 -0.2238 0.8848
vn 0.9495 -0.0937 -0.2995
vn 0.9629 -0.1027 -0.2494
vn 0.9704 -0.1416 -0.1956
vn -0.0957 -0.9938 -0.0573
vn -0.0430 -0.9959 -0.0801
vn -0.0811 -0.9940 -0.0727
vn -0.0674 -0.9972 -0.0322
vn -0.0723 -0.9939 -0.0830
vn -0.0890 -0.9959 -0.0138
vn -0.0958 -0.9947 -0.0377
vn -0.6111 0.2857 -0.7382
vn -0.5382 0.2012 -0.8184
vn -0.6112 0.2861 -0.7379
vn -0.5465 0.2438 -0.8012
vn -0.4558 0.2862 -0.8429
vn -0.6027 -0.3012 -0.7389
vn -0.4459 -0.3007 -0.8430
vn -0.2704 -0.9616 -0.0474
vn -0.2124 0.9540 -0.2114
vn -0.2040 0.9604 -0.1900
vn -0.4363 -0.3003 -0.8482
vn -0.3143 -0.2971 -0.9016
vn -0.3140 -0.3961 -0.8629
vn -0.4434 -0.3207 -0.8370
vn -0.3605 -0.1032 0.9271
vn -0.3608 -0.1006 0.9272
vn -0.4679 -0.0977 0.8784
vn -0.6494 -0.0947 0.7545
vn -0.7654 -0.1006 0.6356
vn -0.6466 -0.1258 0.7524
vn 0.8697 0.0342 -0.4923
vn 0.8592 -0.0317 -0.5107
vn 0.8081 0.1467 -0.5705
vn -0.7646 -0.0898 -0.6382
vn -0.6799 -0.1941 -0.7071
vn -0.9899 0.1079 0.0918
vn -0.9843 0.0470 0.1704
vn -0.2978 0.1033 -0.9490
vn 0.3620 -0.8825 -0.3001
vn 0.3837 -0.8794 -0.2817
vn 0.3002 -0.8810 -0.3658
vn 0.3686 -0.8797 -0.3003
vn 0.3511 -0.8433 -0.4069
vn 0.4165 -0.8791 -0.2318
vn 0.4642 0.8856 0.0167
vn 0.4713 0.8809 0.0432
vn 0.4636 0.8847 0.0489
vn 0.4514 0.8805 0.1444
vn 0.4727 0.8793 0.0577
vn 0.4491 0.8824 0.1402
vn 0.5509 0.8324 0.0602
vn 0.5475 0.8352 0.0515
vn 0.2911 0.6557 -0.6966
vn 0.2357 0.6700 -0.7040
vn 0.6142 -0.0682 0.7862
vn 0.6701 0.1256 0.7316
vn 0.4924 -0.6334 -0.5970
vn 0.4575 -0.6049 -0.6518
vn 0.4763 -0.6175 -0.6260
vn 0.4621 -0.7046 -0.5385
vn 0.4085 -0.7748 0.4826
vn 0.4480 -0.8233 0.3486
vn 0.4824 -0.7602 0.4351
vn 0.1361 0.9566 0.2577
vn 0.1262 0.9711 0.2025
vn 0.0898 0.9572 0.2750
vn 0.1837 0.9566 0.2260
vn 0.4251 0.8851 0.1893
vn 0.4215 0.8832 0.2058
vn 0.2266 0.8843 0.4084
vn 0.3200 0.8783 0.3552
vn 0.2303 0.8870 0.4003
vn 0.1484 0.8835 0.4443
vn -0.4754 0.0906 0.8751
vn -0.3353 0.0643 0.9399
vn -0.3535 -0.1117 0.9287
vn -0.4378 0.1281 0.8899
vn -0.2958 0.0926 0.9508
vn 0.1564 -0.8525 0.4988
vn 0.2506 -0.7751 0.5800
vn 0.2452 -0.8007 0.5466
vn 0.1421 0.8858 0.4418
vn 0.0985 0.9307 0.3524
vn 0.4451 0.6892 -0.5718
vn 0.4920 0.6360 -0.5945
vn 0.5693 0.5283 -0.6300
vn -0.2210 -0.5358 0.8149
vn -0.2215 -0.5360 0.8147
vn -0.1307 -0.6041 0.7861
vn -0.0791 -0.4667 0.8809
vn -0.2522 -0.4777 0.8416
vn 0.0518 0.8817 0.4690
vn -0.0114 -0.9713 0.2377
vn -0.0071 -0.9807 0.1955
vn -0.2148 0.9615 0.1714
vn -0.1687 0.9553 0.2429
vn -0.2642 0.9561 0.1266
vn -0.1334 0.9903 0.0386
vn -0.0855 0.8928 0.4423
vn -0.0406 0.9058 0.4217
vn -0.0417 0.9313 0.3620
vn -0.1327 0.8822 0.4518
vn -0.0612 -0.7711 0.6337
vn 0.0149 -0.8627 0.5054
vn -0.9389 -0.0584 0.3391
vn -0.9588 -0.0876 0.2702
vn -0.9608 -0.0642 0.2697
vn -0.9706 -0.0713 0.2299
vn -0.9644 -0.0294 0.2629
vn -0.9963 0.0311 0.0803
vn -0.9902 0.0956 0.1016
vn -0.9902 0.0990 0.0982
vn -0.9902 -0.0121 0.1391
vn -0.9906 -0.0969 0.0963
vn 0.0239 -0.9958 0.0883
vn 0.0803 -0.9938 0.0767
vn 0.0196 -0.9955 0.0932
vn 0.0590 -0.9944 0.0873
vn 0.0429 -0.9941 0.1001
vn 0.0193 -0.9951 0.0965
vn -0.0163 -0.9947 0.1012
vn -0.0649 -0.9954 0.0705
vn -0.5873 -0.0392 -0.8084
vn -0.6947 -0.0029 -0.7193
vn -0.7515 0.0412 -0.6584
vn -0.7053 0.0020 -0.7089
vn -0.6672 0.0509 -0.7431
vn -0.3864 0.8865 0.2547
vn -0.4151 0.8878 0.1988
vn -0.3641 0.8811 0.3017
vn -0.3743 0.8883 0.2662
vn -0.4431 -0.8904 0.1043
vn -0.4535 -0.8801 0.1404
vn -0.5674 -0.8129 0.1315
vn -0.4820 -0.8472 0.2235
vn -0.4616 -0.8510 0.2504
vn -0.5593 -0.7719 0.3023
vn -0.3003 -0.8803 -0.3672
vn -0.3025 -0.8695 -0.3904
vn -0.2226 -0.8847 -0.4096
vn -0.2791 -0.8695 -0.4076
vn -0.2342 -0.8790 -0.4153
vn -0.1980 0.8758 -0.4401
vn -0.2123 0.8794 -0.4262
vn -0.1810 0.8777 -0.4438
vn 0.4612 -0.1026 0.8813
vn 0.6243 -0.1024 0.7744
vn 0.5263 -0.0586 0.8483
vn 0.9341 0.1886 0.3031
vn 0.6615 0.1221 0.7399
vn 0.7041 0.0429 0.7088
vn 0.7189 0.2012 0.6654
vn 0.0976 0.0976 0.9904
vn 0.0947 0.2901 0.9523
vn 0.0937 0.2909 0.9522
vn 0.0920 0.2903 0.9525
vn 0.0848 0.2928 0.9524
vn -0.2638 -0.0929 0.9601
vn 0.2550 -0.2348 0.9380
vn 0.2889 -0.0976 0.9524
vn 0.2863 -0.0945 0.9535
vn -0.9064 -0.0802 0.4146
vn -0.9030 -0.1397 0.4063
vn -0.8721 0.0833 -0.4821
vn -0.9785 0.1417 -0.1498
vn -0.9594 0.1351 -0.2476
vn -0.9513 0.1353 -0.2768
vn -0.9490 0.1233 -0.2900
vn -0.2949 -0.2771 -0.9144
vn -0.6563 -0.2414 -0.7149
vn -0.6151 -0.2901 -0.7331
vn -0.5896 -0.1427 -0.7950
vn -0.7459 -0.1785 -0.6416
vn -0.6491 -0.2494 -0.7187
vn -0.1319 -0.1920 -0.9725
vn -0.0655 -0.1193 -0.9907
vn 0.7580 -0.4993 -0.4197
vn 0.2593 -0.3758 0.8897
vn 0.2794 -0.2909 0.9150
vn 0.1482 -0.3569 0.9223
vn 0.9108 0.3268 0.2521
vn 0.8825 -0.3853 0.2696
vn 0.8490 -0.4040 0.3406
vn -0.0576 0.3558 0.9328
vn -0.0904 0.4632 0.8816
vn 0.0178 0.4003 0.9162
vn -0.0135 0.4899 0.8717
vn -0.1264 0.3953 0.9098
vn -0.7774 0.4709 0.4169
vn -0.7960 0.4503 0.4045
vn -0.8319 -0.3388 0.4394
vn -0.7974 -0.3510 0.4910
vn 0.6871 -0.4371 -0.5804
vn 0.7381 -0.3583 -0.5717
vn -0.8845 0.3599 0.2969
vn -0.8292 0.3313 -0.4501
vn -0.8451 0.2866 -0.4513
vn -0.8385 0.2619 -0.4779
vn -0.0861 -0.4682 -0.8794
vn -0.0549 -0.3725 -0.9264
vn 0.2648 -0.5793 -0.7709
vn 0.2091 -0.5446 -0.8122
vn 0.2549 -0.4686 -0.8458
vn 0.2814 -0.4862 -0.8273
vn 0.7682 0.4778 -0.4261
vn 0.7026 0.4990 -0.5073
vn -0.5660 0.4607 0.6837
vn -0.5667 0.4579 0.6850
vn -0.4936 0.6239 0.6058
vn -0.5101 -0.4675 0.7220
vn -0.2778 0.5063 0.8164
vn -0.2780 0.4787 0.8328
vn -0.3935 0.5555 0.7325
vn -0.1508 0.4989 0.8534
vn -0.0880 0.4671 0.8798
vn -0.1745 0.5067 0.8443
vn 0.2253 0.6332 0.7405
vn 0.3305 0.5590 0.7605
vn 0.1271 0.4483 0.8848
vn 0.3359 0.5575 0.7592
vn 0.5639 -0.4567 0.6880
vn -0.9198 0.3808 -0.0943
vn -0.8290 0.5409 -0.1421
vn -0.8039 -0.4599 0.3772
vn -0.7169 -0.5777 0.3903
vn -0.8449 -0.4702 0.2551
vn -0.7566 0.5084 -0.4111
vn -0.4197 -0.5307 0.7363
vn -0.3567 -0.6465 0.6744
vn -0.4035 -0.5638 0.7206
vn -0.6811 -0.5739 -0.4546
vn -0.5897 -0.5613 -0.5807
vn -0.6866 -0.4881 -0.5389
vn 0.6356 0.0842 -0.7674
vn 0.6344 0.0849 -0.7683
vn 0.6573 0.1709 -0.7340
vn 0.2920 -0.0705 0.9538
vn 0.2235 -0.0299 0.9742
vn 0.2482 -0.0253 0.9684
vn 0.1463 -0.0713 0.9867
vn 0.0830 -0.0888 -0.9926
vn -0.0308 -0.0791 -0.9964
vn -0.0851 -0.0645 -0.9943
vn 0.0011 0.1020 -0.9948
vn 0.0976 -0.0976 -0.9904
vn 0.0645 0.0106 -0.9979
vn -0.2898 0.0966 0.9522
vn -0.2880 -0.0979 0.9526
vn -0.2889 0.0976 0.9524
vn 0.7081 -0.1463 -0.6908
vn 0.7360 -0.0748 -0.6729
vn 0.9897 0.0822 -0.1170
vn 0.9957 0.0640 -0.0667
vn 0.0943 -0.0992 0.9906
vn -0.4690 -0.0994 0.8776
vn -0.7680 0.0897 0.6342
vn -0.5802 -0.1085 0.8072
vn -0.4690 -0.0998 0.8776
vn -0.5818 -0.0862 0.8087
vn -0.9598 -0.1165 0.2554
vn -0.1845 -0.0752 -0.9799
vn -0.2084 -0.1370 -0.9684
vn 0.8596 0.2510 0.4451
vn -0.0518 0.2629 0.9634
vn -0.0889 0.2860 0.9541
vn -0.2705 0.2925 0.9172
vn -0.1933 0.2345 0.9527
vn 0.8570 0.1671 0.4875
vn 0.8380 0.2255 0.4969
vn 0.1920 0.2118 -0.9583
vn 0.1295 0.1803 -0.9751
vn 0.0725 0.1087 -0.9914
vn 0.4752 -0.2433 -0.8456
vn 0.4138 -0.2083 -0.8862
vn 0.0521 -0.0372 0.9979
vn -0.0479 -0.2520 0.9665
vn -0.0966 -0.0989 0.9904
vn -0.2580 -0.1891 0.9475
vn -0.0990 -0.1031 0.9897
vn -0.1021 -0.0886 0.9908
vn -0.2835 -0.2744 0.9189
vn 0.8786 -0.1055 0.4657
vn 0.8745 -0.2141 0.4351
vn -0.8531 -0.3164 -0.4149
vn -0.9050 -0.2345 -0.3548
vn -0.9529 -0.0961 -0.2877
vn 0.1483 0.6505 -0.7449
vn 0.1790 0.7528 -0.6335
vn 0.1808 0.7524 -0.6334
vn 0.1966 0.6983 -0.6882
vn 0.7717 0.6314 -0.0759
vn 0.7400 0.6283 -0.2398
vn 0.6284 0.7747 -0.0703
vn 0.6714 -0.6574 -0.3422
vn 0.6849 -0.6731 -0.2791
vn 0.6828 -0.6322 -0.3662
vn 0.7094 -0.6661 -0.2303
vn -0.5078 0.6266 -0.5911
vn -0.5986 0.6326 -0.4914
vn 0.3746 -0.7361 0.5638
vn 0.5548 -0.6187 0.5562
vn 0.4692 -0.6504 0.5974
vn 0.4383 -0.6731 0.5957
vn 0.4906 -0.6331 0.5987
vn 0.5175 -0.7072 0.4816
vn 0.4831 -0.7619 0.4315
vn 0.6147 -0.6513 0.4450
vn 0.5992 -0.6324 0.4910
vn 0.5719 -0.6032 0.5559
vn -0.0001 0.7490 0.6625
vn -0.1355 0.6600 0.7390
vn -0.0746 0.6346 0.7692
vn -0.0611 0.7732 0.6312
vn 0.0414 0.7807 0.6236
vn -0.0058 0.6678 0.7443
vn -0.7815 0.6232 -0.0279
vn -0.7692 0.6349 -0.0720
vn -0.7473 0.6577 -0.0947
vn -0.1094 0.6339 -0.7656
vn -0.1099 0.6329 -0.7664
vn -0.2114 0.6777 -0.7043
vn -0.1237 0.6805 -0.7222
vn -0.0081 -0.0611 0.9981
vn -0.0976 -0.0975 0.9904
vn -0.0902 -0.0938 0.9915
vn 0.0341 0.0634 0.9974
vn -0.0867 -0.1108 0.9901
vn 0.4550 -0.1282 -0.8812
vn 0.3767 -0.1350 -0.9164
vn 0.7664 -0.0999 0.6345
vn 0.8698 -0.0225 0.4929
vn -0.6310 -0.1023 0.7690
vn -0.6294 0.0949 0.7713
vn 0.9496 -0.0922 0.2997
vn 0.9490 -0.0351 0.3134
vn 0.2172 -0.1049 -0.9705
vn 0.2084 -0.1262 -0.9699
vn 0.0975 -0.0975 -0.9904
vn -0.8772 -0.1055 0.4685
vn -0.8787 -0.0992 0.4669
vn -0.7684 -0.1188 -0.6288
vn -0.4751 -0.1139 -0.8725
vn -0.4884 -0.1014 -0.8667
vn -0.3500 -0.0592 -0.9349
vn 0.5984 0.1157 -0.7928
vn 0.9475 -0.0217 -0.3189
vn 0.9527 0.0253 -0.3028
vn 0.9543 0.1019 -0.2808
vn 0.8803 0.0857 -0.4666
vn 0.8809 0.0951 -0.4636
vn 0.8788 0.1099 -0.4644
vn 0.8778 0.2259 -0.4224
vn 0.9341 0.1338 -0.3309
vn 0.4545 0.1139 0.8834
vn 0.3474 0.0386 0.9369
vn 0.4239 0.0661 0.9033
vn 0.5378 0.1474 0.8301
vn 0.5995 0.1411 0.7878
vn -0.3871 0.1283 0.9131
vn -0.2894 0.0952 0.9525
vn -0.9903 -0.0989 -0.0974
vn -0.9929 -0.0841 -0.0845
vn -0.9973 -0.0301 -0.0669
vn -0.9168 0.1102 0.3838
vn -0.9533 0.0987 0.2854
vn -0.9204 0.0762 0.3835
vn -0.9022 0.0763 0.4245
vn -0.9908 0.1108 0.0775
vn -0.9872 0.1574 -0.0251
vn -0.9152 -0.0908 -0.3926
vn -0.8787 -0.0394 -0.4758
vn -0.8766 -0.0995 -0.4708
vn -0.8836 -0.0295 -0.4674
vn -0.9172 0.0354 -0.3968
vn -0.8874 -0.0552 -0.4576
vn -0.7673 0.0871 -0.6353
vn -0.8304 0.0014 -0.5572
vn -0.8744 0.1024 -0.4742
vn -0.7742 -0.1106 -0.6232
vn -0.7720 0.0763 -0.6311
vn -0.0976 0.0976 -0.9904
vn 0.0689 0.2073 -0.9758
vn -0.7424 0.0912 0.6637
vn -0.7197 0.0860 0.6890
vn -0.4773 0.1625 0.8636
vn -0.3285 0.2543 0.9096
vn -0.2938 0.2418 0.9248
vn -0.9421 0.1701 0.2891
vn -0.8467 0.2891 0.4467
vn -0.8675 0.1772 0.4647
vn -0.9183 0.2866 0.2733
vn -0.9466 0.1532 0.2839
vn 0.2993 -0.2456 -0.9220
vn 0.3595 -0.1709 -0.9174
vn 0.3147 -0.1133 -0.9424
vn 0.2402 -0.2077 -0.9482
vn 0.9910 -0.1002 -0.0892
vn 0.9512 -0.2242 -0.2122
vn 0.7310 -0.0186 0.6821
vn 0.6616 -0.1717 0.7299
vn 0.6263 -0.1011 0.7730
vn 0.0987 -0.0970 0.9904
vn 0.1102 -0.0103 0.9939
vn -0.8442 -0.5078 0.1715
vn -0.8692 -0.4079 0.2794
vn -0.8785 -0.4712 0.0795
vn -0.8866 -0.3940 0.2422
vn -0.8718 -0.4487 0.1966
vn -0.6979 -0.2953 0.6525
vn -0.7817 -0.4884 -0.3879
vn -0.8453 -0.4694 -0.2551
vn -0.8006 -0.3044 0.5161
vn 0.8815 -0.3855 0.2728
vn -0.8924 -0.4494 0.0397
vn -0.9237 -0.3779 0.0622
vn -0.8696 -0.4931 0.0263
vn 0.5822 -0.3304 -0.7428
vn 0.7421 0.4887 0.4587
vn 0.7130 0.4584 0.5306
vn 0.8279 0.3238 0.4579
vn 0.3900 0.3208 0.8631
vn 0.4263 0.3537 0.8326
vn 0.4499 0.3302 0.8298
vn -0.9086 0.3986 0.1251
vn -0.0954 0.2850 -0.9538
vn -0.0881 0.2874 -0.9537
vn -0.0795 0.3294 -0.9408
vn -0.9771 -0.1494 0.1516
vn -0.9531 -0.2847 0.1031
vn -0.9878 -0.1067 0.1137
vn -0.4500 -0.3044 0.8396
vn -0.2911 -0.2596 0.9208
vn -0.2813 -0.2898 0.9148
vn -0.4545 -0.2893 0.8425
vn 0.0954 -0.2910 0.9520
vn 0.2297 -0.2252 0.9469
vn 0.1222 -0.1388 0.9828
vn -0.4806 -0.2655 -0.8358
vn 0.6209 -0.1746 0.7642
vn -0.0406 -0.3182 -0.9472
vn -0.0954 -0.2881 -0.9528
vn 0.1003 -0.2931 -0.9508
vn -0.0736 -0.2313 -0.9701
vn 0.0510 -0.0613 -0.9968
vn 0.5813 -0.2714 -0.7671
vn 0.6437 -0.2215 -0.7326
vn 0.6585 -0.1150 -0.7437
vn 0.7079 -0.2070 -0.6753
vn 0.0998 -0.2753 -0.9562
vn 0.2809 0.2970 -0.9126
vn 0.8602 0.2780 -0.4275
vn 0.8471 0.2478 -0.4701
vn 0.4831 0.3149 0.8170
vn 0.3790 0.3572 0.8537
vn 0.2862 0.2817 0.9158
vn 0.2762 0.2905 0.9162
vn 0.2781 0.2813 0.9184
vn -0.7576 0.2109 0.6177
vn -0.4898 0.3013 0.8181
vn -0.4899 0.3009 0.8182
vn -0.4703 0.2938 0.8321
vn -0.4223 0.4598 0.7812
vn -0.6024 0.3321 0.7258
vn -0.5260 0.3107 0.7917
vn -0.5947 0.3430 0.7271
vn -0.5992 0.3440 0.7230
vn -0.6178 0.2787 0.7353
vn -0.6981 0.3687 0.6138
vn 0.8441 0.2635 -0.4670
vn 0.7894 0.3242 -0.5213
vn 0.7889 0.2648 -0.5546
vn 0.8368 0.3055 -0.4544
vn -0.9145 0.2667 -0.3041
vn -0.9163 0.3379 -0.2149
vn 0.9568 0.2804 0.0773
vn 0.8942 0.4349 0.1060
vn 0.9601 0.2718 -0.0658
vn -0.4170 0.2891 -0.8617
vn -0.2760 0.2949 -0.9148
vn -0.3608 0.2557 -0.8969
vn -0.4433 0.2922 -0.8474
vn -0.4029 0.3437 -0.8483
vn -0.4462 0.3500 -0.8237
vn 0.5447 0.4082 -0.7325
vn 0.4819 0.3457 -0.8052
vn 0.8040 -0.3704 -0.4652
vn 0.7915 -0.4831 -0.3743
vn 0.8387 -0.4062 -0.3626
vn 0.6994 -0.4468 -0.5579
vn 0.7577 -0.3747 -0.5344
vn 0.0752 -0.2615 0.9623
vn 0.0082 -0.3321 0.9432
vn 0.8876 -0.2848 0.3619
vn 0.8722 -0.2781 0.4024
vn -0.9067 -0.3243 -0.2696
vn -0.8878 -0.3378 -0.3127
vn -0.8903 -0.4015 -0.2149
vn -0.8893 -0.3573 -0.2853
vn 0.0464 -0.6451 -0.7627
vn -0.0441 -0.6208 -0.7828
vn 0.0509 -0.6286 -0.7760
vn 0.2075 -0.6237 -0.7536
vn 0.1940 -0.6480 -0.7365
vn 0.0997 0.6286 -0.7713
vn 0.1078 0.5318 -0.8400
vn -0.0150 0.6094 0.7927
vn 0.1120 0.6123 0.7827
vn 0.0391 0.6575 0.7524
vn -0.0101 0.5977 0.8017
vn -0.0773 0.6303 0.7725
vn 0.3912 0.5084 -0.7671
vn 0.7741 -0.6285 0.0766
vn 0.7913 -0.6097 0.0458
vn 0.8766 -0.4729 0.0893
vn 0.7753 -0.6282 0.0652
vn 0.7708 -0.6326 0.0760
vn -0.7876 0.6036 -0.1238
vn -0.8318 0.5186 -0.1979
vn -0.7411 0.6326 -0.2248
vn -0.8686 0.4390 -0.2300
vn -0.4076 0.6007 0.6877
vn -0.4659 0.6493 0.6011
vn -0.7977 -0.5979 -0.0783
vn -0.8464 -0.5159 0.1326
vn -0.8789 -0.4758 0.0346
vn -0.7623 -0.6462 0.0369
vn -0.8562 -0.5165 -0.0066
vn -0.7024 0.3801 -0.6018
vn -0.7549 0.3409 -0.5603
vn -0.7145 0.4503 -0.5355
vn 0.4140 0.4716 0.7786
vn -0.8249 0.4794 0.2995
vn -0.8463 0.4686 0.2535
vn 0.7805 0.4582 -0.4253
vn 0.8935 0.4469 0.0437
vn 0.7532 0.4729 0.4573
vn 0.7826 0.5051 0.3638
vn 0.7136 0.4576 0.5305
vn 0.8429 0.4810 -0.2409
vn 0.0356 0.5007 0.8649
vn 0.1431 0.5488 0.8236
vn -0.0442 0.4410 0.8964
vn 0.4130 0.4247 -0.8056
vn 0.2457 0.4380 -0.8648
vn 0.3393 0.4429 -0.8299
vn 0.2591 0.4782 -0.8391
vn 0.4188 0.4778 -0.7722
vn 0.2118 0.3509 -0.9122
vn 0.2387 0.4752 -0.8469
vn 0.2211 -0.4748 -0.8519
vn 0.1216 -0.4911 -0.8626
vn 0.1235 -0.3892 -0.9128
vn 0.0677 -0.3507 -0.9341
vn 0.0886 -0.4708 -0.8778
vn 0.2575 -0.4667 -0.8461
vn 0.3077 -0.3848 -0.8702
vn 0.3292 -0.3135 -0.8907
vn 0.4077 -0.3689 -0.8353
vn 0.5660 -0.4560 -0.6868
vn 0.6111 -0.5082 -0.6069
vn 0.5106 -0.4145 -0.7533
vn 0.6145 -0.2767 -0.7388
vn 0.9257 -0.3636 0.1038
vn 0.7705 -0.4789 0.4207
vn 0.7136 -0.5078 0.4826
vn 0.8168 -0.3887 0.4264
vn 0.8275 -0.3688 0.4233
vn -0.5195 -0.4685 0.7146
vn -0.5846 -0.6350 -0.5051
vn -0.6593 -0.4656 0.5903
vn -0.6637 -0.4667 0.5845
vn 0.8161 -0.5689 -0.1014
vn 0.8786 -0.4699 -0.0848
vn -0.7738 -0.5552 -0.3050
vn -0.7787 -0.4702 -0.4154
vn -0.6814 -0.4849 0.5483
vn -0.6945 -0.4907 0.5263
vn -0.7772 -0.4630 0.4262
vn 0.3703 0.4692 -0.8017
vn 0.2672 0.5026 -0.8222
vn 0.7114 0.5139 -0.4793
vn -0.7786 0.4685 -0.4175
vn -0.1285 -0.7646 -0.6315
vn -0.1492 -0.7637 -0.6281
vn -0.5672 -0.7679 -0.2978
vn -0.5575 -0.7363 -0.3835
vn -0.2886 0.6438 -0.7087
vn -0.2116 0.6813 -0.7007
vn -0.5587 -0.6859 0.4662
vn -0.5623 -0.6885 0.4580
vn 0.6799 -0.6361 0.3648
vn 0.6835 -0.6323 0.3647
vn 0.6842 -0.6602 0.3099
vn 0.5852 -0.7601 0.2824
vn 0.5463 -0.7636 0.3442
vn 0.2002 0.6481 0.7348
vn 0.1424 0.7190 0.6802
vn 0.2456 0.6583 0.7116
vn 0.0962 0.7672 -0.6342
vn 0.0414 0.7072 -0.7058
vn 0.0625 0.7720 -0.6326
vn 0.7450 -0.6282 -0.2243
vn 0.8140 -0.5157 -0.2675
vn 0.6037 -0.7087 -0.3651
vn 0.6481 -0.5858 -0.4866
vn 0.6850 -0.6346 -0.3578
vn 0.5003 -0.6254 -0.5988
vn 0.5229 -0.6627 -0.5361
vn -0.3352 -0.6574 0.6749
vn -0.2332 -0.6190 0.7499
vn -0.7841 -0.6098 0.1158
vn -0.7610 -0.6411 0.0998
vn -0.8112 -0.5144 0.2782
vn -0.7471 -0.6294 0.2137
vn -0.8294 -0.4836 0.2796
vn -0.7755 -0.5559 0.2994
vn -0.7877 -0.6158 -0.0179
vn -0.7196 -0.6941 -0.0180
vn -0.7809 -0.6228 0.0493
vn -0.7723 -0.6177 -0.1483
vn -0.7521 -0.6560 -0.0637
vn -0.7348 -0.6567 -0.1699
vn 0.6035 0.6298 -0.4890
vn 0.5962 0.5865 -0.5482
vn -0.7451 -0.6158 -0.2561
vn -0.7936 -0.5781 -0.1896
vn 0.7670 0.6372 0.0759
vn 0.7663 0.6261 0.1445
vn 0.8080 0.4999 0.3118
vn 0.7015 0.5765 0.4190
vn 0.7284 0.6082 0.3157
vn 0.6050 0.5632 0.5628
vn 0.6182 0.6003 0.5073
vn 0.6582 0.6440 0.3899
vn -0.5694 -0.6445 -0.5104
vn -0.4842 -0.5882 -0.6477
vn -0.1156 0.6496 0.7514
vn -0.1623 0.7328 0.6607
vn 0.6247 0.4539 0.6354
vn 0.6697 0.4983 0.5506
vn 0.5724 0.6062 0.5521
vn -0.3482 -0.6399 -0.6851
vn -0.4036 -0.6148 -0.6776
vn -0.2783 -0.6121 -0.7402
vn -0.5514 0.6339 0.5423
vn -0.1439 -0.6589 -0.7383
vn -0.1346 -0.6189 -0.7738
vn -0.5975 0.6347 0.4901
vn -0.6131 0.6068 0.5059
vn -0.6845 0.6322 0.3631
vn -0.6004 0.6324 0.4895
vn -0.7981 0.5216 -0.3018
vn -0.7514 0.6040 -0.2657
vn -0.8480 0.4499 -0.2803
vn -0.7860 0.5155 -0.3413
vn -0.7532 0.5993 -0.2711
vn -0.3644 0.6356 -0.6806
vn -0.3690 0.6106 -0.7007
vn -0.2611 0.4963 -0.8280
vn -0.2682 0.6457 -0.7150
vn -0.4113 0.4994 -0.7625
vn -0.2544 0.4773 -0.8411
vn -0.0556 0.5685 -0.8208
vn -0.0893 0.6052 -0.7911
vn -0.2167 0.6328 -0.7433
vn -0.1376 0.4739 -0.8698
vn -0.1098 0.7918 0.6008
vn -0.5957 0.7942 0.1203
vn -0.7674 0.6359 0.0827
vn -0.7081 0.6500 0.2760
vn -0.7470 0.6290 0.2151
vn -0.6731 0.6997 0.2393
vn 0.7481 -0.6439 -0.1602
vn 0.7454 -0.6391 -0.1895
vn 0.7500 -0.6485 -0.1304
vn 0.7700 -0.6335 -0.0760
vn -0.7447 -0.6109 0.2686
vn -0.7410 -0.6332 0.2234
vn 0.5704 -0.7811 0.2538
vn 0.6077 -0.7706 0.1922
vn 0.5544 -0.7743 0.3052
vn 0.4846 -0.8260 0.2877
vn 0.4810 -0.8430 0.2408
vn 0.4561 -0.8767 -0.1529
vn 0.4173 -0.8810 -0.2231
vn 0.2017 -0.8547 0.4783
vn 0.3552 -0.8690 0.3444
vn 0.5278 0.8311 0.1753
vn 0.1269 0.8497 0.5117
vn 0.2981 0.8439 0.4460
vn 0.0145 0.8160 0.5778
vn -0.1418 -0.7937 0.5915
vn -0.1122 -0.7923 0.5997
vn -0.6114 0.7856 0.0953
vn -0.6493 0.7605 0.0060
vn -0.5200 0.7491 -0.4103
vn -0.3957 0.7738 -0.4947
vn -0.4422 0.7911 -0.4226
vn -0.5841 0.7705 -0.2550
vn -0.5760 0.7752 -0.2593
vn -0.3646 -0.8808 -0.3020
vn -0.1763 -0.8768 -0.4474
vn -0.1754 -0.8879 -0.4253
vn -0.2933 -0.9009 -0.3198
vn -0.2743 -0.8686 -0.4127
vn 0.0428 -0.8794 -0.4742
vn 0.0429 -0.8813 -0.4706
vn 0.1060 -0.8716 -0.4787
vn 0.1337 -0.8798 -0.4562
vn 0.0067 -0.9330 -0.3599
vn 0.0673 -0.9279 -0.3667
vn -0.0050 -0.8798 -0.4754
vn -0.5632 0.7454 -0.3567
vn 0.0626 0.7718 0.6328
vn 0.0354 0.8798 0.4740
vn 0.3400 0.7691 0.5411
vn 0.6639 0.6796 0.3121
vn 0.6388 0.7275 0.2504
vn -0.3097 -0.8249 -0.4729
vn 0.3884 0.7775 -0.4946
vn 0.3619 0.8276 -0.4291
vn 0.3130 0.8060 -0.5023
vn 0.4075 0.7699 -0.4911
vn 0.4723 0.7401 -0.4788
vn -0.6470 -0.6408 0.4133
vn -0.6837 -0.6324 0.3642
vn -0.6828 -0.6579 0.3179
vn -0.7214 -0.6800 -0.1313
vn -0.6107 -0.7717 -0.1776
vn -0.2643 -0.7875 0.5568
vn -0.2877 -0.7851 0.5485
vn -0.2807 -0.7687 0.5747
vn 0.6322 -0.7678 -0.1043
vn 0.5227 -0.8416 -0.1357
vn 0.3950 -0.6315 0.6673
vn 0.0605 0.7656 -0.6405
vn 0.1022 0.7859 -0.6099
vn 0.1249 0.8641 -0.4876
vn 0.5725 0.7796 0.2539
vn 0.3000 0.8802 -0.3677
vn 0.2627 0.8711 -0.4150
vn 0.5933 0.8035 -0.0491
vn 0.4674 -0.8107 -0.3527
vn 0.4937 -0.7687 -0.4067
vn 0.4180 -0.8568 -0.3019
vn 0.2597 -0.7752 0.5759
vn 0.3712 -0.7669 0.5236
vn -0.1913 -0.8282 0.5268
vn -0.1857 -0.7703 0.6100
vn -0.2662 0.8601 0.4352
vn -0.2349 0.8822 0.4080
vn -0.3539 0.7677 0.5342
vn -0.2545 0.8464 0.4679
vn -0.5290 -0.8372 0.1386
vn -0.6131 -0.7562 0.2286
vn -0.6176 -0.7862 -0.0204
vn -0.3963 0.7670 -0.5045
vn -0.4020 0.7720 -0.4924
vn -0.1672 -0.8664 -0.4706
vn -0.1350 -0.8812 -0.4531
vn -0.1352 -0.8753 -0.4643
vn -0.2326 -0.8557 -0.4622
vn -0.1654 -0.7875 -0.5937
vn -0.3993 -0.7764 0.4876
vn -0.3900 -0.7710 0.5035
vn 0.1332 -0.7828 0.6079
vn -0.0837 -0.7431 0.6639
vn -0.1843 -0.7714 0.6091
vn 0.5394 -0.7802 0.3166
vn 0.6235 -0.7724 0.1211
vn 0.6294 -0.7701 0.1036
vn -0.2990 0.7649 -0.5705
vn -0.2794 0.7591 -0.5880
vn -0.2950 0.7723 -0.5626
vn -0.3048 0.7750 -0.5536
vn -0.1811 0.7717 -0.6096
vn 0.2017 -0.8301 -0.5199
vn 0.2146 -0.8793 -0.4251
vn 0.3093 -0.7944 -0.5227
vn 0.6026 -0.7750 0.1902
vn 0.5715 -0.7898 0.2225
vn 0.0299 0.7660 0.6421
vn 0.4091 0.8023 -0.4346
vn -0.6249 0.7691 -0.1344
vn -0.7243 0.6665 -0.1766
vn -0.5141 0.8097 0.2829
vn -0.2027 0.7762 0.5970
vn -0.3460 0.7780 0.5244
vn 0.4134 0.7933 0.4470
vn 0.4840 0.7736 0.4090
vn 0.4656 0.7571 0.4583
vn 0.4489 0.7985 0.4011
vn 0.6302 0.7758 -0.0312
vn 0.6402 0.7674 -0.0342
vn 0.6330 0.7718 -0.0599
vn 0.6281 0.7752 0.0668
vn -0.0471 0.8150 -0.5776
vn 0.0066 0.7680 -0.6404
vn -0.0080 0.8133 -0.5818
vn -0.0185 0.7785 -0.6273
vn 0.2988 -0.8792 0.3713
vn 0.2830 -0.9163 0.2835
vn 0.2443 -0.8855 0.3953
vn 0.2567 -0.8802 0.3991
vn 0.2119 -0.9553 -0.2061
vn 0.0690 -0.9945 -0.0790
vn 0.2283 -0.9565 -0.1819
vn 0.1400 -0.9569 -0.2544
vn 0.1848 -0.9565 -0.2256
vn 0.1516 -0.9756 -0.1585
vn 0.2284 -0.9595 -0.1651
vn 0.1032 0.9309 0.3503
vn 0.0241 0.9516 0.3065
vn 0.0608 0.9585 0.2784
vn -0.0415 0.9547 0.2945
vn 0.2902 -0.9566 -0.0263
vn 0.2921 -0.9539 -0.0698
vn 0.4711 0.8809 -0.0461
vn 0.4760 0.8726 -0.1092
vn -0.1374 -0.9565 0.2571
vn -0.2431 -0.9323 0.2679
vn -0.1735 -0.9583 0.2272
vn -0.2092 -0.9593 0.1895
vn -0.0033 -0.8923 0.4514
vn -0.0561 -0.8788 0.4738
vn 0.0406 -0.8830 0.4676
vn -0.1024 -0.8698 0.4827
vn 0.0984 -0.8780 0.4684
vn 0.1706 -0.8822 0.4388
vn -0.3658 0.8810 -0.3002
vn 0.4172 0.8820 -0.2188
vn 0.4173 0.8682 -0.2684
vn 0.5117 0.8019 -0.3083
vn 0.2486 0.8956 -0.3689
vn 0.3003 0.8809 -0.3658
vn 0.1871 0.9372 -0.2943
vn 0.1969 -0.8705 -0.4510
vn 0.2231 -0.8810 -0.4173
vn 0.2738 -0.8890 -0.3670
vn 0.1997 -0.8871 -0.4161
vn 0.0847 -0.8930 -0.4420
vn 0.1299 -0.8823 -0.4524
vn 0.1177 -0.9529 -0.2794
vn 0.2404 -0.9344 -0.2628
vn 0.1187 -0.9603 -0.2525
vn 0.2475 -0.9447 -0.2152
vn 0.3066 -0.9171 -0.2547
vn 0.4397 -0.8767 -0.1951
vn 0.2179 0.8578 -0.4655
vn 0.3630 0.8594 -0.3601
vn 0.3659 0.8810 -0.3000
vn 0.2867 0.9079 -0.3057
vn 0.6152 0.7676 0.1797
vn 0.5630 0.7729 0.2928
vn 0.5007 -0.7822 0.3709
vn 0.3763 -0.8918 0.2512
vn 0.5568 -0.7669 0.3192
vn 0.3658 -0.8810 0.3002
vn 0.3691 -0.8844 0.2857
vn 0.4109 -0.8828 0.2278
vn 0.3926 -0.8870 0.2430
vn -0.2205 0.8807 0.4193
vn -0.1605 0.8287 0.5362
vn -0.3783 -0.8852 0.2706
vn -0.4033 -0.8641 0.3011
vn -0.5613 -0.7702 0.3029
vn -0.4899 -0.7809 0.3876
vn -0.3383 -0.8518 0.3999
vn -0.4011 -0.7725 0.4922
vn -0.4363 -0.8848 0.1634
vn -0.2835 -0.9580 -0.0434
vn -0.2902 -0.9565 -0.0288
vn -0.2897 -0.9567 -0.0271
vn -0.2805 -0.9598 0.0080
vn 0.1381 0.8835 -0.4477
vn 0.1308 0.8820 -0.4527
vn 0.0570 0.8939 -0.4447
vn 0.4750 -0.8799 -0.0138
vn 0.4698 -0.8826 -0.0141
vn 0.2032 -0.9577 -0.2037
vn 0.1983 -0.9274 -0.3172
vn 0.3598 0.8766 0.3196
vn 0.3190 0.8665 0.3840
vn 0.3658 0.8810 0.3002
vn 0.3436 0.8962 0.2806
vn 0.1789 -0.8811 0.4379
vn 0.1322 -0.8806 0.4549
vn -0.0470 -0.8803 0.4720
vn -0.3464 0.8825 0.3181
vn -0.2258 0.8813 0.4152
vn -0.3470 0.8822 0.3182
vn -0.2908 0.8871 0.3584
vn -0.4010 0.8772 -0.2638
vn -0.3792 0.8770 -0.2951
vn -0.4706 0.8137 -0.3412
vn -0.1883 -0.9484 -0.2551
vn -0.0922 -0.9562 -0.2778
vn -0.1538 -0.9065 -0.3932
vn 0.1189 0.9617 -0.2468
vn 0.2249 0.9627 -0.1504
vn 0.2872 0.9528 -0.0979
vn 0.1581 0.9870 -0.0277
vn 0.2805 0.9596 -0.0203
vn 0.2840 -0.9580 0.0390
vn 0.2638 -0.9600 0.0934
vn 0.1880 -0.9610 0.2030
vn 0.1823 -0.9550 0.2340
vn 0.1065 -0.9775 0.1818
vn 0.1122 0.9922 0.0549
vn 0.2277 0.9577 0.1758
vn 0.1479 0.9837 0.1023
vn 0.0736 0.9956 0.0581
vn 0.1362 -0.9566 0.2578
vn 0.1374 -0.9565 0.2571
vn 0.1717 -0.9558 0.2388
vn 0.0765 -0.9563 0.2822
vn 0.0713 0.9949 0.0717
vn 0.0671 -0.9582 0.2781
vn 0.0325 -0.9557 0.2925
vn 0.0335 -0.9555 0.2930
vn 0.1038 -0.9558 0.2751
vn -0.0952 -0.9568 0.2747
vn -0.2959 0.9552 -0.0092
vn -0.2178 -0.9489 0.2282
vn -0.0486 -0.9795 0.1953
vn -0.2734 0.9573 -0.0939
vn -0.2875 0.9561 -0.0574
vn -0.2388 0.9607 -0.1416
vn -0.2420 0.9538 -0.1780
vn -0.0647 -0.9952 0.0740
vn -0.0922 -0.9954 0.0278
vn -0.0854 -0.9948 0.0554
vn -0.0042 -0.9948 0.1020
vn -0.0485 -0.9943 0.0948
vn -0.0293 -0.9951 0.0945
vn -0.1325 0.9854 -0.1068
vn -0.0966 0.9911 -0.0920
vn -0.1071 0.9728 -0.2052
vn -0.0663 0.9533 -0.2946
vn -0.1263 0.9503 -0.2844
vn -0.0666 -0.9965 0.0509
vn 0.0897 0.8940 -0.4390
vn 0.0833 0.9524 -0.2934
vn -0.2311 0.8806 0.4137
vn 0.2261 0.9569 0.1823
vn 0.0702 0.9809 -0.1815
vn 0.0600 0.9545 -0.2922
vn 0.0988 -0.9520 0.2898
vn 0.0116 -0.9325 0.3609
vn 0.0976 -0.9083 0.4068
vn 0.1056 -0.9215 0.3737
vn 0.0689 -0.9951 -0.0706
vn 0.1492 -0.9871 -0.0583
vn 0.0862 -0.9957 -0.0330
vn 0.1749 -0.8826 0.4364
vn 0.0237 -0.9987 0.0451
vn -0.0054 -0.9968 -0.0792
vn 0.0640 -0.9954 -0.0711
vn -0.2998 -0.8740 0.3825
vn -0.3716 -0.8799 0.2962
vn -0.2862 0.9550 0.0774
vn -0.2424 -0.9560 0.1652
vn -0.2576 -0.9630 0.0794
vn -0.2736 0.9578 -0.0880
vn -0.2328 -0.9711 0.0530
vn -0.2743 -0.9593 0.0669
vn 0.2569 -0.9593 -0.1174
vn 0.2883 0.9575 -0.0116
vn 0.2912 -0.9559 0.0389
vn 0.2934 0.9541 -0.0601
vn -0.0944 0.7741 -0.6260
vn -0.1916 0.7710 -0.6074
vn -0.0981 0.7745 -0.6249
vn -0.1022 0.7747 -0.6240
vn -0.2088 -0.7935 -0.5716
vn -0.1224 -0.8114 -0.5715
vn -0.4610 0.7548 -0.4667
vn -0.6555 -0.7390 0.1554
vn -0.7072 -0.7067 0.0233
vn -0.5821 -0.7700 -0.2614
vn -0.5618 -0.7824 -0.2689
vn -0.5798 -0.7908 -0.1964
vn -0.5053 -0.8020 -0.3186
vn -0.0804 0.8810 -0.4662
vn -0.3775 0.7697 0.5149
vn -0.4595 0.6929 0.5557
vn -0.4412 0.6913 0.5723
vn -0.1414 -0.6622 0.7359
vn -0.1055 -0.6427 0.7588
vn -0.0655 0.5332 -0.8434
vn -0.0067 0.5257 -0.8506
vn -0.0162 0.4898 -0.8717
vn -0.0773 0.6286 -0.7739
vn 0.1947 -0.6489 0.7356
vn 0.1640 -0.7694 0.6173
vn 0.1510 -0.7256 0.6713
vn -0.2811 -0.5655 -0.7753
vn -0.3752 -0.4918 -0.7857
vn -0.4395 -0.5638 -0.6993
vn -0.2596 -0.4812 -0.8373
vn -0.2945 -0.4485 -0.8439
vn 0.3935 -0.6703 0.6292
vn 0.2706 -0.6747 0.6867
vn 0.2638 -0.6884 0.6757
vn -0.2716 0.3084 -0.9117
vn -0.2926 0.3105 -0.9044
vn -0.2455 0.4550 -0.8560
vn -0.2337 0.4182 -0.8778
vn -0.1548 0.4615 -0.8735
vn -0.1927 0.4130 -0.8901
vn 0.6507 0.6671 0.3627
vn 0.6079 -0.2770 0.7442
vn 0.5988 -0.2850 0.7485
vn 0.6490 -0.3835 0.6570
vn -0.4998 -0.6280 -0.5965
vn -0.4773 -0.5135 -0.7131
vn -0.5581 -0.4626 -0.6889
vn -0.5675 0.3040 -0.7652
vn -0.6112 0.2797 -0.7404
vn -0.4726 0.3702 -0.7997
vn 0.8165 -0.5734 -0.0673
vn 0.8785 -0.4743 -0.0577
vn 0.3960 -0.0846 -0.9144
vn 0.4299 -0.0013 -0.9029
vn 0.4899 0.0890 -0.8673
vn 0.3434 0.0305 -0.9387
vn 0.3960 0.1383 -0.9078
vn 0.4432 -0.2788 0.8520
vn 0.5973 0.4213 0.6825
vn -0.7669 -0.4091 -0.4945
vn -0.6896 -0.4468 -0.5699
vn -0.6974 -0.4567 -0.5522
vn 0.7926 -0.4781 0.3785
vn 0.8214 -0.4640 0.3317
vn 0.8493 0.4618 0.2557
vn 0.9057 0.3167 0.2818
vn 0.8478 0.4670 0.2513
vn 0.8087 0.4754 0.3465
vn 0.8304 0.4388 0.3432
vn 0.5595 -0.8008 -0.2140
vn 0.4834 0.7732 -0.4103
vn 0.3035 -0.8899 0.3405
vn 0.4182 -0.4329 0.7986
vn 0.8127 0.3106 -0.4930
vn 0.8510 0.4136 -0.3235
vn 0.8418 0.2908 -0.4548
vn 0.8881 0.3540 -0.2933
vn -0.8025 -0.5234 -0.2864
vn 0.4001 0.7395 -0.5413
vn 0.3005 0.7736 -0.5580
vn 0.2958 0.7566 -0.5832
vn -0.7689 -0.6357 -0.0688
vn 0.1511 0.4797 0.8644
vn 0.1468 -0.5233 0.8394
vn 0.4179 -0.4739 -0.7751
vn 0.2255 -0.9572 -0.1817
vn -0.6660 0.4686 0.5804
vn 0.5933 0.5158 -0.6180
vn 0.5635 0.4911 -0.6643
vn 0.5486 0.5382 -0.6399
vn 0.6782 0.4471 -0.5833
vn 0.6874 0.4194 -0.5930
vn 0.7074 -0.7031 0.0727
vn 0.7071 -0.7030 0.0766
vn 0.6305 -0.7707 0.0917
vn 0.0212 0.9387 -0.3440
vn 0.5702 -0.4535 -0.6850
vn 0.7347 0.2570 -0.6279
vn 0.6356 0.2753 -0.7213
vn 0.6497 0.3377 -0.6810
vn 0.7672 -0.2336 -0.5974
vn 0.7981 -0.2512 -0.5476
vn 0.3466 0.3307 -0.8778
vn 0.2758 -0.2875 -0.9172
vn 0.2725 -0.2910 -0.9171
vn 0.2809 -0.2911 -0.9145
vn -0.0492 -0.9886 -0.1421
vn -0.0128 -0.9937 -0.1110
vn 0.5798 -0.1613 -0.7986
vn 0.6314 -0.0976 -0.7693
vn 0.4198 -0.0702 -0.9049
vn 0.3259 0.1806 -0.9280
vn -0.0558 -0.9535 -0.2961
vn -0.8809 0.4664 0.0802
vn -0.8799 -0.4656 -0.0944
vn -0.4401 -0.2703 0.8563
vn -0.4373 -0.2807 0.8544
vn -0.5823 -0.2898 0.7596
vn -0.5856 -0.2760 0.7622
vn 0.1882 0.7832 -0.5926
vn 0.2140 0.7941 -0.5688
vn 0.3544 -0.7469 -0.5625
vn 0.3776 -0.7850 -0.4911
vn 0.3966 -0.7629 -0.5105
vn 0.3462 -0.7988 -0.4920
vn -0.4168 0.8968 0.1487
vn 0.3051 -0.0590 -0.9505
vn 0.7319 0.1816 0.6568
vn 0.9222 0.3267 -0.2067
vn 0.9528 0.2889 -0.0934
vn 0.9520 0.2900 -0.0980
vn -0.3207 0.3093 0.8953
vn -0.1590 0.3340 0.9291
vn -0.0905 0.2871 0.9536
vn -0.3021 0.3586 0.8833
vn -0.2675 0.2941 0.9176
vn 0.7057 -0.4911 -0.5107
vn 0.5972 -0.6321 -0.4937
vn 0.6823 -0.4704 -0.5596
vn 0.7206 -0.5470 -0.4259
vn -0.3173 -0.4501 0.8347
vn -0.2821 -0.2781 0.9182
vn -0.3456 -0.4571 0.8195
vn -0.2848 -0.4042 0.8692
vn -0.3932 -0.4272 0.8142
vn 0.7425 -0.2869 0.6053
vn 0.8040 -0.2162 0.5539
vn 0.8849 0.1052 0.4538
vn 0.1032 -0.0835 -0.9912
vn 0.0297 -0.2279 -0.9732
vn 0.2454 -0.0725 -0.9667
vn 0.1286 0.0616 -0.9898
vn 0.2411 -0.0239 -0.9702
vn 0.1591 -0.1321 -0.9784
vn 0.0976 -0.0975 -0.9904
vn 0.0330 -0.0543 -0.9980
vn 0.0924 0.1003 -0.9907
vn 0.2316 0.0769 -0.9698
vn 0.1354 0.0790 -0.9876
vn 0.9409 0.2554 0.2224
vn 0.9509 0.2927 0.1006
vn 0.9503 0.2698 0.1551
vn 0.9171 -0.3000 0.2627
vn 0.9123 -0.3034 0.2750
vn 0.9226 -0.2866 0.2580
vn 0.9516 -0.1125 0.2861
vn -0.1622 -0.4955 0.8533
vn -0.2667 -0.3354 0.9035
vn -0.0984 -0.2800 0.9550
vn -0.2522 -0.4573 0.8528
vn -0.2141 -0.9547 0.2068
vn -0.2301 -0.9572 0.1756
vn -0.9395 -0.3102 0.1453
vn -0.9362 0.3258 -0.1315
vn 0.9538 0.2855 0.0934
vn -0.8761 -0.3175 0.3629
vn -0.9149 -0.2835 0.2873
vn -0.8399 -0.2910 0.4581
vn -0.7531 -0.2387 0.6131
vn -0.7661 -0.2830 0.5771
vn -0.8610 -0.2349 0.4511
vn -0.8783 -0.0973 0.4681
vn -0.7567 -0.1008 0.6459
vn -0.4499 0.2885 0.8452
vn -0.4168 0.4681 0.7792
vn -0.3956 0.4593 0.7954
vn -0.3072 0.3019 0.9025
vn -0.9188 -0.2770 0.2814
vn -0.9762 0.2139 -0.0363
vn 0.9143 0.2908 -0.2819
vn 0.4233 0.2269 -0.8771
vn 0.4977 0.1919 -0.8459
vn 0.4945 -0.1759 0.8512
vn 0.5286 -0.3429 0.7765
vn 0.6491 -0.0535 -0.7588
vn 0.7129 0.1320 -0.6888
vn 0.8896 -0.2548 -0.3790
vn 0.9617 -0.1252 -0.2438
vn 0.9523 -0.0977 -0.2892
vn 0.9396 -0.0713 -0.3347
vn 0.8399 -0.0539 -0.5401
vn 0.7785 -0.0914 -0.6210
vn 0.8722 -0.0927 -0.4802
vn 0.8777 0.0975 -0.4692
vn 0.8467 0.1210 -0.5182
vn 0.3008 -0.0864 0.9498
vn 0.9829 0.1620 -0.0874
vn 0.0831 0.3739 0.9237
vn 0.1666 0.3716 0.9133
vn 0.1901 0.2139 0.9582
vn 0.1485 0.4286 0.8912
vn 0.2484 0.3752 0.8931
vn 0.2955 0.2660 0.9176
vn 0.2840 0.0940 0.9542
vn 0.0514 0.2311 0.9716
vn 0.1143 0.3166 0.9416
vn 0.0374 0.4039 0.9140
vn 0.9916 0.0987 0.0834
vn 0.9873 0.1363 -0.0811
vn 0.9675 0.2522 -0.0196
vn 0.9908 0.0939 0.0970
vn -0.1439 -0.4384 -0.8872
vn -0.2518 -0.3061 -0.9181
vn -0.1345 -0.2999 -0.9444
vn 0.9817 -0.0573 0.1816
vn 0.9777 -0.1224 0.1705
vn 0.9898 0.1029 0.0983
vn 0.9936 -0.0316 0.1084
vn 0.0832 -0.9964 0.0182
vn 0.8980 0.0040 0.4400
vn 0.8847 0.0662 0.4614
vn 0.7777 0.0989 0.6208
vn 0.7192 0.0485 0.6931
vn 0.3335 0.0510 0.9414
vn 0.2889 0.0969 0.9525
vn 0.2735 -0.0815 0.9584
vn 0.4741 -0.8804 -0.0082
vn 0.7805 0.0916 0.6185
vn -0.7567 0.2160 0.6171
vn 0.0892 0.9958 0.0204
vn -0.9888 -0.1483 -0.0146
vn -0.9829 -0.1364 -0.1237
vn -0.9906 -0.0953 -0.0980
vn -0.9900 -0.1406 -0.0104
vn -0.9423 0.1176 -0.3134
vn -0.9507 0.0900 -0.2966
vn -0.9516 -0.0996 -0.2907
vn -0.8770 -0.1068 0.4685
vn -0.8784 0.0896 0.4694
vn -0.8777 0.0892 0.4707
vn -0.7674 -0.1002 -0.6333
vn -0.8764 -0.0950 -0.4721
vn -0.6697 -0.0497 -0.7409
vn -0.5165 -0.0476 -0.8549
vn -0.6004 0.0540 -0.7979
vn -0.9771 -0.1303 0.1680
vn -0.9673 -0.2202 0.1262
vn -0.9511 -0.1235 0.2830
vn -0.9455 0.1532 0.2874
vn -0.9469 0.1438 0.2875
vn -0.3958 0.1090 -0.9118
vn -0.3314 0.1503 -0.9314
vn -0.4697 0.0965 -0.8775
vn -0.3917 0.0474 -0.9189
vn -0.2932 0.0884 -0.9520
vn -0.1260 0.2148 -0.9685
vn -0.2303 0.2685 -0.9353
vn -0.2740 0.1327 -0.9525
vn -0.1225 0.0351 -0.9919
vn -0.0618 -0.0041 -0.9981
vn 0.9609 0.0209 0.2761
vn 0.9507 0.0068 0.3101
vn 0.9470 0.1047 0.3036
vn 0.6369 -0.7710 0.0021
vn 0.4967 -0.8570 0.1371
vn 0.3198 -0.7308 -0.6031
vn 0.7697 -0.6325 0.0865
vn 0.7480 -0.6240 0.2261
vn 0.6674 -0.7105 0.2231
vn 0.8717 0.4436 0.2080
vn 0.8382 0.5378 0.0902
vn 0.7494 0.6462 0.1444
vn 0.8126 0.5218 0.2595
vn 0.0534 0.9955 0.0784
vn -0.0217 -0.9770 0.2119
vn 0.7285 -0.6238 0.2831
vn 0.7062 -0.6505 0.2796
vn 0.8224 0.5633 -0.0798
vn 0.8222 0.5637 -0.0791
vn 0.5645 -0.0649 0.8229
vn 0.6216 -0.0258 0.7829
vn 0.1895 0.0216 0.9816
vn 0.3843 -0.7023 -0.5993
vn 0.4088 -0.6028 -0.6852
vn 0.5800 -0.6153 -0.5338
vn 0.5571 -0.5841 -0.5903
vn 0.5230 -0.5054 -0.6863
vn -0.0535 0.1292 0.9902
vn 0.0078 0.9945 0.1042
vn 0.0884 0.9959 0.0202
vn 0.7671 0.6199 -0.1653
vn 0.7666 0.6276 -0.1358
vn 0.8478 -0.4647 -0.2555
vn 0.5656 -0.6034 0.5622
vn 0.5989 -0.6327 0.4909
vn 0.6753 -0.6249 0.3918
vn 0.7616 -0.5162 0.3918
vn 0.7103 -0.4589 0.5338
vn 0.6270 -0.6613 0.4117
vn 0.6155 0.6498 0.4460
vn 0.2318 0.8806 0.4132
vn 0.2951 0.8760 0.3815
vn 0.6757 -0.6995 -0.2326
vn 0.6375 -0.7358 -0.2286
vn -0.1181 -0.0970 0.9883
vn -0.1016 0.0784 0.9917
vn -0.0975 0.0976 0.9904
vn 0.4726 0.8177 0.3288
vn 0.5001 0.7691 0.3979
vn -0.0472 0.9953 0.0847
vn -0.3839 0.6447 0.6611
vn -0.3351 0.6848 0.6471
vn -0.2364 0.6121 0.7546
vn 0.2328 -0.4369 0.8689
vn 0.2187 -0.6242 0.7500
vn 0.2126 -0.6338 0.7437
vn 0.5369 -0.5035 0.6769
vn 0.5436 -0.4827 0.6867
vn -0.0526 0.9957 0.0769
vn -0.0715 0.9933 0.0907
vn -0.0566 0.9947 0.0862
vn -0.7472 0.5418 0.3849
vn -0.7336 0.5688 0.3719
vn -0.7086 0.5750 0.4089
vn 0.1075 -0.6762 0.7288
vn 0.1972 -0.5931 0.7806
vn 0.1638 -0.5146 0.8416
vn 0.0727 0.6279 0.7749
vn 0.1500 0.7228 0.6746
vn 0.2102 0.6451 0.7346
vn -0.4041 -0.6241 0.6687
vn -0.4204 -0.6403 0.6429
vn -0.8777 -0.0975 -0.4692
vn -0.8773 -0.0983 -0.4697
vn -0.8256 -0.0113 -0.5642
vn -0.7545 -0.6518 0.0765
vn -0.7596 0.6487 -0.0466
vn -0.7617 0.6476 0.0185
vn -0.8837 0.4679 -0.0128
vn -0.7960 0.5971 0.0991
vn -0.8265 0.5623 0.0290
vn -0.0912 0.9957 -0.0144
vn -0.0907 0.9947 -0.0490
vn -0.1014 0.9948 -0.0114
vn -0.9993 -0.0130 -0.0338
vn -0.9896 -0.0934 0.1089
vn -0.9865 0.1634 -0.0072
vn -0.9866 0.0637 0.1499
vn -0.9935 -0.1027 0.0491
vn -0.8158 0.5529 0.1697
vn -0.7403 0.6388 0.2092
vn -0.7787 0.6117 0.1396
vn -0.8617 0.5028 0.0681
vn -0.7383 -0.6346 -0.2285
vn -0.7445 0.5865 -0.3191
vn -0.7238 0.6329 -0.2750
vn -0.7224 -0.6262 -0.2932
vn -0.3262 0.0108 -0.9452
vn -0.2004 0.8782 0.4344
vn -0.1536 0.8839 0.4417
vn -0.3163 0.8668 0.3855
vn -0.3398 0.8827 0.3245
vn -0.3648 -0.8816 0.2996
vn -0.2693 -0.8854 0.3790
vn -0.0865 -0.4695 -0.8787
vn 0.0162 -0.4900 -0.8716
vn -0.0738 -0.4656 -0.8819
vn -0.4551 0.8769 0.1547
vn -0.4672 0.8759 0.1204
vn -0.3106 0.6420 -0.7009
vn -0.4195 0.6050 -0.6767
vn -0.4128 0.4704 -0.7799
vn -0.4790 -0.8746 -0.0748
vn -0.3660 -0.9286 -0.0609
vn -0.4782 0.7984 -0.3660
vn -0.1155 -0.5770 -0.8085
vn -0.2754 0.8308 -0.4837
vn -0.1996 0.8411 -0.5026
vn -0.0376 -0.9574 -0.2865
vn 0.0164 -0.9573 -0.2886
vn -0.0524 -0.9304 -0.3628
vn -0.2783 0.0786 -0.9573
vn 0.7296 -0.2000 -0.6540
vn 0.7585 -0.1275 -0.6391
vn 0.7661 0.0973 -0.6354
vn 0.6336 0.1983 -0.7478
vn 0.7038 0.2409 -0.6683
vn 0.6489 0.1903 -0.7367
vn 0.6294 0.0913 -0.7717
vn 0.6262 0.1133 -0.7714
vn 0.6675 -0.1700 -0.7249
vn 0.4802 -0.2499 -0.8408
vn 0.6091 -0.1317 -0.7821
vn 0.4652 0.1027 -0.8792
vn 0.4361 0.0222 -0.8996
vn 0.8827 -0.2545 -0.3951
vn 0.8378 -0.2256 -0.4972
vn 0.9925 -0.1181 -0.0319
vn 0.9787 0.1712 -0.1130
vn 0.9913 -0.0944 -0.0916
vn 0.8731 -0.1013 0.4769
vn 0.9308 -0.1190 0.3455
vn 0.9511 -0.1741 -0.2553
vn 0.9715 -0.2236 0.0785
vn 0.6294 0.1007 0.7705
vn 0.6316 0.0973 0.7692
vn -0.7541 0.2103 0.6222
vn 0.5467 0.2184 0.8084
vn -0.4726 -0.1926 0.8600
vn -0.8634 0.1855 0.4692
vn -0.0976 0.0976 0.9904
vn -0.1072 -0.0814 0.9909
vn -0.2921 -0.0818 0.9529
vn -0.3543 -0.1215 0.9272
vn 0.3824 -0.1497 0.9118
vn -0.9792 0.1366 -0.1498
vn -0.9541 -0.2861 -0.0884
vn -0.9245 -0.1505 0.3501
vn -0.8573 -0.1917 0.4778
vn -0.6153 0.2908 0.7327
vn -0.8031 0.1693 -0.5713
vn -0.4013 -0.1750 -0.8991
vn -0.9168 -0.2939 -0.2704
vn -0.9266 -0.2426 -0.2873
vn -0.8847 -0.3845 -0.2637
vn -0.9200 -0.3422 -0.1909
vn -0.3095 -0.1501 -0.9390
vn -0.2701 -0.1115 -0.9564
vn -0.2873 0.2681 -0.9195
vn -0.2889 -0.0976 -0.9524
vn -0.7660 0.1014 -0.6348
vn -0.7093 0.0055 -0.7049
vn -0.6767 0.1879 -0.7119
vn 0.1227 -0.7130 0.6903
vn 0.4278 -0.8759 -0.2231
vn 0.2875 -0.8498 -0.4419
vn 0.2390 -0.8753 -0.4203
vn 0.3539 -0.7772 0.5203
vn 0.3251 -0.7412 0.5873
vn 0.3114 0.7836 0.5376
vn 0.3896 0.8231 0.4131
vn 0.4624 0.8202 -0.3370
vn 0.4947 0.7884 -0.3656
vn 0.2303 -0.8502 -0.4734
vn -0.1577 0.8396 -0.5198
vn -0.0813 0.8299 -0.5519
vn 0.8472 0.3486 0.4010
vn 0.8126 -0.3605 0.4580
vn 0.7913 -0.3554 0.4975
vn 0.8378 -0.2955 0.4591
vn 0.8899 -0.4556 -0.0227
vn 0.8774 -0.4680 -0.1053
vn 0.8746 0.4796 -0.0710
vn 0.4310 0.4836 0.7619
vn 0.3289 0.5445 0.7716
vn 0.0944 -0.2862 0.9535
vn 0.3239 -0.3491 0.8793
vn 0.2757 -0.3973 0.8753
vn 0.3523 -0.3614 0.8633
vn -0.0190 -0.3244 0.9457
vn -0.0729 -0.3229 0.9436
vn 0.8606 -0.3235 0.3933
vn 0.9373 -0.1253 0.3253
vn 0.8515 0.4738 0.2245
vn -0.0612 -0.1751 0.9826
vn -0.8588 -0.2137 0.4656
vn -0.5655 -0.4706 -0.6773
vn -0.5906 -0.4599 -0.6631
vn 0.5595 0.4691 0.6833
vn -0.9561 0.2556 0.1431
vn -0.9430 0.2630 0.2041
vn -0.8743 0.4226 0.2389
vn -0.8862 -0.2723 0.3748
vn -0.9388 -0.1367 0.3162
vn -0.9168 -0.2752 0.2895
vn -0.9134 -0.2915 0.2843
vn -0.8852 -0.4356 -0.1630
vn -0.9470 -0.3207 -0.0155
vn -0.4187 -0.4638 0.7808
vn -0.7779 -0.3743 -0.5047
vn -0.4748 -0.4872 -0.7330
vn -0.5645 -0.4665 -0.6810
vn -0.7753 0.4028 -0.4865
vn -0.7209 0.5148 -0.4641
vn -0.0386 0.4165 -0.9083
vn -0.0906 0.2838 -0.9546
vn -0.2875 -0.3174 -0.9037
vn -0.6970 -0.4569 -0.5526
vn -0.6665 -0.3623 -0.6516
vn -0.7435 -0.2852 -0.6049
vn 0.0809 0.4777 -0.8748
vn 0.0893 0.4655 -0.8806
vn 0.2533 0.4742 -0.8432
vn 0.2258 0.6355 -0.7384
vn 0.2130 0.6387 -0.7394
vn 0.1718 0.5174 -0.8383
vn 0.5600 0.4692 -0.6829
vn 0.5718 0.3634 -0.7355
vn 0.4156 0.4698 -0.7788
vn 0.4801 0.4445 -0.7563
vn 0.5443 0.4155 -0.7287
vn 0.6394 -0.6735 -0.3709
vn 0.5982 -0.6330 -0.4914
vn 0.6911 -0.6140 -0.3813
vn 0.6933 -0.6437 -0.3241
vn 0.7666 -0.5603 -0.3139
vn 0.8429 -0.4728 -0.2568
vn 0.7750 -0.6316 0.0233
vn 0.7663 -0.6410 0.0442
vn 0.8785 0.4669 0.1011
vn 0.8113 0.5835 -0.0357
vn 0.8461 -0.4705 0.2504
vn 0.8453 -0.4688 0.2564
vn 0.7417 -0.6319 0.2251
vn 0.7439 -0.6282 0.2280
vn 0.8072 0.5368 -0.2455
vn 0.7988 0.5481 -0.2481
vn 0.1015 -0.4606 0.8818
vn 0.0607 -0.4289 0.9013
vn 0.0548 -0.4156 0.9079
vn 0.0896 -0.4682 0.8791
vn -0.4546 -0.5803 0.6757
vn -0.5061 -0.5842 0.6344
vn 0.5984 -0.6322 0.4921
vn 0.2227 0.4298 0.8750
vn -0.7941 0.5896 -0.1475
vn -0.8661 0.4981 -0.0424
vn -0.8133 -0.5721 0.1061
vn -0.8825 -0.4645 0.0742
vn -0.7832 0.4656 -0.4120
vn -0.2975 -0.4683 0.8320
vn -0.3756 -0.6707 -0.6397
vn -0.5990 0.5064 -0.6202
vn -0.6043 0.5826 -0.5435
vn -0.5760 0.4550 -0.6791
vn -0.5790 0.5261 -0.6229
vn -0.0659 -0.5934 -0.8022
vn 0.4096 0.8825 -0.2313
vn 0.4207 0.8904 -0.1741
vn -0.3851 -0.8836 0.2665
vn -0.0444 -0.9558 -0.2905
vn -0.4481 0.8833 -0.1379
vn -0.4468 0.8836 -0.1402
vn 0.4514 0.8853 -0.1118
vn 0.4005 -0.9066 -0.1328
vn 0.4532 -0.8808 -0.1369
vn 0.2500 -0.9618 -0.1117
vn 0.2404 -0.8804 0.4088
vn -0.3007 0.8809 -0.3656
vn -0.3005 0.8811 -0.3651
vn 0.4163 -0.8800 0.2286
vn -0.3663 0.8808 -0.3000
vn -0.2828 0.9045 -0.3191
vn -0.1159 -0.8865 0.4480
vn 0.0711 -0.9581 -0.2776
vn 0.0160 -0.9541 -0.2992
vn 0.2794 -0.9535 -0.1131
vn 0.1385 -0.9563 -0.2574
vn 0.2727 -0.8842 -0.3793
vn -0.2231 -0.8810 0.4173
vn -0.2777 -0.9573 0.0808
vn -0.3213 -0.9469 0.0125
vn -0.2955 -0.9546 0.0371
vn 0.7693 0.0976 0.6314
vn 0.4724 0.1604 0.8667
vn 0.2762 0.0655 -0.9589
vn -0.0726 0.1237 0.9897
vn 0.9496 0.1006 -0.2968
vn 0.4818 0.0500 0.8749
vn 0.4664 0.0395 0.8837
vn 0.9787 0.0563 0.1975
vn 0.9281 0.2196 0.3008
vn 0.9615 0.2510 0.1122
vn 0.8828 -0.0926 0.4605
vn 0.9275 0.0595 0.3690
vn 0.8784 0.0970 0.4680
vn 0.5543 -0.0605 -0.8301
vn -0.6569 0.2288 0.7184
vn -0.6203 0.2178 0.7535
vn -0.9518 -0.0957 -0.2915
vn -0.6400 0.1089 -0.7606
vn -0.6247 0.0981 -0.7747
vn -0.6293 0.0919 -0.7717
vn 0.7927 -0.0203 -0.6092
vn 0.7981 0.0793 -0.5973
vn 0.4807 0.0222 0.8766
vn -0.2836 -0.0916 0.9545
vn -0.1013 -0.1172 0.9879
vn -0.1605 -0.0781 0.9839
vn -0.1169 0.0730 0.9905
vn -0.2036 -0.0619 0.9771
vn -0.8781 0.0881 0.4702
vn -0.7924 0.0827 0.6044
vn -0.7702 0.0798 0.6328
vn -0.7694 0.0976 0.6313
vn -0.6315 0.0948 0.7695
vn -0.6296 0.0924 0.7714
vn -0.9222 -0.0259 -0.3859
vn -0.0153 0.0599 -0.9981
vn -0.2880 -0.0983 -0.9526
vn 0.8339 0.1430 -0.5330
vn 0.7694 0.1028 -0.6304
vn 0.7703 0.1022 -0.6294
vn 0.7840 0.1851 -0.5925
vn -0.9870 0.1322 0.0912
vn -0.9734 0.2289 -0.0019
vn -0.9895 0.1068 0.0976
vn 0.4515 0.1844 0.8730
vn 0.4723 0.2005 0.8583
vn -0.9154 0.2772 -0.2918
vn 0.9211 0.2841 -0.2662
vn 0.9499 0.2932 -0.1087
vn 0.5111 0.2109 0.8332
vn -0.0389 0.3632 0.9309
vn -0.0980 0.2822 0.9543
vn -0.2760 0.2940 -0.9151
vn -0.1414 0.3063 -0.9414
vn -0.6283 0.2041 -0.7507
vn -0.5727 0.2192 -0.7899
vn 0.7394 -0.2886 -0.6083
vn 0.8433 -0.2912 -0.4517
vn 0.4544 -0.2931 0.8412
vn -0.3159 -0.2730 0.9087
vn -0.4616 -0.1487 0.8745
vn 0.8499 -0.2337 0.4723
vn 0.2868 -0.2943 0.9117
vn -0.6355 -0.3609 -0.6826
vn -0.6857 -0.2980 -0.6641
vn -0.8678 -0.1432 -0.4759
vn -0.8832 -0.1083 -0.4563
vn -0.8733 -0.1551 -0.4618
vn -0.7260 -0.2564 -0.6381
vn 0.2990 -0.7406 -0.6018
vn 0.5887 -0.7073 0.3912
vn 0.7243 0.6130 0.3157
vn 0.3471 0.6137 0.7092
vn 0.3637 -0.6308 0.6855
vn 0.4214 -0.4659 0.7780
vn 0.3235 -0.5848 0.7439
vn 0.7502 -0.5473 0.3710
vn 0.6328 -0.7701 -0.0805
vn 0.5304 -0.7436 -0.4070
vn 0.3934 0.6721 -0.6273
vn 0.4918 -0.6331 0.5978
vn -0.4965 -0.7078 -0.5025
vn -0.4019 -0.7493 -0.5263
vn -0.5303 -0.6516 -0.5425
vn -0.5317 -0.7245 -0.4386
vn 0.4112 -0.7817 -0.4689
vn 0.4134 -0.7897 -0.4534
vn 0.0593 0.7676 0.6381
vn -0.6235 -0.7668 0.1525
vn -0.7387 -0.6360 0.2231
vn 0.2679 0.6329 0.7264
vn 0.2764 -0.7416 0.6113
vn -0.6512 -0.7588 -0.0068
vn -0.6964 0.5534 -0.4569
vn -0.5793 0.7836 0.2245
vn -0.4375 -0.8830 -0.1700
vn -0.4828 -0.8520 -0.2026
vn -0.0380 -0.7733 -0.6329
vn -0.4005 -0.7714 0.4946
vn -0.0219 0.7692 -0.6387
vn 0.0533 0.7453 -0.6646
vn 0.1092 0.6570 -0.7459
vn 0.1378 -0.6255 -0.7679
vn 0.0714 -0.7131 -0.6974
vn 0.7354 -0.0189 0.6774
vn -0.1267 -0.0586 0.9902
vn -0.5980 -0.0738 0.7981
vn 0.9028 -0.1237 -0.4119
vn -0.7698 0.0901 0.6319
vn 0.9381 -0.0791 -0.3373
vn -0.9525 -0.0950 -0.2893
vn 0.1043 0.0997 -0.9895
vn 0.0926 -0.0947 -0.9912
vn -0.7688 -0.0982 -0.6319
vn -0.7414 -0.2875 -0.6063
vn -0.8280 -0.0941 -0.5528
vn -0.8145 -0.2052 -0.5426
vn -0.8657 -0.1678 -0.4715
vn -0.4436 0.0667 -0.8937
vn -0.5587 -0.2043 -0.8038
vn -0.3402 -0.2221 -0.9137
vn -0.4283 -0.1340 -0.8936
vn 0.5453 0.2482 -0.8007
vn 0.5912 0.2258 -0.7743
vn 0.9405 0.1112 -0.3212
vn 0.9148 0.1404 0.3787
vn 0.7579 0.1211 0.6410
vn -0.1511 0.1304 0.9799
vn -0.1807 0.0506 0.9822
vn -0.2395 0.1293 0.9623
vn -0.6288 0.0935 -0.7720
vn -0.8040 0.1835 -0.5657
vn -0.4728 0.1804 0.8625
vn -0.0902 0.2583 0.9618
vn -0.1106 0.2301 0.9669
vn -0.0578 0.1499 0.9870
vn -0.9567 0.2677 0.1142
vn -0.9618 0.2494 0.1132
vn -0.9802 0.0978 0.1725
vn -0.6118 0.0796 -0.7870
vn 0.0976 0.0976 -0.9904
vn 0.2202 0.1243 -0.9675
vn 0.2927 0.0958 -0.9514
vn 0.7531 -0.0863 -0.6522
vn 0.9613 -0.2609 -0.0885
vn 0.9522 -0.1003 0.2884
vn -0.6716 -0.0921 0.7352
vn -0.6202 -0.2278 0.7506
vn -0.6185 -0.2362 0.7494
vn 0.9358 -0.3421 0.0856
vn 0.9505 -0.3107 0.0026
vn 0.8463 -0.4718 -0.2473
vn 0.4399 -0.2746 0.8550
vn 0.3880 -0.4333 0.8134
vn -0.7801 -0.4814 -0.3998
vn -0.7689 -0.5535 -0.3202
vn 0.0565 0.3934 -0.9176
vn 0.0490 0.3585 -0.9322
vn -0.1297 -0.2350 0.9633
vn -0.2859 -0.2910 0.9130
vn 0.8191 0.4016 0.4096
vn 0.8965 0.3172 -0.3094
vn 0.7092 0.3403 0.6175
vn 0.6720 0.4589 0.5812
vn 0.6820 0.4691 0.5611
vn 0.7459 0.3775 0.5487
vn 0.5011 0.4148 0.7595
vn -0.1591 0.5049 0.8484
vn -0.9447 0.3084 -0.1115
vn -0.9248 0.3706 -0.0859
vn -0.9301 0.3140 -0.1905
vn -0.8815 0.3932 -0.2616
vn -0.9328 0.3181 0.1691
vn -0.7574 0.4653 0.4580
vn -0.7457 0.4737 0.4685
vn -0.7538 0.4746 0.4544
vn -0.3865 0.4646 -0.7968
vn -0.6761 0.4808 -0.5584
vn -0.6993 0.3283 -0.6349
vn -0.2558 0.3320 -0.9079
vn -0.1406 0.4642 -0.8745
vn -0.8294 -0.3003 0.4710
vn -0.6788 -0.2826 0.6778
vn -0.6003 -0.2244 0.7677
vn -0.4653 -0.2256 0.8559
vn 0.4585 -0.2984 0.8371
vn 0.8412 -0.1382 -0.5228
vn 0.9573 -0.2743 -0.0912
vn 0.9035 -0.3881 -0.1822
vn 0.8871 -0.3582 -0.2911
vn -0.1757 -0.2612 0.9492
vn 0.9677 -0.2300 0.1033
vn 0.9507 -0.0990 0.2939
vn 0.7778 -0.0737 0.6241
vn 0.8464 -0.2945 0.4437
vn 0.5865 -0.1104 0.8024
vn -0.2724 -0.3709 -0.8878
vn 0.0456 0.2509 -0.9669
vn 0.2850 0.0960 -0.9537
vn 0.4548 0.2998 -0.8386
vn 0.5582 0.3124 -0.7687
vn 0.3987 0.3769 -0.8360
vn 0.7431 0.3279 -0.5834
vn 0.7418 0.3006 -0.5995
vn 0.7065 0.2575 0.6592
vn 0.2990 0.3074 0.9034
vn -0.5778 0.2417 0.7795
vn -0.6211 0.2144 0.7538
vn -0.4696 0.1955 0.8610
vn -0.8433 0.2904 0.4522
vn -0.8281 0.3122 0.4656
vn -0.8592 0.2862 0.4242
vn -0.8410 0.3122 0.4419
vn -0.7701 0.0848 0.6323
vn -0.9521 0.1986 -0.2326
vn -0.9815 0.1641 -0.0986
vn -0.6826 0.2313 -0.6932
vn -0.7316 0.2623 -0.6292
vn -0.7408 0.2735 -0.6135
vn -0.4475 0.2828 -0.8484
vn -0.5309 0.1686 -0.8305
vn -0.4636 0.2762 -0.8419
vn -0.5005 0.1914 -0.8443
vn -0.7914 0.3296 0.5148
vn 0.9116 0.3025 -0.2785
vn -0.3607 0.3331 0.8712
vn 0.6213 0.2695 0.7358
vn 0.8464 -0.2906 0.4464
vn -0.9547 -0.2635 -0.1383
vn -0.6801 -0.2844 -0.6757
vn -0.8577 -0.3353 -0.3897
vn 0.0632 -0.5421 -0.8379
vn 0.1280 -0.7089 -0.6936
vn 0.0682 -0.7199 -0.6907
vn 0.1164 -0.6411 -0.7586
vn 0.6507 0.6571 -0.3805
vn 0.7193 0.5956 -0.3576
vn 0.6774 0.6337 -0.3736
vn 0.7979 0.4516 -0.3992
vn 0.6029 -0.6363 -0.4813
vn 0.6518 -0.5197 -0.5523
vn 0.8169 0.5138 -0.2621
vn 0.8382 0.4492 -0.3093
vn 0.3681 -0.6271 -0.6865
vn 0.3741 -0.6317 -0.6790
vn 0.3648 0.6322 0.6836
vn 0.7411 -0.6326 0.2249
vn 0.2772 -0.4970 0.8223
vn 0.3734 -0.4036 0.8353
vn 0.8374 -0.5334 -0.1193
vn 0.8781 -0.4661 -0.1081
vn -0.6845 0.6302 0.3665
vn 0.6940 -0.4810 0.5358
vn -0.0456 -0.5286 0.8476
vn 0.0424 -0.4064 0.9127
vn -0.0834 -0.4685 0.8795
vn -0.6797 0.4294 -0.5946
vn -0.6601 0.5069 -0.5544
vn -0.5831 0.5469 -0.6007
vn -0.6829 0.4748 -0.5552
vn -0.6891 0.5417 -0.4813
vn -0.4904 0.6329 -0.5991
vn -0.4174 0.6208 -0.6636
vn -0.6035 -0.6151 0.5075
vn -0.6105 -0.6143 0.4998
vn -0.5994 -0.6602 -0.4526
vn -0.4290 -0.4954 -0.7554
vn -0.6832 0.4762 -0.5536
vn 0.6004 0.6650 -0.4443
vn 0.6840 0.6103 -0.3997
vn 0.6829 0.5121 -0.5209
vn 0.8373 0.4843 -0.2536
vn 0.6305 0.3706 0.6820
vn -0.8810 0.4644 0.0898
vn -0.5101 0.4465 0.7351
vn -0.4057 0.4755 0.7806
vn -0.5409 0.4658 0.7003
vn 0.1006 -0.5564 -0.8248
vn 0.0962 -0.4738 -0.8753
vn 0.1414 -0.4506 -0.8814
vn 0.2081 -0.4890 -0.8471
vn 0.1357 -0.4945 -0.8585
vn 0.6883 -0.4745 -0.5487
vn 0.8829 -0.4634 -0.0759
vn 0.8710 -0.4286 -0.2400
vn 0.9088 -0.4102 -0.0767
vn 0.6786 -0.6119 0.4063
vn 0.2274 -0.2894 0.9298
vn -0.1173 -0.4809 0.8689
vn -0.4044 -0.4313 -0.8065
vn -0.3875 -0.4859 -0.7834
vn -0.8973 -0.4407 0.0263
vn -0.0866 -0.4696 -0.8786
vn -0.1945 -0.5095 -0.8382
vn -0.6309 -0.4475 -0.6339
vn -0.0550 0.4989 -0.8649
vn 0.1349 0.3897 -0.9110
vn 0.0971 0.4985 -0.8615
vn -0.7075 -0.5935 0.3837
vn -0.5977 -0.3260 0.7325
vn -0.5739 -0.5548 -0.6023
vn 0.0908 -0.5963 -0.7976
vn -0.2563 0.4697 -0.8448
vn 0.8104 0.5687 -0.1406
vn 0.9103 0.4057 0.0822
vn 0.8011 0.4536 -0.3905
vn -0.1389 0.5727 0.8079
vn -0.0768 -0.4747 -0.8768
vn 0.0392 -0.4452 -0.8946
vn 0.0576 -0.7686 -0.6372
vn 0.0575 -0.7720 -0.6330
vn -0.0334 -0.7755 -0.6304
vn 0.3435 0.6488 0.6790
vn 0.6901 -0.6905 0.2169
vn -0.5299 0.7667 0.3625
vn -0.5180 0.7802 0.3507
vn -0.5434 0.7758 0.3207
vn -0.6635 0.6360 0.3941
vn -0.5864 0.7606 0.2785
vn -0.5628 0.7711 0.2978
vn 0.4460 -0.6871 -0.5735
vn 0.5963 0.6302 0.4973
vn 0.5088 0.7881 0.3463
vn 0.6882 0.6671 -0.2851
vn 0.5907 0.7483 -0.3019
vn 0.5626 0.7857 -0.2571
vn -0.0761 0.6319 -0.7713
vn -0.0436 0.6300 -0.7754
vn -0.0641 0.6318 -0.7725
vn 0.7157 -0.6980 0.0230
vn 0.7410 -0.6323 -0.2260
vn 0.7456 -0.6616 -0.0799
vn 0.2625 -0.6857 -0.6789
vn 0.3000 0.7717 -0.5608
vn 0.3629 0.6267 -0.6896
vn 0.2228 0.6260 -0.7474
vn -0.0898 -0.4639 0.8813
vn -0.0755 -0.6332 0.7703
vn 0.1218 -0.4522 0.8835
vn 0.2580 -0.4793 0.8389
vn 0.2187 -0.6418 0.7350
vn 0.4749 0.6762 -0.5632
vn 0.2894 0.7159 -0.6354
vn -0.6327 -0.6107 0.4761
vn -0.6326 -0.6281 0.4531
vn 0.6580 0.5904 -0.4674
vn 0.5916 0.7055 -0.3903
vn 0.6827 0.6233 -0.3814
vn 0.7406 0.6317 0.2292
vn 0.7907 0.5597 -0.2480
vn -0.5681 -0.6294 -0.5302
vn -0.1783 0.6500 0.7387
vn -0.1102 0.6222 0.7750
vn -0.7708 0.6326 -0.0758
vn 0.1453 -0.7566 -0.6375
vn 0.1211 -0.7655 -0.6320
vn 0.3664 -0.6343 -0.6808
vn -0.5146 0.6926 0.5055
vn -0.5059 0.6410 -0.5773
vn 0.7444 -0.6285 0.2255
vn -0.4003 -0.6304 0.6651
vn -0.3764 -0.7257 -0.5759
vn -0.2778 -0.6526 -0.7049
vn 0.4941 0.7736 0.3968
vn -0.1476 -0.8829 0.4458
vn -0.1248 -0.8786 0.4610
vn 0.2292 0.8782 0.4198
vn -0.1776 -0.8749 0.4505
vn -0.3403 -0.8336 0.4351
vn -0.4705 -0.8745 0.1176
vn -0.4562 -0.8727 0.1740
vn -0.4449 0.8835 0.1464
vn -0.4255 0.8891 0.1688
vn -0.4045 0.8245 -0.3958
vn -0.4430 -0.8823 -0.1590
vn -0.1344 -0.9082 -0.3963
vn -0.5845 0.6892 -0.4283
vn -0.6313 0.7728 0.0654
vn -0.6752 0.7242 -0.1400
vn -0.4528 0.7740 0.4426
vn -0.3504 0.8740 0.3366
vn -0.3946 0.7711 0.4998
vn -0.0447 -0.8290 -0.5574
vn 0.2613 0.7284 0.6334
vn 0.7125 0.6524 0.2584
vn 0.6477 0.7382 0.1887
vn -0.6526 -0.7575 0.0174
vn 0.3078 0.7882 -0.5330
vn -0.5500 -0.7649 0.3353
vn -0.5597 -0.7718 0.3018
vn -0.4918 -0.7699 0.4066
vn -0.4904 -0.7716 0.4051
vn 0.1854 0.7714 -0.6088
vn 0.1902 0.7900 -0.5829
vn 0.1298 -0.7786 -0.6139
vn 0.2237 0.7910 -0.5695
vn 0.5783 0.8148 -0.0393
vn -0.4051 0.8588 0.3135
vn -0.4829 0.8356 0.2619
vn -0.6608 0.7411 -0.1188
vn -0.6796 0.6349 -0.3675
vn -0.2998 0.8015 -0.5174
vn -0.0479 -0.8853 -0.4625
vn -0.1390 -0.8808 -0.4526
vn -0.0481 -0.8810 -0.4707
vn 0.2765 -0.9564 0.0939
vn -0.1207 0.9527 0.2788
vn -0.0493 0.9598 0.2764
vn -0.0684 0.9462 0.3162
vn 0.0114 0.9607 0.2774
vn 0.2881 0.9567 0.0424
vn -0.1197 0.9579 -0.2609
vn 0.0377 -0.9947 -0.0961
vn -0.1672 0.9587 -0.2300
vn -0.1741 0.9527 -0.2491
vn -0.0183 -0.8404 -0.5417
vn -0.0440 -0.8810 -0.4711
vn 0.5583 0.7508 -0.3528
vn 0.4900 0.7759 -0.3974
vn 0.4641 0.7450 0.4791
vn 0.0029 0.9537 -0.3007
vn 0.0446 0.9555 -0.2915
vn -0.2393 0.9226 -0.3027
vn -0.1760 0.9397 -0.2934
vn -0.1858 0.9568 -0.2238
vn 0.4320 -0.8910 0.1398
vn 0.2620 -0.9575 0.1210
vn 0.2455 -0.9442 0.2195
vn -0.4530 -0.8790 0.1491
vn -0.2793 -0.9578 0.0686
vn -0.2604 -0.9575 0.1242
vn -0.2624 -0.9568 0.1250
vn -0.1831 -0.9782 -0.0981
vn -0.0048 -0.8844 -0.4667
vn 0.0524 0.8804 -0.4713
vn 0.6330 0.7715 0.0636
vn 0.6348 0.7699 0.0650
vn 0.3656 0.8808 0.3008
vn -0.0986 0.9940 0.0465
vn -0.1374 0.9565 -0.2571
vn -0.2384 -0.9574 0.1629
vn -0.3063 -0.7548 -0.5800
vn -0.5637 -0.7727 -0.2918
vn -0.4512 0.7739 0.4445
vn -0.4503 0.7736 0.4459
vn -0.5878 0.6758 0.4447
vn -0.5715 0.6775 0.4630
vn 0.5304 0.6966 0.4831
vn -0.6781 -0.4733 -0.5623
vn 0.8147 0.5702 0.1053
vn 0.8384 0.5399 0.0741
vn 0.7151 -0.4264 0.5539
vn 0.5970 0.6352 -0.4901
vn 0.5633 0.7348 -0.3777
vn 0.3718 -0.4372 -0.8189
vn 0.6098 0.7721 0.1791
vn 0.6832 0.4740 -0.5554
vn 0.4717 -0.5038 -0.7237
vn 0.6575 -0.4499 -0.6044
vn 0.7167 -0.2715 -0.6424
vn -0.5764 -0.3258 0.7494
vn -0.6856 -0.2502 0.6837
vn 0.9534 0.2753 0.1237
vn -0.9385 -0.3131 0.1458
vn 0.9183 -0.2921 -0.2673
vn 0.8317 -0.4679 -0.2989
vn -0.8454 -0.2925 -0.4469
vn 0.6274 -0.1069 -0.7713
vn -0.9600 -0.1233 -0.2512
vn -0.9820 0.1621 -0.0966
vn 0.3809 0.1628 0.9102
vn 0.1519 -0.1611 0.9752
vn 0.1378 0.5020 -0.8538
vn -0.4832 -0.3786 -0.7894
vn -0.0178 0.9996 0.0196
vn 0.0940 -0.0197 0.9954
vn -0.4640 0.0917 -0.8811
vn 0.2261 -0.6344 -0.7392
vn 0.3202 -0.5812 -0.7481
vn -0.2871 0.1071 0.9519
vn -0.2923 -0.0937 0.9517
vn -0.8777 0.0976 0.4691
vn 0.4934 0.0309 0.8692
vn 0.7141 0.6217 -0.3217
vn 0.7413 0.6298 -0.2319
vn -0.1017 0.9947 0.0147
vn -0.8777 0.0975 0.4692
vn -0.5928 0.6355 -0.4947
vn -0.6478 0.6223 -0.4394
vn -0.5657 0.4298 -0.7037
vn 0.8750 -0.1772 0.4506
vn -0.8685 0.1862 0.4594
vn -0.6287 0.0937 -0.7719
vn -0.0129 -0.8841 -0.4671
vn 0.5613 0.7732 -0.2951
vn 0.6809 -0.4678 0.5635
vn 0.2711 0.3909 0.8796
vn 0.2214 -0.6303 -0.7441
s 0
f 1976//1 1//1 3//1
f 1//2 2673//2 2//2
f 3206//2 2674//2 1//2
f 3//2 2//2 1154//2
f 1684//3 3//3 3135//3
f 3135//4 1154//4 3981//4
f 6//5 4028//5 5//5
f 3172//6 3570//6 3173//6
f 1368//7 5//7 3461//7
f 3393//8 3461//8 5//8
f 4//9 3937//9 3570//9
f 8//10 3532//10 7//10
f 1403//11 3503//11 1404//11
f 3398//12 7//12 1403//12
f 1671//13 9//13 8//13
f 1672//14 8//14 3398//14
f 310//15 2456//15 9//15
f 9//16 1966//16 3532//16
f 12//17 4086//17 10//17
f 3788//18 10//18 4086//18
f 10//19 3014//19 12//19
f 11//20 2996//20 1769//20
f 15//21 3200//21 14//21
f 15//22 3393//22 13//22
f 4028//21 3200//21 13//21
f 1399//23 14//23 2615//23
f 3217//21 14//21 3215//21
f 3284//21 14//21 3200//21
f 15//24 1821//24 1448//24
f 22//25 16//25 3748//25
f 18//26 17//26 3541//26
f 34//27 3541//27 17//27
f 278//28 16//28 18//28
f 3548//29 3541//29 3717//29
f 21//30 2499//30 19//30
f 20//31 1829//31 1904//31
f 19//32 1034//32 21//32
f 1904//33 962//33 20//33
f 1033//30 974//30 21//30
f 1975//34 17//34 22//34
f 22//35 1987//35 1975//35
f 3748//36 3814//36 22//36
f 24//37 1504//37 23//37
f 1546//38 23//38 27//38
f 25//39 1545//39 1606//39
f 1606//40 460//40 25//40
f 27//41 26//41 1516//41
f 23//42 1503//42 26//42
f 26//43 3401//43 1407//43
f 1516//44 3396//44 27//44
f 3397//45 27//45 3396//45
f 30//46 29//46 1159//46
f 396//47 1159//47 29//47
f 2634//48 28//48 3235//48
f 28//46 691//46 693//46
f 1159//49 3154//49 30//49
f 592//50 31//50 2193//50
f 2193//51 33//51 2192//51
f 31//51 2914//51 33//51
f 3093//52 4068//52 1193//52
f 32//51 1796//51 4068//51
f 2192//53 2913//53 3904//53
f 35//54 1567//54 34//54
f 34//55 64//55 35//55
f 36//56 1573//56 1568//56
f 1644//57 1568//57 607//57
f 38//58 37//58 1745//58
f 720//59 37//59 3983//59
f 3983//60 39//60 1283//60
f 1745//61 4034//61 2633//61
f 3625//62 1745//62 1747//62
f 4036//63 39//63 38//63
f 41//64 40//64 1572//64
f 3434//65 40//65 1641//65
f 86//66 1572//66 87//66
f 2020//67 41//67 86//67
f 1641//68 42//68 1622//68
f 42//69 1986//69 1962//69
f 44//70 3467//70 43//70
f 3198//71 3402//71 43//71
f 44//72 431//72 1408//72
f 1408//73 45//73 44//73
f 43//70 432//70 44//70
f 45//70 422//70 3467//70
f 46//74 48//74 1398//74
f 2281//75 1398//75 1397//75
f 1973//76 47//76 46//76
f 48//77 3502//77 1340//77
f 1548//78 47//78 1974//78
f 1340//79 2282//79 48//79
f 51//80 2964//80 50//80
f 1902//80 2920//80 1097//80
f 50//81 1834//81 51//81
f 2571//80 49//80 51//80
f 1485//82 2460//82 52//82
f 52//83 1646//83 1485//83
f 2459//84 52//84 2460//84
f 54//85 53//85 1550//85
f 53//86 3502//86 1548//86
f 62//87 1550//87 61//87
f 54//88 3488//88 1646//88
f 57//89 902//89 56//89
f 55//90 2726//90 902//90
f 2776//91 56//91 2919//91
f 3802//92 55//92 57//92
f 59//93 58//93 928//93
f 60//93 2053//93 58//93
f 928//94 3201//94 59//94
f 4085//95 59//95 3201//95
f 60//96 2051//96 4073//96
f 60//97 3987//97 2054//97
f 1549//98 61//98 1550//98
f 3555//99 61//99 3485//99
f 62//100 3487//100 3488//100
f 63//101 85//101 1570//101
f 65//102 64//102 2022//102
f 35//103 63//103 1573//103
f 1975//104 2022//104 64//104
f 84//105 65//105 1579//105
f 1579//106 2022//106 2031//106
f 68//107 2211//107 67//107
f 66//108 1979//108 2211//108
f 337//109 2789//109 66//109
f 67//110 3949//110 68//110
f 338//111 66//111 68//111
f 71//112 1959//112 70//112
f 69//113 1957//113 4050//113
f 1960//114 4050//114 2000//114
f 2512//115 70//115 1959//115
f 70//116 2696//116 71//116
f 74//117 92//117 73//117
f 1643//118 72//118 74//118
f 74//119 1486//119 478//119
f 685//120 73//120 1519//120
f 76//121 75//121 2592//121
f 2592//122 2892//122 3698//122
f 2592//123 2218//123 76//123
f 77//124 2817//124 1211//124
f 2891//125 77//125 2895//125
f 79//126 1467//126 78//126
f 946//127 78//127 3630//127
f 79//128 945//128 1289//128
f 80//129 1289//129 1288//129
f 82//130 81//130 2326//130
f 81//131 2042//131 2041//131
f 82//132 806//132 1868//132
f 83//133 1868//133 3637//133
f 2830//134 83//134 3156//134
f 554//135 84//135 1578//135
f 3543//136 85//136 84//136
f 2021//137 86//137 1575//137
f 1574//138 3433//138 482//138
f 87//139 1575//139 86//139
f 89//140 3725//140 1099//140
f 2923//141 88//141 2924//141
f 88//142 901//142 90//142
f 2219//143 90//143 901//143
f 2924//141 90//141 3724//141
f 72//144 1493//144 92//144
f 1492//145 91//145 553//145
f 3439//146 91//146 72//146
f 706//147 92//147 1493//147
f 92//148 1519//148 73//148
f 95//149 1525//149 94//149
f 707//150 93//150 95//150
f 2091//151 93//151 3512//151
f 94//152 708//152 95//152
f 1346//153 1405//153 1345//153
f 98//154 1405//154 97//154
f 1345//155 96//155 3942//155
f 1379//156 96//156 98//156
f 1381//155 3942//155 96//155
f 97//154 3366//154 98//154
f 98//154 1709//154 1379//154
f 2305//157 99//157 2307//157
f 99//158 907//158 101//158
f 2921//159 1832//159 100//159
f 100//160 1098//160 2921//160
f 1831//161 100//161 1832//161
f 2307//157 101//157 1851//157
f 104//162 906//162 103//162
f 102//162 1850//162 906//162
f 907//163 1982//163 103//163
f 1983//164 103//164 1982//164
f 4009//162 102//162 104//162
f 2683//165 104//165 1983//165
f 107//166 106//166 2981//166
f 1082//167 106//167 3687//167
f 1081//168 2981//168 106//168
f 3687//169 105//169 2678//169
f 2981//170 2229//170 107//170
f 626//171 105//171 107//171
f 108//172 1056//172 2980//172
f 108//173 1714//173 110//173
f 109//174 2349//174 1714//174
f 2980//172 109//172 108//172
f 1055//175 110//175 3106//175
f 3612//176 3106//176 110//176
f 113//177 3025//177 112//177
f 850//178 3105//178 3612//178
f 849//179 112//179 850//179
f 2105//180 111//180 113//180
f 115//181 2640//181 114//181
f 2107//182 114//182 2640//182
f 2106//183 3033//183 114//183
f 116//184 2624//184 1400//184
f 115//185 2627//185 2624//185
f 2625//186 114//186 3033//186
f 1400//187 2635//187 116//187
f 1697//188 117//188 4035//188
f 4035//189 3288//189 2080//189
f 119//190 118//190 1304//190
f 414//191 1304//191 118//191
f 2092//190 119//190 3994//190
f 117//192 1303//192 3288//192
f 121//193 120//193 2092//193
f 1303//194 120//194 1301//194
f 2839//195 122//195 121//195
f 121//196 3022//196 2839//196
f 121//197 3994//197 2621//197
f 1734//198 2840//198 1735//198
f 3157//198 122//198 1734//198
f 2974//199 125//199 2227//199
f 124//200 3081//200 2339//200
f 123//199 2576//199 125//199
f 1735//198 2339//198 1734//198
f 1101//201 125//201 2576//201
f 2227//202 1100//202 2228//202
f 127//203 3362//203 126//203
f 126//204 3361//204 3600//204
f 1347//205 126//205 2290//205
f 1348//206 128//206 127//206
f 1376//207 3411//207 128//207
f 3595//208 128//208 3411//208
f 3410//209 130//209 129//209
f 131//210 717//210 129//210
f 129//211 2280//211 3410//211
f 129//212 2465//212 131//212
f 558//213 130//213 445//213
f 134//214 133//214 872//214
f 132//215 2762//215 133//215
f 1972//216 134//216 871//216
f 2058//217 132//217 134//217
f 135//218 2505//218 137//218
f 772//219 136//219 135//219
f 136//220 2758//220 2505//220
f 137//221 2506//221 2066//221
f 2762//218 137//218 4010//218
f 4010//222 2066//222 3838//222
f 3226//223 140//223 142//223
f 139//224 3229//224 2409//224
f 138//224 3042//224 140//224
f 2414//225 2409//225 2412//225
f 142//226 3852//226 141//226
f 141//227 3224//227 2656//227
f 2646//228 2656//228 3295//228
f 141//229 2647//229 142//229
f 145//230 846//230 143//230
f 143//231 2848//231 145//231
f 2847//232 3993//232 383//232
f 144//232 2849//232 3993//232
f 844//233 4064//233 3161//233
f 1435//234 148//234 1433//234
f 147//235 527//235 1439//235
f 146//236 1351//236 148//236
f 733//237 1433//237 148//237
f 151//238 179//238 150//238
f 703//239 149//239 151//239
f 149//240 2067//240 179//240
f 2093//241 150//241 3437//241
f 600//242 151//242 2093//242
f 153//243 732//243 152//243
f 152//244 1418//244 153//244
f 1533//245 2161//245 1532//245
f 1349//246 153//246 1418//246
f 2467//247 3514//247 443//247
f 730//248 154//248 2467//248
f 1350//249 154//249 153//249
f 156//250 997//250 155//250
f 155//251 4019//251 156//251
f 157//252 1023//252 1022//252
f 160//253 1460//253 159//253
f 1468//254 531//254 530//254
f 1327//255 158//255 160//255
f 1674//256 2098//256 159//256
f 160//257 161//257 1327//257
f 162//258 159//258 2098//258
f 3263//259 161//259 163//259
f 163//260 162//260 2097//260
f 2100//261 2097//261 405//261
f 163//259 2101//259 3263//259
f 1681//262 164//262 166//262
f 4044//263 164//263 1678//263
f 166//264 165//264 1270//264
f 4044//264 3854//264 165//264
f 166//265 1251//265 1681//265
f 166//266 3233//266 1250//266
f 1251//267 3593//267 167//267
f 167//268 3457//268 1251//268
f 169//269 168//269 1432//269
f 167//270 3592//270 168//270
f 1393//268 1432//268 1394//268
f 551//271 3479//271 170//271
f 3319//272 170//272 3479//272
f 170//273 2487//273 172//273
f 170//274 3556//274 551//274
f 1489//275 172//275 1490//275
f 2167//276 172//276 2487//276
f 173//277 181//277 3544//277
f 1495//278 173//278 3480//278
f 3480//279 3544//279 1616//279
f 175//280 174//280 551//280
f 175//281 1590//281 181//281
f 176//282 178//282 2755//282
f 2933//283 176//283 4012//283
f 3807//284 2544//284 177//284
f 2537//285 177//285 2544//285
f 177//286 2763//286 3807//286
f 888//287 178//287 2537//287
f 150//288 2111//288 180//288
f 179//289 2096//289 2111//289
f 180//290 3437//290 150//290
f 182//291 3544//291 181//291
f 187//292 181//292 1590//292
f 182//293 726//293 2094//293
f 183//294 2094//294 1588//294
f 186//295 1216//295 185//295
f 3669//296 184//296 3131//296
f 840//297 3120//297 185//297
f 863//295 185//295 3120//295
f 184//295 2361//295 2360//295
f 204//298 1590//298 203//298
f 1589//299 187//299 204//299
f 188//300 190//300 3880//300
f 3054//301 3880//301 3142//301
f 3301//302 1248//302 189//302
f 189//303 3052//303 3301//303
f 3591//304 189//304 1248//304
f 2123//304 3880//304 190//304
f 192//305 2846//305 191//305
f 191//306 410//306 192//306
f 192//307 2423//307 2422//307
f 1775//308 193//308 3958//308
f 193//309 2422//309 3644//309
f 3644//309 3958//309 193//309
f 196//310 1888//310 195//310
f 2868//310 194//310 196//310
f 3685//311 2987//311 194//311
f 1046//310 196//310 2811//310
f 195//310 2811//310 196//310
f 198//312 197//312 3274//312
f 197//313 3269//313 3884//313
f 198//314 1727//314 1178//314
f 1178//315 199//315 198//315
f 2114//316 1177//316 2112//316
f 3037//317 199//317 2114//317
f 201//318 200//318 2449//318
f 1491//319 200//319 3566//319
f 3518//320 201//320 2477//320
f 202//321 3489//321 3491//321
f 3491//322 3568//322 202//322
f 3566//323 202//323 3568//323
f 1592//324 203//324 1877//324
f 1645//325 1877//325 203//325
f 206//326 205//326 3714//326
f 823//327 205//327 358//327
f 207//327 3823//327 2012//327
f 207//327 358//327 205//327
f 359//327 2012//327 3716//327
f 209//328 208//328 218//328
f 218//329 3869//329 2135//329
f 3869//330 3545//330 3546//330
f 3547//331 210//331 209//331
f 209//332 1591//332 3547//332
f 2108//333 208//333 210//333
f 211//334 213//334 2652//334
f 1664//335 212//335 211//335
f 1424//336 212//336 3456//336
f 214//337 216//337 3519//337
f 1667//338 3519//338 3456//338
f 215//339 1426//339 1361//339
f 215//340 3419//340 216//340
f 3519//341 749//341 751//341
f 218//342 217//342 209//342
f 219//343 1594//343 217//343
f 2135//344 219//344 218//344
f 220//345 2545//345 221//345
f 220//346 2709//346 998//346
f 222//346 221//346 1991//346
f 3876//347 221//347 2545//347
f 222//348 2142//348 2709//348
f 225//349 3494//349 224//349
f 491//350 3446//350 492//350
f 223//351 1633//351 3446//351
f 228//352 224//352 3494//352
f 490//353 224//353 488//353
f 225//354 647//354 1633//354
f 226//355 228//355 2454//355
f 227//356 454//356 453//356
f 227//357 3500//357 228//357
f 2454//358 3494//358 2453//358
f 231//359 3326//359 230//359
f 3524//360 3894//360 1360//360
f 3325//361 229//361 3524//361
f 454//362 230//362 455//362
f 3324//363 229//363 231//363
f 232//364 234//364 2669//364
f 232//365 1359//365 244//365
f 1456//366 2669//366 1457//366
f 244//367 233//367 232//367
f 2153//368 233//368 3576//368
f 3576//369 3345//369 3577//369
f 235//370 825//370 827//370
f 1909//371 235//371 3621//371
f 237//372 236//372 2261//372
f 236//373 3730//373 3818//373
f 237//370 361//370 825//370
f 1630//374 238//374 240//374
f 3539//375 238//375 1562//375
f 240//376 239//376 2455//376
f 1360//377 239//377 3539//377
f 491//378 240//378 2453//378
f 2455//376 2453//376 240//376
f 241//379 1048//379 2992//379
f 243//380 1047//380 241//380
f 241//381 546//381 243//381
f 2992//382 242//382 241//382
f 2991//383 2363//383 242//383
f 245//384 3345//384 244//384
f 244//384 1354//384 245//384
f 246//385 1355//385 1373//385
f 1373//386 3422//386 246//386
f 3577//387 246//387 3422//387
f 3337//388 247//388 249//388
f 249//389 248//389 457//389
f 252//390 457//390 248//390
f 247//391 3521//391 248//391
f 3574//392 250//392 3370//392
f 250//393 1362//393 252//393
f 251//394 756//394 1362//394
f 1383//395 755//395 251//395
f 1382//396 251//396 250//396
f 3370//397 252//397 3936//397
f 3936//391 248//391 3521//391
f 1543//398 1969//398 1540//398
f 3337//399 253//399 1543//399
f 255//400 1969//400 253//400
f 253//401 262//401 255//401
f 263//402 254//402 456//402
f 256//403 2274//403 258//403
f 2275//404 3730//404 2954//404
f 3818//403 257//403 256//403
f 2751//403 258//403 1013//403
f 3932//405 258//405 2274//405
f 658//406 259//406 261//406
f 1499//407 259//407 2472//407
f 261//408 260//408 492//408
f 260//409 1563//409 1630//409
f 657//410 261//410 1652//410
f 264//411 255//411 262//411
f 262//412 274//412 264//412
f 1802//413 3569//413 264//413
f 265//414 2720//414 267//414
f 280//415 4017//415 266//415
f 2264//416 266//416 4017//416
f 2718//417 266//417 265//417
f 797//414 2159//414 267//414
f 267//418 2271//418 797//418
f 267//414 2272//414 265//414
f 1663//419 269//419 268//419
f 268//420 2286//420 270//420
f 417//421 500//421 418//421
f 1431//422 269//422 417//422
f 270//420 498//420 268//420
f 272//423 2443//423 1712//423
f 273//424 2946//424 271//424
f 271//425 3969//425 2443//425
f 271//424 2585//424 273//424
f 1712//426 1720//426 272//426
f 273//424 652//424 2584//424
f 263//427 275//427 274//427
f 264//428 276//428 1802//428
f 274//429 1565//429 276//429
f 1566//430 275//430 3540//430
f 2452//431 1802//431 276//431
f 2451//432 276//432 1565//432
f 3748//433 277//433 2140//433
f 277//434 1603//434 279//434
f 1604//435 18//435 3548//435
f 1602//436 279//436 1603//436
f 1601//437 2141//437 279//437
f 279//438 2140//438 277//438
f 2717//415 280//415 2718//415
f 282//415 281//415 980//415
f 281//439 3825//439 2019//439
f 2797//440 980//440 979//440
f 282//415 3926//415 4017//415
f 283//441 1544//441 762//441
f 3425//441 762//441 2186//441
f 285//442 284//442 2466//442
f 284//443 1357//443 3529//443
f 283//444 1358//444 284//444
f 3481//445 285//445 3563//445
f 286//446 288//446 3178//446
f 2653//447 287//447 286//447
f 3178//448 3177//448 503//448
f 287//449 2174//449 288//449
f 3176//449 288//449 2174//449
f 2552//450 981//450 289//450
f 2158//451 289//451 981//451
f 2551//450 289//450 291//450
f 291//450 290//450 896//450
f 3827//452 896//452 290//452
f 2613//453 799//453 798//453
f 292//454 1953//454 293//454
f 294//454 293//454 792//454
f 2902//454 293//454 1953//454
f 2268//455 292//455 294//455
f 296//456 295//456 3267//456
f 297//457 1239//457 299//457
f 393//458 1239//458 296//458
f 393//459 3267//459 3279//459
f 297//460 2179//460 295//460
f 1659//461 300//461 1661//461
f 298//461 3572//461 299//461
f 298//461 1239//461 300//461
f 299//462 3266//462 297//462
f 302//463 2857//463 301//463
f 301//464 3166//464 3962//464
f 3962//465 3277//465 301//465
f 1321//466 301//466 3277//466
f 303//463 3061//463 3062//463
f 304//467 306//467 3930//467
f 2745//467 304//467 679//467
f 2016//468 2772//468 2014//468
f 2269//469 305//469 2016//469
f 305//467 2746//467 2772//467
f 1950//470 306//470 2269//470
f 3930//471 1951//471 2580//471
f 307//472 1016//472 1015//472
f 307//473 2276//473 308//473
f 309//474 308//474 1017//474
f 2910//475 1017//475 308//475
f 308//476 3587//476 2910//476
f 1017//477 3695//477 309//477
f 311//478 513//478 310//478
f 310//479 3431//479 311//479
f 312//480 487//480 513//480
f 312//481 760//481 3559//481
f 314//482 313//482 1968//482
f 3726//483 966//483 313//483
f 663//484 1968//484 662//484
f 314//485 1037//485 1039//485
f 2904//482 2898//482 315//482
f 315//482 1039//482 2904//482
f 315//482 3726//482 313//482
f 317//486 4024//486 316//486
f 2692//487 3806//487 890//487
f 316//486 4023//486 3806//486
f 317//488 2538//488 2237//488
f 318//489 2237//489 2691//489
f 316//486 2540//486 317//486
f 321//490 2504//490 319//490
f 320//491 1906//491 1905//491
f 319//492 982//492 321//492
f 2725//493 1905//493 3904//493
f 1806//494 3739//494 1804//494
f 1915//495 322//495 881//495
f 323//496 1916//496 2197//496
f 322//497 3744//497 324//497
f 2197//497 3733//497 323//497
f 881//498 324//498 2680//498
f 327//499 1932//499 326//499
f 1931//499 326//499 1932//499
f 1944//500 3800//500 326//500
f 326//501 3801//501 327//501
f 325//502 2790//502 884//502
f 2791//503 327//503 3801//503
f 328//504 1000//504 2770//504
f 329//505 2770//505 2252//505
f 330//506 1988//506 328//506
f 328//507 1995//507 330//507
f 1031//508 2252//508 789//508
f 329//509 2138//509 1995//509
f 332//510 2356//510 331//510
f 3702//511 2874//511 331//511
f 331//512 1053//512 3702//512
f 331//510 2873//510 332//510
f 332//510 2267//510 333//510
f 2266//513 333//513 2267//513
f 335//514 1138//514 334//514
f 1794//515 335//515 334//515
f 334//516 3657//516 1793//516
f 1135//517 336//517 335//517
f 2590//517 1135//517 335//517
f 802//518 2982//518 336//518
f 337//109 339//109 3706//109
f 3706//109 3691//109 337//109
f 338//519 2804//519 339//519
f 68//520 3910//520 338//520
f 3706//521 3948//521 3705//521
f 342//522 341//522 655//522
f 793//523 340//523 2605//523
f 340//524 3611//524 2884//524
f 655//525 3963//525 342//525
f 342//526 4007//526 3611//526
f 344//527 343//527 2589//527
f 343//528 1089//528 2589//528
f 345//516 3657//516 822//516
f 344//516 1793//516 3657//516
f 822//529 3651//529 345//529
f 345//530 1207//530 343//530
f 3627//531 346//531 348//531
f 3626//532 3659//532 346//532
f 348//532 347//532 3629//532
f 2905//532 3629//532 347//532
f 346//532 910//532 347//532
f 348//533 1200//533 3627//533
f 1201//534 3629//534 2347//534
f 349//535 2225//535 1108//535
f 2941//536 1108//536 2959//536
f 351//537 350//537 3914//537
f 2236//537 3914//537 350//537
f 2937//537 350//537 2936//537
f 2936//537 349//537 2941//537
f 2940//538 351//538 3915//538
f 353//539 3959//539 1899//539
f 352//539 2759//539 3959//539
f 352//540 3704//540 354//540
f 630//541 353//541 1898//541
f 3701//542 354//542 2560//542
f 356//543 3704//543 630//543
f 355//544 3742//544 357//544
f 2559//545 357//545 1006//545
f 2351//327 359//327 2952//327
f 360//546 2262//546 362//546
f 2962//370 825//370 361//370
f 361//547 2566//547 2962//547
f 785//548 362//548 2262//548
f 362//549 2568//549 360//549
f 2567//548 784//548 2766//548
f 3666//550 365//550 816//550
f 363//551 3709//551 365//551
f 1176//552 3619//552 364//552
f 364//553 2334//553 1176//553
f 2938//554 365//554 3709//554
f 368//555 367//555 3160//555
f 366//556 2917//556 367//556
f 3088//557 3160//557 367//557
f 1180//558 368//558 2390//558
f 2390//559 3160//559 1233//559
f 1179//560 366//560 368//560
f 369//561 371//561 3070//561
f 575//562 369//562 573//562
f 573//563 3070//563 3068//563
f 370//564 1126//564 371//564
f 370//565 2314//565 1181//565
f 3070//566 3950//566 3069//566
f 372//552 1728//552 2841//552
f 372//567 1065//567 374//567
f 373//568 2841//568 3028//568
f 374//569 2350//569 823//569
f 374//552 3619//552 372//552
f 376//570 375//570 3999//570
f 3999//571 1814//571 376//571
f 377//572 3674//572 3703//572
f 2853//573 377//573 1898//573
f 380//574 1123//574 378//574
f 378//575 1190//575 3961//575
f 3961//576 379//576 378//576
f 378//577 566//577 380//577
f 380//578 826//578 2962//578
f 381//232 383//232 3993//232
f 2358//579 381//579 841//579
f 2359//580 382//580 381//580
f 1839//581 382//581 1895//581
f 385//582 384//582 538//582
f 1222//583 384//583 1160//583
f 1209//582 386//582 385//582
f 1160//584 386//584 1161//584
f 388//585 387//585 1738//585
f 2404//586 387//586 3114//586
f 389//585 1212//585 3113//585
f 3038//585 3113//585 3039//585
f 389//585 3114//585 387//585
f 391//587 2399//587 390//587
f 390//587 808//587 391//587
f 390//588 1208//588 1209//588
f 1050//589 1209//589 1210//589
f 3144//590 2405//590 2404//590
f 392//587 3115//587 2405//587
f 395//591 3279//591 394//591
f 2994//592 3205//592 2993//592
f 3901//593 394//593 3279//593
f 394//594 4048//594 395//594
f 956//595 395//595 2664//595
f 2664//596 4048//596 2663//596
f 397//597 29//597 2634//597
f 396//598 721//598 398//598
f 2634//599 720//599 397//599
f 4075//600 1778//600 583//600
f 3016//601 398//601 4075//601
f 2155//602 399//602 2154//602
f 399//603 2157//603 2150//603
f 401//604 400//604 402//604
f 402//605 4001//605 403//605
f 402//606 1242//606 401//606
f 401//607 1669//607 2157//607
f 404//608 403//608 3897//608
f 403//609 864//609 3055//609
f 3055//610 3897//610 403//610
f 2099//611 405//611 2097//611
f 407//611 406//611 3264//611
f 3040//612 3264//612 406//612
f 3853//611 406//611 2099//611
f 1238//613 3264//613 1237//613
f 405//614 843//614 2100//614
f 409//615 408//615 1308//615
f 837//616 408//616 191//616
f 410//617 1313//617 2423//617
f 411//618 413//618 2442//618
f 3047//619 2442//619 3045//619
f 411//620 3292//620 412//620
f 3050//621 412//621 3292//621
f 2442//618 3896//618 1710//618
f 3051//622 413//622 412//622
f 118//623 1464//623 414//623
f 416//624 415//624 1378//624
f 414//625 3471//625 415//625
f 415//626 3470//626 2291//626
f 2622//627 416//627 3182//627
f 3182//628 1378//628 3183//628
f 1659//629 417//629 418//629
f 3174//630 419//630 3372//630
f 421//631 420//631 425//631
f 3175//632 420//632 3174//632
f 1361//633 421//633 426//633
f 419//630 1426//630 2657//630
f 3467//634 3195//634 3197//634
f 424//635 423//635 929//635
f 1471//636 929//636 423//636
f 423//637 1409//637 1471//637
f 4032//638 422//638 424//638
f 424//639 3842//639 4032//639
f 426//640 425//640 2662//640
f 425//641 1392//641 3580//641
f 2299//642 426//642 3523//642
f 2662//643 3523//643 426//643
f 428//644 2278//644 427//644
f 427//645 1782//645 428//645
f 3179//646 3647//646 427//646
f 429//647 1784//647 1443//647
f 1443//648 2032//648 429//648
f 430//649 432//649 1978//649
f 1978//650 2457//650 430//650
f 3309//651 431//651 430//651
f 1978//652 3402//652 1500//652
f 434//653 3507//653 433//653
f 433//654 2033//654 2469//654
f 3485//655 2469//655 2470//655
f 61//656 433//656 3485//656
f 435//98 1549//98 3506//98
f 1781//657 3506//657 2032//657
f 2034//658 435//658 1781//658
f 437//659 436//659 1521//659
f 2296//660 2471//660 1502//660
f 1523//661 437//661 1521//661
f 1386//662 1389//662 438//662
f 1406//663 438//663 1389//663
f 437//664 1386//664 438//664
f 439//665 3313//665 1343//665
f 441//666 440//666 700//666
f 440//667 1476//667 1748//667
f 1748//668 700//668 440//668
f 2481//669 439//669 2464//669
f 441//670 2287//670 3313//670
f 1348//671 442//671 444//671
f 444//672 443//672 3514//672
f 725//673 442//673 719//673
f 444//674 1376//674 1348//674
f 445//675 446//675 733//675
f 449//676 448//676 3419//676
f 1542//677 447//677 2180//677
f 448//678 2491//678 3516//678
f 3419//679 3516//679 3330//679
f 449//680 1361//680 2299//680
f 447//681 2299//681 3327//681
f 1535//682 450//682 452//682
f 452//683 451//683 1537//683
f 2167//684 450//684 2166//684
f 3517//685 1537//685 451//685
f 3382//686 452//686 1538//686
f 453//687 455//687 2300//687
f 2300//688 2173//688 453//688
f 453//689 2450//689 227//689
f 226//690 231//690 454//690
f 1353//691 455//691 230//691
f 456//692 457//692 1366//692
f 456//693 1564//693 263//693
f 249//694 254//694 3337//694
f 458//695 606//695 460//695
f 1613//696 1644//696 459//696
f 3553//697 459//697 458//697
f 3534//698 25//698 460//698
f 3673//699 460//699 606//699
f 461//700 2468//700 2489//700
f 461//701 464//701 463//701
f 462//702 1640//702 464//702
f 462//703 2489//703 3552//703
f 1607//704 463//704 3538//704
f 3538//705 465//705 1618//705
f 463//706 474//706 465//706
f 1619//707 465//707 473//707
f 1649//708 2488//708 1609//708
f 468//709 467//709 1497//709
f 705//710 467//710 3551//710
f 3551//711 466//711 1649//711
f 466//712 709//712 2488//712
f 470//713 469//713 472//713
f 469//714 1523//714 2462//714
f 2462//715 472//715 469//715
f 1611//716 1571//716 470//716
f 1571//717 471//717 470//717
f 483//718 1650//718 484//718
f 471//719 2446//719 469//719
f 472//720 1611//720 470//720
f 475//721 465//721 474//721
f 473//722 1496//722 1619//722
f 464//723 1639//723 474//723
f 475//724 476//724 473//724
f 474//725 729//725 475//725
f 2448//726 476//726 1828//726
f 477//727 729//727 1651//727
f 1651//728 489//728 477//728
f 477//729 1828//729 476//729
f 74//730 1792//730 1643//730
f 484//731 1792//731 478//731
f 480//732 1475//732 479//732
f 1477//733 479//733 1475//733
f 479//732 1576//732 480//732
f 481//734 482//734 3486//734
f 482//735 1576//735 1574//735
f 3487//736 482//736 3433//736
f 2447//737 483//737 3490//737
f 478//738 1488//738 484//738
f 484//739 3490//739 483//739
f 485//740 3559//740 3565//740
f 485//741 496//741 487//741
f 486//742 3443//742 496//742
f 3565//743 486//743 485//743
f 487//744 497//744 1786//744
f 489//745 2476//745 1828//745
f 488//746 3500//746 2476//746
f 488//747 1629//747 490//747
f 490//748 1591//748 647//748
f 2453//749 223//749 491//749
f 492//750 1630//750 491//750
f 1652//751 492//751 3446//751
f 495//752 650//752 493//752
f 493//753 1637//753 495//753
f 3442//754 494//754 493//754
f 1634//755 656//755 495//755
f 1786//756 3553//756 1785//756
f 3474//757 496//757 3443//757
f 268//420 2636//420 1663//420
f 2637//758 498//758 3369//758
f 1383//759 499//759 270//759
f 499//760 3369//760 498//760
f 3368//761 1382//761 3574//761
f 418//421 3573//421 1658//421
f 502//762 3343//762 501//762
f 501//763 936//763 1450//763
f 501//764 1427//764 502//764
f 502//765 3341//765 3340//765
f 3291//766 503//766 3177//766
f 3340//767 503//767 502//767
f 512//768 504//768 3578//768
f 504//769 3349//769 1328//769
f 506//770 505//770 3346//770
f 1352//770 3346//770 505//770
f 505//770 3350//770 1352//770
f 3348//771 506//771 3347//771
f 509//772 3378//772 508//772
f 507//772 3379//772 3378//772
f 3376//773 1390//773 508//773
f 1391//774 508//774 1390//774
f 507//775 3582//775 2652//775
f 1458//776 2660//776 1459//776
f 3578//777 510//777 512//777
f 512//778 511//778 3350//778
f 3421//779 510//779 1458//779
f 2301//780 3350//780 511//780
f 3332//781 511//781 3421//781
f 1786//782 513//782 487//782
f 516//783 2668//783 515//783
f 514//784 1247//784 3412//784
f 3412//785 3383//785 514//785
f 515//786 1248//786 516//786
f 3592//787 3591//787 515//787
f 519//788 518//788 2909//788
f 595//789 518//789 2907//789
f 594//789 2909//789 518//789
f 2907//789 517//789 2908//789
f 2910//790 517//790 519//790
f 521//791 520//791 1085//791
f 3968//792 1085//792 520//792
f 520//793 3589//793 3968//793
f 3588//794 522//794 521//794
f 1085//795 1086//795 521//795
f 2198//794 522//794 597//794
f 524//796 523//796 3596//796
f 2646//229 3387//229 2647//229
f 1435//797 3596//797 528//797
f 525//798 1434//798 2279//798
f 3387//799 525//799 3386//799
f 527//800 526//800 1680//800
f 2656//801 526//801 3295//801
f 528//802 3295//802 526//802
f 146//803 528//803 527//803
f 530//804 3597//804 529//804
f 529//805 949//805 1454//805
f 1418//806 529//806 1349//806
f 530//807 1533//807 1468//807
f 532//808 2643//808 533//808
f 534//809 533//809 2631//809
f 2642//810 2631//810 533//810
f 534//811 1396//811 549//811
f 532//812 549//812 1411//812
f 536//813 1724//813 535//813
f 535//814 1711//814 536//814
f 1710//618 536//618 1711//618
f 3896//815 537//815 536//815
f 385//582 3617//582 539//582
f 538//816 1223//816 2312//816
f 385//817 1210//817 1209//817
f 539//818 2802//818 1211//818
f 541//819 540//819 3139//819
f 540//820 3618//820 3665//820
f 856//821 542//821 857//821
f 542//822 2353//822 3145//822
f 1715//823 543//823 4059//823
f 545//824 4059//824 543//824
f 543//825 1732//825 545//825
f 1733//826 544//826 1912//826
f 544//827 2348//827 1913//827
f 3034//828 4080//828 545//828
f 243//381 1736//381 547//381
f 1737//829 546//829 2362//829
f 2362//830 242//830 2363//830
f 2813//381 243//381 547//381
f 548//831 1411//831 549//831
f 1744//832 1412//832 548//832
f 550//833 549//833 1396//833
f 1396//832 931//832 550//832
f 568//834 548//834 550//834
f 2617//835 550//835 931//835
f 1638//836 551//836 3556//836
f 553//837 552//837 555//837
f 552//838 3543//838 554//838
f 553//839 1610//839 1492//839
f 555//840 1609//840 553//840
f 555//841 554//841 1608//841
f 556//842 558//842 1494//842
f 557//843 1615//843 1498//843
f 1494//844 445//844 1557//844
f 557//845 2465//845 558//845
f 561//846 3079//846 560//846
f 559//847 1175//847 3079//847
f 2421//848 1064//848 559//848
f 2316//849 560//849 3079//849
f 847//850 561//850 560//850
f 2420//851 559//851 561//851
f 3078//851 561//851 848//851
f 1750//852 562//852 3159//852
f 564//853 563//853 3945//853
f 563//852 1751//852 3158//852
f 1756//854 562//854 564//854
f 379//855 1236//855 566//855
f 858//856 2438//856 859//856
f 565//857 2439//857 2438//857
f 1397//858 2283//858 567//858
f 567//859 1744//859 568//859
f 569//858 568//858 2617//858
f 3389//858 567//858 569//858
f 570//860 1762//860 3638//860
f 3638//861 571//861 570//861
f 570//862 3140//862 572//862
f 572//863 1763//863 570//863
f 572//864 4060//864 2440//864
f 574//562 573//562 3071//562
f 3068//865 3071//865 573//865
f 1186//866 3071//866 1185//866
f 574//867 3635//867 3155//867
f 575//562 3155//562 2052//562
f 3015//868 3649//868 3013//868
f 576//869 4079//869 578//869
f 1770//870 3979//870 577//870
f 577//869 3015//869 1770//869
f 577//869 3643//869 4079//869
f 578//869 3627//869 1200//869
f 576//871 588//871 3649//871
f 580//872 579//872 3143//872
f 581//872 3141//872 579//872
f 3143//872 1217//872 3668//872
f 580//873 1046//873 2809//873
f 1045//874 3143//874 1218//874
f 2809//875 581//875 580//875
f 582//600 1777//600 584//600
f 583//600 2386//600 4075//600
f 2345//876 2338//876 2343//876
f 2384//877 584//877 2345//877
f 585//878 1787//878 587//878
f 1511//879 586//879 2479//879
f 586//880 1813//880 3562//880
f 622//881 587//881 1478//881
f 1200//882 588//882 578//882
f 590//883 3649//883 588//883
f 588//884 1058//884 590//884
f 589//885 1201//885 1057//885
f 3102//884 2403//884 590//884
f 592//886 1808//886 591//886
f 591//887 1796//887 592//887
f 593//888 2193//888 2206//888
f 2206//889 2912//889 593//889
f 594//890 1094//890 596//890
f 2907//789 3663//789 595//789
f 595//891 3662//891 1094//891
f 908//892 594//892 596//892
f 596//893 1809//893 2782//893
f 597//794 1092//794 598//794
f 597//794 2376//794 2198//794
f 599//894 598//894 1811//894
f 1811//895 1093//895 1812//895
f 1199//896 599//896 1798//896
f 600//897 602//897 704//897
f 2093//898 601//898 600//898
f 1482//899 601//899 3554//899
f 604//900 1227//900 603//900
f 2811//901 2809//901 1046//901
f 1049//902 603//902 2811//902
f 605//903 817//903 3665//903
f 607//904 3673//904 606//904
f 607//905 459//905 1644//905
f 607//906 1611//906 608//906
f 608//907 2461//907 3673//907
f 609//908 611//908 1106//908
f 610//909 2260//909 1114//909
f 2570//908 609//908 1105//908
f 2959//908 1106//908 611//908
f 610//910 3664//910 611//910
f 2960//911 611//911 3664//911
f 613//159 612//159 2922//159
f 612//912 3686//912 1832//912
f 614//913 2974//913 770//913
f 617//566 2212//566 615//566
f 615//566 1834//566 617//566
f 56//914 2571//914 616//914
f 2919//915 616//915 615//915
f 617//566 1835//566 3069//566
f 1843//916 618//916 2393//916
f 2393//917 2394//917 2391//917
f 620//916 619//916 801//916
f 619//918 1842//918 4062//918
f 801//916 1134//916 620//916
f 618//919 2395//919 2394//919
f 3561//920 621//920 623//920
f 623//921 622//921 3448//921
f 585//922 621//922 1813//922
f 623//923 1626//923 3561//923
f 626//924 625//924 2898//924
f 2899//172 624//172 1849//172
f 2897//925 2899//925 3917//925
f 107//926 624//926 626//926
f 629//927 3119//927 627//927
f 2328//928 627//928 3119//928
f 627//929 1874//929 629//929
f 628//930 2329//930 3957//930
f 3957//930 2823//930 628//930
f 629//931 1876//931 1873//931
f 631//932 630//932 3703//932
f 356//932 1882//932 3742//932
f 633//933 632//933 1069//933
f 1879//934 632//934 3699//934
f 1880//933 1069//933 632//933
f 634//933 3699//933 632//933
f 2254//935 633//935 1071//935
f 634//936 2253//936 2874//936
f 636//937 635//937 4066//937
f 3718//938 4066//938 635//938
f 637//939 3951//939 635//939
f 637//939 1917//939 913//939
f 638//940 1928//940 639//940
f 638//940 2209//940 2688//940
f 640//941 639//941 2693//941
f 639//942 1919//942 4011//942
f 640//943 1917//943 2209//943
f 2593//944 641//944 2878//944
f 2210//945 642//945 641//945
f 641//946 1930//946 643//946
f 779//947 642//947 2251//947
f 643//948 2878//948 641//948
f 1035//949 644//949 646//949
f 644//950 1921//950 645//950
f 646//951 645//951 882//951
f 882//952 2521//952 883//952
f 1036//953 646//953 1980//953
f 882//954 1980//954 646//954
f 648//955 650//955 3496//955
f 648//956 1801//956 3561//956
f 4008//957 3496//957 3569//957
f 3442//958 1626//958 1625//958
f 3561//959 649//959 648//959
f 493//960 649//960 3442//960
f 3496//961 656//961 3497//961
f 651//962 653//962 2951//962
f 2948//424 652//424 651//424
f 651//963 3925//963 2948//963
f 653//964 2585//964 1719//964
f 1719//965 4063//965 653//965
f 653//966 3782//966 2951//966
f 655//967 654//967 1947//967
f 1947//968 2719//968 787//968
f 341//523 795//523 654//523
f 1947//969 3761//969 655//969
f 1635//970 3497//970 656//970
f 3452//971 657//971 1596//971
f 658//972 3451//972 3564//972
f 659//973 788//973 660//973
f 786//973 3777//973 2602//973
f 661//974 660//974 2609//974
f 2609//454 2721//454 792//454
f 660//975 1080//975 2721//975
f 661//976 2903//976 3614//976
f 659//977 3614//977 3777//977
f 662//978 3776//978 663//978
f 664//979 666//979 4049//979
f 665//980 2249//980 957//980
f 4053//981 664//981 3710//981
f 665//982 888//982 666//982
f 2536//979 4049//979 666//979
f 667//983 669//983 4015//983
f 668//984 2684//984 967//984
f 667//985 2799//985 2684//985
f 669//986 890//986 3806//986
f 889//987 668//987 968//987
f 3806//486 4015//486 669//486
f 671//988 670//988 2526//988
f 672//989 1928//989 670//989
f 672//990 2774//990 1926//990
f 2774//991 3744//991 2773//991
f 1919//992 1926//992 1920//992
f 674//993 673//993 978//993
f 673//994 2715//994 2002//994
f 675//995 977//995 796//995
f 675//994 2712//994 673//994
f 678//996 2742//996 677//996
f 3815//997 676//997 3816//997
f 3820//998 676//998 4052//998
f 1027//999 677//999 3822//999
f 677//1000 2741//1000 2743//1000
f 4052//997 678//997 2760//997
f 3930//467 679//467 304//467
f 681//1001 680//1001 1010//1001
f 3827//1002 679//1002 681//1002
f 683//1003 682//1003 1518//1003
f 682//1004 1552//1004 3509//1004
f 684//1005 1551//1005 682//1005
f 3509//1006 1518//1006 682//1006
f 684//1007 3459//1007 1410//1007
f 3460//1008 683//1008 3310//1008
f 1410//1009 3407//1009 684//1009
f 687//1010 1519//1010 686//1010
f 686//1011 3404//1011 687//1011
f 685//1012 3309//1012 1487//1012
f 688//1013 690//1013 686//1013
f 1520//1014 708//1014 688//1014
f 1520//1015 686//1015 1519//1015
f 1346//147 688//147 708//147
f 3510//1016 689//1016 1524//1016
f 3511//1017 690//1017 3510//1017
f 1231//1018 30//1018 3154//1018
f 693//1019 692//1019 3222//1019
f 691//1020 3017//1020 692//1020
f 3235//46 693//46 3221//46
f 696//1021 2530//1021 695//1021
f 695//1022 3775//1022 696//1022
f 695//1023 3776//1023 2752//1023
f 2055//1024 694//1024 696//1024
f 697//1025 3837//1025 699//1025
f 2402//1026 3650//1026 2403//1026
f 698//1027 3829//1027 3650//1027
f 1269//1025 699//1025 3837//1025
f 699//1028 2062//1028 697//1028
f 1268//1025 2060//1025 699//1025
f 700//1029 702//1029 441//1029
f 701//1030 2463//1030 1344//1030
f 2293//1031 1344//1031 1527//1031
f 701//1032 2294//1032 702//1032
f 704//1033 703//1033 600//1033
f 705//1034 1585//1034 703//1034
f 704//1035 1497//1035 467//1035
f 1581//1036 3551//1036 1608//1036
f 706//1037 95//1037 708//1037
f 1493//1038 707//1038 706//1038
f 468//1039 710//1039 709//1039
f 711//1040 2488//1040 709//1040
f 709//1041 2082//1041 711//1041
f 718//1042 2087//1042 710//1042
f 712//1043 714//1043 888//1043
f 713//1044 876//1044 878//1044
f 712//1045 957//1045 876//1045
f 713//1046 996//1046 714//1046
f 995//1047 878//1047 2739//1047
f 2755//282 714//282 996//282
f 1556//1048 715//1048 131//1048
f 715//1049 1413//1049 717//1049
f 1342//1050 716//1050 715//1050
f 1415//1051 1343//1051 3313//1051
f 717//1049 1414//1049 2280//1049
f 3557//1052 719//1052 718//1052
f 718//1053 1497//1053 3557//1053
f 719//1054 3320//1054 2087//1054
f 397//599 3983//599 721//599
f 3234//599 4034//599 720//599
f 1283//1055 721//1055 3983//1055
f 1282//1056 398//1056 721//1056
f 724//1057 4087//1057 723//1057
f 722//1058 3044//1058 3854//1058
f 722//1059 3223//1059 4087//1059
f 3848//1060 723//1060 4087//1060
f 723//1061 3992//1061 724//1061
f 443//1062 1481//1062 2467//1062
f 1589//1063 2139//1063 726//1063
f 726//1064 2095//1064 2094//1064
f 728//1065 1639//1065 727//1065
f 1640//1066 727//1066 1639//1066
f 1651//1067 728//1067 3547//1067
f 728//1068 2108//1068 210//1068
f 732//1069 2468//1069 731//1069
f 2467//1070 1483//1070 730//1070
f 2489//1071 730//1071 1483//1071
f 152//1072 731//1072 2161//1072
f 3515//1073 148//1073 1351//1073
f 733//1074 1557//1074 445//1074
f 976//1075 735//1075 734//1075
f 734//1076 2137//1076 736//1076
f 894//1077 2258//1077 736//1077
f 736//1078 2136//1078 894//1078
f 2257//1077 736//1077 2258//1077
f 895//1079 737//1079 3879//1079
f 894//1080 738//1080 737//1080
f 737//1081 3815//1081 739//1081
f 2742//1082 738//1082 2741//1082
f 739//1083 3816//1083 3817//1083
f 3817//1084 4016//1084 739//1084
f 3879//1085 739//1085 4016//1085
f 742//1086 3549//1086 740//1086
f 740//1087 1986//1087 2020//1087
f 740//1088 2156//1088 742//1088
f 741//1089 2020//1089 2021//1089
f 2046//1090 2021//1090 2045//1090
f 2095//1091 741//1091 2046//1091
f 742//1092 1598//1092 3450//1092
f 3450//1093 1605//1093 742//1093
f 743//1094 745//1094 2711//1094
f 743//1095 977//1095 674//1095
f 743//1096 978//1096 744//1096
f 2001//1097 744//1097 978//1097
f 2527//1098 745//1098 744//1098
f 3933//1099 2711//1099 745//1099
f 747//1100 746//1100 3333//1100
f 1619//1101 746//1101 3537//1101
f 1496//1102 3333//1102 746//1102
f 748//1103 3420//1103 3415//1103
f 3415//1104 3520//1104 748//1104
f 3537//1105 748//1105 3520//1105
f 749//1106 3331//1106 750//1106
f 216//1107 3330//1107 749//1107
f 751//1108 750//1108 1539//1108
f 751//1109 3456//1109 3519//1109
f 752//1110 754//1110 1539//1110
f 753//1111 1534//1111 1536//1111
f 2477//320 752//320 3518//320
f 753//1112 1425//1112 754//1112
f 756//1113 757//1113 1365//1113
f 759//1114 755//1114 758//1114
f 1363//1115 759//1115 1431//1115
f 1431//1116 758//1116 2286//1116
f 1364//1117 757//1117 759//1117
f 760//1118 762//1118 1544//1118
f 311//1119 761//1119 760//1119
f 3559//1120 1544//1120 3481//1120
f 761//1121 2186//1121 762//1121
f 763//1122 2210//1122 2593//1122
f 765//1123 764//1123 2529//1123
f 2056//1124 764//1124 3912//1124
f 763//1125 3912//1125 764//1125
f 765//1122 2877//1122 2210//1122
f 767//1126 766//1126 2511//1126
f 768//1127 3724//1127 90//1127
f 768//1126 3828//1126 766//1126
f 771//1128 2493//1128 770//1128
f 769//1022 2224//1022 2753//1022
f 2494//1129 769//1129 2752//1129
f 770//1130 2227//1130 771//1130
f 770//1131 3686//1131 614//1131
f 135//1132 3770//1132 772//1132
f 3751//1133 772//1133 3770//1133
f 774//1134 773//1134 1942//1134
f 1937//1135 1942//1135 773//1135
f 2927//1136 774//1136 2577//1136
f 777//1137 917//1137 776//1137
f 776//1138 2679//1138 777//1138
f 775//1139 2246//1139 2245//1139
f 777//1138 2248//1138 2246//1138
f 1930//1140 778//1140 2601//1140
f 3749//1141 2601//1141 778//1141
f 780//1142 779//1142 2057//1142
f 2250//1143 778//1143 780//1143
f 781//1144 783//1144 2603//1144
f 2794//1145 782//1145 781//1145
f 975//1145 2689//1145 2238//1145
f 976//1146 782//1146 975//1146
f 784//1147 2750//1147 2744//1147
f 785//1148 3812//1148 2750//1148
f 787//1149 2602//1149 1947//1149
f 786//973 2263//973 788//973
f 2264//1150 787//1150 2719//1150
f 791//1151 790//1151 2943//1151
f 790//1152 900//1152 2942//1152
f 789//1153 899//1153 790//1153
f 1992//508 789//508 791//508
f 2564//574 2943//574 2565//574
f 791//508 2568//508 1992//508
f 2270//1154 792//1154 2721//1154
f 2608//454 792//454 293//454
f 794//523 793//523 2990//523
f 797//1155 795//1155 794//1155
f 2271//523 654//523 795//523
f 794//1156 977//1156 797//1156
f 796//1157 2612//1157 675//1157
f 796//1158 2990//1158 2610//1158
f 800//1159 1087//1159 798//1159
f 798//1160 3931//1160 800//1160
f 1857//1161 3935//1161 1858//1161
f 4062//1162 801//1162 619//1162
f 803//1163 805//1163 3116//1163
f 3116//1163 2318//1163 803//1163
f 2319//1163 804//1163 803//1163
f 1934//1164 804//1164 1935//1164
f 805//1165 2317//1165 3117//1165
f 807//1166 2923//1166 806//1166
f 806//141 2924//141 1866//141
f 2326//1167 807//1167 82//1167
f 808//1168 1051//1168 809//1168
f 391//587 810//587 3115//587
f 808//1169 1142//1169 810//1169
f 1142//123 3723//123 1143//123
f 809//123 2218//123 3723//123
f 1214//1170 810//1170 1142//1170
f 813//1171 2971//1171 811//1171
f 811//1172 4064//1172 813//1172
f 812//1173 2578//1173 3083//1173
f 812//233 3161//233 4064//233
f 2926//1174 2848//1174 1838//1174
f 816//550 3066//550 815//550
f 3666//550 815//550 2856//550
f 365//1175 814//1175 816//1175
f 817//1176 819//1176 3139//1176
f 818//1177 604//1177 1049//1177
f 819//1178 1886//1178 2867//1178
f 818//1178 2233//1178 819//1178
f 821//1179 1137//1179 820//1179
f 4062//1179 3103//1179 820//1179
f 3985//1179 820//1179 3103//1179
f 1138//516 822//516 3657//516
f 824//1180 823//1180 2352//1180
f 2352//327 358//327 2351//327
f 827//370 826//370 4003//370
f 566//370 4003//370 826//370
f 4003//370 2369//370 827//370
f 827//1181 3621//1181 235//1181
f 829//1182 3170//1182 828//1182
f 828//1183 1948//1183 829//1183
f 830//1184 1083//1184 3968//1184
f 3788//1185 831//1185 2996//1185
f 831//1186 3758//1186 833//1186
f 832//1187 1153//1187 3789//1187
f 1769//1188 2383//1188 1770//1188
f 2996//1189 833//1189 1769//1189
f 836//1190 1232//1190 835//1190
f 3159//852 2390//852 834//852
f 1234//1191 835//1191 1232//1191
f 834//852 1750//852 3159//852
f 3246//1192 835//1192 3247//1192
f 3163//1193 191//1193 2846//1193
f 3090//1194 837//1194 3163//1194
f 838//1195 1308//1195 408//1195
f 838//1196 3091//1196 1166//1196
f 1217//1197 185//1197 1216//1197
f 839//872 3141//872 3142//872
f 841//1198 843//1198 2358//1198
f 2849//1199 842//1199 841//1199
f 841//232 3993//232 2849//232
f 842//1200 2100//1200 843//1200
f 2358//1201 407//1201 1238//1201
f 844//1202 3849//1202 846//1202
f 845//1203 3161//1203 1189//1203
f 143//1204 3162//1204 2849//1204
f 847//1205 3265//1205 2119//1205
f 3287//1206 560//1206 3286//1206
f 1765//1207 3078//1207 848//1207
f 2119//1208 848//1208 847//1208
f 113//1209 2107//1209 2105//1209
f 849//1210 2106//1210 2107//1210
f 851//1210 850//1210 4081//1210
f 3612//1210 4081//1210 850//1210
f 2851//1211 3675//1211 852//1211
f 3165//1212 852//1212 854//1212
f 854//1213 853//1213 3270//1213
f 853//1213 1815//1213 2133//1213
f 2134//1213 853//1213 2133//1213
f 1814//1213 852//1213 3675//1213
f 854//1214 1163//1214 1165//1214
f 855//1215 857//1215 1277//1215
f 855//1216 3239//1216 3138//1216
f 856//820 3138//820 3618//820
f 857//1217 3145//1217 3121//1217
f 1235//1218 565//1218 858//1218
f 860//1218 859//1218 2659//1218
f 2430//1218 858//1218 860//1218
f 2659//1218 3275//1218 860//1218
f 863//1219 862//1219 2431//1219
f 1271//1220 861//1220 1272//1220
f 2431//295 186//295 863//295
f 3120//1221 861//1221 863//1221
f 864//1222 2812//1222 866//1222
f 865//605 4001//605 4077//605
f 1219//1223 3609//1223 1220//1223
f 866//1224 3055//1224 864//1224
f 3970//1225 866//1225 2812//1225
f 869//1226 3739//1226 868//1226
f 867//1227 1915//1227 880//1227
f 880//1228 3738//1228 867//1228
f 3661//1229 982//1229 3660//1229
f 1916//1230 869//1230 2496//1230
f 2496//1229 868//1229 3661//1229
f 2057//1142 870//1142 780//1142
f 885//1231 780//1231 870//1231
f 872//1232 871//1232 134//1232
f 886//1233 870//1233 872//1233
f 872//1234 3771//1234 886//1234
f 874//1235 873//1235 2553//1235
f 873//1236 1859//1236 1858//1236
f 2553//1237 1858//1237 3935//1237
f 2553//1238 2550//1238 874//1238
f 2549//1239 874//1239 2550//1239
f 875//1240 1860//1240 873//1240
f 1862//1241 875//1241 874//1241
f 878//1242 2532//1242 877//1242
f 2531//1243 876//1243 957//1243
f 3795//1047 3846//1047 877//1047
f 2739//1047 877//1047 3846//1047
f 879//1244 2680//1244 3760//1244
f 2787//1245 879//1245 3735//1245
f 881//1246 880//1246 1915//1246
f 883//1247 1981//1247 882//1247
f 3747//1248 883//1248 2521//1248
f 2213//1249 884//1249 2790//1249
f 884//1250 2775//1250 325//1250
f 885//1251 887//1251 3752//1251
f 3752//1252 2250//1252 885//1252
f 3772//1253 886//1253 3771//1253
f 1041//1251 887//1251 3772//1251
f 1040//1254 3752//1254 887//1254
f 2537//1255 666//1255 888//1255
f 3805//1256 889//1256 3804//1256
f 892//1257 891//1257 2544//1257
f 2232//979 891//979 3922//979
f 2544//1258 2536//1258 2537//1258
f 2543//1259 893//1259 892//1259
f 967//984 2686//984 893//984
f 3922//1260 893//1260 2686//1260
f 895//1077 2009//1077 2258//1077
f 3879//1261 2010//1261 895//1261
f 896//450 2733//450 291//450
f 898//1262 897//1262 2027//1262
f 3743//1263 899//1263 2769//1263
f 89//1264 1850//1264 901//1264
f 904//1265 2757//1265 2756//1265
f 903//1266 2575//1266 905//1266
f 2574//1267 2756//1267 2928//1267
f 905//1268 2929//1268 2247//1268
f 3793//1269 905//1269 1026//1269
f 103//1270 101//1270 907//1270
f 906//1271 1851//1271 101//1271
f 596//1272 2784//1272 908//1272
f 2700//1273 2909//1273 909//1273
f 909//1274 2781//1274 2700//1274
f 912//532 347//532 910//532
f 911//1275 3659//1275 2975//1275
f 910//1276 1903//1276 912//1276
f 2975//1277 1032//1277 911//1277
f 961//1278 2905//1278 912//1278
f 913//939 3689//939 637//939
f 915//1279 1040//1279 1041//1279
f 916//1280 1140//1280 914//1280
f 914//1281 2243//1281 916//1281
f 2330//1282 2894//1282 916//1282
f 775//1283 2890//1283 917//1283
f 917//1284 2331//1284 4022//1284
f 776//1285 4022//1285 3794//1285
f 2245//1286 918//1286 775//1286
f 921//1287 3917//1287 919//1287
f 920//1288 2596//1288 4025//1288
f 919//1289 2215//1289 921//1289
f 2216//1289 920//1289 3908//1289
f 2897//1290 964//1290 3726//1290
f 922//1291 2606//1291 3923//1291
f 922//1292 2883//1292 923//1292
f 924//1293 923//1293 2697//1293
f 3927//1294 923//1294 2883//1294
f 925//1295 927//1295 3978//1295
f 3208//1295 3978//1295 3209//1295
f 2673//1296 926//1296 925//1296
f 926//1297 3677//1297 927//1297
f 3394//1298 3792//1298 3678//1298
f 927//1299 3220//1299 3222//1299
f 930//1300 3367//1300 929//1300
f 928//93 3283//93 3367//93
f 2069//1301 929//1301 3367//1301
f 1470//1302 930//1302 1471//1302
f 933//1303 1395//1303 932//1303
f 931//1304 2618//1304 2617//1304
f 932//1305 3020//1305 933//1305
f 933//1306 3214//1306 2618//1306
f 936//1307 3342//1307 935//1307
f 934//621 3343//621 3291//621
f 935//1308 1450//1308 936//1308
f 2436//1309 935//1309 3342//1309
f 1438//1310 937//1310 2288//1310
f 937//1311 2635//1311 939//1311
f 940//1311 2635//1311 938//1311
f 1688//1311 940//1311 938//1311
f 1437//1312 938//1312 937//1312
f 2288//1313 939//1313 1401//1313
f 941//1314 2416//1314 2105//1314
f 942//1315 944//1315 1688//1315
f 1688//1316 1436//1316 942//1316
f 1442//1317 942//1317 1436//1317
f 943//1318 1441//1318 2616//1318
f 2616//1319 3845//1319 943//1319
f 2417//1319 943//1319 3845//1319
f 940//1320 2417//1320 2416//1320
f 946//1321 3990//1321 945//1321
f 949//1322 3363//1322 948//1322
f 1299//1323 4042//1323 1300//1323
f 947//1324 3260//1324 3363//1324
f 947//1325 3597//1325 4042//1325
f 948//1326 1454//1326 949//1326
f 2411//1327 948//1327 3363//1327
f 2128//1328 951//1328 950//1328
f 2425//1328 950//1328 2426//1328
f 950//1328 3351//1328 952//1328
f 3347//1329 951//1329 3348//1329
f 2426//1330 952//1330 3272//1330
f 952//1331 3352//1331 3583//1331
f 953//1332 955//1332 4088//1332
f 1244//1333 954//1333 953//1333
f 2665//1334 4088//1334 1326//1334
f 2183//1333 953//1333 2665//1333
f 1656//1335 1246//1335 1657//1335
f 954//1336 3202//1336 955//1336
f 957//1138 2248//1138 2531//1138
f 958//1337 1041//1337 959//1337
f 2242//1338 915//1338 958//1338
f 2534//1339 958//1339 960//1339
f 960//1340 959//1340 2065//1340
f 2065//1341 3838//1341 2066//1341
f 2089//1342 960//1342 2735//1342
f 2065//1343 2735//1343 960//1343
f 962//1344 912//1344 1903//1344
f 2681//33 963//33 2516//33
f 961//1345 2502//1345 963//1345
f 1903//33 20//33 962//33
f 965//1289 921//1289 2215//1289
f 964//1346 1964//1346 966//1346
f 1965//1289 965//1289 3803//1289
f 2215//1347 3803//1347 965//1347
f 1967//1348 313//1348 966//1348
f 2683//1349 966//1349 1964//1349
f 968//1350 967//1350 2543//1350
f 3804//1351 968//1351 3867//1351
f 971//1352 3767//1352 969//1352
f 2792//1352 969//1352 3767//1352
f 970//1352 2793//1352 3769//1352
f 969//1352 2028//1352 971//1352
f 1958//1353 3769//1353 1956//1353
f 2695//1354 2514//1354 2513//1354
f 973//1355 1093//1355 1852//1355
f 972//30 1854//30 974//30
f 973//1356 2702//1356 1854//1356
f 1998//1357 2238//1357 1997//1357
f 1999//1358 975//1358 1998//1358
f 734//1359 783//1359 976//1359
f 2002//994 978//994 673//994
f 979//1360 2163//1360 981//1360
f 2019//1361 980//1361 281//1361
f 2018//1362 981//1362 2163//1362
f 3660//1363 320//1363 2725//1363
f 321//1229 868//1229 3739//1229
f 983//1364 1921//1364 2694//1364
f 984//1365 2694//1365 4011//1365
f 983//92 3737//92 985//92
f 1920//1366 4011//1366 1919//1366
f 984//1367 2728//1367 3737//1367
f 985//92 2507//92 983//92
f 985//92 2727//92 55//92
f 987//992 2728//992 986//992
f 1920//990 986//990 2728//990
f 986//1368 3719//1368 987//1368
f 988//1369 1096//1369 1095//1369
f 1095//1370 2727//1370 988//1370
f 989//1371 3906//1371 3907//1371
f 989//216 3918//216 990//216
f 991//1372 990//1372 1971//1372
f 2058//216 990//216 3918//216
f 991//1373 2509//1373 3906//1373
f 2508//1374 1971//1374 3835//1374
f 994//1375 993//1375 2498//1375
f 992//1376 3775//1376 993//1376
f 2509//1377 992//1377 994//1377
f 157//1047 2739//1047 997//1047
f 995//1378 1022//1378 996//1378
f 2754//282 996//282 1022//282
f 155//1379 1024//1379 1026//1379
f 997//1047 3846//1047 1024//1047
f 998//1380 1988//1380 220//1380
f 998//1381 2710//1381 999//1381
f 1000//1382 999//1382 2771//1382
f 999//1383 2145//1383 2144//1383
f 2144//1384 2771//1384 999//1384
f 1999//1385 1001//1385 735//1385
f 1003//1386 735//1386 1001//1386
f 1002//1387 2109//1387 3858//1387
f 1001//1388 2767//1388 1003//1388
f 1028//1389 3858//1389 2520//1389
f 2740//1388 2137//1388 1003//1388
f 1003//1388 4014//1388 2740//1388
f 1004//1390 3820//1390 1005//1390
f 1006//1391 1005//1391 2559//1391
f 4052//998 1005//998 3820//998
f 2522//1384 1004//1384 1006//1384
f 1006//1263 3743//1263 2522//1263
f 1996//1392 1007//1392 3872//1392
f 1007//1393 2003//1393 2547//1393
f 2547//1394 3872//1394 1007//1394
f 1009//1395 1008//1395 2766//1395
f 1993//1396 2766//1396 1008//1396
f 2004//548 1009//548 2744//548
f 2024//1397 1010//1397 680//1397
f 1010//1398 2191//1398 681//1398
f 1013//1399 1012//1399 2751//1399
f 1011//1400 2004//1400 1012//1400
f 1012//1401 2744//1401 2750//1401
f 2001//1402 1011//1402 1013//1402
f 2527//403 1013//403 258//403
f 1015//472 1014//472 2191//472
f 1015//472 2023//472 307//472
f 1016//472 2550//472 1014//472
f 2549//1403 309//1403 3695//1403
f 519//1404 2701//1404 1017//1404
f 1985//1405 1018//1405 1020//1405
f 1018//1406 3804//1406 1019//1406
f 1020//1407 1019//1407 2518//1407
f 1022//1408 1021//1408 2754//1408
f 2968//1409 1023//1409 3965//1409
f 3965//1410 156//1410 4019//1410
f 2738//1047 1024//1047 3846//1047
f 1026//1411 1025//1411 3793//1411
f 1026//1412 2247//1412 155//1412
f 2761//1413 678//1413 1027//1413
f 1028//1414 1030//1414 4051//1414
f 4051//1388 1002//1388 1028//1388
f 2235//1415 3916//1415 1029//1415
f 2520//1416 1029//1416 1028//1416
f 1029//1417 2952//1417 1030//1417
f 3716//1418 4051//1418 1030//1418
f 1031//508 1993//508 2138//508
f 1810//1419 1033//1419 1032//1419
f 1034//1420 911//1420 1032//1420
f 1032//1421 21//1421 1034//1421
f 972//1422 1812//1422 1093//1422
f 2789//1423 1980//1423 1979//1423
f 1035//1424 3690//1424 2220//1424
f 2530//1425 663//1425 3776//1425
f 1039//1426 1038//1426 2678//1426
f 1038//1427 2056//1427 3913//1427
f 694//1428 1037//1428 2530//1428
f 3913//1427 2678//1427 1038//1427
f 2599//1429 914//1429 1140//1429
f 3772//1430 959//1430 1041//1430
f 1043//1431 3127//1431 1042//1431
f 3711//1432 3145//1432 2353//1432
f 1044//1433 1879//1433 3125//1433
f 1042//1434 3715//1434 1043//1434
f 3126//1435 1044//1435 3147//1435
f 2868//1436 1045//1436 3683//1436
f 1047//1437 1226//1437 1225//1437
f 1048//864 1225//864 2440//864
f 2234//1438 1049//1438 195//1438
f 2817//1439 1050//1439 1210//1439
f 3148//1440 1052//1440 1054//1440
f 1054//1441 1053//1441 2357//1441
f 1052//1442 3702//1442 1053//1442
f 2357//1443 3150//1443 1054//1443
f 1054//1440 3149//1440 3148//1440
f 2800//1444 1055//1444 3997//1444
f 3106//1445 3997//1445 1055//1445
f 2980//172 1847//172 1849//172
f 1056//172 2801//172 1847//172
f 589//884 1206//884 1058//884
f 2347//1446 1057//1446 1201//1446
f 590//884 1788//884 3102//884
f 1059//1447 1061//1447 2306//1447
f 1183//1447 1060//1447 1059//1447
f 2306//1447 3622//1447 1059//1447
f 1060//1448 2838//1448 1061//1448
f 1098//1449 1061//1449 2838//1449
f 2925//1450 3953//1450 1062//1450
f 1062//1451 3956//1451 2925//1451
f 1064//1452 1063//1452 1175//1452
f 3732//1450 1062//1450 3953//1450
f 373//1453 3713//1453 1065//1453
f 2370//1454 1066//1454 1068//1454
f 1066//1455 2862//1455 1067//1455
f 1068//1456 1067//1456 1706//1456
f 1068//1457 3136//1457 2370//1457
f 1069//933 1071//933 633//933
f 2706//1458 1070//1458 2008//1458
f 3700//933 1070//933 1069//933
f 2795//1459 1071//1459 2706//1459
f 2819//1460 1075//1460 2876//1460
f 1074//1461 1073//1461 2598//1461
f 2818//1462 1072//1462 2819//1462
f 2598//1463 2984//1463 2896//1463
f 1076//1464 1072//1464 1074//1464
f 1074//1465 2595//1465 1076//1465
f 1076//1465 2872//1465 1819//1465
f 1819//1465 1075//1465 1076//1465
f 1139//1466 1077//1466 1079//1466
f 1934//1467 1077//1467 2317//1467
f 1079//1468 1078//1468 3750//1468
f 1078//1469 1935//1469 3749//1469
f 1079//1470 1140//1470 1139//1470
f 3926//1471 788//1471 2263//1471
f 1913//168 1081//168 1082//168
f 2983//1472 3687//1472 3913//1472
f 829//1473 1084//1473 1083//1473
f 1083//1474 1955//1474 1085//1474
f 1948//1475 1952//1475 1084//1475
f 1088//1476 521//1476 1086//1476
f 1086//1477 1857//1477 1088//1477
f 1087//1474 1955//1474 1954//1474
f 798//1474 1954//1474 2613//1474
f 1858//1478 1088//1478 1857//1478
f 1090//1479 1089//1479 2203//1479
f 3653//1480 1089//1480 1091//1480
f 1805//1481 1090//1481 2205//1481
f 1091//1482 1914//1482 3734//1482
f 2786//1483 1091//1483 3734//1483
f 598//1484 1852//1484 1093//1484
f 1094//1485 1807//1485 1809//1485
f 1095//1486 1900//1486 1097//1486
f 2918//1487 987//1487 3719//1487
f 1097//80 2726//80 1095//80
f 2838//1488 2921//1488 1098//1488
f 1099//157 1851//157 89//157
f 2828//157 2307//157 1099//157
f 2829//1489 1099//1489 3725//1489
f 2562//1490 1100//1490 1101//1490
f 1101//1450 3953//1450 2562//1450
f 1104//1491 1103//1491 4067//1491
f 1103//1492 2563//1492 2925//1492
f 3745//1493 1102//1493 3746//1493
f 1937//1494 1104//1494 4020//1494
f 1939//1491 1102//1491 1104//1491
f 4067//1491 4020//1491 1104//1491
f 1105//908 1106//908 1107//908
f 1107//1495 1985//1495 1105//1495
f 1107//908 1108//908 2225//908
f 1111//1496 2965//1496 1110//1496
f 2966//1497 1109//1497 1112//1497
f 2969//1498 1110//1498 2965//1498
f 3670//1499 1110//1499 3168//1499
f 1109//1500 3672//1500 1113//1500
f 1112//1501 1113//1501 2342//1501
f 2934//1502 1112//1502 2931//1502
f 1773//1503 1113//1503 3672//1503
f 2342//1501 2932//1501 2259//1501
f 2932//1504 2341//1504 1114//1504
f 1114//1505 2259//1505 2932//1505
f 1114//1506 2340//1506 610//1506
f 4063//1507 1115//1507 3782//1507
f 1117//1507 1116//1507 2366//1507
f 1721//1507 1116//1507 4063//1507
f 2582//1507 1117//1507 1129//1507
f 1120//1508 2957//1508 1118//1508
f 1118//1509 3655//1509 1120//1509
f 1119//1510 2555//1510 3655//1510
f 2918//1511 1119//1511 1118//1511
f 2916//1512 1120//1512 3655//1512
f 1122//574 1121//574 2565//574
f 1121//1513 2962//1513 2566//1513
f 1122//1514 3076//1514 2852//1514
f 1123//574 2852//574 1190//574
f 1124//1515 1126//1515 3707//1515
f 1884//1515 1125//1515 1124//1515
f 3707//1516 1182//1516 3156//1516
f 1125//1517 371//1517 1126//1517
f 1129//1518 3608//1518 1127//1518
f 1127//1519 1701//1519 3784//1519
f 3783//1520 1127//1520 3784//1520
f 1129//1507 1128//1507 2582//1507
f 2953//1521 1128//1521 3783//1521
f 1117//1507 1130//1507 1129//1507
f 1702//1522 1130//1522 3604//1522
f 3604//1523 2366//1523 3966//1523
f 1133//1524 2384//1524 1131//1524
f 3628//1525 1132//1525 1131//1525
f 1131//1526 2914//1526 1133//1526
f 1135//1527 1134//1527 802//1527
f 620//1528 2979//1528 2395//1528
f 1136//1529 2591//1529 4066//1529
f 2979//1530 1136//1530 3718//1530
f 2982//1531 820//1531 1137//1531
f 1137//1532 336//1532 2982//1532
f 1141//1533 2816//1533 1139//1533
f 1139//1534 2894//1534 1141//1534
f 1143//1535 1214//1535 1142//1535
f 2217//123 1143//123 3723//123
f 2323//1536 1144//1536 1143//1536
f 2309//1537 2325//1537 2597//1537
f 2265//1538 1146//1538 1145//1538
f 1147//1538 2266//1538 1145//1538
f 1145//1538 3964//1538 1147//1538
f 1146//1539 3923//1539 3964//1539
f 1147//1540 2440//1540 4060//1540
f 2992//1541 1147//1541 3964//1541
f 1150//1542 2995//1542 1149//1542
f 2168//1543 1148//1543 2444//1543
f 2675//1542 1150//1542 3785//1542
f 1149//1542 3785//1542 1150//1542
f 1148//1544 2993//1544 3205//1544
f 1152//1545 3218//1545 3219//1545
f 1151//1546 3789//1546 1153//1546
f 3219//1542 3151//1542 1152//1542
f 1153//1547 3980//1547 1151//1547
f 1154//1548 3208//1548 3976//1548
f 3976//1549 3981//1549 1154//1549
f 1156//1550 3640//1550 1155//1550
f 1155//1551 1188//1551 2120//1551
f 1155//1552 2411//1552 1156//1552
f 2410//1553 2120//1553 3864//1553
f 1156//1554 3363//1554 3260//1554
f 1157//1555 1189//1555 3640//1555
f 3260//1556 1157//1556 1156//1556
f 845//1557 3850//1557 3849//1557
f 1158//1558 3016//1558 3095//1558
f 3153//1558 3095//1558 3094//1558
f 1161//1559 4029//1559 1160//1559
f 1264//1560 1160//1560 4029//1560
f 1208//1561 1161//1561 386//1561
f 1162//1562 2400//1562 3831//1562
f 2040//1563 3831//1563 2401//1563
f 1163//1564 2426//1564 1164//1564
f 1165//1565 1164//1565 1316//1565
f 3272//1566 1164//1566 2426//1566
f 854//1567 3164//1567 3165//1567
f 1167//1568 1166//1568 3040//1568
f 1237//1569 1166//1569 3091//1569
f 3040//1570 3290//1570 1167//1570
f 1280//1571 1170//1571 2424//1571
f 1168//1572 3875//1572 1170//1572
f 3149//1573 2427//1573 2429//1573
f 1169//1574 3150//1574 3875//1574
f 1169//1575 3873//1575 2427//1575
f 3638//1576 1170//1576 3875//1576
f 1172//1577 3059//1577 1171//1577
f 1908//1577 3621//1577 1171//1577
f 2961//1577 1171//1577 3059//1577
f 1171//1578 2369//1578 1172//1578
f 1173//1579 2368//1579 3072//1579
f 1175//1452 1174//1452 2315//1452
f 3731//1580 1063//1580 3732//1580
f 2315//1452 3079//1452 1175//1452
f 1177//1581 1176//1581 2334//1581
f 1178//1582 1728//1582 1176//1582
f 1179//1583 1755//1583 2958//1583
f 2955//1511 2958//1511 2957//1511
f 1182//134 1181//134 3063//134
f 1184//1584 1294//1584 1293//1584
f 1059//1447 3018//1447 1183//1447
f 3843//1585 1183//1585 3018//1585
f 2837//1586 1184//1586 2834//1586
f 3074//1587 1185//1587 3071//1587
f 3631//1588 1185//1588 3632//1588
f 2843//1589 1188//1589 1187//1589
f 1187//1590 3640//1590 1189//1590
f 2120//1591 1764//1591 1765//1591
f 1189//1592 2844//1592 1187//1592
f 1191//1593 1193//1593 4068//1593
f 2825//1594 1191//1594 1795//1594
f 3096//1595 1229//1595 1192//1595
f 1192//1596 2321//1596 3096//1596
f 1192//1597 3153//1597 1193//1597
f 2825//1598 3662//1598 1194//1598
f 1194//1599 3663//1599 1195//1599
f 1196//1600 1195//1600 3753//1600
f 1194//1601 2321//1601 2825//1601
f 2826//1602 1199//1602 1203//1602
f 3755//1603 1197//1603 2826//1603
f 1197//1604 2376//1604 1199//1604
f 2198//1605 1198//1605 3589//1605
f 3589//1606 3973//1606 3171//1606
f 3754//1607 1198//1607 1197//1607
f 2383//1608 1202//1608 3979//1608
f 1203//1186 3757//1186 2826//1186
f 3979//1609 1204//1609 3643//1609
f 1202//1610 1797//1610 1204//1610
f 1203//1611 1798//1611 1797//1611
f 3658//1612 3643//1612 1204//1612
f 1206//1613 3651//1613 1205//1613
f 1788//1614 3985//1614 2389//1614
f 1205//884 1058//884 1206//884
f 2346//1615 1206//1615 1057//1615
f 2906//1616 1207//1616 2346//1616
f 1210//1617 1211//1617 2817//1617
f 2895//125 1211//125 2802//125
f 3946//585 388//585 1213//585
f 3623//1618 1212//1618 3946//1618
f 3624//1619 3113//1619 1212//1619
f 1215//1620 1739//1620 1214//1620
f 1738//585 1213//585 388//585
f 2309//1537 1214//1537 1144//1537
f 1215//1537 2308//1537 2310//1537
f 2310//1621 1213//1621 1215//1621
f 579//872 840//872 1217//872
f 3668//1622 1216//1622 3669//1622
f 4065//1623 3667//1623 2986//1623
f 3683//1623 1218//1623 4065//1623
f 1220//1624 3259//1624 1219//1624
f 1221//1625 2810//1625 4058//1625
f 3054//1626 4058//1626 3053//1626
f 2084//1627 1222//1627 1264//1627
f 1725//1628 1223//1628 1222//1628
f 1225//864 1758//864 1224//864
f 1224//864 2440//864 1225//864
f 1286//1629 1226//1629 4002//1629
f 2814//1630 4002//1630 1226//1630
f 605//1631 4076//1631 1227//1631
f 2810//900 603//900 1227//900
f 1227//900 4058//900 2810//900
f 1228//1632 3302//1632 4076//1632
f 1228//820 3665//820 3618//820
f 1230//1633 3154//1633 1229//1633
f 1231//1634 2380//1634 3017//1634
f 834//1635 1233//1635 1232//1635
f 1232//557 3087//557 1234//557
f 1236//1636 2367//1636 4003//1636
f 3167//1637 1237//1637 3092//1637
f 1238//1637 2359//1637 2358//1637
f 956//1638 300//1638 1239//1638
f 1240//1639 1661//1639 300//1639
f 1240//595 2664//595 4090//595
f 3360//595 4090//595 3453//595
f 4046//1640 1242//1640 1241//1640
f 1241//1641 404//1641 1243//1641
f 1243//1642 3574//1642 1241//1642
f 3897//1643 1243//1643 404//1643
f 1246//1333 1245//1333 3571//1333
f 1320//1644 1245//1644 3899//1644
f 3899//1333 1244//1333 2183//1333
f 1657//1645 3571//1645 2653//1645
f 1249//1646 516//1646 1248//1646
f 3377//1647 1247//1647 1249//1647
f 1249//1648 3238//1648 3377//1648
f 1252//1649 3298//1649 1253//1649
f 1254//1650 1253//1650 3391//1650
f 2078//1649 1253//1649 3298//1649
f 3184//1651 1252//1651 1254//1651
f 3185//1652 1254//1652 3399//1652
f 3399//1653 3391//1653 3390//1653
f 2117//1654 1257//1654 2118//1654
f 3265//1655 1255//1655 2117//1655
f 1255//1656 3595//1656 1257//1656
f 1256//1657 2650//1657 3599//1657
f 3362//1658 1256//1658 3361//1658
f 1257//1659 3411//1659 2645//1659
f 1259//1660 2670//1660 1258//1660
f 1402//1660 1258//1660 1473//1660
f 1259//1661 3384//1661 3678//1661
f 2674//1662 3792//1662 2673//1662
f 3678//1663 1260//1663 1259//1663
f 1263//1664 3211//1664 1262//1664
f 3214//1665 2073//1665 2086//1665
f 2394//1666 2805//1666 1262//1666
f 1262//1667 2806//1667 1263//1667
f 2072//1668 1261//1668 1263//1668
f 3180//1669 1395//1669 1396//1669
f 2630//1670 1265//1670 3180//1670
f 1267//1671 1266//1671 2387//1671
f 3984//1672 2387//1672 1266//1672
f 932//1673 1265//1673 1267//1673
f 3021//1303 1267//1303 2392//1303
f 2063//1674 3837//1674 2064//1674
f 1268//1675 2632//1675 4037//1675
f 1270//1676 1272//1676 3233//1676
f 165//264 1271//264 1270//264
f 862//1677 3854//1677 3044//1677
f 1272//1678 3232//1678 2122//1678
f 2122//1678 3233//1678 1272//1678
f 1273//1679 1275//1679 3874//1679
f 2648//1680 1274//1680 1273//1680
f 1335//1681 2649//1681 1334//1681
f 2428//1682 1274//1682 1335//1682
f 1275//1575 2427//1575 3873//1575
f 1278//1683 4000//1683 1277//1683
f 1335//1684 3883//1684 2428//1684
f 3126//1685 1276//1685 1278//1685
f 3121//1217 1277//1217 857//1217
f 3240//1686 1277//1686 4000//1686
f 2126//1571 1280//1571 1279//1571
f 1279//1687 3372//1687 2126//1687
f 1279//1571 2424//1571 1281//1571
f 2127//1688 1168//1688 1280//1688
f 3175//1689 3248//1689 2149//1689
f 1281//1690 3174//1690 1279//1690
f 3249//1691 1281//1691 2424//1691
f 3002//1692 1283//1692 39//1692
f 1282//1693 3001//1693 3646//1693
f 2154//1694 1286//1694 2155//1694
f 1285//1695 3248//1695 3249//1695
f 1284//1696 1758//1696 1286//1696
f 1763//1697 3249//1697 1762//1697
f 1288//1698 3251//1698 1287//1698
f 4073//1698 3989//1698 3987//1698
f 1287//1698 3988//1698 3989//1698
f 2051//1698 1287//1698 4073//1698
f 80//1699 2051//1699 4085//1699
f 3252//1700 1289//1700 945//1700
f 1291//1701 3019//1701 2327//1701
f 3018//1702 1292//1702 3843//1702
f 1290//1703 3254//1703 1292//1703
f 3857//1704 1295//1704 1302//1704
f 2834//1586 1293//1586 3857//1586
f 1293//1705 2081//1705 1295//1705
f 3250//1706 1294//1706 3843//1706
f 2639//1707 1296//1707 2433//1707
f 1297//1707 2638//1707 3058//1707
f 1296//1707 1716//1707 1298//1707
f 3058//1707 3146//1707 1297//1707
f 3057//1708 2434//1708 1298//1708
f 1298//1709 1718//1709 3057//1709
f 2433//1710 1298//1710 2434//1710
f 3262//1711 1300//1711 3263//1711
f 3850//1712 1299//1712 3262//1712
f 1327//1713 1300//1713 4042//1713
f 3157//198 1301//198 120//198
f 1302//1714 3995//1714 3857//1714
f 1301//1715 3288//1715 1303//1715
f 2080//189 1302//189 1295//189
f 3994//1716 1304//1716 2622//1716
f 3308//1717 1306//1717 1305//1717
f 1305//1718 3266//1718 3308//1718
f 1305//1719 1689//1719 1307//1719
f 1690//1720 1306//1720 1692//1720
f 1307//460 2179//460 1305//460
f 3603//1721 1310//1721 1307//1721
f 1167//1195 3289//1195 1308//1195
f 3870//1722 1308//1722 3289//1722
f 1310//460 295//460 2179//460
f 2184//1723 1311//1723 2185//1723
f 1309//1724 3267//1724 295//1724
f 1309//1725 3900//1725 1311//1725
f 1314//1726 2423//1726 1313//1726
f 2422//1727 1312//1727 3268//1727
f 409//617 3881//617 1313//617
f 1314//1728 2113//1728 1312//1728
f 1314//1729 3881//1729 3863//1729
f 2438//1730 3164//1730 1315//1730
f 1315//1731 3886//1731 1317//1731
f 1316//1730 3164//1730 1165//1730
f 1316//1732 3271//1732 3886//1732
f 1315//1733 859//1733 2438//1733
f 859//1734 2152//1734 2659//1734
f 1317//1735 3887//1735 2152//1735
f 1318//1736 1320//1736 1322//1736
f 1319//449 2175//449 1320//449
f 2178//1737 1319//1737 1318//1737
f 1323//1738 3277//1738 1322//1738
f 3902//463 302//463 1321//463
f 1322//1739 3899//1739 1323//1739
f 1322//1740 4004//1740 1318//1740
f 1323//1741 2183//1741 3304//1741
f 3304//1742 1321//1742 1323//1742
f 1683//1743 1324//1743 1326//1743
f 1326//1744 1325//1744 2665//1744
f 2665//1745 3304//1745 2183//1745
f 1324//1746 3152//1746 1325//1746
f 3280//1747 1326//1747 4088//1747
f 4042//1748 531//1748 1327//1748
f 3578//1749 1328//1749 1330//1749
f 1328//1750 4041//1750 1329//1750
f 1330//1751 1329//1751 3884//1751
f 2147//1752 1329//1752 4041//1752
f 2660//777 1330//777 4083//777
f 4083//1753 3884//1753 3269//1753
f 2086//1754 1332//1754 1331//1754
f 2085//1755 1331//1755 2629//1755
f 1331//1756 2083//1756 1333//1756
f 2073//1757 3035//1757 1332//1757
f 2084//1756 1332//1756 3035//1756
f 2629//1758 1333//1758 3392//1758
f 3241//1759 4000//1759 1334//1759
f 4040//1681 1334//1681 2649//1681
f 1276//1681 1334//1681 4000//1681
f 1337//1760 1336//1760 1453//1760
f 1453//1761 2034//1761 1451//1761
f 1338//1762 3458//1762 1528//1762
f 1337//1762 3399//1762 3458//1762
f 3312//1763 1528//1763 1526//1763
f 2033//1764 1338//1764 3312//1764
f 1339//1765 2458//1765 1341//1765
f 1341//1766 3406//1766 1339//1766
f 2464//1767 1343//1767 1342//1767
f 1531//1768 1344//1768 2463//1768
f 1345//1769 689//1769 1346//1769
f 127//1770 3320//1770 1348//1770
f 3513//1771 2290//1771 2292//1771
f 1349//1772 1454//1772 1375//1772
f 1350//1773 1375//1773 1377//1773
f 2474//1774 1351//1774 3318//1774
f 3318//1775 147//1775 3317//1775
f 2300//1776 1352//1776 3350//1776
f 3418//1777 230//1777 3326//1777
f 3581//1777 1353//1777 3418//1777
f 245//384 3527//384 1355//384
f 2181//1778 1355//1778 3527//1778
f 1356//1779 1358//1779 3424//1779
f 1356//1780 1428//1780 3423//1780
f 3423//1781 1357//1781 1356//1781
f 1360//361 1359//361 3524//361
f 3524//361 1456//361 3325//361
f 1354//1782 3539//1782 3527//1782
f 1362//1783 1366//1783 457//1783
f 1429//1784 1364//1784 1363//1784
f 3525//1785 3427//1785 3526//1785
f 1366//1786 1365//1786 1564//1786
f 3525//1787 1365//1787 757//1787
f 1368//1788 1367//1788 3501//1788
f 1371//1789 1369//1789 1370//1789
f 1369//1790 3461//1790 1509//1790
f 6//1788 3501//1788 3937//1788
f 1370//1791 1509//1791 1507//1791
f 1371//1792 2190//1792 3429//1792
f 2189//1793 1370//1793 2480//1793
f 3429//1794 1367//1794 1371//1794
f 1372//1795 1374//1795 1662//1795
f 1662//1796 3344//1796 1372//1796
f 2182//1797 1373//1797 1355//1797
f 1377//1798 1677//1798 1376//1798
f 3514//1799 1377//1799 444//1799
f 1378//204 2291//204 3600//204
f 1379//1800 1708//1800 1380//1800
f 1381//1801 1380//1801 3365//1801
f 1380//1802 2619//1802 3364//1802
f 758//1803 270//1803 2286//1803
f 1385//1804 2295//1804 1384//1804
f 1455//1804 1384//1804 1746//1804
f 1746//1804 3466//1804 1747//1804
f 3400//1805 1455//1805 3605//1805
f 1389//1806 1388//1806 1406//1806
f 1406//1807 3505//1807 1407//1807
f 1388//1808 2289//1808 3505//1808
f 1387//1809 1761//1809 1388//1809
f 1387//1810 1385//1810 1455//1810
f 3885//1811 3377//1811 3238//1811
f 3242//1812 1390//1812 3885//1812
f 1391//1813 3241//1813 4040//1813
f 509//1814 4040//1814 3582//1814
f 2149//1815 1392//1815 3175//1815
f 2150//1816 3580//1816 1392//1816
f 1419//1817 1393//1817 3323//1817
f 3323//1818 1394//1818 3329//1818
f 169//1819 1420//1819 3457//1819
f 3179//1820 1397//1820 3389//1820
f 1398//1821 2282//1821 2283//1821
f 1401//185 1400//185 1699//185
f 1404//1822 1473//1822 1403//1822
f 3385//1823 1402//1823 1404//1823
f 1404//1824 3397//1824 3385//1824
f 94//1825 97//1825 1405//1825
f 436//1826 1407//1826 3401//1826
f 1516//1827 1407//1827 3505//1827
f 1409//1828 3504//1828 1469//1828
f 1408//1829 3405//1829 3504//1829
f 1411//1830 1410//1830 3459//1830
f 1411//809 3460//809 532//809
f 1412//1831 3406//1831 1410//1831
f 716//1832 1417//1832 1413//1832
f 1413//1049 2651//1049 1414//1049
f 3313//1051 1416//1051 1415//1051
f 1415//1051 3606//1051 1417//1051
f 3322//1833 3318//1833 1419//1833
f 1419//1834 3317//1834 1420//1834
f 3457//1835 3317//1835 3388//1835
f 1422//1836 1421//1836 3357//1836
f 1423//1837 1559//1837 1421//1837
f 1422//256 1460//256 1676//256
f 3357//1838 1461//1838 1422//1838
f 1676//1839 1423//1839 1422//1839
f 213//1840 754//1840 1425//1840
f 1539//1841 1424//1841 751//1841
f 1425//1842 2652//1842 213//1842
f 2657//1843 214//1843 1667//1843
f 3424//764 1427//764 1356//764
f 1428//1844 1450//1844 1662//1844
f 1363//1845 3426//1845 1429//1845
f 3427//1846 3528//1846 3428//1846
f 3455//1847 1429//1847 3426//1847
f 1430//1848 1431//1848 417//1848
f 1661//461 1430//461 1659//461
f 1432//1849 2668//1849 3375//1849
f 3375//1850 1394//1850 1432//1850
f 446//1851 1434//1851 1433//1851
f 1433//1852 524//1852 1435//1852
f 3410//1851 2279//1851 1434//1851
f 1437//1853 2294//1853 1436//1853
f 2293//1854 1436//1854 2294//1854
f 1680//1855 1439//1855 527//1855
f 1679//1856 3388//1856 1439//1856
f 1439//1857 3317//1857 147//1857
f 1441//1858 1440//1858 3390//1858
f 3390//1762 3458//1762 3399//1762
f 1527//1031 1442//1031 2293//1031
f 1451//1859 1781//1859 1443//1859
f 1443//1860 3462//1860 1451//1860
f 1445//1861 1444//1861 1660//1861
f 1446//1862 286//1862 1444//1862
f 1444//1863 3178//1863 3340//1863
f 1660//1864 3340//1864 3341//1864
f 2187//1864 1660//1864 2188//1864
f 1654//1865 1446//1865 1445//1865
f 1448//1866 1447//1866 3393//1866
f 1508//1867 1449//1867 2297//1867
f 1449//1868 1821//1868 3676//1868
f 1452//1869 1451//1869 3462//1869
f 3462//1869 3648//1869 1452//1869
f 3184//1869 1452//1869 3648//1869
f 3185//1870 1453//1870 1452//1870
f 1375//1871 3359//1871 1677//1871
f 1746//1872 3605//1872 1455//1872
f 1457//361 3325//361 1456//361
f 1457//1873 3463//1873 3583//1873
f 3420//1874 1458//1874 3414//1874
f 1459//1875 3414//1875 1458//1875
f 158//1876 1676//1876 1460//1876
f 1461//256 159//256 1460//256
f 1674//1877 3358//1877 1675//1877
f 1462//1878 1697//1878 3601//1878
f 3409//1879 1462//1879 3468//1879
f 1464//1880 1463//1880 3471//1880
f 1463//1881 3408//1881 3314//1881
f 1465//1882 3201//1882 1470//1882
f 1465//1883 3940//1883 1467//1883
f 1466//1884 1470//1884 1469//1884
f 1469//1885 3511//1885 1466//1885
f 3941//1883 1467//1883 3940//1883
f 1467//1886 4085//1886 1465//1886
f 1469//1828 1471//1828 1409//1828
f 3398//1887 3432//1887 1672//1887
f 1474//1888 1473//1888 1258//1888
f 1472//1889 1403//1889 1473//1889
f 1258//1890 2672//1890 1474//1890
f 1474//1891 3203//1891 3430//1891
f 3430//1891 1472//1891 1474//1891
f 1476//1892 1475//1892 1749//1892
f 481//1893 1749//1893 1475//1893
f 2481//1894 1477//1894 1476//1894
f 1617//1895 2482//1895 3477//1895
f 1479//1896 1478//1896 587//1896
f 1478//1897 3448//1897 622//1897
f 1771//1898 1480//1898 1479//1898
f 587//1899 2485//1899 1479//1899
f 1479//1900 2486//1900 1771//1900
f 1480//1901 1620//1901 1478//1901
f 1621//1902 1772//1902 3475//1902
f 1482//1903 725//1903 3557//1903
f 1481//1904 3554//1904 1483//1904
f 602//1905 3557//1905 1497//1905
f 3552//1906 1483//1906 3554//1906
f 1648//1907 1485//1907 1646//1907
f 1484//1908 3434//1908 3475//1908
f 1487//1012 1486//1012 685//1012
f 1488//1909 2457//1909 3490//1909
f 1645//1910 3556//1910 1489//1910
f 1491//1911 1490//1911 1628//1911
f 3441//1912 1489//1912 1491//1912
f 3441//1913 3566//1913 3567//1913
f 3536//1914 1492//1914 1610//1914
f 1495//1915 1494//1915 3478//1915
f 3478//1916 1557//1916 2475//1916
f 3480//1917 556//1917 1495//1917
f 3478//1918 174//1918 1495//1918
f 1623//1919 1498//1919 1624//1919
f 1642//1919 1624//1919 1498//1919
f 1499//1920 1561//1920 1563//1920
f 1500//1921 1977//1921 1978//1921
f 1502//1922 1501//1922 2296//1922
f 1500//1923 3199//1923 1501//1923
f 1501//1924 3464//1924 2295//1924
f 1502//1925 2447//1925 1977//1925
f 1505//1926 1504//1926 3534//1926
f 1503//1927 1522//1927 3401//1927
f 3673//1928 1505//1928 3534//1928
f 1512//1929 1506//1929 3508//1929
f 1506//1930 2297//1930 2298//1930
f 2298//1931 3508//1931 1506//1931
f 1508//1932 1507//1932 1509//1932
f 1507//1933 2480//1933 1370//1933
f 1509//1934 1447//1934 1508//1934
f 1787//1935 1510//1935 2485//1935
f 1510//1936 3508//1936 2484//1936
f 1512//1937 1511//1937 2480//1937
f 1515//1938 2483//1938 1514//1938
f 1551//1939 1514//1939 1552//1939
f 1341//1940 1513//1940 1515//1940
f 3407//1941 1515//1941 1551//1941
f 1517//1942 3505//1942 2289//1942
f 3311//1943 3533//1943 2298//1943
f 1518//1944 3310//1944 683//1944
f 3401//1945 1521//1945 436//1945
f 1521//1946 2462//1946 1523//1946
f 2461//1947 1522//1947 1505//1947
f 3942//1948 1524//1948 1345//1948
f 3316//1949 1525//1949 2091//1949
f 1527//1950 1526//1950 1528//1950
f 1526//1951 3535//1951 3312//1951
f 1528//1952 1440//1952 1527//1952
f 1529//1953 2463//1953 1748//1953
f 1529//1954 3558//1954 1530//1954
f 1531//1955 1530//1955 3535//1955
f 2470//1956 3535//1956 1530//1956
f 1530//1957 3484//1957 2470//1957
f 2160//1958 1532//1958 2161//1958
f 1532//1959 1468//1959 1533//1959
f 1534//1960 2478//1960 1535//1960
f 1536//1961 1535//1961 3382//1961
f 1536//772 3379//772 753//772
f 3380//1962 3382//1962 3381//1962
f 1538//1963 1537//1963 3328//1963
f 3383//1964 3328//1964 3375//1964
f 1539//1965 3518//1965 752//1965
f 1540//1966 1635//1966 1541//1966
f 1540//1967 2180//1967 1543//1967
f 1542//1968 1541//1968 2491//1968
f 1541//1969 1634//1969 2492//1969
f 1547//1970 24//1970 1546//1970
f 1546//1971 3503//1971 1547//1971
f 1545//1972 3532//1972 1966//1972
f 1548//1973 1550//1973 53//1973
f 1549//1974 1974//1974 3506//1974
f 1771//1975 1552//1975 1514//1975
f 3509//1976 2486//1976 2484//1976
f 1553//1977 1555//1977 711//1977
f 3315//1978 711//1978 2082//1978
f 3314//1979 1553//1979 3315//1979
f 1610//1980 1554//1980 3536//1980
f 3408//1981 1554//1981 1553//1981
f 1609//1982 1555//1982 1610//1982
f 1342//1983 3476//1983 2464//1983
f 131//1919 1623//1919 1556//1919
f 2475//1984 3515//1984 2474//1984
f 1560//1985 3520//1985 1558//1985
f 1560//1986 1559//1986 2165//1986
f 2160//1987 2165//1987 1559//1987
f 1421//1988 1558//1988 2164//1988
f 1560//1989 1619//1989 3537//1989
f 2165//1990 1618//1990 1560//1990
f 1563//1991 1562//1991 238//1991
f 1561//1992 2181//1992 1562//1992
f 3527//1993 1562//1993 2181//1993
f 3540//1994 1564//1994 1365//1994
f 3339//1995 1565//1995 1566//1995
f 3526//1996 3540//1996 3525//1996
f 36//1997 1612//1997 1567//1997
f 1569//1998 1568//1998 1573//1998
f 1569//1999 3542//1999 1571//1999
f 1573//2000 1570//2000 1569//2000
f 3440//2001 1570//2001 85//2001
f 1648//2002 1572//2002 40//2002
f 1647//2003 87//2003 1572//2003
f 1574//2004 1577//2004 1575//2004
f 1577//2005 1583//2005 1582//2005
f 2045//2006 1575//2006 1577//2006
f 1579//2007 1578//2007 84//2007
f 1578//2008 1608//2008 554//2008
f 1580//2009 1581//2009 1578//2009
f 2031//2010 1580//2010 1579//2010
f 2045//2011 1582//2011 1587//2011
f 1582//2012 3438//2012 1584//2012
f 1583//2013 1617//2013 3438//2013
f 1584//2014 1587//2014 1582//2014
f 1585//2015 2044//2015 149//2015
f 1588//2016 1586//2016 183//2016
f 1614//2017 1586//2017 1584//2017
f 183//2018 1616//2018 3544//2018
f 2046//2019 1587//2019 1588//2019
f 1593//2020 204//2020 1592//2020
f 1638//2021 203//2021 1590//2021
f 647//2022 217//2022 1594//2022
f 1877//2023 1631//2023 1592//2023
f 1592//2024 1599//2024 1593//2024
f 1595//2025 1600//2025 1596//2025
f 1633//2026 1594//2026 1595//2026
f 1596//2027 1602//2027 3452//2027
f 1596//2028 1652//2028 1595//2028
f 1599//2029 3450//2029 1598//2029
f 1632//2030 494//2030 1597//2030
f 1597//2031 3445//2031 3450//2031
f 2156//2032 2139//2032 1598//2032
f 1631//2033 1597//2033 1599//2033
f 1598//2034 1593//2034 1599//2034
f 1600//2035 1601//2035 1602//2035
f 278//2036 3882//2036 1603//2036
f 3452//2037 1603//2037 3882//2037
f 3444//2038 3548//2038 3443//2038
f 1604//2039 3447//2039 3882//2039
f 1625//2040 3445//2040 3442//2040
f 1606//2041 1966//2041 1785//2041
f 1785//2042 458//2042 1606//2042
f 2162//2043 3538//2043 2165//2043
f 1649//2044 1608//2044 3551//2044
f 1567//2045 3717//2045 3541//2045
f 3474//2046 1612//2046 1613//2046
f 1584//2047 1642//2047 1614//2047
f 1616//2048 1615//2048 3480//2048
f 1498//2049 1614//2049 1642//2049
f 3438//2050 3477//2050 1642//2050
f 1963//2051 1620//2051 1622//2051
f 1622//2052 1621//2052 1641//2052
f 1962//2053 1622//2053 42//2053
f 1624//1919 1556//1919 1623//1919
f 1627//2054 1605//2054 1625//2054
f 1625//2055 3550//2055 1627//2055
f 1627//2056 1963//2056 1962//2056
f 2166//2057 1490//2057 2167//2057
f 2449//2058 1628//2058 2166//2058
f 1629//2059 3547//2059 1591//2059
f 1632//2060 1878//2060 3495//2060
f 1637//2061 3495//2061 1636//2061
f 3446//2062 1595//2062 1652//2062
f 1636//2063 495//2063 1637//2063
f 2492//2064 1636//2064 3498//2064
f 1641//2065 3475//2065 3434//2065
f 1643//2066 3542//2066 3440//2066
f 1647//2067 1646//2067 3488//2067
f 3542//2068 1650//2068 1571//2068
f 1655//2069 2654//2069 1654//2069
f 1656//2070 3203//2070 3202//2070
f 2303//2071 1445//2071 2187//2071
f 2302//2069 1654//2069 2303//2069
f 1653//2072 3430//2072 3203//2072
f 1655//2073 3432//2073 3430//2073
f 1653//2069 1657//2069 2654//2069
f 418//2074 298//2074 1659//2074
f 2188//2075 3341//2075 3424//2075
f 3360//2076 3426//2076 1661//2076
f 3423//2077 1662//2077 1374//2077
f 3305//2078 500//2078 1663//2078
f 211//2079 1273//2079 1664//2079
f 1664//2080 3874//2080 3371//2080
f 1665//2081 3371//2081 1666//2081
f 1665//2082 3456//2082 212//2082
f 1667//2083 1666//2083 2657//2083
f 1670//2084 1669//2084 4046//2084
f 2157//2085 1668//2085 3580//2085
f 2661//2086 1668//2086 1670//2086
f 3936//2087 4046//2087 3370//2087
f 1671//2088 2304//2088 3431//2088
f 1675//2089 3594//2089 1674//2089
f 3290//2090 4045//2090 3289//2090
f 1673//2091 3853//2091 3594//2091
f 1673//2092 3944//2092 4045//2092
f 3943//2092 1675//2092 3358//2092
f 1679//2093 1678//2093 164//2093
f 2655//2094 4044//2094 1678//2094
f 1680//2095 2655//2095 1678//2095
f 3457//2096 1681//2096 1251//2096
f 1684//2097 3598//2097 1683//2097
f 1682//2098 3135//2098 2377//2098
f 2377//2099 3893//2099 1682//2099
f 1976//2100 1683//2100 3280//2100
f 3300//2101 1685//2101 1700//2101
f 1687//2102 1686//2102 3386//2102
f 3300//2101 2115//2101 1686//2101
f 1687//1049 2280//1049 1414//1049
f 1414//2103 1685//2103 1687//2103
f 1691//2104 1307//2104 1689//2104
f 1689//2105 3123//2105 1691//2105
f 2364//2106 1690//2106 1693//2106
f 1693//2107 1692//2107 3057//2107
f 2432//2108 1692//2108 1306//2108
f 2365//2109 1693//2109 3613//2109
f 1694//2110 2372//2110 4054//2110
f 1694//2110 4006//2110 1695//2110
f 1696//2110 1695//2110 3602//2110
f 1695//2111 3900//2111 3603//2111
f 2373//2112 1696//2112 2903//2112
f 1698//2113 2623//2113 1700//2113
f 2623//185 1400//185 2624//185
f 1699//2114 3606//2114 1401//2114
f 2651//2115 1700//2115 1685//2115
f 2623//2116 3300//2116 1700//2116
f 1703//2117 3608//2117 1702//2117
f 1701//2118 1704//2118 3763//2118
f 3784//2118 3763//2118 3764//2118
f 303//463 1702//463 2857//463
f 3062//463 1703//463 303//463
f 1707//2119 1704//2119 3062//2119
f 1707//2120 2866//2120 1706//2120
f 2863//2121 1706//2121 1067//2121
f 1706//2122 2865//2122 1068//2122
f 3062//463 1705//463 1707//463
f 3193//2123 1709//2123 3194//2123
f 3250//1706 1708//1706 3193//1706
f 1711//618 2441//618 1710//618
f 1713//2124 4059//2124 4081//2124
f 1715//2125 1714//2125 2349//2125
f 1713//2126 110//2126 1714//2126
f 1717//2127 1297//2127 3146//2127
f 1716//2128 2335//2128 1718//2128
f 2336//2129 1717//2129 3610//2129
f 1721//2130 1720//2130 535//2130
f 272//424 1719//424 2585//424
f 3064//2131 535//2131 1724//2131
f 1723//2132 537//2132 1722//2132
f 537//2132 2176//2132 1722//2132
f 3166//2132 3966//2132 1723//2132
f 3962//2132 1723//2132 1722//2132
f 1724//2133 3966//2133 3064//2133
f 1725//2134 3035//2134 3642//2134
f 1726//2135 3642//2135 3641//2135
f 1726//2136 2312//2136 1223//2136
f 1726//2135 3112//2135 2313//2135
f 2841//2137 1727//2137 3029//2137
f 1904//2138 1730//2138 1729//2138
f 1731//2139 2503//2139 1729//2139
f 1729//2140 3680//2140 1731//2140
f 1829//2141 3722//2141 1730//2141
f 3681//2142 1730//2142 3722//2142
f 1731//491 3721//491 1906//491
f 545//2143 1754//2143 3034//2143
f 1732//2144 4057//2144 1754//2144
f 1733//2144 2881//2144 4057//2144
f 124//2145 3731//2145 2576//2145
f 3970//2146 547//2146 1736//2146
f 2374//2147 2362//2147 2375//2147
f 3133//2148 1736//2148 1737//2148
f 1738//2149 2405//2149 3115//2149
f 3115//2150 1739//2150 1738//2150
f 1741//2151 1740//2151 807//2151
f 3725//2152 1740//2152 2829//2152
f 2327//1167 1742//1167 1741//1167
f 1742//2153 2829//2153 1740//2153
f 2827//2154 3019//2154 3622//2154
f 2283//2155 1743//2155 1744//2155
f 1747//2156 2633//2156 1746//2156
f 1748//2157 1749//2157 1529//2157
f 836//852 1751//852 1750//852
f 3007//2158 3246//2158 3006//2158
f 3032//2159 1753//2159 1752//2159
f 1752//2160 3034//2160 1754//2160
f 2626//2159 3033//2159 1753//2159
f 2808//2144 1754//2144 4057//2144
f 1755//2161 2956//2161 2958//2161
f 562//852 1180//852 3159//852
f 564//2162 3720//2162 1756//2162
f 1901//2163 1756//2163 3720//2163
f 1757//2164 2831//2164 3720//2164
f 3633//1588 2832//1588 1757//1588
f 3945//2165 1757//2165 564//2165
f 1285//2166 1224//2166 1758//2166
f 1759//2167 3400//2167 3374//2167
f 1761//2168 1760//2168 2289//2168
f 1822//2169 1760//2169 3403//2169
f 1759//2170 3403//2170 1760//2170
f 2424//2171 1762//2171 3249//2171
f 3080//1589 1764//1589 2843//1589
f 1766//2172 2409//2172 3229//2172
f 1768//2173 1767//2173 3116//2173
f 1766//2174 3227//2174 1767//2174
f 11//2175 1770//2175 3015//2175
f 1772//2176 1514//2176 2483//2176
f 1773//2177 1775//2177 2341//2177
f 3672//2177 1774//2177 1773//2177
f 3163//2177 3671//2177 3090//2177
f 3958//2178 2341//2178 1775//2178
f 1774//2177 2846//2177 1775//2177
f 1779//2179 1777//2179 1776//2179
f 1776//600 583//600 1778//600
f 1780//2180 584//2180 1777//2180
f 1778//2181 3646//2181 1776//2181
f 1779//557 3087//557 3089//557
f 3089//557 1780//557 1779//557
f 1776//2182 3086//2182 1779//2182
f 3088//2183 2338//2183 1780//2183
f 1783//647 428//647 1782//647
f 2039//2184 1782//2184 3210//2184
f 1783//2185 2038//2185 3181//2185
f 1784//2186 3181//2186 3462//2186
f 2456//2187 1785//2187 1966//2187
f 2389//2188 3102//2188 1788//2188
f 1790//2189 1789//2189 2558//2189
f 2558//1512 2916//1512 2556//1512
f 2344//2190 1791//2190 1790//2190
f 2337//2191 2343//2191 2338//2191
f 2917//1512 1791//1512 2337//1512
f 1794//2192 1793//2192 2195//2192
f 3654//516 1793//516 2588//516
f 2194//2193 1794//2193 2195//2193
f 1807//886 1795//886 591//886
f 1795//2194 4068//2194 1796//2194
f 1204//2195 1799//2195 3658//2195
f 1797//895 3954//895 1799//895
f 1798//895 1811//895 3954//895
f 3658//2196 2975//2196 3659//2196
f 1800//2197 4008//2197 1802//2197
f 1813//2198 1801//2198 1800//2198
f 1805//1481 1804//1481 3738//1481
f 2517//2199 1804//2199 1803//2199
f 1803//2200 2205//2200 2516//2200
f 2504//2201 2517//2201 2503//2201
f 1809//886 591//886 1808//886
f 2782//2202 1808//2202 2783//2202
f 593//2203 2783//2203 1808//2203
f 1812//895 3954//895 1811//895
f 3562//2204 1800//2204 2452//2204
f 376//2205 3675//2205 3674//2205
f 1815//2206 2130//2206 2133//2206
f 3999//2207 2131//2207 1815//2207
f 1816//861 1817//861 2357//861
f 571//2208 3929//2208 3140//2208
f 1820//1465 2875//1465 1819//1465
f 3131//2209 1818//2209 3669//2209
f 1819//1465 2871//1465 1820//1465
f 2869//2210 1820//2210 2871//2210
f 1818//2211 2986//2211 3667//2211
f 1825//2212 1399//2212 2614//2212
f 1824//2213 1823//2213 3395//2213
f 3384//2214 3395//2214 1823//2214
f 1822//2214 3394//2214 1823//2214
f 2289//2170 1824//2170 1517//2170
f 1517//2215 3395//2215 3396//2215
f 1826//2216 2614//2216 2061//2216
f 3676//2217 1825//2217 1827//2217
f 1825//2218 2641//2218 1827//2218
f 3192//2219 2061//2219 2060//2219
f 2642//2220 1826//2220 3192//2220
f 1827//2221 2285//2221 3676//2221
f 1827//2220 2643//2220 2284//2220
f 1828//2222 2172//2222 2448//2222
f 1830//30 19//30 2499//30
f 2499//2223 2501//2223 1830//2223
f 1833//2224 1832//2224 3686//2224
f 2731//2225 1831//2225 1833//2225
f 2493//2226 1833//2226 3686//2226
f 51//2227 616//2227 2571//2227
f 3068//2228 3069//2228 1835//2228
f 3074//2229 1835//2229 50//2229
f 1837//2230 2847//2230 1836//2230
f 2929//1268 1836//1268 1840//1268
f 2575//2231 1837//2231 2929//2231
f 2970//2232 1838//2232 1837//2232
f 1840//1268 1839//1268 2972//1268
f 1836//2233 383//2233 1839//2233
f 1840//1268 2247//1268 2929//1268
f 2972//1268 4019//1268 1840//1268
f 1841//2234 1843//2234 3213//2234
f 2388//2235 3213//2235 2387//2235
f 1842//1179 3104//1179 3103//1179
f 3213//2236 2393//2236 2392//2236
f 1846//2237 3693//2237 1845//2237
f 2361//2238 3991//2238 1844//2238
f 1876//2239 2818//2239 1845//2239
f 2360//2240 1844//2240 1846//2240
f 2819//2241 1845//2241 2818//2241
f 1846//2242 2876//2242 2360//2242
f 1849//2243 1848//2243 2899//2243
f 1847//2244 3694//2244 1848//2244
f 2229//172 1849//172 624//172
f 901//2245 2729//2245 2219//2245
f 1853//2246 1852//2246 2780//2246
f 2780//2247 1092//2247 3588//2247
f 1853//1240 2199//1240 2702//1240
f 1855//2248 1854//2248 2702//2248
f 974//32 1856//32 2499//32
f 1865//2249 1855//2249 2703//2249
f 2500//2250 1856//2250 1855//2250
f 3588//2251 1859//2251 2780//2251
f 1860//1240 2780//1240 1859//1240
f 1861//2252 2199//2252 875//2252
f 2699//2253 1861//2253 1862//2253
f 1865//2254 2781//2254 1864//2254
f 2703//2255 1863//2255 1865//2255
f 2708//2256 2784//2256 2707//2256
f 2500//2257 1864//2257 2708//2257
f 1866//2258 1868//2258 806//2258
f 3724//141 1866//141 2924//141
f 3637//1515 1867//1515 1883//1515
f 1883//1515 3909//1515 3697//1515
f 3911//2259 1867//2259 1866//2259
f 1871//2260 2217//2260 1870//2260
f 2323//2261 1869//2261 2324//2261
f 3698//2262 1870//2262 2592//2262
f 2793//2263 1869//2263 1871//2263
f 1872//2264 1873//2264 4061//2264
f 4061//2237 3693//2237 3992//2237
f 1874//2265 1875//2265 1876//2265
f 2824//2266 628//2266 2823//2266
f 1873//2237 1845//2237 3693//2237
f 3441//2267 1878//2267 1877//2267
f 3495//2268 3567//2268 3499//2268
f 1880//2269 1043//2269 3715//2269
f 631//932 3076//932 1882//932
f 3703//932 1881//932 631//932
f 3971//2270 1882//2270 3076//2270
f 1124//1515 3697//1515 1884//1515
f 1883//1515 3707//1515 3637//1515
f 1884//2271 1946//2271 1945//2271
f 1887//2272 2867//2272 1886//2272
f 1897//2273 1885//2273 1887//2273
f 1887//2273 2255//2273 1897//2273
f 1886//2274 2256//2274 1887//2274
f 1888//2275 1890//2275 1892//2275
f 195//2276 1892//2276 2234//2276
f 1889//2277 194//2277 2987//2277
f 2987//486 4024//486 1889//486
f 1892//2278 2690//2278 1891//2278
f 2691//2279 1890//2279 318//2279
f 1889//2280 318//2280 1890//2280
f 2234//1178 1891//1178 2233//1178
f 1894//2281 1893//2281 2969//2281
f 1893//2282 3168//2282 1110//2282
f 1895//2283 2858//2283 1893//2283
f 2972//2284 1895//2284 1894//2284
f 2353//2285 1896//2285 3711//2285
f 2355//2273 1896//2273 1897//2273
f 1898//539 1899//539 2853//539
f 1898//2286 3703//2286 630//2286
f 3712//539 3959//539 3714//539
f 1901//2287 1097//2287 1900//2287
f 1096//1511 3656//1511 1900//1511
f 1900//2288 2956//2288 1901//2288
f 2831//80 49//80 1902//80
f 3720//2289 1902//2289 1901//2289
f 2502//1345 1729//1345 2503//1345
f 1907//2290 3904//2290 1905//2290
f 1905//2291 3721//2291 1907//2291
f 1731//491 319//491 2504//491
f 2192//2292 2206//2292 2193//2292
f 2954//1577 1909//1577 1908//1577
f 2584//424 1910//424 273//424
f 1911//2293 2901//2293 1912//2293
f 1913//2294 1912//2294 544//2294
f 1912//2144 2879//2144 1733//2144
f 1911//2295 1082//2295 2983//2295
f 3735//2296 1914//2296 2787//2296
f 2787//1481 1805//1481 3738//1481
f 2197//2297 2496//2297 2495//2297
f 2209//2298 636//2298 2208//2298
f 913//2299 1918//2299 2788//2299
f 1918//2300 2693//2300 1922//2300
f 2507//2301 645//2301 1921//2301
f 2694//950 1922//950 2693//950
f 2788//2300 1922//2300 644//2300
f 1924//2302 3903//2302 1923//2302
f 1923//2303 2194//2303 2196//2303
f 2680//1244 1923//1244 3760//1244
f 670//940 1929//940 1925//940
f 2526//2304 1925//2304 1924//2304
f 1927//992 1926//992 2774//992
f 1927//2305 2773//2305 2554//2305
f 2688//940 1929//940 638//940
f 1925//2306 3736//2306 3903//2306
f 643//2307 2601//2307 2600//2307
f 1931//2308 2212//2308 2572//2308
f 1933//499 1932//499 2777//499
f 2777//499 325//499 2775//499
f 2777//2309 2919//2309 1933//2309
f 1935//2310 2600//2310 2601//2310
f 1938//1134 1943//1134 1936//1134
f 1936//2311 4020//2311 1938//2311
f 1939//2312 773//2312 3751//2312
f 3639//2313 2845//2313 1938//2313
f 3955//2314 1938//2314 4020//2314
f 3746//2315 1940//2315 3918//2315
f 3751//2316 1940//2316 1939//2316
f 1941//2317 2579//2317 2577//2317
f 1941//1134 1936//1134 1943//1134
f 2577//1134 1942//1134 1941//1134
f 3083//2318 1941//2318 1943//2318
f 1943//2319 2842//2319 3083//2319
f 1945//2320 2779//2320 1944//2320
f 1944//2321 2572//2321 1945//2321
f 1945//2322 2573//2322 1884//2322
f 2778//2323 1946//2323 3759//2323
f 1949//2324 3607//2324 4054//2324
f 1949//2325 1953//2325 1952//2325
f 1950//2118 3784//2118 3764//2118
f 2580//2118 3762//2118 2581//2118
f 1951//2118 3764//2118 3762//2118
f 1954//1474 1084//1474 1952//1474
f 1952//1474 2613//1474 1954//1474
f 1957//2326 1956//2326 3765//2326
f 3765//2327 4050//2327 1957//2327
f 1958//2328 71//2328 2696//2328
f 970//1352 2696//1352 2028//1352
f 1961//2329 69//2329 1960//2329
f 2000//2330 3801//2330 1960//2330
f 3800//2331 1960//2331 3801//2331
f 2778//2332 1959//2332 1961//2332
f 1962//2333 3549//2333 1627//2333
f 4009//2334 1964//2334 1965//2334
f 2515//2335 1965//2335 2513//2335
f 1983//2336 1967//2336 2683//2336
f 1968//2337 2497//2337 662//2337
f 3835//2338 1970//2338 2251//2338
f 1972//2339 1971//2339 990//2339
f 871//2340 1970//2340 1972//2340
f 46//2341 2278//2341 1973//2341
f 2032//2342 1974//2342 1973//2342
f 1979//1247 1981//1247 2213//1247
f 2497//2225 1982//2225 2731//2225
f 2226//1405 1984//1405 1985//1405
f 3810//1405 3809//1405 2541//1405
f 3805//1405 1984//1405 3810//1405
f 1105//2343 1020//2343 2570//2343
f 1987//2344 2031//2344 2022//2344
f 2253//2345 1990//2345 1989//2345
f 1989//2346 3928//2346 2873//2346
f 1991//1380 1990//1380 222//1380
f 2142//2347 2254//2347 2795//2347
f 1991//2348 3740//2348 3928//2348
f 2567//2349 1992//2349 2568//2349
f 2138//2350 1008//2350 1996//2350
f 1994//2351 3872//2351 3813//2351
f 1996//2352 1995//2352 2138//2352
f 1994//507 330//507 1995//507
f 1997//2353 2237//2353 2538//2353
f 1998//2354 2109//2354 1999//2354
f 2110//2355 1997//2355 2539//2355
f 2791//2356 2223//2356 2214//2356
f 2221//2357 2000//2357 4050//2357
f 2124//2358 2002//2358 2715//2358
f 2124//2359 2003//2359 2004//2359
f 2006//2360 2272//2360 2711//2360
f 2007//2361 2718//2361 2005//2361
f 2005//2362 2764//2362 2007//2362
f 2006//2363 2525//2363 2764//2363
f 2010//2364 2705//2364 2009//2364
f 2008//2365 2704//2365 2706//2365
f 2008//2366 3708//2366 2705//2366
f 2258//1077 2604//1077 2257//1077
f 2354//2367 2009//2367 2705//2367
f 2013//2368 3716//2368 2012//2368
f 2767//1388 2011//1388 4014//1388
f 3822//2369 2012//2369 3823//2369
f 4014//1388 2013//1388 2743//1388
f 2014//2370 2017//2370 3824//2370
f 2015//2370 3824//2370 2528//2370
f 2014//2371 3826//2371 2016//2371
f 2953//2372 2016//2372 3826//2372
f 3824//2373 2019//2373 3825//2373
f 2017//2374 2163//2374 2019//2374
f 2746//2375 2158//2375 2018//2375
f 2772//2376 2018//2376 2017//2376
f 2277//2377 2023//2377 2024//2377
f 2024//2378 2581//2378 2277//2378
f 680//2379 2580//2379 2024//2379
f 2027//1237 2026//1237 898//1237
f 2025//1237 3935//1237 2026//1237
f 898//2380 3931//2380 2733//2380
f 2191//2381 2027//2381 897//2381
f 2025//2382 1014//2382 2550//2382
f 2030//2383 2028//2383 2696//2383
f 971//2384 2029//2384 2514//2384
f 2030//1126 2511//1126 766//1126
f 766//1126 2029//1126 2030//1126
f 429//2385 1973//2385 2278//2385
f 1336//2386 3507//2386 2034//2386
f 2037//19 3787//19 2036//19
f 2036//19 2062//19 2037//19
f 2061//2387 2035//2387 2037//2387
f 2039//2388 2401//2388 2038//2388
f 2038//2389 3030//2389 3696//2389
f 3181//2390 3696//2390 3648//2390
f 2040//2391 3210//2391 2050//2391
f 2050//2391 1162//2391 2040//2391
f 2326//2392 2041//2392 3636//2392
f 2041//2393 3988//2393 2043//2393
f 2830//134 3616//134 2042//134
f 3251//2394 2043//2394 3988//2394
f 3252//1321 3253//1321 2043//1321
f 3636//2395 2043//2395 3253//2395
f 2068//2396 2044//2396 2031//2396
f 2094//2397 2046//2397 1588//2397
f 2047//2398 2049//2398 1252//2398
f 2048//2399 3696//2399 3030//2399
f 3030//2399 3296//2399 2048//2399
f 3297//2400 2048//2400 3296//2400
f 2053//2401 2398//2401 2052//2401
f 2314//562 2052//562 2398//562
f 2052//2401 3832//2401 2053//2401
f 3832//93 58//93 2053//93
f 2055//2402 2529//2402 764//2402
f 3833//1022 696//1022 3775//1022
f 3912//1427 3913//1427 2056//1427
f 2057//2403 2251//2403 1970//2403
f 2059//2404 3770//2404 132//2404
f 2059//2405 3918//2405 1940//2405
f 2060//2406 2037//2406 2062//2406
f 697//2407 3012//2407 3829//2407
f 3984//2408 1269//2408 2063//2408
f 3008//2409 2064//2409 3009//2409
f 2402//2410 3009//2410 2064//2410
f 2736//2411 2066//2411 2506//2411
f 3847//2412 2067//2412 2068//2412
f 2068//2413 3814//2413 3847//2413
f 2069//639 2071//639 3842//639
f 3255//639 2070//639 4074//639
f 3367//2414 2070//2414 2069//2414
f 3283//2415 4074//2415 2070//2415
f 2071//639 3256//639 4033//639
f 1263//2416 3036//2416 2072//2416
f 2074//2417 2076//2417 2418//2417
f 2074//2418 2077//2418 2078//2418
f 2078//2419 2075//2419 2074//2419
f 3039//2420 2628//2420 3038//2420
f 3025//2421 3996//2421 3026//2421
f 2075//2422 3996//2422 2076//2422
f 2077//2423 3391//2423 1253//2423
f 2628//1649 3298//1649 3998//1649
f 3193//2424 2081//2424 3250//2424
f 2079//189 1295//189 2081//189
f 2080//189 3844//189 4035//189
f 710//2425 3513//2425 2082//2425
f 2292//2426 2082//2426 3513//2426
f 2396//1756 1333//1756 2083//1756
f 2083//1756 1264//1756 2396//1756
f 2617//2427 2085//2427 569//2427
f 569//2428 2629//2428 3389//2428
f 2618//1665 2086//1665 2085//1665
f 2535//2429 2089//2429 2088//2429
f 2090//2430 2737//2430 2088//2430
f 2088//2431 2735//2431 2090//2431
f 2734//2431 2240//2431 2239//2431
f 2090//2430 2736//2430 2240//2430
f 3512//2432 3409//2432 2091//2432
f 3468//1879 2091//1879 3409//1879
f 3855//2433 2096//2433 3847//2433
f 2097//2434 2098//2434 2099//2434
f 3594//2435 2099//2435 2098//2435
f 3162//2436 2101//2436 842//2436
f 2104//2437 3228//2437 2103//2437
f 3229//2438 2102//2438 1766//2438
f 2116//2439 2419//2439 2103//2439
f 2103//2440 3230//2440 2104//2440
f 2102//2174 3231//2174 3227//2174
f 2105//1311 2640//1311 941//1311
f 851//2441 3225//2441 2106//2441
f 180//2442 3545//2442 2108//2442
f 2108//2443 3449//2443 180//2443
f 3858//2444 2110//2444 4013//2444
f 4013//2444 2539//2444 3860//2444
f 3546//2445 2111//2445 2096//2445
f 2334//2446 2112//2446 1177//2446
f 2112//2447 3862//2447 2114//2447
f 3065//2448 2113//2448 2112//2448
f 1312//2449 3077//2449 3268//2449
f 2115//2450 2647//2450 3387//2450
f 3387//2451 1686//2451 2115//2451
f 2103//2452 3226//2452 2116//2452
f 2644//2453 2410//2453 2118//2453
f 2645//2454 2118//2454 1257//2454
f 2118//2455 3864//2455 2117//2455
f 1765//2456 3864//2456 2120//2456
f 2123//2457 3299//2457 2122//2457
f 2122//2458 2415//2458 2123//2458
f 2121//304 190//304 3591//304
f 2125//1393 2547//1393 2003//1393
f 2546//2459 2714//2459 2698//2459
f 2715//2460 2125//2460 2124//2460
f 2127//2461 3371//2461 3874//2461
f 2129//2462 3024//2462 2666//2462
f 3348//2463 2129//2463 3273//2463
f 2133//2464 3024//2464 2134//2464
f 2132//2465 2131//2465 3027//2465
f 3027//2465 3085//2465 3028//2465
f 2667//2466 2132//2466 2148//2466
f 2130//2467 2666//2467 3024//2467
f 3871//2468 2135//2468 3869//2468
f 2136//2469 2741//2469 738//2469
f 2140//2470 3766//2470 3748//2470
f 2141//2471 3861//2471 2140//2471
f 2709//2472 3878//2472 2710//2472
f 3878//2473 2795//2473 3877//2473
f 2144//2474 2143//2474 1004//2474
f 2143//2475 3821//2475 3817//2475
f 3821//2476 2710//2476 3878//2476
f 3029//2477 2146//2477 2148//2477
f 3274//312 2146//312 198//312
f 2148//2463 2147//2463 2667//2463
f 3027//2478 2148//2478 2132//2478
f 2154//2479 2150//2479 2149//2479
f 2151//2480 2659//2480 2152//2480
f 2151//368 3576//368 4043//368
f 4043//368 2658//368 2151//368
f 2153//2481 2152//2481 3887//2481
f 234//2482 3887//2482 3579//2482
f 2149//1689 1284//1689 2154//1689
f 400//605 4077//605 4001//605
f 2155//2483 4002//2483 4077//2483
f 2745//2484 290//2484 2158//2484
f 2711//414 2159//414 743//414
f 2162//2485 2161//2485 731//2485
f 731//2486 1607//2486 2162//2486
f 3357//2487 2164//2487 3356//2487
f 3520//2488 2164//2488 1558//2488
f 2166//2489 2478//2489 2449//2489
f 2487//2490 451//2490 2167//2490
f 2169//2491 2168//2491 2445//2491
f 2170//2492 2995//2492 2168//2492
f 3170//1182 2170//1182 2169//1182
f 2301//2493 2171//2493 2173//2493
f 2171//2494 2448//2494 2172//2494
f 2173//2495 2172//2495 2450//2495
f 2174//449 3293//449 3176//449
f 2175//2496 3571//2496 1245//2496
f 4004//2132 1722//2132 2176//2132
f 2178//2497 2177//2497 3895//2497
f 3895//2498 3293//2498 2178//2498
f 2176//2499 1318//2499 4004//2499
f 2180//2500 3327//2500 3336//2500
f 3336//2501 1543//2501 2180//2501
f 3334//2502 2182//2502 2181//2502
f 1374//2503 3335//2503 3423//2503
f 2184//593 3279//593 3267//593
f 3129//2504 2185//2504 1311//2504
f 3901//593 2185//593 2444//593
f 2186//2505 2188//2505 3425//2505
f 2187//2506 3530//2506 2303//2506
f 2451//2507 2190//2507 3692//2507
f 2189//2508 3692//2508 2190//2508
f 3339//2509 3429//2509 2190//2509
f 897//2510 681//2510 2191//2510
f 2196//2511 2195//2511 3654//2511
f 2785//2512 3654//2512 2786//2512
f 3760//2303 2196//2303 2785//2303
f 2495//2513 2557//2513 2197//2513
f 2202//1525 1790//1525 2200//1525
f 2201//2514 2768//2514 2495//2514
f 2200//2515 2558//2515 2768//2515
f 2200//1525 2724//1525 2202//1525
f 2495//2516 3661//2516 2201//2516
f 3660//1226 2201//1226 3661//1226
f 2723//1525 2202//1525 2724//1525
f 2344//1525 3652//1525 3628//1525
f 2203//2517 2205//2517 1090//2517
f 2906//2518 2203//2518 1089//2518
f 2586//2518 2204//2518 2203//2518
f 2587//2519 2681//2519 2204//2519
f 2516//2520 2204//2520 2681//2520
f 2207//2521 1907//2521 3721//2521
f 3681//2522 3721//2522 3680//2522
f 2591//517 2687//517 2208//517
f 2208//2523 4066//2523 2591//2523
f 2688//2524 2208//2524 2687//2524
f 2213//1249 2211//1249 1979//1249
f 67//2525 2214//2525 2223//2525
f 2572//2526 2963//2526 2573//2526
f 615//2527 1933//2527 2919//2527
f 2790//1249 2214//1249 2213//1249
f 2695//2528 2216//2528 3767//2528
f 3908//2529 3767//2529 2216//2529
f 1870//123 3723//123 2218//123
f 76//2530 1051//2530 2817//2530
f 2220//2531 2788//2531 1035//2531
f 2221//2357 2893//2357 2222//2357
f 2223//2327 2222//2327 67//2327
f 2222//2532 2891//2532 3949//2532
f 2228//2533 771//2533 2227//2533
f 2498//2534 2224//2534 2228//2534
f 2753//1022 993//1022 3775//1022
f 2226//2535 2225//2535 2940//2535
f 3773//2536 2228//2536 1100//2536
f 2232//979 2231//979 4049//979
f 2230//2537 2595//2537 2231//2537
f 2230//2538 3922//2538 3921//2538
f 2333//1178 2233//1178 1891//1178
f 3859//2539 2235//2539 2520//2539
f 2238//1145 2691//1145 2237//1145
f 2239//2431 2241//2431 2757//2431
f 2240//2430 2506//2430 2241//2430
f 4022//1339 2243//1339 2242//1339
f 2242//1339 3794//1339 4022//1339
f 916//2540 2331//2540 2330//2540
f 2245//2541 4053//2541 2244//2541
f 2244//2542 2896//2542 2245//2542
f 2244//2543 3710//2543 2594//2543
f 2246//1138 2249//1138 4053//1138
f 2679//1138 2531//1138 2248//1138
f 2877//2544 2251//2544 642//2544
f 2252//2545 2769//2545 899//2545
f 2874//2346 1989//2346 2873//2346
f 2354//2273 1897//2273 2255//2273
f 2256//2546 2603//2546 2255//2546
f 781//2547 2333//2547 2794//2547
f 2257//1077 2603//1077 783//1077
f 2930//1501 2259//1501 2569//1501
f 2569//2548 2260//2548 2570//2548
f 2261//2549 2262//2549 237//2549
f 3818//2550 2261//2550 236//2550
f 2263//2551 4017//2551 3926//2551
f 2267//2552 1145//2552 2266//2552
f 3741//1538 2883//1538 2265//1538
f 3140//2553 2266//2553 4060//2553
f 2988//2554 2265//2554 2267//2554
f 2551//2555 294//2555 2270//2555
f 799//2556 2733//2556 3931//2556
f 3783//2557 2269//2557 2953//2557
f 2552//450 2270//450 2722//450
f 265//2558 2005//2558 2718//2558
f 2273//2559 257//2559 2275//2559
f 2274//2560 2749//2560 3932//2560
f 2747//2561 2275//2561 2947//2561
f 2277//476 3587//476 2276//476
f 2281//646 427//646 2278//646
f 2279//2562 3386//2562 525//2562
f 1339//2563 1743//2563 2282//2563
f 2284//2564 3311//2564 2285//2564
f 2298//2565 2285//2565 3311//2565
f 2288//2566 2287//2566 1438//2566
f 702//2566 1438//2566 2287//2566
f 1416//2567 1401//2567 3606//2567
f 3600//204 2290//204 126//204
f 2292//2568 2291//2568 3470//2568
f 3315//2569 3470//2569 3314//2569
f 2296//2570 2295//2570 1386//2570
f 3464//2571 1384//2571 2295//2571
f 3676//2572 2297//2572 1449//2572
f 2304//2573 2303//2573 3530//2573
f 1672//2574 2302//2574 2304//2574
f 2306//2575 2305//2575 2828//2575
f 2310//1537 2978//1537 2311//1537
f 2308//1537 2597//1537 2977//1537
f 3946//2576 2311//2576 3623//2576
f 2311//2577 2800//2577 3623//2577
f 2978//2578 2801//2578 2311//2578
f 2803//582 538//582 2312//582
f 3948//2579 2312//2579 2313//2579
f 3705//2580 2313//2580 3112//2580
f 2398//565 1181//565 2314//565
f 2315//2581 2840//2581 2839//2581
f 2839//1452 2316//1452 2315//1452
f 2316//2582 3023//2582 3286//2582
f 2815//1466 3117//1466 2317//1466
f 2317//1466 2816//1466 2815//1466
f 803//1163 2807//1163 2319//1163
f 2808//2583 2318//2583 3634//2583
f 3634//2174 1767//2174 3227//2174
f 2881//2584 2319//2584 2807//2584
f 1196//2585 3096//2585 2321//2585
f 3753//2585 2320//2585 1196//2585
f 2329//2586 2413//2586 2322//2586
f 2815//1466 2322//1466 2413//1466
f 2322//2587 3957//2587 2329//2587
f 2325//2588 2324//2588 4025//2588
f 2324//2589 2792//2589 3908//2589
f 2597//1537 4025//1537 2596//1537
f 1741//1167 3636//1167 2327//1167
f 3253//2590 2327//2590 3636//2590
f 2332//930 4021//930 2330//930
f 2330//2591 2890//2591 2332//2591
f 2794//2592 1891//2592 2690//2592
f 363//550 3065//550 2334//550
f 3611//526 2335//526 2336//526
f 4007//526 1718//526 2335//526
f 3134//2593 3610//2593 3132//2593
f 1734//2594 3082//2594 3157//2594
f 3645//309 2340//309 3958//309
f 2342//1501 2931//1501 1112//1501
f 2343//1525 3628//1525 2345//1525
f 2586//2518 2346//2518 2347//2518
f 2587//2595 2347//2595 3629//2595
f 2349//168 2348//168 1715//168
f 3712//2596 1065//2596 3713//2596
f 3714//2597 2350//2597 3712//2597
f 2939//2598 2952//2598 3916//2598
f 2351//327 2938//327 2352//327
f 2352//2599 3709//2599 824//2599
f 541//2600 1885//2600 2353//2600
f 2604//2601 2255//2601 2603//2601
f 2705//2602 2355//2602 2354//2602
f 3960//2603 3708//2603 3700//2603
f 2357//2604 2356//2604 1816//2604
f 333//2605 1816//2605 2356//2605
f 3131//2606 2360//2606 2876//2606
f 2363//2607 2375//2607 2362//2607
f 3124//2106 2364//2106 2365//2106
f 2365//2608 3761//2608 3124//2608
f 3613//2609 3963//2609 2365//2609
f 2366//2610 3064//2610 3966//2610
f 1235//2611 2368//2611 2367//2611
f 2367//2612 1172//2612 2369//2612
f 3072//2613 2430//2613 3073//2613
f 2822//2614 2370//2614 3136//2614
f 2371//476 2821//476 2911//476
f 3587//476 2911//476 2910//476
f 3967//476 2371//476 3587//476
f 2608//2615 2372//2615 2373//2615
f 2609//454 2373//454 661//454
f 2885//2616 2375//2616 2886//2616
f 2374//2617 3133//2617 1737//2617
f 3620//2618 2885//2618 3729//2618
f 2886//2619 3728//2619 4027//2619
f 2378//2620 3982//2620 2377//2620
f 2377//2620 3981//2620 2378//2620
f 2379//2620 3972//2620 3137//2620
f 2378//2620 3977//2620 3972//2620
f 2822//2620 2379//2620 2820//2620
f 3137//2620 2820//2620 2379//2620
f 2381//2585 2380//2585 2320//2585
f 1230//2585 2320//2585 2380//2585
f 2382//2621 3017//2621 2380//2621
f 3209//2622 3976//2622 3208//2622
f 3977//2623 2382//2623 2381//2623
f 3757//1186 833//1186 3758//1186
f 2385//2624 582//2624 2384//2624
f 1131//1525 2345//1525 3628//1525
f 3093//2625 2385//2625 1133//2625
f 3094//2626 2386//2626 2385//2626
f 3095//2627 4075//2627 2386//2627
f 2387//2628 2392//2628 1267//2628
f 1841//2629 3008//2629 3104//2629
f 2392//1303 2391//1303 3021//1303
f 3021//2630 3211//2630 3020//2630
f 1262//2631 2391//2631 2394//2631
f 2395//2632 4055//2632 2805//2632
f 2050//2633 3212//2633 2396//2633
f 2396//2634 4029//2634 2050//2634
f 2397//2635 3063//2635 1181//2635
f 2054//2636 2397//2636 2398//2636
f 2400//2637 2399//2637 3294//2637
f 3294//2638 392//2638 3144//2638
f 3294//2639 3831//2639 2400//2639
f 2064//1025 698//1025 2402//1025
f 3296//2640 2404//2640 3297//2640
f 2406//1588 2408//1588 4078//1588
f 3256//2641 2406//2641 3011//2641
f 3255//2642 2407//2642 3256//2642
f 3631//1588 2407//1588 3257//1588
f 2412//2643 1768//2643 3117//2643
f 2413//2644 2412//2644 2815//2644
f 2328//2645 2414//2645 2413//2645
f 139//2646 3043//2646 3042//2646
f 839//2647 3232//2647 3120//2647
f 2415//2648 3142//2648 3880//2648
f 2416//2649 2418//2649 111//2649
f 2076//2650 111//2650 2418//2650
f 3845//1319 2418//1319 2417//1319
f 2420//2651 3080//2651 3639//2651
f 2421//2652 3639//2652 3955//2652
f 2134//2653 2128//2653 2425//2653
f 2425//2654 3270//2654 2134//2654
f 2429//2655 2428//2655 3883//2655
f 3147//2656 3883//2656 3126//2656
f 2429//1440 3148//1440 3149//1440
f 3073//2657 860//2657 3275//2657
f 2431//2658 3044//2658 3991//2658
f 2434//2659 3306//2659 2433//2659
f 2432//2108 3307//2108 3306//2108
f 2433//2660 3305//2660 2639//2660
f 3049//2661 2435//2661 2437//2661
f 3276//1309 2435//1309 3888//1309
f 2437//2662 2436//2662 4005//2662
f 3165//1730 2439//1730 3961//1730
f 1710//618 3045//618 2442//618
f 1712//2663 2860//2663 2441//2663
f 2441//2664 2859//2664 3045//2664
f 2444//2665 2445//2665 2168//2665
f 2444//593 3205//593 3901//593
f 3128//1182 2445//1182 3129//1182
f 2471//2666 2446//2666 2447//2666
f 1977//650 3490//650 2457//650
f 2477//2667 2449//2667 2478//2667
f 2476//2668 2450//2668 2172//2668
f 3692//2669 2452//2669 2451//2669
f 2454//2670 3324//2670 226//2670
f 2455//2671 3894//2671 3324//2671
f 430//2672 1487//2672 3309//2672
f 2458//2673 2460//2673 1513//2673
f 1340//2674 2459//2674 2458//2674
f 1484//2675 1513//2675 2460//2675
f 2482//2676 2464//2676 3476//2676
f 2466//2677 3529//2677 2473//2677
f 2466//442 3563//442 285//442
f 3312//2678 2469//2678 2033//2678
f 2473//2679 2472//2679 2466//2679
f 3483//2680 2472//2680 259//2680
f 3334//2681 2473//2681 3529//2681
f 3319//2682 2474//2682 3322//2682
f 2480//2683 2479//2683 2189//2683
f 3562//2684 2479//2684 586//2684
f 2483//2685 3475//2685 1772//2685
f 2485//2686 2484//2686 2486//2686
f 2484//2687 3533//2687 3509//2687
f 171//2688 3517//2688 2487//2688
f 2490//2689 3498//2689 3492//2689
f 2490//2690 3516//2690 2491//2690
f 2492//2691 2491//2691 1541//2691
f 2494//2225 2731//2225 1833//2225
f 2497//2225 2730//2225 662//2225
f 2498//2692 3774//2692 994//2692
f 2708//2693 2501//2693 2500//2693
f 3679//2694 1830//2694 2501//2694
f 963//1345 2503//1345 2517//1345
f 2241//2695 2505//2695 2758//2695
f 2521//2696 3802//2696 3747//2696
f 2732//1122 3835//1122 2877//1122
f 2508//1377 3834//1377 2509//1377
f 994//1377 3906//1377 2509//1377
f 2511//2697 2510//2697 767//2697
f 767//2698 3911//2698 3724//2698
f 2510//2699 3909//2699 3911//2699
f 2512//2700 3759//2700 2510//2700
f 2513//2701 3803//2701 2695//2701
f 2513//2702 3768//2702 2515//2702
f 2514//2703 3828//2703 3768//2703
f 2515//2704 2729//2704 102//2704
f 2517//1345 2516//1345 963//1345
f 2518//2705 2570//2705 1020//2705
f 3920//2706 2569//2706 2518//2706
f 3865//2707 2518//2707 1019//2707
f 2545//2708 2519//2708 3876//2708
f 3813//507 2519//507 1994//507
f 3811//507 3876//507 2519//507
f 2944//2363 2525//2363 2748//2363
f 2948//2709 2523//2709 2944//2709
f 2523//2363 2764//2363 2525//2363
f 3819//2710 2765//2710 2524//2710
f 2524//2711 3925//2711 3819//2711
f 2748//2363 3933//2363 2749//2363
f 1924//2712 324//2712 2526//2712
f 324//2713 671//2713 2526//2713
f 3780//2714 2528//2714 3819//2714
f 2528//2370 3825//2370 2765//2370
f 2529//2715 2732//2715 765//2715
f 3797//2716 2532//2716 2531//2716
f 3798//2717 877//2717 2532//2717
f 2534//1338 2533//1338 3794//1338
f 2796//2718 2533//2718 2535//2718
f 2088//2719 3796//2719 2535//2719
f 3799//2720 2535//2720 3796//2720
f 2539//2721 2538//2721 2542//2721
f 2542//2444 3860//2444 2539//2444
f 2540//2722 2542//2722 2538//2722
f 2692//2723 2541//2723 2540//2723
f 2541//2724 3808//2724 2542//2724
f 892//2725 3866//2725 2543//2725
f 3867//2726 2543//2726 3866//2726
f 2548//1393 2546//1393 2607//1393
f 2548//2727 3813//2727 3872//2727
f 1862//2728 3695//2728 2699//2728
f 2268//450 291//450 2733//450
f 979//2729 2722//2729 2797//2729
f 1119//2730 1927//2730 2554//2730
f 3733//2731 2554//2731 2773//2731
f 2555//2732 2557//2732 2556//2732
f 2556//2733 3655//2733 2555//2733
f 2556//2734 2768//2734 2558//2734
f 2560//2735 2559//2735 1005//2735
f 355//2736 354//2736 3704//2736
f 2760//998 2560//998 4052//998
f 2561//1450 3773//1450 2562//1450
f 3774//1377 3907//1377 3906//1377
f 2563//1450 2562//1450 3953//1450
f 2561//2737 3745//2737 3907//2737
f 2566//574 2565//574 1121//574
f 2565//574 3971//574 1122//574
f 2564//2738 360//2738 2568//2738
f 902//2739 2920//2739 2571//2739
f 2573//2740 3950//2740 1125//2740
f 904//2741 2970//2741 2575//2741
f 2928//1267 2971//1267 2574//1267
f 2576//2742 3732//2742 1101//2742
f 2928//2743 2577//2743 2579//2743
f 811//2744 2579//2744 2578//2744
f 2862//2745 3762//2745 2864//2745
f 3967//2746 2581//2746 2862//2746
f 2582//1507 3778//1507 3781//1507
f 3781//1507 1115//1507 2582//1507
f 2944//2747 2747//2747 2583//2747
f 2583//2748 2947//2748 1910//2748
f 2944//2749 2584//2749 2948//2749
f 2588//2750 2589//2750 3653//2750
f 2590//2751 2882//2751 2687//2751
f 2878//2752 2901//2752 2593//2752
f 2900//2753 2593//2753 2901//2753
f 2594//2754 2598//2754 2244//2754
f 2594//2755 2231//2755 2595//2755
f 2976//2756 919//2756 3917//2756
f 2596//1537 2977//1537 2597//1537
f 3750//2757 2599//2757 1079//2757
f 2880//2758 2600//2758 2319//2758
f 2605//2759 2884//2759 3729//2759
f 2605//523 2990//523 793//523
f 924//383 3924//383 2606//383
f 3727//383 3923//383 2606//383
f 2697//2760 2607//2760 924//2760
f 2698//1393 2607//1393 2546//1393
f 2610//2761 3934//2761 2612//2761
f 2990//2762 2611//2762 2610//2762
f 4027//2616 2611//2616 2886//2616
f 2713//2763 2612//2763 3934//2763
f 2614//2212 2615//2212 2035//2212
f 3217//2764 2035//2764 2615//2764
f 2616//2765 3390//2765 3391//2765
f 1292//2766 3364//2766 2619//2766
f 2619//1706 3843//1706 1292//1706
f 2622//2767 2621//2767 3994//2767
f 3022//2768 2620//2768 3023//2768
f 3182//2769 2620//2769 2622//2769
f 3856//2770 2624//2770 2627//2770
f 2625//2771 4030//2771 2627//2771
f 3230//2772 2627//2772 4030//2772
f 3038//2773 3998//2773 3114//2773
f 3392//2774 3389//2774 2629//2774
f 1266//1672 2632//1672 3984//1672
f 2630//2775 4037//2775 2632//2775
f 3180//2776 2631//2776 2630//2776
f 3373//2777 2633//2777 4034//2777
f 3234//2778 3235//2778 3836//2778
f 116//2779 941//2779 2640//2779
f 2638//2780 2636//2780 2637//2780
f 2639//2781 1663//2781 2636//2781
f 2637//2782 3058//2782 2638//2782
f 3258//2783 3369//2783 3575//2783
f 2641//2784 533//2784 2643//2784
f 2284//2785 3460//2785 3310//2785
f 2644//2786 3359//2786 948//2786
f 3596//2787 2646//2787 3295//2787
f 142//2788 2116//2788 3226//2788
f 2652//2789 2648//2789 211//2789
f 3582//2790 2649//2790 2648//2790
f 3599//2769 4039//2769 4038//2769
f 1417//2791 1698//2791 2651//2791
f 2654//2792 2653//2792 1446//2792
f 3223//2793 2656//2793 3224//2793
f 2657//630 3372//630 419//630
f 3275//2794 3891//2794 3889//2794
f 1459//2795 4083//2795 3191//2795
f 2661//2796 3522//2796 3523//2796
f 1670//2797 3521//2797 2661//2797
f 2662//641 3580//641 1668//641
f 3173//6 4047//6 3172//6
f 3790//6 2663//6 4048//6
f 2663//2798 4090//2798 2664//2798
f 3273//2463 2666//2463 2667//2463
f 2667//2463 4041//2463 3273//2463
f 3375//2799 514//2799 3383//2799
f 168//2800 515//2800 2668//2800
f 2669//2482 3579//2482 3463//2482
f 2671//2801 2670//2801 3207//2801
f 3207//2802 1260//2802 2674//2802
f 3202//2803 2672//2803 2671//2803
f 925//2804 2//2804 2673//2804
f 3785//1542 2676//1542 2675//1542
f 2677//1542 2676//1542 2999//1542
f 3219//2805 3974//2805 2676//2805
f 2677//1542 2993//1542 2675//1542
f 2677//2806 4048//2806 2994//2806
f 2678//2807 2904//2807 1039//2807
f 2682//2808 3794//2808 2533//2808
f 2682//2809 3797//2809 2679//2809
f 2685//984 2684//984 2799//984
f 3921//2810 2686//2810 2685//2810
f 2687//2811 3736//2811 2688//2811
f 2690//1145 2689//1145 2794//1145
f 890//2812 3810//2812 2692//2812
f 4011//2813 2693//2813 639//2813
f 2697//507 3811//507 3813//507
f 2699//2814 2701//2814 2700//2814
f 1863//2253 2700//2253 2781//2253
f 2703//2815 2702//2815 2199//2815
f 2706//2365 3877//2365 2795//2365
f 3679//2693 2707//2693 3905//2693
f 2712//2816 2714//2816 2715//2816
f 3934//2817 2716//2817 2713//2817
f 2713//2818 2698//2818 2714//2818
f 4027//2819 4026//2819 2716//2819
f 3924//2820 2716//2820 4026//2820
f 2717//2821 2765//2821 3825//2821
f 2720//2822 2719//2822 2271//2822
f 2722//2823 2721//2823 1080//2823
f 1080//2824 2797//2824 2722//2824
f 2723//2825 3904//2825 2913//2825
f 2725//2826 2724//2826 3660//2826
f 988//2827 3737//2827 2728//2827
f 2219//2828 3768//2828 3828//2828
f 2752//2829 2730//2829 2494//2829
f 2737//2830 1025//2830 2738//2830
f 3793//2831 2734//2831 2239//2831
f 3796//1047 2738//1047 3795//1047
f 2740//1388 2743//1388 2741//1388
f 2743//2832 3822//2832 677//2832
f 2766//548 2744//548 1009//548
f 2748//2833 2273//2833 2747//2833
f 2751//2834 2750//2834 3812//2834
f 256//403 3812//403 3818//403
f 2753//1022 2752//1022 769//1022
f 2754//2835 4018//2835 4012//2835
f 4012//282 2755//282 2754//282
f 2756//1267 2927//1267 2928//1267
f 2758//2431 2757//2431 2241//2431
f 903//2836 2239//2836 2757//2836
f 2761//2837 3701//2837 2760//2837
f 3714//2838 2759//2838 206//2838
f 2761//2839 206//2839 2759//2839
f 1027//2840 3823//2840 2761//2840
f 133//222 4010//222 3771//222
f 3919//2841 2763//2841 2933//2841
f 2007//2842 2524//2842 2765//2842
f 2771//2843 2770//2843 1000//2843
f 2522//1384 2769//1384 2771//1384
f 2776//2844 2775//2844 3747//2844
f 3747//2845 57//2845 2776//2845
f 1961//2332 2779//2332 2778//2332
f 1864//2846 908//2846 2784//2846
f 2782//2847 2707//2847 2784//2847
f 2783//2848 3905//2848 2707//2848
f 2785//2849 3734//2849 3735//2849
f 3691//2850 1036//2850 2789//2850
f 3769//2851 1871//2851 3698//2851
f 2798//2852 4015//2852 3684//2852
f 2799//2853 2869//2853 2685//2853
f 2798//2854 2870//2854 2799//2854
f 2804//2855 3617//2855 2803//2855
f 3910//125 2802//125 2804//125
f 2803//2856 339//2856 2804//2856
f 3109//2857 2805//2857 4055//2857
f 2806//2858 3108//2858 3036//2858
f 2807//2859 4057//2859 2881//2859
f 3634//2860 1752//2860 2808//2860
f 547//2861 865//2861 2813//2861
f 2813//2862 4077//2862 4002//2862
f 1073//1463 1875//1463 2984//1463
f 2821//2863 2820//2863 2908//2863
f 2908//2864 2973//2864 2907//2864
f 2985//2865 2823//2865 2332//2865
f 2984//2866 2824//2866 2985//2866
f 2827//2867 2828//2867 2829//2867
f 2832//2868 2964//2868 2831//2868
f 2834//1586 2833//1586 2837//1586
f 2922//2869 2833//2869 3688//2869
f 3688//2870 2835//2870 3082//2870
f 2835//1586 3857//1586 3995//1586
f 3082//2871 3995//2871 3157//2871
f 2837//2872 2836//2872 2838//2872
f 1735//2873 1174//2873 3731//2873
f 2842//1589 1187//1589 2844//1589
f 2843//1589 2845//1589 3080//1589
f 3083//2874 2844//2874 812//2874
f 1838//2875 144//2875 2847//2875
f 145//233 813//233 4064//233
f 2852//2876 1881//2876 2850//2876
f 3674//932 2850//932 1881//932
f 2850//2877 1190//2877 2852//2877
f 3961//2878 2851//2878 3165//2878
f 3084//2879 2853//2879 3713//2879
f 3713//539 1899//539 3712//539
f 2854//2880 2856//2880 815//2880
f 815//2881 2960//2881 2854//2881
f 3645//309 2855//309 2854//309
f 3664//309 2854//309 2960//309
f 3077//2882 2855//2882 3268//2882
f 3077//550 3666//550 2856//550
f 2857//2883 3604//2883 3166//2883
f 3167//1637 2858//1637 2359//1637
f 2860//2884 3060//2884 2859//2884
f 2443//2885 2861//2885 2860//2885
f 1067//2886 2864//2886 2863//2886
f 2863//2118 3763//2118 1704//2118
f 2865//2122 3893//2122 3136//2122
f 1705//2887 3278//2887 2866//2887
f 2866//2122 3892//2122 2865//2122
f 2867//2888 3139//2888 819//2888
f 3683//2889 3685//2889 2868//2889
f 2871//2890 2685//2890 2869//2890
f 2986//1623 2870//1623 4065//1623
f 3921//2891 2872//2891 2230//2891
f 2988//510 2873//510 3928//510
f 2876//2892 2875//2892 3131//2892
f 2880//2893 2879//2893 2878//2893
f 2882//2894 3903//2894 3736//2894
f 2989//2616 2886//2616 2611//2616
f 3690//2895 2888//2895 2887//2895
f 2887//2896 3111//2896 2889//2896
f 2888//2897 3705//2897 3111//2897
f 2889//2898 3110//2898 4056//2898
f 3689//939 2889//939 3951//939
f 3951//2899 4056//2899 3952//2899
f 918//2900 2332//2900 2890//2900
f 75//2901 2893//2901 2892//2901
f 3949//125 2895//125 3910//125
f 2892//2902 3765//2902 1956//2902
f 1956//2903 3698//2903 2892//2903
f 1141//930 4021//930 3957//930
f 2896//1463 2985//1463 918//1463
f 2898//2904 2897//2904 3726//2904
f 1848//2905 3917//2905 2899//2905
f 2900//2906 2983//2906 3912//2906
f 2902//2907 4054//2907 2372//2907
f 2903//2908 3602//2908 3615//2908
f 2911//2909 2908//2909 517//2909
f 2912//2256 3681//2256 3905//2256
f 1132//2910 33//2910 2914//2910
f 3652//2911 2913//2911 1132//2911
f 32//2912 1133//2912 2914//2912
f 2955//2913 2915//2913 366//2913
f 2915//1512 1789//1512 2917//1512
f 367//2914 2337//2914 3088//2914
f 2957//1511 2918//1511 1118//1511
f 612//159 2836//159 2922//159
f 2922//2915 3081//2915 613//2915
f 4067//2916 2925//2916 3956//2916
f 2933//2917 2931//2917 3919//2917
f 3919//2918 2930//2918 3920//2918
f 4012//2919 2934//2919 2933//2919
f 2936//537 2935//537 2937//537
f 2941//2920 814//2920 2936//2920
f 2939//2921 2935//2921 2938//2921
f 2939//2922 2236//2922 2937//2922
f 2940//2923 3809//2923 2226//2923
f 2943//2924 2942//2924 3971//2924
f 2942//932 3742//932 1882//932
f 2945//2925 1910//2925 2947//2925
f 2961//2926 2946//2926 2945//2926
f 2947//2927 2954//2927 2945//2927
f 3779//2928 3781//2928 3778//2928
f 2949//2929 3780//2929 2950//2929
f 2949//1507 3782//1507 3781//1507
f 2951//2930 2950//2930 651//2930
f 2952//327 3716//327 1030//327
f 3778//2931 3826//2931 3779//2931
f 1908//1577 2945//1577 2954//1577
f 2958//1511 3656//1511 2957//1511
f 2959//2932 3066//2932 2941//2932
f 2963//566 3069//566 3950//566
f 3075//2933 50//2933 2964//2933
f 2965//2934 2967//2934 2969//2934
f 2966//2934 4018//2934 2967//2934
f 2968//2934 2969//2934 2967//2934
f 3965//2935 1894//2935 2968//2935
f 1021//2934 2967//2934 4018//2934
f 2926//1267 2574//1267 2971//1267
f 613//2936 123//2936 2974//2936
f 1799//895 1810//895 2975//895
f 2976//1537 3694//1537 2977//1537
f 2978//1537 2977//1537 3694//1537
f 3684//486 4023//486 2987//486
f 3741//2937 3928//2937 3740//2937
f 2989//2616 3729//2616 2885//2616
f 3964//2938 2991//2938 2992//2938
f 3100//2939 1149//2939 2995//2939
f 3974//1547 3000//1547 2997//1547
f 2999//2940 2998//2940 3791//2940
f 2997//2941 4091//2941 2998//2941
f 3215//21 2998//21 4091//21
f 2999//2942 3790//2942 2677//2942
f 2676//2943 2997//2943 2999//2943
f 3216//1547 3000//1547 4070//1547
f 3001//2944 4072//2944 4071//2944
f 3005//2945 3004//2945 3245//2945
f 3003//2946 3244//2946 3004//2946
f 3005//2945 3196//2945 3840//2945
f 3986//2945 3005//2945 3839//2945
f 3007//2947 4092//2947 3011//2947
f 3839//2945 3006//2945 3986//2945
f 1751//2948 3010//2948 3158//2948
f 2388//2949 2063//2949 3008//2949
f 3009//2950 3104//2950 3008//2950
f 3011//2951 3010//2951 3007//2951
f 4078//2952 3010//2952 2406//2952
f 4033//2953 3011//2953 4092//2953
f 3829//19 12//19 3014//19
f 3012//19 3285//19 12//19
f 3014//2954 3650//2954 3829//2954
f 3013//2955 11//2955 3015//2955
f 692//1295 3209//1295 3978//1295
f 1290//2956 3622//2956 3019//2956
f 3286//2957 4039//2957 3287//2957
f 3023//2769 4038//2769 4039//2769
f 3026//2421 112//2421 3025//2421
f 3105//2421 3107//2421 3106//2421
f 3029//2958 3028//2958 2841//2958
f 3028//2465 3084//2465 373//2465
f 2401//2399 3031//2399 3030//2399
f 3032//2959 3227//2959 3231//2959
f 3231//2960 2626//2960 3032//2960
f 1753//2159 3225//2159 3034//2159
f 2072//2961 3642//2961 3035//2961
f 3641//2962 3036//2962 3108//2962
f 3037//2963 3189//2963 3269//2963
f 3282//2447 2114//2447 3862//2447
f 3947//2964 3039//2964 3113//2964
f 3042//2965 3041//2965 3851//2965
f 3851//2966 3118//2966 3848//2966
f 3851//2967 140//2967 3042//2967
f 3119//2968 3043//2968 2328//2968
f 3991//2237 724//2237 3992//2237
f 3046//2969 3045//2969 2859//2969
f 3046//2884 3049//2884 2437//2884
f 2859//2884 3048//2884 3046//2884
f 2437//2884 3047//2884 3046//2884
f 411//2970 4005//2970 3898//2970
f 3048//2971 3073//2971 3049//2971
f 3049//2972 3275//2972 3889//2972
f 3050//2973 3177//2973 3176//2973
f 3176//2974 3051//2974 3050//2974
f 3053//2975 188//2975 3054//2975
f 3301//1648 3236//1648 3238//1648
f 3052//2976 3302//2976 3236//2976
f 3142//872 1221//872 3054//872
f 3056//2977 1219//2977 3259//2977
f 3056//2978 3575//2978 3897//2978
f 3613//2979 3057//2979 1718//2979
f 1173//2980 2861//2980 3059//2980
f 3969//2981 3059//2981 2861//2981
f 3072//2884 3060//2884 1173//2884
f 3061//463 3152//463 1705//463
f 3063//134 3156//134 1182//134
f 3243//2982 4072//2982 3244//2982
f 3067//2983 3247//2983 835//2983
f 3067//2984 4071//2984 4072//2984
f 3632//2985 3075//2985 2832//2985
f 2339//2986 3688//2986 3082//2986
f 3085//2987 375//2987 3084//2987
f 3089//557 1233//557 3160//557
f 1234//2988 3086//2988 4071//2988
f 3091//2989 3092//2989 1237//2989
f 3092//1637 3168//1637 3167//1637
f 3090//2990 3670//2990 3092//2990
f 3094//1558 1193//1558 3153//1558
f 3097//1607 3973//1607 3754//1607
f 3099//1607 3098//1607 3100//1607
f 3097//1607 3756//1607 3098//1607
f 3151//2991 3098//2991 3756//2991
f 3171//2992 3099//2992 3169//2992
f 3169//2993 3100//2993 2170//2993
f 3754//1607 3101//1607 3097//1607
f 832//1186 3755//1186 3758//1186
f 3789//2994 3101//2994 832//2994
f 3103//2995 2389//2995 3985//2995
f 3026//2421 3947//2421 3107//2421
f 3641//2135 3110//2135 3112//2135
f 3110//2996 3109//2996 4056//2996
f 3112//2997 3111//2997 3705//2997
f 3297//2998 3114//2998 3998//2998
f 3117//2999 3116//2999 805//2999
f 1872//2966 3041//2966 3119//2966
f 3118//3000 4061//3000 723//3000
f 3127//1217 1278//1217 3121//1217
f 3123//2106 3122//2106 3615//2106
f 3122//3001 3777//3001 3614//3001
f 1691//3002 3615//3002 3602//3002
f 3147//1440 3125//1440 3148//1440
f 3125//3003 3699//3003 1052//3003
f 1042//1217 3121//1217 3145//1217
f 828//1182 2169//1182 3128//1182
f 3607//3004 3128//3004 3130//3004
f 3130//3005 3129//3005 4006//3005
f 1311//3006 4006//3006 3129//3006
f 3130//3007 4054//3007 3607//3007
f 3132//2593 3620//2593 3134//2593
f 3133//2593 3609//2593 3970//2593
f 2884//3008 2336//3008 3134//3008
f 3729//3009 3134//3009 3620//3009
f 3982//3010 3136//3010 3893//3010
f 1195//3011 2973//3011 3137//3011
f 3753//3012 3137//3012 3972//3012
f 3138//3013 3237//3013 3303//3013
f 3139//820 3665//820 817//820
f 3668//3014 1218//3014 3143//3014
f 3146//3015 3610//3015 1717//3015
f 1817//861 3875//861 3150//861
f 1152//3016 3756//3016 3789//3016
f 1325//3017 3902//3017 3304//3017
f 1158//1558 1229//1558 3154//1558
f 3635//3018 3832//3018 3155//3018
f 3156//3019 3637//3019 3707//3019
f 3945//3020 3158//3020 4078//3020
f 3261//3021 846//3021 3849//3021
f 3169//3022 830//3022 3171//3022
f 3171//3023 3968//3023 3589//3023
f 3473//6 3172//6 4047//6
f 4//3024 3472//3024 4028//3024
f 3173//3025 3453//3025 4090//3025
f 3600//204 3183//204 1378//204
f 4038//3026 3183//3026 3599//3026
f 3648//3027 2047//3027 3184//3027
f 3188//3028 3354//3028 3187//3028
f 3186//3029 3190//3029 3586//3029
f 3353//3030 3186//3030 3584//3030
f 3187//1875 3191//1875 3188//1875
f 3413//3031 3187//3031 3354//3031
f 3190//3032 3282//3032 3863//3032
f 3191//3033 3269//3033 3189//3033
f 3189//3034 3188//3034 3191//3034
f 3192//2220 4037//2220 2642//2220
f 3194//3035 2079//3035 3193//3035
f 3366//3036 3194//3036 1709//3036
f 3840//3037 3195//3037 4032//3037
f 3197//3038 3196//3038 3830//3038
f 3197//3039 43//3039 3467//3039
f 3830//3040 3198//3040 3197//3040
f 3199//3040 3939//3040 3464//3040
f 2671//3041 955//3041 3202//3041
f 3204//3042 3207//3042 3206//3042
f 4088//1747 3204//1747 3280//1747
f 3280//3043 3206//3043 1976//3043
f 3210//3044 3647//3044 3212//3044
f 1261//3045 3020//3045 3211//3045
f 3392//3046 3212//3046 3647//3046
f 3217//3047 4091//3047 3216//3047
f 3216//3048 3787//3048 3217//3048
f 3975//1547 3218//1547 4069//1547
f 1151//1547 4069//1547 3218//1547
f 3220//3049 4031//3049 3221//3049
f 3222//3050 3221//3050 693//3050
f 3222//3051 3978//3051 927//3051
f 3852//3052 3848//3052 3224//3052
f 4087//3053 3224//3053 3848//3053
f 138//3054 3228//3054 3229//3054
f 2104//3055 4030//3055 3231//3055
f 3856//3056 2419//3056 3300//3056
f 1250//3057 3299//3057 3593//3057
f 3373//3058 3836//3058 3374//3058
f 3221//3059 3836//3059 3235//3059
f 3236//3060 3303//3060 3237//3060
f 3238//3061 3237//3061 3885//3061
f 3239//1812 3885//1812 3237//1812
f 3242//3062 3240//3062 3241//3062
f 3986//2945 3243//2945 3003//2945
f 4036//3063 3004//3063 3244//3063
f 3830//3064 3245//3064 4084//3064
f 4089//3065 3245//3065 3004//3065
f 3247//3066 3006//3066 3246//3066
f 3281//1321 945//1321 3990//1321
f 1291//3067 3281//3067 3254//3067
f 3254//1321 3990//1321 3364//1321
f 4074//3068 3257//3068 3255//3068
f 3259//2977 3258//2977 3056//2977
f 3261//259 3263//259 2101//259
f 3262//1712 3849//1712 3850//1712
f 2119//3069 2117//3069 3864//3069
f 2650//3070 3287//3070 4039//3070
f 3644//309 3268//309 2855//309
f 3463//3071 3271//3071 3272//3071
f 3272//3072 3583//3072 3463//3072
f 3349//2463 3273//2463 4041//2463
f 3274//312 3884//312 1329//312
f 3276//1309 3344//1309 935//1309
f 4082//3073 3888//3073 3890//3073
f 3278//2122 3598//2122 3892//2122
f 3472//3074 3284//3074 3200//3074
f 3473//3075 2998//3075 3284//3075
f 2036//3076 3786//3076 3285//3076
f 3585//3077 3289//3077 4045//3077
f 3292//621 3291//621 3050//621
f 3898//621 934//621 3292//621
f 3144//3078 3031//3078 3294//3078
f 3998//1649 2049//1649 3297//1649
f 3593//3079 2121//3079 3592//3079
f 3053//900 4076//900 3302//900
f 3303//820 3618//820 3138//820
f 3306//3080 3573//3080 3305//3080
f 3308//3081 3572//3081 3307//3081
f 3405//3082 687//3082 3404//3082
f 3314//3083 3471//3083 1463//3083
f 3316//3084 3469//3084 3366//3084
f 171//3085 3322//3085 3321//3085
f 2475//3086 3479//3086 3478//3086
f 1347//3087 2087//3087 3320//3087
f 3329//2688 3321//2688 3323//2688
f 3323//3088 3322//3088 1419//3088
f 3417//3089 3326//3089 3325//3089
f 3523//3090 3327//3090 2299//3090
f 3328//3091 3329//3091 1394//3091
f 3493//3092 3330//3092 3516//3092
f 3489//3093 750//3093 3331//3093
f 3333//3094 3332//3094 747//3094
f 747//3095 3421//3095 3420//3095
f 3335//3096 3529//3096 1357//3096
f 3522//2796 3336//2796 3327//2796
f 1566//3097 3338//3097 3339//3097
f 4005//3098 3342//3098 3898//3098
f 1372//3099 4082//3099 3422//3099
f 3347//3100 3346//3100 3581//3100
f 3351//3101 3581//3101 3352//3101
f 3355//3102 3943//3102 3356//3102
f 3354//3030 3355//3030 3413//3030
f 3356//3103 3416//3103 3355//3103
f 3358//3104 3356//3104 3943//3104
f 1677//3105 2645//3105 3411//3105
f 3453//3106 3455//3106 3360//3106
f 3599//3107 3361//3107 1256//3107
f 3365//1321 3364//1321 3990//1321
f 3630//3108 3365//3108 946//3108
f 3575//761 3368//761 1243//761
f 1666//3109 2126//3109 3372//3109
f 3374//3110 3605//3110 3373//3110
f 3374//3111 4031//3111 1759//3111
f 3590//3112 508//3112 3378//3112
f 3412//3113 3376//3113 3590//3113
f 3378//3114 3380//3114 3590//3114
f 3590//3113 3381//3113 3412//3113
f 3381//3115 1538//3115 3383//3115
f 1823//3116 3678//3116 3384//3116
f 3396//3117 3385//3117 3397//3117
f 13//3118 5//3118 4028//3118
f 3403//3119 3677//3119 1822//3119
f 3504//3120 3404//3120 3511//3120
f 3413//3121 3416//3121 3415//3121
f 3414//3122 3415//3122 3420//3122
f 3352//1777 3418//1777 3417//1777
f 3583//3123 3417//3123 1457//3123
f 3890//3124 3422//3124 4082//3124
f 3424//3125 3425//3125 2188//3125
f 3338//3126 3531//3126 3429//3126
f 3526//3127 3428//3127 3338//3127
f 3938//3128 3428//3128 3528//3128
f 3530//1119 3431//1119 2304//1119
f 3433//3129 3488//3129 3487//3129
f 3435//3130 3449//3130 1640//3130
f 3552//3131 3435//3131 462//3131
f 3437//3132 3436//3132 2093//3132
f 3554//3133 3436//3133 3552//3133
f 3439//3134 3440//3134 3543//3134
f 3560//3135 3444//3135 486//3135
f 3550//3136 3448//3136 1963//3136
f 3564//3137 3447//3137 3560//3137
f 3882//3138 3451//3138 3452//3138
f 3570//3139 3454//3139 3453//3139
f 3454//3140 3528//3140 3455//3140
f 3466//3141 3939//3141 3465//3141
f 3465//3142 1747//3142 3466//3142
f 3601//1879 3468//1879 1462//1879
f 3844//3143 3469//3143 3601//3143
f 3443//3144 3717//3144 3474//3144
f 497//3145 1613//3145 3553//3145
f 3477//3146 3476//3146 1624//3146
f 3482//3147 3563//3147 3483//3147
f 3565//3148 3481//3148 3482//3148
f 3483//3149 3564//3149 3482//3149
f 2470//3150 3555//3150 3485//3150
f 3555//3151 3486//3151 3487//3151
f 3486//3152 3558//3152 481//3152
f 3331//3153 3491//3153 3489//3153
f 3492//3154 3493//3154 2490//3154
f 3492//3155 3499//3155 3568//3155
f 3495//3156 3498//3156 1636//3156
f 3569//3157 3497//3157 255//3157
f 3501//3158 3531//3158 3938//3158
f 7//3159 1547//3159 3503//3159
f 3940//3160 1524//3160 3941//3160
f 1466//1883 3510//1883 3940//1883
f 3536//3161 3512//3161 93//3161
f 3546//3162 3871//3162 3869//3162
f 3560//3163 3482//3163 3564//3163
f 3567//3164 3568//3164 3499//3164
f 3307//3165 1658//3165 3573//3165
f 3370//3166 1241//3166 3574//3166
f 4043//368 3577//368 3890//368
f 3886//2482 3579//2482 3887//2482
f 3586//3030 3584//3030 3186//3030
f 3353//3167 3944//3167 3943//3167
f 3584//3168 4045//3168 3944//3168
f 3863//3169 3586//3169 3190//3169
f 3586//3170 3870//3170 3585//3170
f 3892//2122 1682//2122 3893//2122
f 4035//3171 3601//3171 1697//3171
f 3603//2110 3602//2110 1695//2110
f 1220//3172 3132//3172 3610//3172
f 3615//3173 3614//3173 2903//3173
f 3616//3174 3987//3174 3989//3174
f 3989//3175 2042//3175 3616//3175
f 824//552 364//552 3619//552
f 3997//3176 3623//3176 2800//3176
f 38//63 4089//63 4036//63
f 3625//3177 4084//3177 4089//3177
f 3626//3178 4079//3178 3643//3178
f 3941//3179 3630//3179 78//3179
f 3632//1588 2408//1588 3631//1588
f 1186//1588 3257//1588 3635//1588
f 3633//1588 4078//1588 2408//1588
f 4071//3180 3646//3180 3001//3180
f 3013//3181 2403//3181 3650//3181
f 821//3182 1205//3182 3651//3182
f 2786//3183 2588//3183 3653//3183
f 3667//3184 3669//3184 1818//3184
f 3671//3185 1111//3185 3670//3185
f 3684//3186 3682//3186 2798//3186
f 3682//1623 4065//1623 2870//1623
f 2887//3187 2220//3187 3690//3187
f 1844//2237 3992//2237 3693//2237
f 3759//3188 3697//3188 3909//3188
f 3700//3189 3715//3189 3960//3189
f 4049//979 3710//979 664//979
f 3711//2273 3960//2273 3715//2273
f 3952//3190 635//3190 3951//3190
f 3718//3191 4055//3191 2979//3191
f 3722//2256 3905//2256 3681//2256
f 3728//3192 3727//3192 4026//3192
f 4026//383 2606//383 3924//383
f 323//497 2773//497 3744//497
f 3735//1244 3760//1244 2785//1244
f 867//3193 1804//3193 3739//3193
f 3740//3194 3927//3194 3741//3194
f 357//1263 900//1263 3743//1263
f 3746//3195 3907//3195 3745//3195
f 3750//3196 3749//3196 2250//3196
f 2381//3197 3972//3197 3977//3197
f 3758//1186 2826//1186 3757//1186
f 2602//3198 3124//3198 3761//3198
f 3764//2118 2864//2118 3762//2118
f 3847//3199 3766//3199 3855//3199
f 3838//222 3771//222 4010//222
f 3779//3200 2015//3200 3780//3200
f 2950//3201 3819//3201 3925//3201
f 4070//3202 3786//3202 3216//3202
f 3285//3203 4093//3203 4086//3203
f 4047//6 3791//6 3473//6
f 3799//3204 3795//3204 3798//3204
f 2796//3205 3798//3205 3797//3205
f 1019//2707 3867//2707 3865//2707
f 3868//2707 3807//2707 2763//2707
f 3915//3206 3808//3206 2940//3206
f 3816//997 2143//997 3817//997
f 3821//2365 3877//2365 4016//2365
f 3834//3207 3833//3207 992//3207
f 3840//2945 3839//2945 3005//2945
f 3841//3208 4092//3208 3839//3208
f 4032//3209 3841//3209 3840//3209
f 3842//639 4033//639 3841//639
f 3855//3210 3861//3210 3871//3210
f 2520//2444 4013//2444 3859//2444
f 3863//3211 3862//3211 1314//3211
f 3865//2707 3866//2707 3868//2707
f 3920//2707 3868//2707 3919//2707
f 3874//1575 3873//1575 2127//1575
f 2704//2473 4016//2473 3877//2473
f 3888//3212 3889//3212 3891//3212
f 3890//368 3891//368 4043//368
f 413//3213 2177//3213 3896//3213
f 3908//3214 4025//3214 2324//3214
f 3914//3215 3915//3215 351//3215
f 3859//2444 3860//2444 3915//2444
f 2026//1237 800//1237 3931//1237
f 3933//3216 3932//3216 2749//3216
f 3937//3217 3938//3217 3454//3217
f 3465//3218 3830//3218 4084//3218
f 3624//3219 3107//3219 3947//3219
f 3956//1491 3955//1491 4067//1491
f 3975//1547 4070//1547 3000//1547
f 3980//3220 4086//3220 4093//3220
f 3002//63 3244//63 4072//63
f 4056//3221 4055//3221 3952//3221
f 3980//1547 4070//1547 4069//1547
f 4080//3222 4081//3222 4059//3222
f 1976//3223 3206//3223 1//3223
f 1//2 2674//2 2673//2
f 3206//2 3207//2 2674//2
f 3//2 1//2 2//2
f 1684//3224 1976//3224 3//3224
f 3135//3225 3//3225 1154//3225
f 6//3226 4//3226 4028//3226
f 3172//6 4//6 3570//6
f 1368//3227 6//3227 5//3227
f 3393//3228 1447//3228 3461//3228
f 4//3229 6//3229 3937//3229
f 8//3230 9//3230 3532//3230
f 1403//3231 7//3231 3503//3231
f 3398//3232 8//3232 7//3232
f 1671//3233 310//3233 9//3233
f 1672//14 1671//14 8//14
f 310//3234 513//3234 2456//3234
f 9//3235 2456//3235 1966//3235
f 12//3236 3285//3236 4086//3236
f 3788//3237 2996//3237 10//3237
f 10//3238 11//3238 3014//3238
f 11//3239 10//3239 2996//3239
f 15//21 13//21 3200//21
f 15//3240 1448//3240 3393//3240
f 4028//3241 3472//3241 3200//3241
f 1399//3242 15//3242 14//3242
f 3217//3243 2615//3243 14//3243
f 3284//21 3215//21 14//21
f 15//3244 1399//3244 1821//3244
f 22//3245 17//3245 16//3245
f 18//3246 16//3246 17//3246
f 34//3247 1567//3247 3541//3247
f 278//3248 277//3248 16//3248
f 3548//3249 18//3249 3541//3249
f 21//30 974//30 2499//30
f 20//3250 19//3250 1829//3250
f 19//3251 20//3251 1034//3251
f 1904//33 2502//33 962//33
f 1033//30 972//30 974//30
f 1975//3252 34//3252 17//3252
f 22//3253 3814//3253 1987//3253
f 3748//3254 3766//3254 3814//3254
f 24//3255 25//3255 1504//3255
f 1546//3256 24//3256 23//3256
f 25//3257 24//3257 1545//3257
f 1606//3258 458//3258 460//3258
f 27//3259 23//3259 26//3259
f 23//3260 1504//3260 1503//3260
f 26//3261 1503//3261 3401//3261
f 1516//3262 1517//3262 3396//3262
f 3397//3263 1546//3263 27//3263
f 30//46 28//46 29//46
f 396//3264 3016//3264 1159//3264
f 2634//3265 29//3265 28//3265
f 28//46 30//46 691//46
f 1159//3266 1158//3266 3154//3266
f 592//3267 1796//3267 31//3267
f 2193//51 31//51 33//51
f 31//51 32//51 2914//51
f 3093//3268 32//3268 4068//3268
f 32//51 31//51 1796//51
f 2192//51 33//51 2913//51
f 35//3269 36//3269 1567//3269
f 34//3270 1975//3270 64//3270
f 36//3271 35//3271 1573//3271
f 1644//3272 36//3272 1568//3272
f 38//3273 39//3273 37//3273
f 720//3274 4034//3274 37//3274
f 3983//3275 37//3275 39//3275
f 1745//3276 37//3276 4034//3276
f 3625//3277 38//3277 1745//3277
f 4036//63 3002//63 39//63
f 41//3278 42//3278 40//3278
f 3434//3279 1648//3279 40//3279
f 86//3280 41//3280 1572//3280
f 2020//3281 1986//3281 41//3281
f 1641//3282 40//3282 42//3282
f 42//3283 41//3283 1986//3283
f 44//70 45//70 3467//70
f 3198//3284 3199//3284 3402//3284
f 44//3285 432//3285 431//3285
f 1408//3286 1409//3286 45//3286
f 43//3287 3402//3287 432//3287
f 45//70 423//70 422//70
f 46//3288 47//3288 48//3288
f 2281//3289 46//3289 1398//3289
f 1973//3290 1974//3290 47//3290
f 48//3291 47//3291 3502//3291
f 1548//3292 3502//3292 47//3292
f 1340//3293 1339//3293 2282//3293
f 51//80 49//80 2964//80
f 1902//80 49//80 2920//80
f 50//3294 1835//3294 1834//3294
f 2571//80 2920//80 49//80
f 1485//3295 1484//3295 2460//3295
f 52//3296 54//3296 1646//3296
f 2459//3297 53//3297 52//3297
f 54//3298 52//3298 53//3298
f 53//3299 2459//3299 3502//3299
f 62//3300 54//3300 1550//3300
f 54//3301 62//3301 3488//3301
f 57//3302 55//3302 902//3302
f 55//3303 2727//3303 2726//3303
f 2776//3304 57//3304 56//3304
f 3802//92 985//92 55//92
f 59//93 60//93 58//93
f 60//93 2054//93 2053//93
f 928//3305 930//3305 3201//3305
f 4085//3306 2051//3306 59//3306
f 60//3307 59//3307 2051//3307
f 60//3308 4073//3308 3987//3308
f 1549//98 434//98 61//98
f 3555//3309 62//3309 61//3309
f 62//3310 3555//3310 3487//3310
f 63//3311 65//3311 85//3311
f 65//3312 63//3312 64//3312
f 35//3313 64//3313 63//3313
f 1975//3314 1987//3314 2022//3314
f 84//3315 85//3315 65//3315
f 1579//3316 65//3316 2022//3316
f 68//3317 66//3317 2211//3317
f 66//3318 2789//3318 1979//3318
f 337//109 3691//109 2789//109
f 67//3319 2222//3319 3949//3319
f 338//109 337//109 66//109
f 71//3320 69//3320 1959//3320
f 69//3321 71//3321 1957//3321
f 1960//3322 69//3322 4050//3322
f 2512//3323 2511//3323 70//3323
f 70//3324 2030//3324 2696//3324
f 74//3325 72//3325 92//3325
f 1643//3326 3439//3326 72//3326
f 74//3327 73//3327 1486//3327
f 685//3328 1486//3328 73//3328
f 76//3329 77//3329 75//3329
f 2592//3330 75//3330 2892//3330
f 2592//123 1870//123 2218//123
f 77//3331 76//3331 2817//3331
f 2891//125 75//125 77//125
f 79//3332 80//3332 1467//3332
f 946//3333 79//3333 78//3333
f 79//3334 946//3334 945//3334
f 80//3335 79//3335 1289//3335
f 82//3336 83//3336 81//3336
f 81//134 2830//134 2042//134
f 82//3337 807//3337 806//3337
f 83//3338 82//3338 1868//3338
f 2830//134 81//134 83//134
f 554//3339 3543//3339 84//3339
f 3543//3340 3440//3340 85//3340
f 2021//3341 2020//3341 86//3341
f 1574//3342 87//3342 3433//3342
f 87//3343 1574//3343 1575//3343
f 89//3344 88//3344 3725//3344
f 2923//141 3725//141 88//141
f 88//3345 89//3345 901//3345
f 2219//3346 768//3346 90//3346
f 2924//141 88//141 90//141
f 72//3347 91//3347 1493//3347
f 1492//3348 1493//3348 91//3348
f 3439//3349 552//3349 91//3349
f 706//3350 1520//3350 92//3350
f 92//3351 1520//3351 1519//3351
f 95//3352 93//3352 1525//3352
f 707//3353 3536//3353 93//3353
f 2091//3354 1525//3354 93//3354
f 94//3355 1346//3355 708//3355
f 1346//3356 94//3356 1405//3356
f 98//3357 96//3357 1405//3357
f 1345//3358 1405//3358 96//3358
f 1379//3359 1381//3359 96//3359
f 1381//155 3630//155 3942//155
f 97//3360 3316//3360 3366//3360
f 98//154 3366//154 1709//154
f 2305//157 1098//157 99//157
f 99//3361 100//3361 907//3361
f 2921//159 612//159 1832//159
f 100//3362 99//3362 1098//3362
f 1831//3363 907//3363 100//3363
f 2307//157 99//157 101//157
f 104//162 102//162 906//162
f 102//162 2729//162 1850//162
f 907//3364 1831//3364 1982//3364
f 1983//3365 104//3365 103//3365
f 4009//2704 2515//2704 102//2704
f 2683//162 4009//162 104//162
f 107//3366 105//3366 106//3366
f 1082//168 1081//168 106//168
f 1081//168 2349//168 2981//168
f 3687//3367 106//3367 105//3367
f 2981//3368 109//3368 2229//3368
f 626//3369 2904//3369 105//3369
f 108//172 1055//172 1056//172
f 108//3370 109//3370 1714//3370
f 109//3371 2981//3371 2349//3371
f 2980//172 2229//172 109//172
f 1055//172 108//172 110//172
f 3612//3372 3105//3372 3106//3372
f 113//3373 111//3373 3025//3373
f 850//3374 112//3374 3105//3374
f 849//3375 113//3375 112//3375
f 2105//3376 2416//3376 111//3376
f 115//3377 116//3377 2640//3377
f 2107//3378 2106//3378 114//3378
f 2106//3379 3225//3379 3033//3379
f 116//3380 115//3380 2624//3380
f 115//3381 2625//3381 2627//3381
f 2625//3382 115//3382 114//3382
f 1400//3383 939//3383 2635//3383
f 1697//3384 118//3384 117//3384
f 4035//3385 117//3385 3288//3385
f 119//190 117//190 118//190
f 414//3386 416//3386 1304//3386
f 2092//190 1303//190 119//190
f 117//190 119//190 1303//190
f 121//198 122//198 120//198
f 1303//3387 2092//3387 120//3387
f 2839//3388 2840//3388 122//3388
f 121//3389 2621//3389 3022//3389
f 121//3390 2092//3390 3994//3390
f 1734//198 122//198 2840//198
f 3157//198 120//198 122//198
f 2974//199 123//199 125//199
f 124//199 123//199 3081//199
f 123//199 124//199 2576//199
f 1735//3391 124//3391 2339//3391
f 1101//3392 1100//3392 125//3392
f 2227//199 125//199 1100//199
f 127//208 128//208 3362//208
f 126//3393 3362//3393 3361//3393
f 1347//3394 127//3394 126//3394
f 1348//3395 1376//3395 128//3395
f 1376//3396 1677//3396 3411//3396
f 3595//208 3362//208 128//208
f 3410//1851 446//1851 130//1851
f 131//3397 715//3397 717//3397
f 129//1049 717//1049 2280//1049
f 129//3398 130//3398 2465//3398
f 558//3399 2465//3399 130//3399
f 134//3400 132//3400 133//3400
f 132//3401 3770//3401 2762//3401
f 1972//216 2058//216 134//216
f 2058//3402 2059//3402 132//3402
f 135//3403 136//3403 2505//3403
f 772//3404 774//3404 136//3404
f 136//3405 2927//3405 2758//3405
f 137//3406 2505//3406 2506//3406
f 2762//222 135//222 137//222
f 4010//218 137//218 2066//218
f 3226//224 138//224 140//224
f 139//224 138//224 3229//224
f 138//224 139//224 3042//224
f 2414//224 139//224 2409//224
f 142//3407 140//3407 3852//3407
f 141//3408 3852//3408 3224//3408
f 2646//3409 141//3409 2656//3409
f 141//229 2646//229 2647//229
f 145//233 844//233 846//233
f 143//3410 144//3410 2848//3410
f 2847//232 144//232 3993//232
f 144//3411 143//3411 2849//3411
f 844//233 145//233 4064//233
f 1435//236 146//236 148//236
f 147//3412 146//3412 527//3412
f 146//3413 147//3413 1351//3413
f 733//3414 446//3414 1433//3414
f 151//3415 149//3415 179//3415
f 703//3416 1585//3416 149//3416
f 149//3417 2044//3417 2067//3417
f 2093//3418 151//3418 150//3418
f 600//3419 703//3419 151//3419
f 153//3420 154//3420 732//3420
f 152//3421 1533//3421 1418//3421
f 1533//1072 152//1072 2161//1072
f 1349//3422 1350//3422 153//3422
f 2467//3423 154//3423 3514//3423
f 730//3424 732//3424 154//3424
f 1350//3425 3514//3425 154//3425
f 156//3426 157//3426 997//3426
f 155//3427 2247//3427 4019//3427
f 157//3428 156//3428 1023//3428
f 160//3429 158//3429 1460//3429
f 1468//255 158//255 531//255
f 1327//255 531//255 158//255
f 1674//256 3594//256 2098//256
f 160//3430 162//3430 161//3430
f 162//3431 160//3431 159//3431
f 3263//259 1300//259 161//259
f 163//3432 161//3432 162//3432
f 2100//3433 163//3433 2097//3433
f 163//259 2100//259 2101//259
f 1681//3434 1679//3434 164//3434
f 4044//264 165//264 164//264
f 166//264 164//264 165//264
f 4044//264 722//264 3854//264
f 166//3435 1250//3435 1251//3435
f 166//3436 1270//3436 3233//3436
f 1251//3437 1250//3437 3593//3437
f 167//268 169//268 3457//268
f 169//3438 167//3438 168//3438
f 167//3439 3593//3439 3592//3439
f 1393//268 169//268 1432//268
f 551//3440 174//3440 3479//3440
f 3319//3441 171//3441 170//3441
f 170//3442 171//3442 2487//3442
f 170//3443 172//3443 3556//3443
f 1489//3444 3556//3444 172//3444
f 2167//3445 1490//3445 172//3445
f 173//3446 175//3446 181//3446
f 1495//3447 174//3447 173//3447
f 3480//3448 173//3448 3544//3448
f 175//3449 173//3449 174//3449
f 175//3450 1638//3450 1590//3450
f 176//282 177//282 178//282
f 2933//3451 2763//3451 176//3451
f 3807//3452 892//3452 2544//3452
f 2537//3453 178//3453 177//3453
f 177//3454 176//3454 2763//3454
f 888//3455 714//3455 178//3455
f 150//3456 179//3456 2111//3456
f 179//3457 2067//3457 2096//3457
f 180//3458 3449//3458 3437//3458
f 182//3459 183//3459 3544//3459
f 187//3460 182//3460 181//3460
f 182//3461 187//3461 726//3461
f 183//3462 182//3462 2094//3462
f 186//295 184//295 1216//295
f 3669//295 1216//295 184//295
f 840//3463 839//3463 3120//3463
f 863//295 186//295 185//295
f 184//295 186//295 2361//295
f 204//3464 187//3464 1590//3464
f 1589//3465 726//3465 187//3465
f 188//3466 189//3466 190//3466
f 3054//3467 188//3467 3880//3467
f 3301//3468 1249//3468 1248//3468
f 189//3469 188//3469 3052//3469
f 3591//304 190//304 189//304
f 2123//304 2415//304 3880//304
f 192//3470 193//3470 2846//3470
f 191//3471 408//3471 410//3471
f 192//3472 410//3472 2423//3472
f 1775//3473 2846//3473 193//3473
f 193//3474 192//3474 2422//3474
f 3644//309 3645//309 3958//309
f 196//310 194//310 1888//310
f 2868//310 3685//310 194//310
f 3685//3475 3684//3475 2987//3475
f 1046//310 2868//310 196//310
f 195//310 1049//310 2811//310
f 198//312 199//312 197//312
f 197//3476 3037//3476 3269//3476
f 198//3477 2146//3477 1727//3477
f 1178//3478 1177//3478 199//3478
f 2114//3479 199//3479 1177//3479
f 3037//3480 197//3480 199//3480
f 201//3481 202//3481 200//3481
f 1491//3482 1628//3482 200//3482
f 3518//3483 3489//3483 201//3483
f 202//3484 201//3484 3489//3484
f 3491//3485 3492//3485 3568//3485
f 3566//3486 200//3486 202//3486
f 1592//3487 204//3487 203//3487
f 1645//3488 3441//3488 1877//3488
f 206//3489 207//3489 205//3489
f 823//327 2350//327 205//327
f 207//3490 206//3490 3823//3490
f 207//327 359//327 358//327
f 359//327 207//327 2012//327
f 209//3491 210//3491 208//3491
f 218//3492 208//3492 3869//3492
f 3869//3493 208//3493 3545//3493
f 3547//3494 728//3494 210//3494
f 209//3495 217//3495 1591//3495
f 2108//3496 3545//3496 208//3496
f 211//3497 212//3497 213//3497
f 1664//3498 1665//3498 212//3498
f 1424//3499 213//3499 212//3499
f 214//3500 215//3500 216//3500
f 1667//3501 214//3501 3519//3501
f 215//3502 214//3502 1426//3502
f 215//3503 449//3503 3419//3503
f 3519//3504 216//3504 749//3504
f 218//3505 219//3505 217//3505
f 219//343 1600//343 1594//343
f 2135//3506 1601//3506 219//3506
f 220//3507 1988//3507 2545//3507
f 220//346 222//346 2709//346
f 222//346 220//346 221//346
f 3876//3508 3740//3508 221//3508
f 222//3509 1990//3509 2142//3509
f 225//3510 223//3510 3494//3510
f 491//3511 223//3511 3446//3511
f 223//3512 225//3512 1633//3512
f 228//3513 3500//3513 224//3513
f 490//3514 225//3514 224//3514
f 225//3514 490//3514 647//3514
f 226//3515 227//3515 228//3515
f 227//3516 226//3516 454//3516
f 227//3517 2450//3517 3500//3517
f 2454//355 228//355 3494//355
f 231//3518 229//3518 3326//3518
f 3524//3519 229//3519 3894//3519
f 3325//3520 3326//3520 229//3520
f 454//3521 231//3521 230//3521
f 3324//3522 3894//3522 229//3522
f 232//3523 233//3523 234//3523
f 232//361 1456//361 1359//361
f 1456//3524 232//3524 2669//3524
f 244//3525 3345//3525 233//3525
f 2153//3526 234//3526 233//3526
f 3576//3527 233//3527 3345//3527
f 235//370 237//370 825//370
f 1909//3528 236//3528 235//3528
f 237//3529 235//3529 236//3529
f 236//1577 1909//1577 3730//1577
f 237//3530 2262//3530 361//3530
f 1630//1991 1563//1991 238//1991
f 3539//3531 239//3531 238//3531
f 240//3532 238//3532 239//3532
f 1360//3533 3894//3533 239//3533
f 491//3534 1630//3534 240//3534
f 2455//3535 2454//3535 2453//3535
f 241//3536 1047//3536 1048//3536
f 243//3537 2814//3537 1047//3537
f 241//3538 242//3538 546//3538
f 2992//383 2991//383 242//383
f 2991//383 3727//383 2363//383
f 245//384 246//384 3345//384
f 244//3539 1359//3539 1354//3539
f 246//384 245//384 1355//384
f 1373//3540 1372//3540 3422//3540
f 3577//3541 3345//3541 246//3541
f 3337//3542 3336//3542 247//3542
f 249//3543 247//3543 248//3543
f 252//3544 1362//3544 457//3544
f 247//3545 3522//3545 3521//3545
f 3574//3546 1382//3546 250//3546
f 250//393 251//393 1362//393
f 251//3547 755//3547 756//3547
f 1383//3548 758//3548 755//3548
f 1382//3549 1383//3549 251//3549
f 3370//3550 250//3550 252//3550
f 3936//3551 252//3551 248//3551
f 1543//3552 253//3552 1969//3552
f 3337//3553 254//3553 253//3553
f 255//3554 3497//3554 1969//3554
f 253//3555 254//3555 262//3555
f 263//3556 262//3556 254//3556
f 256//403 257//403 2274//403
f 2275//3557 257//3557 3730//3557
f 3818//3558 3730//3558 257//3558
f 2751//403 256//403 258//403
f 3932//3559 2527//3559 258//3559
f 658//3560 3483//3560 259//3560
f 1499//3561 260//3561 259//3561
f 261//3562 259//3562 260//3562
f 260//3563 1499//3563 1563//3563
f 657//3564 658//3564 261//3564
f 264//3565 3569//3565 255//3565
f 262//3566 263//3566 274//3566
f 1802//3567 4008//3567 3569//3567
f 265//3568 266//3568 2720//3568
f 280//415 282//415 4017//415
f 2264//3569 2720//3569 266//3569
f 2718//415 280//415 266//415
f 797//414 977//414 2159//414
f 267//3570 2720//3570 2271//3570
f 267//414 2159//414 2272//414
f 1663//3571 500//3571 269//3571
f 268//3572 269//3572 2286//3572
f 417//421 269//421 500//421
f 1431//3573 2286//3573 269//3573
f 270//420 499//420 498//420
f 272//3574 271//3574 2443//3574
f 273//424 1910//424 2946//424
f 271//3575 2946//3575 3969//3575
f 271//424 272//424 2585//424
f 1712//3576 1711//3576 1720//3576
f 273//424 2585//424 652//424
f 263//3577 1564//3577 275//3577
f 264//3578 274//3578 276//3578
f 274//3579 275//3579 1565//3579
f 1566//3580 1565//3580 275//3580
f 2452//3581 1800//3581 1802//3581
f 2451//3582 2452//3582 276//3582
f 3748//3583 16//3583 277//3583
f 277//3584 278//3584 1603//3584
f 1604//3585 278//3585 18//3585
f 1602//3586 1601//3586 279//3586
f 1601//3587 2135//3587 2141//3587
f 279//3588 2141//3588 2140//3588
f 2717//415 281//415 280//415
f 282//415 280//415 281//415
f 281//3589 2717//3589 3825//3589
f 2797//415 282//415 980//415
f 282//415 2797//415 3926//415
f 283//3590 285//3590 1544//3590
f 3425//3591 283//3591 762//3591
f 285//3592 283//3592 284//3592
f 284//3593 1358//3593 1357//3593
f 283//3594 3425//3594 1358//3594
f 3481//3595 1544//3595 285//3595
f 286//3596 287//3596 288//3596
f 2653//3597 3571//3597 287//3597
f 3178//3598 288//3598 3177//3598
f 287//449 2175//449 2174//449
f 3176//3599 3177//3599 288//3599
f 2552//3600 979//3600 981//3600
f 2158//3601 290//3601 289//3601
f 2551//450 2552//450 289//450
f 291//450 289//450 290//450
f 3827//3602 897//3602 896//3602
f 2613//3603 292//3603 799//3603
f 292//3604 2613//3604 1953//3604
f 294//454 292//454 293//454
f 2902//454 2608//454 293//454
f 2268//3605 799//3605 292//3605
f 296//3606 297//3606 295//3606
f 297//3607 296//3607 1239//3607
f 393//3608 956//3608 1239//3608
f 393//3609 296//3609 3267//3609
f 297//460 3266//460 2179//460
f 1659//461 298//461 300//461
f 298//3610 1658//3610 3572//3610
f 298//461 299//461 1239//461
f 299//3611 3572//3611 3266//3611
f 302//463 303//463 2857//463
f 301//3612 2857//3612 3166//3612
f 3962//2132 4004//2132 3277//2132
f 1321//463 302//463 301//463
f 303//463 302//463 3061//463
f 304//467 305//467 306//467
f 2745//467 2746//467 304//467
f 2016//3613 305//3613 2772//3613
f 2269//467 306//467 305//467
f 305//467 304//467 2746//467
f 1950//3614 1951//3614 306//3614
f 3930//3615 306//3615 1951//3615
f 307//472 309//472 1016//472
f 307//3616 2023//3616 2276//3616
f 309//3617 307//3617 308//3617
f 2910//3618 519//3618 1017//3618
f 308//476 2276//476 3587//476
f 1017//3619 2701//3619 3695//3619
f 311//3620 312//3620 513//3620
f 310//3621 1671//3621 3431//3621
f 312//3622 485//3622 487//3622
f 312//1119 311//1119 760//1119
f 314//482 315//482 313//482
f 3726//3623 964//3623 966//3623
f 663//482 314//482 1968//482
f 314//3624 663//3624 1037//3624
f 2904//482 626//482 2898//482
f 315//3625 314//3625 1039//3625
f 315//482 2898//482 3726//482
f 317//3626 318//3626 4024//3626
f 2692//486 316//486 3806//486
f 316//486 4024//486 4023//486
f 317//3627 2540//3627 2538//3627
f 318//3628 317//3628 2237//3628
f 316//486 2692//486 2540//486
f 321//3629 1806//3629 2504//3629
f 320//491 319//491 1906//491
f 319//3630 320//3630 982//3630
f 2725//3631 320//3631 1905//3631
f 1806//3632 321//3632 3739//3632
f 1915//3633 1916//3633 322//3633
f 323//497 322//497 1916//497
f 322//496 323//496 3744//496
f 2197//496 2557//496 3733//496
f 881//3634 322//3634 324//3634
f 327//2309 325//2309 1932//2309
f 1931//3635 1944//3635 326//3635
f 1944//3636 2779//3636 3800//3636
f 326//3637 3800//3637 3801//3637
f 325//3638 327//3638 2790//3638
f 2791//3639 2790//3639 327//3639
f 328//3640 1988//3640 1000//3640
f 329//3641 328//3641 2770//3641
f 330//3642 2545//3642 1988//3642
f 328//3643 329//3643 1995//3643
f 1031//508 329//508 2252//508
f 329//508 1031//508 2138//508
f 332//510 333//510 2356//510
f 3702//3644 634//3644 2874//3644
f 331//3645 2356//3645 1053//3645
f 331//510 2874//510 2873//510
f 332//510 2988//510 2267//510
f 2266//3646 3929//3646 333//3646
f 335//3647 336//3647 1138//3647
f 1794//517 2590//517 335//517
f 334//516 1138//516 3657//516
f 1135//3648 802//3648 336//3648
f 2590//517 2591//517 1135//517
f 802//916 801//916 2982//916
f 337//109 338//109 339//109
f 3706//109 2888//109 3691//109
f 338//3649 3910//3649 2804//3649
f 68//3650 3949//3650 3910//3650
f 3706//3651 339//3651 3948//3651
f 342//3652 340//3652 341//3652
f 793//523 341//523 340//523
f 340//3653 342//3653 3611//3653
f 655//3654 3761//3654 3963//3654
f 342//526 3963//526 4007//526
f 344//3655 345//3655 343//3655
f 343//2518 2906//2518 1089//2518
f 345//516 344//516 3657//516
f 344//516 2588//516 1793//516
f 822//3656 821//3656 3651//3656
f 345//3657 3651//3657 1207//3657
f 3627//3658 3626//3658 346//3658
f 3626//3659 3658//3659 3659//3659
f 348//532 346//532 347//532
f 2905//3660 2587//3660 3629//3660
f 346//532 3659//532 910//532
f 348//3661 1201//3661 1200//3661
f 1201//3662 348//3662 3629//3662
f 349//3663 351//3663 2225//3663
f 2941//3664 349//3664 1108//3664
f 351//537 349//537 350//537
f 2236//537 2235//537 3914//537
f 2937//537 2236//537 350//537
f 2936//537 350//537 349//537
f 2940//3665 2225//3665 351//3665
f 353//539 352//539 3959//539
f 352//3666 3701//3666 2759//3666
f 352//3667 353//3667 3704//3667
f 630//3668 3704//3668 353//3668
f 3701//3669 352//3669 354//3669
f 356//3670 355//3670 3704//3670
f 355//932 356//932 3742//932
f 2559//3671 355//3671 357//3671
f 2351//327 358//327 359//327
f 360//3672 361//3672 2262//3672
f 2962//370 826//370 825//370
f 361//3673 360//3673 2566//3673
f 785//548 784//548 362//548
f 362//3674 2567//3674 2568//3674
f 2567//548 362//548 784//548
f 3666//550 363//550 365//550
f 363//3675 364//3675 3709//3675
f 1176//552 1728//552 3619//552
f 364//3676 363//3676 2334//3676
f 2938//3677 2935//3677 365//3677
f 368//3678 366//3678 367//3678
f 366//1512 2915//1512 2917//1512
f 3088//557 3089//557 3160//557
f 1180//3679 1179//3679 368//3679
f 2390//3680 368//3680 3160//3680
f 1179//3681 2955//3681 366//3681
f 369//3682 370//3682 371//3682
f 575//562 2314//562 369//562
f 573//3683 369//3683 3070//3683
f 370//3684 1182//3684 1126//3684
f 370//562 369//562 2314//562
f 3070//3685 371//3685 3950//3685
f 372//552 3619//552 1728//552
f 372//3686 373//3686 1065//3686
f 373//3687 372//3687 2841//3687
f 374//3688 1065//3688 2350//3688
f 374//552 824//552 3619//552
f 376//3689 377//3689 375//3689
f 3999//3690 1815//3690 1814//3690
f 377//3691 376//3691 3674//3691
f 2853//3692 375//3692 377//3692
f 380//574 1121//574 1123//574
f 378//574 1123//574 1190//574
f 3961//1730 2439//1730 379//1730
f 378//3693 379//3693 566//3693
f 380//3694 566//3694 826//3694
f 381//232 382//232 383//232
f 2358//3695 2359//3695 381//3695
f 2359//3696 2858//3696 382//3696
f 1839//3697 383//3697 382//3697
f 385//582 386//582 384//582
f 1222//3698 1223//3698 384//3698
f 1209//3699 1208//3699 386//3699
f 1160//582 384//582 386//582
f 388//585 389//585 387//585
f 2404//3700 2405//3700 387//3700
f 389//585 388//585 1212//585
f 3038//585 389//585 3113//585
f 389//585 3038//585 3114//585
f 391//587 392//587 2399//587
f 390//587 1050//587 808//587
f 390//3701 2399//3701 1208//3701
f 1050//3702 390//3702 1209//3702
f 3144//3703 392//3703 2405//3703
f 392//587 391//587 3115//587
f 395//3704 393//3704 3279//3704
f 2994//3705 394//3705 3205//3705
f 3901//593 3205//593 394//593
f 394//3706 2994//3706 4048//3706
f 956//595 393//595 395//595
f 2664//3707 395//3707 4048//3707
f 397//3708 396//3708 29//3708
f 396//599 397//599 721//599
f 2634//599 3234//599 720//599
f 4075//3709 398//3709 1778//3709
f 3016//3710 396//3710 398//3710
f 2155//3711 400//3711 399//3711
f 399//3712 401//3712 2157//3712
f 401//3713 399//3713 400//3713
f 402//605 400//605 4001//605
f 402//3714 404//3714 1242//3714
f 401//2084 1242//2084 1669//2084
f 404//3715 402//3715 403//3715
f 403//605 4001//605 864//605
f 3055//2977 3056//2977 3897//2977
f 2099//611 406//611 405//611
f 407//611 405//611 406//611
f 3040//3716 1166//3716 3264//3716
f 3853//3717 3040//3717 406//3717
f 1238//3718 407//3718 3264//3718
f 405//3719 407//3719 843//3719
f 409//3720 410//3720 408//3720
f 837//3721 838//3721 408//3721
f 410//617 409//617 1313//617
f 411//3722 412//3722 413//3722
f 3047//3723 411//3723 2442//3723
f 411//3724 3898//3724 3292//3724
f 3050//621 3051//621 412//621
f 2442//618 413//618 3896//618
f 3051//3725 3895//3725 413//3725
f 118//3726 1697//3726 1464//3726
f 416//3727 414//3727 415//3727
f 414//625 1464//625 3471//625
f 415//625 3471//625 3470//625
f 2622//3728 1304//3728 416//3728
f 3182//3729 416//3729 1378//3729
f 1659//3730 1430//3730 417//3730
f 3174//630 420//630 419//630
f 421//630 419//630 420//630
f 3175//3731 1392//3731 420//3731
f 1361//3732 1426//3732 421//3732
f 419//630 421//630 1426//630
f 3467//70 422//70 3195//70
f 424//3733 422//3733 423//3733
f 1471//3734 930//3734 929//3734
f 423//3735 45//3735 1409//3735
f 4032//3736 3195//3736 422//3736
f 424//639 2069//639 3842//639
f 426//3737 421//3737 425//3737
f 425//3738 420//3738 1392//3738
f 2299//3739 1361//3739 426//3739
f 2662//3740 2661//3740 3523//3740
f 428//3741 429//3741 2278//3741
f 427//3742 3647//3742 1782//3742
f 3179//646 3392//646 3647//646
f 429//647 428//647 1784//647
f 1443//3743 1781//3743 2032//3743
f 430//3744 431//3744 432//3744
f 1978//650 1977//650 2457//650
f 3309//3745 3405//3745 431//3745
f 1978//3746 432//3746 3402//3746
f 434//3747 435//3747 3507//3747
f 433//3748 3507//3748 2033//3748
f 3485//3749 433//3749 2469//3749
f 61//3750 434//3750 433//3750
f 435//98 434//98 1549//98
f 1781//3751 435//3751 3506//3751
f 2034//3752 3507//3752 435//3752
f 437//3753 438//3753 436//3753
f 2296//3754 437//3754 2471//3754
f 1523//3755 2471//3755 437//3755
f 1386//3756 1385//3756 1389//3756
f 1406//3757 436//3757 438//3757
f 437//3758 2296//3758 1386//3758
f 439//3759 441//3759 3313//3759
f 441//3760 439//3760 440//3760
f 440//1894 2481//1894 1476//1894
f 1748//3761 2463//3761 700//3761
f 2481//3762 440//3762 439//3762
f 441//2566 702//2566 2287//2566
f 1348//673 3320//673 442//673
f 444//3763 442//3763 443//3763
f 725//3764 443//3764 442//3764
f 444//3765 1377//3765 1376//3765
f 445//3766 130//3766 446//3766
f 449//3767 447//3767 448//3767
f 1542//3768 448//3768 447//3768
f 448//3769 1542//3769 2491//3769
f 3419//3770 448//3770 3516//3770
f 449//680 215//680 1361//680
f 447//680 449//680 2299//680
f 1535//3771 2478//3771 450//3771
f 452//3772 450//3772 451//3772
f 2167//3773 451//3773 450//3773
f 3517//3774 3329//3774 1537//3774
f 3382//3775 1535//3775 452//3775
f 453//3776 454//3776 455//3776
f 2300//3777 2301//3777 2173//3777
f 453//688 2173//688 2450//688
f 226//3778 3324//3778 231//3778
f 1353//3779 1352//3779 455//3779
f 456//3780 249//3780 457//3780
f 456//3781 1366//3781 1564//3781
f 249//3782 456//3782 254//3782
f 458//3783 459//3783 606//3783
f 1613//3784 1612//3784 1644//3784
f 3553//3785 1613//3785 459//3785
f 3534//3786 1504//3786 25//3786
f 3673//3787 3534//3787 460//3787
f 461//3788 1607//3788 2468//3788
f 461//3789 462//3789 464//3789
f 462//3790 3435//3790 1640//3790
f 462//3791 461//3791 2489//3791
f 1607//3792 461//3792 463//3792
f 3538//3793 463//3793 465//3793
f 463//3794 464//3794 474//3794
f 1619//3795 1618//3795 465//3795
f 1649//3796 466//3796 2488//3796
f 468//3797 466//3797 467//3797
f 705//3798 704//3798 467//3798
f 3551//3799 467//3799 466//3799
f 466//3800 468//3800 709//3800
f 470//3801 471//3801 469//3801
f 469//3802 2446//3802 1523//3802
f 2462//3803 2461//3803 472//3803
f 1611//3804 1569//3804 1571//3804
f 1571//3805 1650//3805 471//3805
f 483//3806 471//3806 1650//3806
f 471//3807 483//3807 2446//3807
f 472//3808 608//3808 1611//3808
f 475//3809 473//3809 465//3809
f 473//3810 476//3810 1496//3810
f 464//3811 1640//3811 1639//3811
f 475//3812 477//3812 476//3812
f 474//3813 1639//3813 729//3813
f 2448//3814 1496//3814 476//3814
f 477//3815 475//3815 729//3815
f 1651//3816 1629//3816 489//3816
f 477//3817 489//3817 1828//3817
f 74//3818 478//3818 1792//3818
f 484//3819 1650//3819 1792//3819
f 480//3820 481//3820 1475//3820
f 1477//3821 1617//3821 479//3821
f 479//3822 1583//3822 1576//3822
f 481//3823 480//3823 482//3823
f 482//3824 480//3824 1576//3824
f 3487//3825 3486//3825 482//3825
f 2447//3826 2446//3826 483//3826
f 478//3827 1486//3827 1488//3827
f 484//3828 1488//3828 3490//3828
f 485//3829 312//3829 3559//3829
f 485//3830 486//3830 496//3830
f 486//3831 3444//3831 3443//3831
f 3565//3832 3560//3832 486//3832
f 487//3833 496//3833 497//3833
f 489//3834 488//3834 2476//3834
f 488//3835 224//3835 3500//3835
f 488//3836 489//3836 1629//3836
f 490//3837 1629//3837 1591//3837
f 2453//3838 3494//3838 223//3838
f 492//3839 260//3839 1630//3839
f 1652//3840 261//3840 492//3840
f 495//3841 656//3841 650//3841
f 493//3842 494//3842 1637//3842
f 3442//3843 3445//3843 494//3843
f 1634//3844 1635//3844 656//3844
f 1786//3845 497//3845 3553//3845
f 3474//3846 497//3846 496//3846
f 268//420 498//420 2636//420
f 2637//420 2636//420 498//420
f 1383//3847 1382//3847 499//3847
f 499//3848 3368//3848 3369//3848
f 3368//3849 499//3849 1382//3849
f 418//421 500//421 3573//421
f 502//3850 503//3850 3343//3850
f 501//3851 3343//3851 936//3851
f 501//764 1428//764 1427//764
f 502//3852 1427//3852 3341//3852
f 3291//621 3343//621 503//621
f 3340//3853 3178//3853 503//3853
f 512//3854 505//3854 504//3854
f 504//3855 506//3855 3349//3855
f 506//770 504//770 505//770
f 1352//3856 1353//3856 3346//3856
f 505//3857 512//3857 3350//3857
f 3348//3858 3349//3858 506//3858
f 509//772 507//772 3378//772
f 507//3859 1425//3859 3379//3859
f 3376//3860 3377//3860 1390//3860
f 1391//3861 509//3861 508//3861
f 507//3862 509//3862 3582//3862
f 1458//3863 510//3863 2660//3863
f 3578//777 2660//777 510//777
f 512//777 510//777 511//777
f 3421//3864 511//3864 510//3864
f 2301//3865 2300//3865 3350//3865
f 3332//3866 2301//3866 511//3866
f 1786//3867 2456//3867 513//3867
f 516//3868 514//3868 2668//3868
f 514//3869 516//3869 1247//3869
f 3412//3870 3381//3870 3383//3870
f 515//3871 3591//3871 1248//3871
f 3592//3872 2121//3872 3591//3872
f 519//3873 517//3873 518//3873
f 595//789 594//789 518//789
f 594//789 909//789 2909//789
f 2907//789 518//789 517//789
f 2910//3874 2911//3874 517//3874
f 521//794 522//794 520//794
f 3968//3875 1083//3875 1085//3875
f 520//3876 2198//3876 3589//3876
f 3588//794 1092//794 522//794
f 1085//1474 1955//1474 1086//1474
f 2198//794 520//794 522//794
f 524//3877 525//3877 523//3877
f 2646//229 523//229 3387//229
f 1435//3878 524//3878 3596//3878
f 525//3879 524//3879 1434//3879
f 3387//3880 523//3880 525//3880
f 527//3881 528//3881 526//3881
f 2656//2793 2655//2793 526//2793
f 528//3882 3596//3882 3295//3882
f 146//3883 1435//3883 528//3883
f 530//3884 531//3884 3597//3884
f 529//805 3597//805 949//805
f 1418//3885 530//3885 529//3885
f 530//3886 1418//3886 1533//3886
f 532//3887 3460//3887 2643//3887
f 534//809 532//809 533//809
f 2642//3888 4037//3888 2631//3888
f 534//3889 3180//3889 1396//3889
f 532//3890 534//3890 549//3890
f 536//3891 537//3891 1724//3891
f 535//3892 1720//3892 1711//3892
f 1710//618 3896//618 536//618
f 3896//3893 2177//3893 537//3893
f 385//582 538//582 3617//582
f 538//3894 384//3894 1223//3894
f 385//3895 539//3895 1210//3895
f 539//3896 3617//3896 2802//3896
f 541//3897 542//3897 540//3897
f 540//820 856//820 3618//820
f 856//3898 540//3898 542//3898
f 542//3899 541//3899 2353//3899
f 1715//168 2348//168 543//168
f 545//3900 4080//3900 4059//3900
f 543//3901 544//3901 1732//3901
f 1733//3902 1732//3902 544//3902
f 544//3903 543//3903 2348//3903
f 3034//3904 3225//3904 4080//3904
f 243//381 546//381 1736//381
f 1737//3905 1736//3905 546//3905
f 2362//3906 546//3906 242//3906
f 2813//381 2814//381 243//381
f 548//3907 1412//3907 1411//3907
f 1744//832 1743//832 1412//832
f 550//3908 548//3908 549//3908
f 1396//3909 1395//3909 931//3909
f 568//3910 1744//3910 548//3910
f 2617//3911 568//3911 550//3911
f 1638//3912 175//3912 551//3912
f 553//3913 91//3913 552//3913
f 552//3914 3439//3914 3543//3914
f 553//3915 1609//3915 1610//3915
f 555//3916 1649//3916 1609//3916
f 555//3917 552//3917 554//3917
f 556//3918 557//3918 558//3918
f 557//3918 556//3918 1615//3918
f 1494//3919 558//3919 445//3919
f 557//3920 1623//3920 2465//3920
f 561//3921 559//3921 3079//3921
f 559//3922 1064//3922 1175//3922
f 2421//3923 3956//3923 1064//3923
f 2316//3924 3286//3924 560//3924
f 847//3925 848//3925 561//3925
f 2420//851 2421//851 559//851
f 3078//851 2420//851 561//851
f 1750//852 563//852 562//852
f 564//852 562//852 563//852
f 563//852 1750//852 1751//852
f 1756//3926 1755//3926 562//3926
f 379//3927 565//3927 1236//3927
f 858//3928 565//3928 2438//3928
f 565//3929 379//3929 2439//3929
f 1397//858 1398//858 2283//858
f 567//3930 2283//3930 1744//3930
f 569//858 567//858 568//858
f 3389//858 1397//858 567//858
f 570//3931 1763//3931 1762//3931
f 3638//861 1817//861 571//861
f 570//3932 571//3932 3140//3932
f 572//864 1224//864 1763//864
f 572//864 3140//864 4060//864
f 574//562 575//562 573//562
f 3068//3933 3074//3933 3071//3933
f 1186//3934 574//3934 3071//3934
f 574//3935 1186//3935 3635//3935
f 575//562 574//562 3155//562
f 3015//869 576//869 3649//869
f 576//869 577//869 4079//869
f 1770//3936 2383//3936 3979//3936
f 577//869 576//869 3015//869
f 577//3937 3979//3937 3643//3937
f 578//869 4079//869 3627//869
f 576//3938 578//3938 588//3938
f 580//872 581//872 579//872
f 581//872 1221//872 3141//872
f 3143//872 579//872 1217//872
f 580//3939 1045//3939 1046//3939
f 1045//3940 580//3940 3143//3940
f 2809//3941 2810//3941 581//3941
f 582//600 583//600 1777//600
f 583//600 582//600 2386//600
f 2345//3942 584//3942 2338//3942
f 2384//600 582//600 584//600
f 585//3943 586//3943 1787//3943
f 1511//3944 1787//3944 586//3944
f 586//3945 585//3945 1813//3945
f 622//3946 585//3946 587//3946
f 1200//3947 589//3947 588//3947
f 590//3948 2403//3948 3649//3948
f 588//884 589//884 1058//884
f 589//3949 1200//3949 1201//3949
f 3102//3950 2402//3950 2403//3950
f 592//886 593//886 1808//886
f 591//3951 1795//3951 1796//3951
f 593//3952 592//3952 2193//3952
f 2206//3953 2207//3953 2912//3953
f 594//3954 595//3954 1094//3954
f 2907//3955 2973//3955 3663//3955
f 595//3956 3663//3956 3662//3956
f 908//3957 909//3957 594//3957
f 596//3958 1094//3958 1809//3958
f 597//794 522//794 1092//794
f 597//3959 599//3959 2376//3959
f 599//3960 597//3960 598//3960
f 1811//3961 598//3961 1093//3961
f 1199//3962 2376//3962 599//3962
f 600//3963 601//3963 602//3963
f 2093//3964 3436//3964 601//3964
f 1482//3965 602//3965 601//3965
f 604//3966 605//3966 1227//3966
f 2811//3967 603//3967 2809//3967
f 1049//3968 604//3968 603//3968
f 605//3969 604//3969 817//3969
f 607//3970 608//3970 3673//3970
f 607//3971 606//3971 459//3971
f 607//3972 1568//3972 1611//3972
f 608//3973 472//3973 2461//3973
f 609//908 610//908 611//908
f 610//3974 609//3974 2260//3974
f 2570//3975 2260//3975 609//3975
f 2959//908 1108//908 1106//908
f 610//3976 2340//3976 3664//3976
f 2960//3977 2959//3977 611//3977
f 613//159 614//159 612//159
f 612//3978 614//3978 3686//3978
f 614//3979 613//3979 2974//3979
f 617//566 2963//566 2212//566
f 615//566 616//566 1834//566
f 56//3980 902//3980 2571//3980
f 2919//3981 56//3981 616//3981
f 617//566 1834//566 1835//566
f 1843//916 619//916 618//916
f 2393//916 618//916 2394//916
f 620//916 618//916 619//916
f 619//3982 1843//3982 1842//3982
f 801//916 802//916 1134//916
f 618//3983 620//3983 2395//3983
f 3561//3984 1801//3984 621//3984
f 623//3985 621//3985 622//3985
f 585//3986 622//3986 621//3986
f 623//3987 3550//3987 1626//3987
f 626//3988 624//3988 625//3988
f 2899//3989 625//3989 624//3989
f 2897//3990 625//3990 2899//3990
f 107//172 2229//172 624//172
f 629//2966 1872//2966 3119//2966
f 2328//3991 2329//3991 627//3991
f 627//3992 628//3992 1874//3992
f 628//3993 627//3993 2329//3993
f 3957//930 4021//930 2823//930
f 629//3994 1874//3994 1876//3994
f 631//932 356//932 630//932
f 356//932 631//932 1882//932
f 633//933 634//933 632//933
f 1879//3995 1880//3995 632//3995
f 1880//933 3700//933 1069//933
f 634//3996 3702//3996 3699//3996
f 2254//3997 2253//3997 633//3997
f 634//3998 633//3998 2253//3998
f 636//939 637//939 635//939
f 3718//3999 1136//3999 4066//3999
f 637//939 3689//939 3951//939
f 637//939 636//939 1917//939
f 638//940 1929//940 1928//940
f 638//4000 640//4000 2209//4000
f 640//4001 638//4001 639//4001
f 639//4002 1928//4002 1919//4002
f 640//4003 1918//4003 1917//4003
f 2593//1122 2210//1122 641//1122
f 2210//4004 2877//4004 642//4004
f 641//4005 642//4005 1930//4005
f 779//4006 1930//4006 642//4006
f 643//4007 2880//4007 2878//4007
f 1035//2300 2788//2300 644//2300
f 644//950 1922//950 1921//950
f 646//4008 644//4008 645//4008
f 882//4009 645//4009 2521//4009
f 1036//4010 1035//4010 646//4010
f 882//1247 1981//1247 1980//1247
f 648//4011 649//4011 650//4011
f 648//4012 4008//4012 1801//4012
f 4008//4013 648//4013 3496//4013
f 3442//4014 649//4014 1626//4014
f 3561//4015 1626//4015 649//4015
f 493//4016 650//4016 649//4016
f 3496//4017 650//4017 656//4017
f 651//4018 652//4018 653//4018
f 2948//424 2584//424 652//424
f 651//4019 2950//4019 3925//4019
f 653//4020 652//4020 2585//4020
f 1719//4021 1721//4021 4063//4021
f 653//4022 4063//4022 3782//4022
f 655//523 341//523 654//523
f 1947//4023 654//4023 2719//4023
f 341//523 793//523 795//523
f 1947//4024 2602//4024 3761//4024
f 1635//4025 1969//4025 3497//4025
f 3452//4026 3451//4026 657//4026
f 658//4027 657//4027 3451//4027
f 659//973 786//973 788//973
f 786//973 659//973 3777//973
f 661//4028 659//4028 660//4028
f 2609//4029 660//4029 2721//4029
f 660//973 788//973 1080//973
f 661//4030 2373//4030 2903//4030
f 659//4031 661//4031 3614//4031
f 662//2225 2730//2225 3776//2225
f 664//979 665//979 666//979
f 665//4032 664//4032 2249//4032
f 4053//4033 2249//4033 664//4033
f 665//4034 712//4034 888//4034
f 2536//979 2232//979 4049//979
f 667//4035 668//4035 669//4035
f 668//984 667//984 2684//984
f 667//984 2798//984 2799//984
f 669//4036 889//4036 890//4036
f 889//4037 669//4037 668//4037
f 3806//486 4023//486 4015//486
f 671//4038 672//4038 670//4038
f 672//4039 1919//4039 1928//4039
f 672//990 671//990 2774//990
f 2774//4040 671//4040 3744//4040
f 1919//990 672//990 1926//990
f 674//4041 675//4041 673//4041
f 673//994 2712//994 2715//994
f 675//4042 674//4042 977//4042
f 675//994 2612//994 2712//994
f 678//997 676//997 2742//997
f 3815//998 2742//998 676//998
f 3820//998 3816//998 676//998
f 1027//4043 678//4043 677//4043
f 677//4044 2742//4044 2741//4044
f 4052//998 676//998 678//998
f 3930//467 680//467 679//467
f 681//4045 679//4045 680//4045
f 3827//467 2745//467 679//467
f 683//1005 684//1005 682//1005
f 682//4046 1551//4046 1552//4046
f 684//4047 3407//4047 1551//4047
f 3509//4048 3533//4048 1518//4048
f 684//4049 683//4049 3459//4049
f 3460//4050 3459//4050 683//4050
f 1410//4051 3406//4051 3407//4051
f 687//4052 685//4052 1519//4052
f 686//4053 690//4053 3404//4053
f 685//1012 687//1012 3309//1012
f 688//4054 689//4054 690//4054
f 1520//4055 706//4055 708//4055
f 1520//4056 688//4056 686//4056
f 1346//4057 689//4057 688//4057
f 3510//4058 690//4058 689//4058
f 3511//4059 3404//4059 690//4059
f 1231//46 691//46 30//46
f 693//4060 691//4060 692//4060
f 691//4061 1231//4061 3017//4061
f 3235//46 28//46 693//46
f 696//4062 694//4062 2530//4062
f 695//1022 2753//1022 3775//1022
f 695//4063 2530//4063 3776//4063
f 2055//1427 2056//1427 694//1427
f 697//1025 698//1025 3837//1025
f 2402//4064 698//4064 3650//4064
f 698//4065 697//4065 3829//4065
f 1269//1025 1268//1025 699//1025
f 699//4066 2060//4066 2062//4066
f 1268//4067 3192//4067 2060//4067
f 700//4068 701//4068 702//4068
f 701//4069 700//4069 2463//4069
f 2293//1031 701//1031 1344//1031
f 701//4070 2293//4070 2294//4070
f 704//4071 705//4071 703//4071
f 705//4072 1581//4072 1585//4072
f 704//4073 602//4073 1497//4073
f 1581//4074 705//4074 3551//4074
f 706//4075 707//4075 95//4075
f 1493//4076 1492//4076 707//4076
f 468//4077 718//4077 710//4077
f 711//4078 1555//4078 2488//4078
f 709//4079 710//4079 2082//4079
f 718//4080 719//4080 2087//4080
f 712//4081 713//4081 714//4081
f 713//4082 712//4082 876//4082
f 712//4083 665//4083 957//4083
f 713//4084 995//4084 996//4084
f 995//4085 713//4085 878//4085
f 2755//282 178//282 714//282
f 1556//4086 1342//4086 715//4086
f 715//4087 716//4087 1413//4087
f 1342//4088 1343//4088 716//4088
f 1415//1051 716//1051 1343//1051
f 717//1049 1413//1049 1414//1049
f 3557//4089 725//4089 719//4089
f 718//4090 468//4090 1497//4090
f 719//673 442//673 3320//673
f 397//599 720//599 3983//599
f 3234//4091 3373//4091 4034//4091
f 1283//4092 1282//4092 721//4092
f 1282//4093 1778//4093 398//4093
f 724//4094 722//4094 4087//4094
f 722//4095 724//4095 3044//4095
f 722//4096 4044//4096 3223//4096
f 3848//4097 3118//4097 723//4097
f 723//4098 4061//4098 3992//4098
f 443//4099 725//4099 1481//4099
f 1589//4100 1593//4100 2139//4100
f 726//4101 2139//4101 2095//4101
f 728//4102 729//4102 1639//4102
f 1640//4103 3449//4103 727//4103
f 1651//4104 729//4104 728//4104
f 728//4105 727//4105 2108//4105
f 732//4106 730//4106 2468//4106
f 2467//4107 1481//4107 1483//4107
f 2489//4108 2468//4108 730//4108
f 152//4109 732//4109 731//4109
f 3515//4110 733//4110 148//4110
f 733//4111 3515//4111 1557//4111
f 976//4112 1999//4112 735//4112
f 734//4113 735//4113 2137//4113
f 894//1077 895//1077 2258//1077
f 736//4114 2137//4114 2136//4114
f 2257//1077 734//1077 736//1077
f 895//4115 894//4115 737//4115
f 894//4116 2136//4116 738//4116
f 737//4117 738//4117 3815//4117
f 2742//4118 3815//4118 738//4118
f 739//4119 3815//4119 3816//4119
f 3817//4120 3821//4120 4016//4120
f 3879//4121 737//4121 739//4121
f 742//4122 1605//4122 3549//4122
f 740//4123 3549//4123 1986//4123
f 740//4124 741//4124 2156//4124
f 741//4125 740//4125 2020//4125
f 2046//4126 741//4126 2021//4126
f 2095//4127 2156//4127 741//4127
f 742//4128 2156//4128 1598//4128
f 3450//4129 3445//4129 1605//4129
f 743//4130 744//4130 745//4130
f 743//414 2159//414 977//414
f 743//4131 674//4131 978//4131
f 2001//4132 2527//4132 744//4132
f 2527//4133 3932//4133 745//4133
f 3933//4134 2006//4134 2711//4134
f 747//1102 748//1102 746//1102
f 1619//4135 1496//4135 746//4135
f 1496//4136 2448//4136 3333//4136
f 748//1102 747//1102 3420//1102
f 3415//4137 3416//4137 3520//4137
f 3537//4138 746//4138 748//4138
f 749//4139 3330//4139 3331//4139
f 216//679 3419//679 3330//679
f 751//4140 749//4140 750//4140
f 751//4141 1424//4141 3456//4141
f 752//4142 753//4142 754//4142
f 753//4143 752//4143 1534//4143
f 2477//320 1534//320 752//320
f 753//4144 3379//4144 1425//4144
f 756//4145 755//4145 757//4145
f 759//4146 757//4146 755//4146
f 1363//4147 1364//4147 759//4147
f 1431//4148 759//4148 758//4148
f 1364//4149 3525//4149 757//4149
f 760//4150 761//4150 762//4150
f 311//1119 3431//1119 761//1119
f 3559//4151 760//4151 1544//4151
f 761//4152 3530//4152 2186//4152
f 763//1122 765//1122 2210//1122
f 765//4153 763//4153 764//4153
f 2056//4154 2055//4154 764//4154
f 763//4155 2900//4155 3912//4155
f 765//1122 2732//1122 2877//1122
f 767//1126 768//1126 766//1126
f 768//4156 767//4156 3724//4156
f 768//1126 2219//1126 3828//1126
f 771//4157 769//4157 2493//4157
f 769//1022 771//1022 2224//1022
f 2494//4158 2493//4158 769//4158
f 770//199 2974//199 2227//199
f 770//4159 2493//4159 3686//4159
f 135//4160 2762//4160 3770//4160
f 3751//4161 773//4161 772//4161
f 774//4162 772//4162 773//4162
f 1937//4163 1936//4163 1942//4163
f 2927//4164 136//4164 774//4164
f 777//4165 775//4165 917//4165
f 776//1138 2682//1138 2679//1138
f 775//1138 777//1138 2246//1138
f 777//1138 2679//1138 2248//1138
f 1930//1142 779//1142 778//1142
f 3749//4166 1935//4166 2601//4166
f 780//4167 778//4167 779//4167
f 2250//4168 3749//4168 778//4168
f 781//4169 782//4169 783//4169
f 2794//1145 2689//1145 782//1145
f 975//1145 782//1145 2689//1145
f 976//4170 783//4170 782//4170
f 784//548 785//548 2750//548
f 785//4171 2261//4171 3812//4171
f 787//973 786//973 2602//973
f 786//973 787//973 2263//973
f 2264//973 2263//973 787//973
f 791//508 789//508 790//508
f 790//4172 899//4172 900//4172
f 789//4173 2252//4173 899//4173
f 1992//508 1031//508 789//508
f 2564//4174 791//4174 2943//4174
f 791//4175 2564//4175 2568//4175
f 2270//4176 294//4176 792//4176
f 2608//454 2609//454 792//454
f 794//523 795//523 793//523
f 797//4177 2271//4177 795//4177
f 2271//4178 2719//4178 654//4178
f 794//4179 796//4179 977//4179
f 796//4180 2610//4180 2612//4180
f 796//4181 794//4181 2990//4181
f 800//4182 1857//4182 1087//4182
f 798//4183 799//4183 3931//4183
f 1857//1161 800//1161 3935//1161
f 4062//4184 2982//4184 801//4184
f 803//1163 804//1163 805//1163
f 3116//4185 1767//4185 2318//4185
f 2319//1163 2600//1163 804//1163
f 1934//4186 805//4186 804//4186
f 805//4187 1934//4187 2317//4187
f 807//4188 1740//4188 2923//4188
f 806//141 2923//141 2924//141
f 2326//1167 1741//1167 807//1167
f 808//4189 1050//4189 1051//4189
f 391//587 808//587 810//587
f 808//1168 809//1168 1142//1168
f 1142//123 809//123 3723//123
f 809//123 1051//123 2218//123
f 1214//4190 1739//4190 810//4190
f 813//4191 2926//4191 2971//4191
f 811//4192 812//4192 4064//4192
f 812//4193 811//4193 2578//4193
f 812//4194 2844//4194 3161//4194
f 2926//4195 813//4195 2848//4195
f 816//4196 814//4196 3066//4196
f 3666//550 816//550 815//550
f 365//4197 2935//4197 814//4197
f 817//4198 818//4198 819//4198
f 818//4199 817//4199 604//4199
f 819//1178 2233//1178 1886//1178
f 818//1178 2234//1178 2233//1178
f 821//4200 822//4200 1137//4200
f 4062//1179 1842//1179 3103//1179
f 3985//1179 821//1179 820//1179
f 1138//4201 1137//4201 822//4201
f 824//4202 374//4202 823//4202
f 2352//327 823//327 358//327
f 827//370 825//370 826//370
f 566//4203 1236//4203 4003//4203
f 4003//4204 2367//4204 2369//4204
f 827//4205 2369//4205 3621//4205
f 829//1182 830//1182 3170//1182
f 828//4206 3607//4206 1948//4206
f 830//4207 829//4207 1083//4207
f 3788//4208 1153//4208 831//4208
f 831//1186 832//1186 3758//1186
f 832//4209 831//4209 1153//4209
f 1769//4210 833//4210 2383//4210
f 2996//4211 831//4211 833//4211
f 836//4212 834//4212 1232//4212
f 3159//852 1180//852 2390//852
f 1234//4213 3067//4213 835//4213
f 834//852 836//852 1750//852
f 3246//852 836//852 835//852
f 3163//4214 837//4214 191//4214
f 3090//4215 3091//4215 837//4215
f 838//1195 1167//1195 1308//1195
f 838//4216 837//4216 3091//4216
f 1217//4217 840//4217 185//4217
f 839//872 840//872 3141//872
f 841//4218 842//4218 843//4218
f 2849//4219 3162//4219 842//4219
f 841//232 381//232 3993//232
f 842//259 2101//259 2100//259
f 2358//4220 843//4220 407//4220
f 844//4221 845//4221 3849//4221
f 845//4222 844//4222 3161//4222
f 143//4223 846//4223 3162//4223
f 847//4224 3287//4224 3265//4224
f 3287//4225 847//4225 560//4225
f 1765//4226 1764//4226 3078//4226
f 2119//4227 1765//4227 848//4227
f 113//1210 849//1210 2107//1210
f 849//1210 851//1210 2106//1210
f 851//1210 849//1210 850//1210
f 3612//4228 1713//4228 4081//4228
f 2851//4229 2850//4229 3675//4229
f 3165//4230 2851//4230 852//4230
f 854//1213 852//1213 853//1213
f 853//1213 1814//1213 1815//1213
f 2134//1213 3270//1213 853//1213
f 1814//1213 853//1213 852//1213
f 854//1213 3270//1213 1163//1213
f 855//4231 856//4231 857//4231
f 855//4232 3240//4232 3239//4232
f 856//820 855//820 3138//820
f 857//4233 542//4233 3145//4233
f 1235//1218 1236//1218 565//1218
f 860//1218 858//1218 859//1218
f 2430//1218 1235//1218 858//1218
f 2659//4234 2658//4234 3275//4234
f 863//4235 861//4235 862//4235
f 1271//4236 862//4236 861//4236
f 2431//295 2361//295 186//295
f 3120//4237 3232//4237 861//4237
f 864//4238 865//4238 2812//4238
f 865//605 864//605 4001//605
f 1219//4239 866//4239 3609//4239
f 866//2977 1219//2977 3055//2977
f 3970//4240 3609//4240 866//4240
f 869//4241 867//4241 3739//4241
f 867//4242 869//4242 1915//4242
f 880//1481 2787//1481 3738//1481
f 3661//1226 868//1226 982//1226
f 1916//4243 1915//4243 869//4243
f 2496//1226 869//1226 868//1226
f 2057//4244 871//4244 870//4244
f 885//4245 2250//4245 780//4245
f 872//4246 870//4246 871//4246
f 886//4247 885//4247 870//4247
f 872//222 133//222 3771//222
f 874//4248 875//4248 873//4248
f 873//1240 1860//1240 1859//1240
f 2553//4249 873//4249 1858//4249
f 2553//4250 2025//4250 2550//4250
f 2549//4251 1862//4251 874//4251
f 875//4252 2199//4252 1860//4252
f 1862//4253 1861//4253 875//4253
f 878//4254 876//4254 2532//4254
f 2531//4255 2532//4255 876//4255
f 3795//4256 2738//4256 3846//4256
f 2739//4256 878//4256 877//4256
f 879//2303 881//2303 2680//2303
f 2787//4257 880//4257 879//4257
f 881//4258 879//4258 880//4258
f 883//1247 884//1247 1981//1247
f 3747//4259 2775//4259 883//4259
f 2213//1247 1981//1247 884//1247
f 884//4260 883//4260 2775//4260
f 885//1251 886//1251 887//1251
f 3752//4261 3750//4261 2250//4261
f 3772//1251 887//1251 886//1251
f 1041//1254 1040//1254 887//1254
f 1040//1251 2599//1251 3752//1251
f 2537//4262 2536//4262 666//4262
f 3805//4263 890//4263 889//4263
f 892//4264 893//4264 891//4264
f 2232//979 2536//979 891//979
f 2544//4265 891//4265 2536//4265
f 2543//984 967//984 893//984
f 967//984 2684//984 2686//984
f 3922//4266 891//4266 893//4266
f 895//4267 2010//4267 2009//4267
f 3879//2365 2704//2365 2010//2365
f 896//4268 898//4268 2733//4268
f 898//4269 896//4269 897//4269
f 3743//1263 900//1263 899//1263
f 89//4270 1851//4270 1850//4270
f 904//4271 903//4271 2757//4271
f 903//4272 904//4272 2575//4272
f 2574//1267 904//1267 2756//1267
f 905//4273 2575//4273 2929//4273
f 3793//4274 903//4274 905//4274
f 103//4275 906//4275 101//4275
f 906//4276 1850//4276 1851//4276
f 596//4277 2782//4277 2784//4277
f 2700//4278 2701//4278 2909//4278
f 909//4279 908//4279 2781//4279
f 912//532 2905//532 347//532
f 911//532 910//532 3659//532
f 910//4280 911//4280 1903//4280
f 2975//895 1810//895 1032//895
f 961//4281 2681//4281 2905//4281
f 913//939 2220//939 3689//939
f 915//4282 914//4282 1040//4282
f 916//4283 2894//4283 1140//4283
f 914//4284 915//4284 2243//4284
f 2330//930 4021//930 2894//930
f 775//4285 918//4285 2890//4285
f 917//4286 2890//4286 2331//4286
f 776//4287 917//4287 4022//4287
f 2245//4288 2896//4288 918//4288
f 921//4289 2897//4289 3917//4289
f 920//4290 919//4290 2596//4290
f 919//1289 920//1289 2215//1289
f 2216//1289 2215//1289 920//1289
f 2897//1347 921//1347 964//1347
f 922//4291 924//4291 2606//4291
f 922//1538 1146//1538 2883//1538
f 924//4292 922//4292 923//4292
f 3927//4293 3811//4293 923//4293
f 925//1295 926//1295 927//1295
f 3208//1295 925//1295 3978//1295
f 2673//4294 3792//4294 926//4294
f 926//4295 3394//4295 3677//4295
f 3394//4296 926//4296 3792//4296
f 927//4297 3677//4297 3220//4297
f 930//4298 928//4298 3367//4298
f 928//93 58//93 3283//93
f 2069//4299 424//4299 929//4299
f 1470//4300 3201//4300 930//4300
f 933//4301 931//4301 1395//4301
f 931//4302 933//4302 2618//4302
f 932//4303 3021//4303 3020//4303
f 933//4304 3020//4304 3214//4304
f 936//4305 934//4305 3342//4305
f 934//621 936//621 3343//621
f 935//4306 3344//4306 1450//4306
f 2436//1309 3276//1309 935//1309
f 1438//4307 1437//4307 937//4307
f 937//1311 938//1311 2635//1311
f 940//1311 941//1311 2635//1311
f 1688//4308 944//4308 940//4308
f 1437//4309 1688//4309 938//4309
f 2288//4310 937//4310 939//4310
f 941//4311 940//4311 2416//4311
f 942//1319 943//1319 944//1319
f 1688//4312 1437//4312 1436//4312
f 1442//4313 1441//4313 942//4313
f 943//4314 942//4314 1441//4314
f 2616//4315 2077//4315 3845//4315
f 2417//1319 944//1319 943//1319
f 940//4316 944//4316 2417//4316
f 946//1321 3365//1321 3990//1321
f 949//4317 947//4317 3363//4317
f 1299//4318 947//4318 4042//4318
f 947//4319 1299//4319 3260//4319
f 947//4320 949//4320 3597//4320
f 948//4321 3359//4321 1454//4321
f 2411//4322 2644//4322 948//4322
f 2128//4323 2129//4323 951//4323
f 2425//1328 2128//1328 950//1328
f 950//1328 951//1328 3351//1328
f 3347//4324 3351//4324 951//4324
f 2426//1328 950//1328 952//1328
f 952//4325 3351//4325 3352//4325
f 953//4326 954//4326 955//4326
f 1244//1333 1246//1333 954//1333
f 2665//4327 953//4327 4088//4327
f 2183//1333 1244//1333 953//1333
f 1656//4328 954//4328 1246//4328
f 954//4329 1656//4329 3202//4329
f 957//1138 2249//1138 2248//1138
f 958//4330 915//4330 1041//4330
f 2242//1338 2243//1338 915//1338
f 2534//4331 2242//4331 958//4331
f 960//4332 958//4332 959//4332
f 2065//4333 959//4333 3838//4333
f 2089//4334 2534//4334 960//4334
f 2065//2430 2736//2430 2735//2430
f 962//4335 961//4335 912//4335
f 2681//33 961//33 963//33
f 961//33 962//33 2502//33
f 1903//4336 1034//4336 20//4336
f 965//1289 964//1289 921//1289
f 964//1289 965//1289 1964//1289
f 1965//1289 1964//1289 965//1289
f 2215//1289 2216//1289 3803//1289
f 1967//4337 1968//4337 313//4337
f 2683//4338 1967//4338 966//4338
f 968//4339 668//4339 967//4339
f 3804//4340 889//4340 968//4340
f 971//4341 2695//4341 3767//4341
f 2792//1352 2793//1352 969//1352
f 970//1352 969//1352 2793//1352
f 969//1352 970//1352 2028//1352
f 1958//1352 970//1352 3769//1352
f 2695//4342 971//4342 2514//4342
f 973//4343 972//4343 1093//4343
f 972//4344 973//4344 1854//4344
f 973//4345 1853//4345 2702//4345
f 1998//4346 975//4346 2238//4346
f 1999//4347 976//4347 975//4347
f 734//1077 2257//1077 783//1077
f 2002//4348 2001//4348 978//4348
f 979//4349 980//4349 2163//4349
f 2019//4350 2163//4350 980//4350
f 2018//4351 2158//4351 981//4351
f 3660//4352 982//4352 320//4352
f 321//1226 982//1226 868//1226
f 983//4353 2507//4353 1921//4353
f 984//4354 983//4354 2694//4354
f 983//4355 984//4355 3737//4355
f 1920//4356 984//4356 4011//4356
f 984//4357 1920//4357 2728//4357
f 985//92 3802//92 2507//92
f 985//92 3737//92 2727//92
f 987//992 988//992 2728//992
f 1920//990 1926//990 986//990
f 986//4358 1927//4358 3719//4358
f 988//4359 987//4359 1096//4359
f 1095//4360 2726//4360 2727//4360
f 989//4361 991//4361 3906//4361
f 989//216 3746//216 3918//216
f 991//4362 989//4362 990//4362
f 2058//216 1972//216 990//216
f 991//1377 2508//1377 2509//1377
f 2508//4363 991//4363 1971//4363
f 994//4364 992//4364 993//4364
f 992//4365 3833//4365 3775//4365
f 2509//1377 3834//1377 992//1377
f 157//1047 995//1047 2739//1047
f 995//4366 157//4366 1022//4366
f 2754//282 2755//282 996//282
f 155//4367 997//4367 1024//4367
f 997//1047 2739//1047 3846//1047
f 998//4368 1000//4368 1988//4368
f 998//1380 2709//1380 2710//1380
f 1000//4369 998//4369 999//4369
f 999//4370 2710//4370 2145//4370
f 2144//1263 2522//1263 2771//1263
f 1999//4371 2109//4371 1001//4371
f 1003//4372 2137//4372 735//4372
f 1002//4373 1001//4373 2109//4373
f 1001//1388 1002//1388 2767//1388
f 1028//4374 1002//4374 3858//4374
f 2740//1388 2136//1388 2137//1388
f 1003//1388 2767//1388 4014//1388
f 1004//4375 2143//4375 3820//4375
f 1006//4376 1004//4376 1005//4376
f 4052//997 2560//997 1005//997
f 2522//1384 2144//1384 1004//1384
f 1006//1263 357//1263 3743//1263
f 1996//4377 1008//4377 1007//4377
f 1007//4378 1009//4378 2003//4378
f 2547//4379 2548//4379 3872//4379
f 1009//4380 1007//4380 1008//4380
f 1993//4381 2567//4381 2766//4381
f 2004//4382 2003//4382 1009//4382
f 2024//472 2023//472 1010//472
f 1010//472 1015//472 2191//472
f 1013//4383 1011//4383 1012//4383
f 1011//4384 2124//4384 2004//4384
f 1012//4385 2004//4385 2744//4385
f 2001//4386 2002//4386 1011//4386
f 2527//4387 2001//4387 1013//4387
f 1015//472 1016//472 1014//472
f 1015//472 1010//472 2023//472
f 1016//4388 2549//4388 2550//4388
f 2549//472 1016//472 309//472
f 519//4389 2909//4389 2701//4389
f 1985//1405 1984//1405 1018//1405
f 1018//4390 3805//4390 3804//4390
f 1020//4391 1018//4391 1019//4391
f 1022//4392 1023//4392 1021//4392
f 2968//2934 1021//2934 1023//2934
f 3965//4393 1023//4393 156//4393
f 2738//1047 1025//1047 1024//1047
f 1026//4256 1024//4256 1025//4256
f 1026//4394 905//4394 2247//4394
f 2761//998 2760//998 678//998
f 1028//4395 1029//4395 1030//4395
f 4051//1388 2767//1388 1002//1388
f 2235//4396 2236//4396 3916//4396
f 2520//4397 2235//4397 1029//4397
f 1029//4398 3916//4398 2952//4398
f 3716//4399 2011//4399 4051//4399
f 1031//508 1992//508 1993//508
f 1810//4400 1812//4400 1033//4400
f 1034//4401 1903//4401 911//4401
f 1032//4402 1033//4402 21//4402
f 972//4403 1033//4403 1812//4403
f 2789//4404 1036//4404 1980//4404
f 1035//4405 1036//4405 3690//4405
f 2530//4406 1037//4406 663//4406
f 1039//4407 1037//4407 1038//4407
f 1038//1427 694//1427 2056//1427
f 694//4408 1038//4408 1037//4408
f 3913//1427 3687//1427 2678//1427
f 2599//4409 1040//4409 914//4409
f 3772//4410 3838//4410 959//4410
f 1043//4411 1044//4411 3127//4411
f 3711//4412 1042//4412 3145//4412
f 1044//4413 1043//4413 1879//4413
f 1042//4414 3711//4414 3715//4414
f 3126//4415 3127//4415 1044//4415
f 2868//4416 1046//4416 1045//4416
f 1047//4417 2814//4417 1226//4417
f 1048//4418 1047//4418 1225//4418
f 2234//4419 818//4419 1049//4419
f 2817//4420 1051//4420 1050//4420
f 3148//1440 3125//1440 1052//1440
f 1054//4421 1052//4421 1053//4421
f 1052//4422 3699//4422 3702//4422
f 2357//861 1817//861 3150//861
f 1054//4423 3150//4423 3149//4423
f 2800//172 1056//172 1055//172
f 3106//2421 3107//2421 3997//2421
f 2980//172 1056//172 1847//172
f 1056//172 2800//172 2801//172
f 589//884 1057//884 1206//884
f 2347//4424 2346//4424 1057//4424
f 590//884 1058//884 1788//884
f 1059//1447 1060//1447 1061//1447
f 1183//4425 1184//4425 1060//4425
f 2306//1447 2827//1447 3622//1447
f 1060//4426 2837//4426 2838//4426
f 1098//4427 2305//4427 1061//4427
f 2925//1450 2563//1450 3953//1450
f 1062//4428 1064//4428 3956//4428
f 1064//4429 1062//4429 1063//4429
f 3732//4430 1063//4430 1062//4430
f 373//4431 3084//4431 3713//4431
f 2370//4432 2371//4432 1066//4432
f 1066//4433 3967//4433 2862//4433
f 1068//4434 1066//4434 1067//4434
f 1068//2122 2865//2122 3136//2122
f 1069//933 1070//933 1071//933
f 2706//4435 1071//4435 1070//4435
f 3700//4436 3708//4436 1070//4436
f 2795//4437 2254//4437 1071//4437
f 2819//4438 1072//4438 1075//4438
f 1074//4439 1072//4439 1073//4439
f 2818//4440 1073//4440 1072//4440
f 2598//1463 1073//1463 2984//1463
f 1076//4441 1075//4441 1072//4441
f 1074//1465 2594//1465 2595//1465
f 1076//1465 2595//1465 2872//1465
f 1819//1465 2875//1465 1075//1465
f 1139//1466 2816//1466 1077//1466
f 1934//4442 1078//4442 1077//4442
f 1079//1466 1077//1466 1078//1466
f 1078//4443 1934//4443 1935//4443
f 1079//4444 2599//4444 1140//4444
f 3926//4445 1080//4445 788//4445
f 1913//168 2348//168 1081//168
f 2983//4446 1082//4446 3687//4446
f 829//4447 1948//4447 1084//4447
f 1083//1474 1084//1474 1955//1474
f 1948//4448 1949//4448 1952//4448
f 1088//4449 3588//4449 521//4449
f 1086//4450 1087//4450 1857//4450
f 1087//1474 1086//1474 1955//1474
f 798//1474 1087//1474 1954//1474
f 1858//4451 1859//4451 1088//4451
f 1090//4452 1091//4452 1089//4452
f 3653//4453 2589//4453 1089//4453
f 1805//1481 1914//1481 1090//1481
f 1091//4454 1090//4454 1914//4454
f 2786//4455 3653//4455 1091//4455
f 598//4456 1092//4456 1852//4456
f 1094//4457 3662//4457 1807//4457
f 1095//4458 1096//4458 1900//4458
f 2918//4459 1096//4459 987//4459
f 1097//80 2920//80 2726//80
f 2838//159 2836//159 2921//159
f 1099//157 2307//157 1851//157
f 2828//157 2305//157 2307//157
f 2829//157 2828//157 1099//157
f 2562//4460 3773//4460 1100//4460
f 1101//1450 3732//1450 3953//1450
f 1104//1491 1102//1491 1103//1491
f 1103//4461 3745//4461 2563//4461
f 3745//4462 1103//4462 1102//4462
f 1937//4463 1939//4463 1104//4463
f 1939//4464 1940//4464 1102//4464
f 4067//1491 3955//1491 4020//1491
f 1105//908 609//908 1106//908
f 1107//4465 2226//4465 1985//4465
f 1107//908 1106//908 1108//908
f 1111//4466 1109//4466 2965//4466
f 2966//4467 2965//4467 1109//4467
f 2969//4468 1893//4468 1110//4468
f 3670//4469 1111//4469 1110//4469
f 1109//4470 1111//4470 3672//4470
f 1112//1501 1109//1501 1113//1501
f 2934//4471 2966//4471 1112//4471
f 1773//4472 2932//4472 1113//4472
f 2342//1501 1113//1501 2932//1501
f 2932//4473 1773//4473 2341//4473
f 1114//4474 2260//4474 2259//4474
f 1114//4475 2341//4475 2340//4475
f 4063//1507 1116//1507 1115//1507
f 1117//1507 1115//1507 1116//1507
f 1721//1507 3064//1507 1116//1507
f 2582//1507 1115//1507 1117//1507
f 1120//4476 2955//4476 2957//4476
f 1118//4477 1119//4477 3655//4477
f 1119//4478 2554//4478 2555//4478
f 2918//4479 3719//4479 1119//4479
f 2916//1512 2915//1512 1120//1512
f 1122//574 1123//574 1121//574
f 1121//4480 380//4480 2962//4480
f 1122//4481 3971//4481 3076//4481
f 1123//574 1122//574 2852//574
f 1124//1515 1125//1515 1126//1515
f 1884//4482 2573//4482 1125//4482
f 3707//4483 1126//4483 1182//4483
f 1125//4484 3950//4484 371//4484
f 1129//4485 1130//4485 3608//4485
f 1127//4486 3608//4486 1701//4486
f 3783//4487 1128//4487 1127//4487
f 1129//4488 1127//4488 1128//4488
f 2953//1507 3778//1507 1128//1507
f 1117//1507 2366//1507 1130//1507
f 1702//4489 3608//4489 1130//4489
f 3604//4490 1130//4490 2366//4490
f 1133//4491 2385//4491 2384//4491
f 3628//1525 3652//1525 1132//1525
f 1131//4492 1132//4492 2914//4492
f 1135//4493 1136//4493 1134//4493
f 620//4494 1134//4494 2979//4494
f 1136//517 1135//517 2591//517
f 2979//4495 1134//4495 1136//4495
f 2982//4496 4062//4496 820//4496
f 1137//4497 1138//4497 336//4497
f 1141//4498 2322//4498 2816//4498
f 1139//4499 1140//4499 2894//4499
f 1143//4500 1144//4500 1214//4500
f 2217//123 2323//123 1143//123
f 2323//4501 2325//4501 1144//4501
f 2309//1537 1144//1537 2325//1537
f 2265//1538 2883//1538 1146//1538
f 1147//4502 4060//4502 2266//4502
f 1145//1538 1146//1538 3964//1538
f 1146//4503 922//4503 3923//4503
f 1147//4504 1048//4504 2440//4504
f 2992//4505 1048//4505 1147//4505
f 1150//4506 1148//4506 2995//4506
f 2168//4507 2995//4507 1148//4507
f 2675//1542 2993//1542 1150//1542
f 1149//1542 3151//1542 3785//1542
f 1148//4508 1150//4508 2993//4508
f 1152//4509 1151//4509 3218//4509
f 1151//4510 1152//4510 3789//4510
f 3219//1542 3785//1542 3151//1542
f 1153//1547 3788//1547 3980//1547
f 1154//4511 2//4511 3208//4511
f 3976//4512 3977//4512 3981//4512
f 1156//4513 1157//4513 3640//4513
f 1155//4514 3640//4514 1188//4514
f 1155//1553 2410//1553 2411//1553
f 2410//1553 1155//1553 2120//1553
f 1156//4515 2411//4515 3363//4515
f 1157//4516 845//4516 1189//4516
f 3260//1712 3850//1712 1157//1712
f 845//4517 1157//4517 3850//4517
f 1158//4518 1159//4518 3016//4518
f 3153//1558 1158//1558 3095//1558
f 1161//4519 1162//4519 4029//4519
f 1264//4520 1222//4520 1160//4520
f 1208//4521 2400//4521 1161//4521
f 1162//4522 1161//4522 2400//4522
f 2040//4523 1162//4523 3831//4523
f 1163//4524 2425//4524 2426//4524
f 1165//4525 1163//4525 1164//4525
f 3272//4526 3271//4526 1164//4526
f 854//4527 1165//4527 3164//4527
f 1167//1195 838//1195 1166//1195
f 1237//4528 3264//4528 1166//4528
f 3040//4529 3853//4529 3290//4529
f 1280//1571 1168//1571 1170//1571
f 1168//4530 1169//4530 3875//4530
f 3149//4531 1169//4531 2427//4531
f 1169//4532 3149//4532 3150//4532
f 1169//4533 1168//4533 3873//4533
f 3638//4534 1762//4534 1170//4534
f 1172//4535 1173//4535 3059//4535
f 1908//1577 1909//1577 3621//1577
f 2961//1577 1908//1577 1171//1577
f 1171//4536 3621//4536 2369//4536
f 1173//4537 1172//4537 2368//4537
f 1175//1452 1063//1452 1174//1452
f 3731//4538 1174//4538 1063//4538
f 2315//1452 2316//1452 3079//1452
f 1177//4539 1178//4539 1176//4539
f 1178//4540 1727//4540 1728//4540
f 1179//4541 1180//4541 1755//4541
f 2955//1511 1179//1511 2958//1511
f 1182//4542 370//4542 1181//4542
f 1184//4543 1183//4543 1294//4543
f 1059//1447 3622//1447 3018//1447
f 3843//4544 1294//4544 1183//4544
f 2837//4545 1060//4545 1184//4545
f 3074//4546 3075//4546 1185//4546
f 3631//1588 1186//1588 1185//1588
f 2843//1589 1764//1589 1188//1589
f 1187//4547 1188//4547 3640//4547
f 2120//4548 1188//4548 1764//4548
f 1189//4549 3161//4549 2844//4549
f 1191//4550 1192//4550 1193//4550
f 2825//4551 2321//4551 1191//4551
f 3096//4552 1230//4552 1229//4552
f 1192//4553 1191//4553 2321//4553
f 1192//4554 1229//4554 3153//4554
f 2825//886 1807//886 3662//886
f 1194//4555 3662//4555 3663//4555
f 1196//4556 1194//4556 1195//4556
f 1194//2585 1196//2585 2321//2585
f 2826//4557 1197//4557 1199//4557
f 3755//4558 3754//4558 1197//4558
f 1197//4559 1198//4559 2376//4559
f 2198//4560 2376//4560 1198//4560
f 3589//4561 1198//4561 3973//4561
f 3754//1607 3973//1607 1198//1607
f 2383//1186 3757//1186 1202//1186
f 1203//1186 1202//1186 3757//1186
f 3979//4562 1202//4562 1204//4562
f 1202//4563 1203//4563 1797//4563
f 1203//4564 1199//4564 1798//4564
f 3658//4565 3626//4565 3643//4565
f 1206//4566 1207//4566 3651//4566
f 1788//4567 1205//4567 3985//4567
f 1205//884 1788//884 1058//884
f 2346//4568 1207//4568 1206//4568
f 2906//4569 343//4569 1207//4569
f 1210//4570 539//4570 1211//4570
f 2895//125 77//125 1211//125
f 3946//585 1212//585 388//585
f 3623//4571 3624//4571 1212//4571
f 3624//4572 3947//4572 3113//4572
f 1215//4573 1213//4573 1739//4573
f 1738//585 1739//585 1213//585
f 2309//1537 1215//1537 1214//1537
f 1215//1537 2309//1537 2308//1537
f 2310//4574 3946//4574 1213//4574
f 579//872 3141//872 840//872
f 3668//4575 1217//4575 1216//4575
f 4065//1623 1218//1623 3667//1623
f 3683//1623 1045//1623 1218//1623
f 1220//4576 3146//4576 3259//4576
f 1221//4577 581//4577 2810//4577
f 3054//4578 1221//4578 4058//4578
f 2084//4579 1725//4579 1222//4579
f 1725//4580 1726//4580 1223//4580
f 1225//864 1226//864 1758//864
f 1224//864 572//864 2440//864
f 1286//4581 1758//4581 1226//4581
f 2814//4582 2813//4582 4002//4582
f 605//4583 1228//4583 4076//4583
f 2810//900 2809//900 603//900
f 1227//900 4076//900 4058//900
f 1228//4584 3303//4584 3302//4584
f 1228//4585 605//4585 3665//4585
f 1230//4586 1231//4586 3154//4586
f 1231//4587 1230//4587 2380//4587
f 834//4588 2390//4588 1233//4588
f 1232//557 1233//557 3087//557
f 1236//4589 1235//4589 2367//4589
f 3167//1637 1238//1637 1237//1637
f 1238//1637 3167//1637 2359//1637
f 956//4590 1240//4590 300//4590
f 1240//4591 3360//4591 1661//4591
f 1240//595 956//595 2664//595
f 3360//595 1240//595 4090//595
f 4046//2084 1669//2084 1242//2084
f 1241//4592 1242//4592 404//4592
f 1243//761 3368//761 3574//761
f 3897//4593 3575//4593 1243//4593
f 1246//1333 1244//1333 1245//1333
f 1320//4594 2175//4594 1245//4594
f 3899//1333 1245//1333 1244//1333
f 1657//4595 1246//4595 3571//4595
f 1249//4596 1247//4596 516//4596
f 3377//4597 3376//4597 1247//4597
f 1249//1648 3301//1648 3238//1648
f 1252//1649 2049//1649 3298//1649
f 1254//4598 1252//4598 1253//4598
f 2078//4599 2077//4599 1253//4599
f 3184//4600 2047//4600 1252//4600
f 3185//4601 3184//4601 1254//4601
f 3399//4602 1254//4602 3391//4602
f 2117//4603 1255//4603 1257//4603
f 3265//1655 2650//1655 1255//1655
f 1255//4604 1256//4604 3595//4604
f 1256//4605 1255//4605 2650//4605
f 3362//208 3595//208 1256//208
f 1257//208 3595//208 3411//208
f 1259//1660 1260//1660 2670//1660
f 1402//1660 1259//1660 1258//1660
f 1259//4606 1402//4606 3384//4606
f 2674//4607 1260//4607 3792//4607
f 3678//4608 3792//4608 1260//4608
f 1263//4609 1261//4609 3211//4609
f 3214//1665 1261//1665 2073//1665
f 2394//4610 2395//4610 2805//4610
f 1262//2857 2805//2857 2806//2857
f 2072//1665 2073//1665 1261//1665
f 3180//4611 1265//4611 1395//4611
f 2630//1672 1266//1672 1265//1672
f 1267//4612 1265//4612 1266//4612
f 3984//1672 2388//1672 2387//1672
f 932//4613 1395//4613 1265//4613
f 3021//1303 932//1303 1267//1303
f 2063//4614 1269//4614 3837//4614
f 1268//4615 1269//4615 2632//4615
f 1270//4616 1271//4616 1272//4616
f 165//264 3854//264 1271//264
f 862//4617 1271//4617 3854//4617
f 1272//1678 861//1678 3232//1678
f 2122//1678 3299//1678 3233//1678
f 1273//4618 1274//4618 1275//4618
f 2648//1681 2649//1681 1274//1681
f 1335//1681 1274//1681 2649//1681
f 2428//4619 1275//4619 1274//4619
f 1275//1575 2428//1575 2427//1575
f 1278//4620 1276//4620 4000//4620
f 1335//4621 1276//4621 3883//4621
f 3126//4622 3883//4622 1276//4622
f 3121//1217 1278//1217 1277//1217
f 3240//4623 855//4623 1277//4623
f 2126//4624 2127//4624 1280//4624
f 1279//4625 3174//4625 3372//4625
f 1279//1571 1280//1571 2424//1571
f 2127//4626 3873//4626 1168//4626
f 3175//4627 1281//4627 3248//4627
f 1281//4628 3175//4628 3174//4628
f 3249//4629 3248//4629 1281//4629
f 3002//4630 3001//4630 1283//4630
f 1282//4631 1283//4631 3001//4631
f 2154//1689 1284//1689 1286//1689
f 1285//1689 1284//1689 3248//1689
f 1284//4632 1285//4632 1758//4632
f 1763//4633 1285//4633 3249//4633
f 1288//1698 1289//1698 3251//1698
f 4073//1698 1287//1698 3989//1698
f 1287//1698 3251//1698 3988//1698
f 2051//1698 1288//1698 1287//1698
f 80//4634 1288//4634 2051//4634
f 3252//4635 3251//4635 1289//4635
f 1291//4636 1290//4636 3019//4636
f 3018//4637 1290//4637 1292//4637
f 1290//4638 1291//4638 3254//4638
f 3857//4639 1293//4639 1295//4639
f 2834//1586 1184//1586 1293//1586
f 1293//4640 1294//4640 2081//4640
f 3250//4641 2081//4641 1294//4641
f 2639//1707 2638//1707 1296//1707
f 1297//1707 1296//1707 2638//1707
f 1296//1707 1297//1707 1716//1707
f 3058//4642 3259//4642 3146//4642
f 3057//2108 1692//2108 2434//2108
f 1298//4643 1716//4643 1718//4643
f 2433//1707 1296//1707 1298//1707
f 3262//4644 1299//4644 1300//4644
f 3850//1712 3260//1712 1299//1712
f 1327//4645 161//4645 1300//4645
f 3157//4646 3995//4646 1301//4646
f 1302//4647 1301//4647 3995//4647
f 1301//4648 1302//4648 3288//4648
f 2080//189 3288//189 1302//189
f 3994//190 119//190 1304//190
f 3308//2108 2432//2108 1306//2108
f 1305//460 2179//460 3266//460
f 1305//4649 1306//4649 1689//4649
f 1690//4650 1689//4650 1306//4650
f 1307//460 1310//460 2179//460
f 3603//4651 3900//4651 1310//4651
f 1167//1195 3290//1195 3289//1195
f 3870//4652 409//4652 1308//4652
f 1310//460 1309//460 295//460
f 2184//4653 1309//4653 1311//4653
f 1309//4654 2184//4654 3267//4654
f 1309//460 1310//460 3900//460
f 1314//4655 1312//4655 2423//4655
f 2422//4656 2423//4656 1312//4656
f 409//617 3870//617 3881//617
f 1314//4657 3862//4657 2113//4657
f 1314//4658 1313//4658 3881//4658
f 2438//1730 2439//1730 3164//1730
f 1315//4659 1316//4659 3886//4659
f 1316//1730 1315//1730 3164//1730
f 1316//4660 1164//4660 3271//4660
f 1315//4661 1317//4661 859//4661
f 859//4662 1317//4662 2152//4662
f 1317//4663 3886//4663 3887//4663
f 1318//4664 1319//4664 1320//4664
f 1319//449 2174//449 2175//449
f 2178//4665 3293//4665 1319//4665
f 1323//4666 1321//4666 3277//4666
f 3902//463 3061//463 302//463
f 1322//4667 1320//4667 3899//4667
f 1322//4668 3277//4668 4004//4668
f 1323//1333 3899//1333 2183//1333
f 3304//4669 3902//4669 1321//4669
f 1683//4670 3598//4670 1324//4670
f 1326//4671 1324//4671 1325//4671
f 2665//4672 1325//4672 3304//4672
f 1324//4673 3278//4673 3152//4673
f 3280//1747 1683//1747 1326//1747
f 4042//4674 3597//4674 531//4674
f 3578//4675 504//4675 1328//4675
f 1328//4676 3349//4676 4041//4676
f 1330//4677 1328//4677 1329//4677
f 2147//4678 3274//4678 1329//4678
f 2660//777 3578//777 1330//777
f 4083//4679 1330//4679 3884//4679
f 2086//4680 2073//4680 1332//4680
f 2085//4681 2086//4681 1331//4681
f 1331//1756 1332//1756 2083//1756
f 2073//4682 2072//4682 3035//4682
f 2084//1756 2083//1756 1332//1756
f 2629//4683 1331//4683 1333//4683
f 3241//4684 3240//4684 4000//4684
f 4040//4685 3241//4685 1334//4685
f 1276//1681 1335//1681 1334//1681
f 1337//4686 1338//4686 1336//4686
f 1453//4687 1336//4687 2034//4687
f 1338//1762 1337//1762 3458//1762
f 1337//4688 3185//4688 3399//4688
f 3312//4689 1338//4689 1528//4689
f 2033//4690 1336//4690 1338//4690
f 1339//4691 1340//4691 2458//4691
f 1341//4692 3407//4692 3406//4692
f 2464//4693 439//4693 1343//4693
f 1531//4694 1526//4694 1344//4694
f 1345//4695 1524//4695 689//4695
f 127//4696 1347//4696 3320//4696
f 3513//4697 1347//4697 2290//4697
f 1349//805 529//805 1454//805
f 1350//4698 1349//4698 1375//4698
f 2474//4699 3515//4699 1351//4699
f 3318//4700 1351//4700 147//4700
f 2300//4701 455//4701 1352//4701
f 3418//1777 1353//1777 230//1777
f 3581//4702 3346//4702 1353//4702
f 245//384 1354//384 3527//384
f 2181//4703 2182//4703 1355//4703
f 1356//4704 1357//4704 1358//4704
f 1356//764 1427//764 1428//764
f 3423//4705 3335//4705 1357//4705
f 1360//4706 1354//4706 1359//4706
f 3524//361 1359//361 1456//361
f 1354//4707 1360//4707 3539//4707
f 1362//4708 756//4708 1366//4708
f 1429//4709 3427//4709 1364//4709
f 3525//4710 1364//4710 3427//4710
f 1366//4711 756//4711 1365//4711
f 3525//4712 3540//4712 1365//4712
f 1368//4713 1369//4713 1367//4713
f 1371//4714 1367//4714 1369//4714
f 1369//4715 1368//4715 3461//4715
f 6//1788 1368//1788 3501//1788
f 1370//4716 1369//4716 1509//4716
f 1371//4717 2189//4717 2190//4717
f 2189//4718 1371//4718 1370//4718
f 3429//4719 3531//4719 1367//4719
f 1372//1795 1373//1795 1374//1795
f 1662//4720 1450//4720 3344//4720
f 2182//1795 1374//1795 1373//1795
f 1377//4721 1375//4721 1677//4721
f 3514//4722 1350//4722 1377//4722
f 1378//4723 415//4723 2291//4723
f 1379//4724 1709//4724 1708//4724
f 1381//4725 1379//4725 1380//4725
f 1380//1706 1708//1706 2619//1706
f 758//4726 1383//4726 270//4726
f 1385//1804 1386//1804 2295//1804
f 1455//1804 1385//1804 1384//1804
f 1746//1804 1384//1804 3466//1804
f 3400//4727 1387//4727 1455//4727
f 1389//3110 1387//3110 1388//3110
f 1406//4728 1388//4728 3505//4728
f 1388//4729 1761//4729 2289//4729
f 1387//4730 3400//4730 1761//4730
f 1387//4731 1389//4731 1385//4731
f 3885//4732 1390//4732 3377//4732
f 3242//1812 1391//1812 1390//1812
f 1391//4733 3242//4733 3241//4733
f 509//4734 1391//4734 4040//4734
f 2149//4735 2150//4735 1392//4735
f 2150//4736 2157//4736 3580//4736
f 1419//4737 1420//4737 1393//4737
f 3323//4738 1393//4738 1394//4738
f 169//4739 1393//4739 1420//4739
f 3179//4740 2281//4740 1397//4740
f 1398//4741 48//4741 2282//4741
f 1401//4742 939//4742 1400//4742
f 1404//4743 1402//4743 1473//4743
f 3385//4744 3384//4744 1402//4744
f 1404//4745 3503//4745 3397//4745
f 94//4746 1525//4746 97//4746
f 436//4747 1406//4747 1407//4747
f 1516//4748 26//4748 1407//4748
f 1409//1828 1408//1828 3504//1828
f 1408//4749 431//4749 3405//4749
f 1411//4750 1412//4750 1410//4750
f 1411//4751 3459//4751 3460//4751
f 1412//4752 1743//4752 3406//4752
f 716//1051 1415//1051 1417//1051
f 1413//4753 1417//4753 2651//4753
f 3313//4754 2287//4754 1416//4754
f 1415//1051 1416//1051 3606//1051
f 3322//4755 2474//4755 3318//4755
f 1419//1834 3318//1834 3317//1834
f 3457//4756 1420//4756 3317//4756
f 1422//4757 1423//4757 1421//4757
f 1423//4758 2160//4758 1559//4758
f 1422//256 1461//256 1460//256
f 3357//4759 3358//4759 1461//4759
f 1676//4760 1532//4760 1423//4760
f 213//334 1424//334 754//334
f 1539//4761 754//4761 1424//4761
f 1425//4762 507//4762 2652//4762
f 2657//4763 1426//4763 214//4763
f 3424//4764 3341//4764 1427//4764
f 1428//4765 501//4765 1450//4765
f 1363//4766 1430//4766 3426//4766
f 3427//4767 1429//4767 3528//4767
f 3455//4768 3528//4768 1429//4768
f 1430//4769 1363//4769 1431//4769
f 1661//4770 3426//4770 1430//4770
f 1432//4771 168//4771 2668//4771
f 3375//4772 3328//4772 1394//4772
f 446//1851 3410//1851 1434//1851
f 1433//1851 1434//1851 524//1851
f 3410//4773 2280//4773 2279//4773
f 1437//2566 1438//2566 2294//2566
f 2293//1031 1442//1031 1436//1031
f 1680//4774 1679//4774 1439//4774
f 1679//4775 1681//4775 3388//4775
f 1439//1834 3388//1834 3317//1834
f 1441//1031 1442//1031 1440//1031
f 3390//4776 1440//4776 3458//4776
f 1527//1031 1440//1031 1442//1031
f 1451//4777 2034//4777 1781//4777
f 1443//4778 1784//4778 3462//4778
f 1445//4779 1446//4779 1444//4779
f 1446//4780 2653//4780 286//4780
f 1444//4781 286//4781 3178//4781
f 1660//1864 1444//1864 3340//1864
f 2187//4782 1445//4782 1660//4782
f 1654//4783 2654//4783 1446//4783
f 1448//4784 1449//4784 1447//4784
f 1508//4785 1447//4785 1449//4785
f 1449//4786 1448//4786 1821//4786
f 1452//1869 1453//1869 1451//1869
f 3462//1869 3181//1869 3648//1869
f 3184//4787 3185//4787 1452//4787
f 3185//4788 1337//4788 1453//4788
f 1375//4789 1454//4789 3359//4789
f 1746//4790 2633//4790 3605//4790
f 1457//4791 3417//4791 3325//4791
f 1457//4792 2669//4792 3463//4792
f 3420//4793 3421//4793 1458//4793
f 1459//1875 3187//1875 3414//1875
f 158//4794 1468//4794 1676//4794
f 1461//256 1674//256 159//256
f 1674//4795 1461//4795 3358//4795
f 1462//4796 1464//4796 1697//4796
f 3409//4797 1463//4797 1462//4797
f 1464//4798 1462//4798 1463//4798
f 1463//4799 3409//4799 3408//4799
f 1465//4800 4085//4800 3201//4800
f 1465//1883 1466//1883 3940//1883
f 1466//4801 1465//4801 1470//4801
f 1469//4802 3504//4802 3511//4802
f 3941//1883 78//1883 1467//1883
f 1467//4803 80//4803 4085//4803
f 1469//1828 1470//1828 1471//1828
f 3398//4804 1472//4804 3432//4804
f 1474//4805 1472//4805 1473//4805
f 1472//4806 3398//4806 1403//4806
f 1258//4807 2670//4807 2672//4807
f 1474//1891 2672//1891 3203//1891
f 3430//1891 3432//1891 1472//1891
f 1476//4808 1477//4808 1475//4808
f 481//4809 3558//4809 1749//4809
f 2481//4810 2482//4810 1477//4810
f 1617//4811 1477//4811 2482//4811
f 1479//4812 1480//4812 1478//4812
f 1478//4813 1620//4813 3448//4813
f 1771//4814 1772//4814 1480//4814
f 587//4815 1787//4815 2485//4815
f 1479//4816 2485//4816 2486//4816
f 1480//4817 1621//4817 1620//4817
f 1621//4818 1480//4818 1772//4818
f 1482//4819 1481//4819 725//4819
f 1481//4820 1482//4820 3554//4820
f 602//4821 1482//4821 3557//4821
f 3552//4822 2489//4822 1483//4822
f 1648//4823 3434//4823 1485//4823
f 1484//4824 1485//4824 3434//4824
f 1487//4825 1488//4825 1486//4825
f 1488//4826 1487//4826 2457//4826
f 1645//4827 1638//4827 3556//4827
f 1491//4828 1489//4828 1490//4828
f 3441//4829 1645//4829 1489//4829
f 3441//4830 1491//4830 3566//4830
f 3536//150 707//150 1492//150
f 1495//4831 556//4831 1494//4831
f 3478//4832 1494//4832 1557//4832
f 3480//4833 1615//4833 556//4833
f 3478//4834 3479//4834 174//4834
f 1623//4835 557//4835 1498//4835
f 1642//4836 3477//4836 1624//4836
f 1499//4837 2473//4837 1561//4837
f 1500//4838 1502//4838 1977//4838
f 1502//4839 1500//4839 1501//4839
f 1500//4840 3402//4840 3199//4840
f 1501//3040 3199//3040 3464//3040
f 1502//2666 2471//2666 2447//2666
f 1505//4841 1503//4841 1504//4841
f 1503//4842 1505//4842 1522//4842
f 3673//4843 2461//4843 1505//4843
f 1512//4844 1507//4844 1506//4844
f 1506//4845 1508//4845 2297//4845
f 2298//4846 3533//4846 3508//4846
f 1508//4847 1506//4847 1507//4847
f 1507//4848 1512//4848 2480//4848
f 1509//4849 3461//4849 1447//4849
f 1787//4850 1511//4850 1510//4850
f 1510//4851 1512//4851 3508//4851
f 1512//4852 1510//4852 1511//4852
f 1515//4853 1513//4853 2483//4853
f 1551//4854 1515//4854 1514//4854
f 1341//4855 2458//4855 1513//4855
f 3407//4692 1341//4692 1515//4692
f 1517//4856 1516//4856 3505//4856
f 3311//4048 1518//4048 3533//4048
f 1518//4048 3311//4048 3310//4048
f 3401//4857 1522//4857 1521//4857
f 1521//4858 1522//4858 2462//4858
f 2461//4859 2462//4859 1522//4859
f 3942//4860 3941//4860 1524//4860
f 3316//4861 97//4861 1525//4861
f 1527//4862 1344//4862 1526//4862
f 1526//4863 1531//4863 3535//4863
f 1528//4864 3458//4864 1440//4864
f 1529//4865 1531//4865 2463//4865
f 1529//4865 1749//4865 3558//4865
f 1531//4866 1529//4866 1530//4866
f 2470//4867 2469//4867 3535//4867
f 1530//4868 3558//4868 3484//4868
f 2160//4869 1423//4869 1532//4869
f 1532//4870 1676//4870 1468//4870
f 1534//4871 2477//4871 2478//4871
f 1536//4872 1534//4872 1535//4872
f 1536//4873 3380//4873 3379//4873
f 3380//4874 1536//4874 3382//4874
f 1538//4875 452//4875 1537//4875
f 3383//4876 1538//4876 3328//4876
f 1539//4877 750//4877 3518//4877
f 1540//4878 1969//4878 1635//4878
f 1540//4879 1542//4879 2180//4879
f 1542//4880 1540//4880 1541//4880
f 1541//4881 1635//4881 1634//4881
f 1547//4882 1545//4882 24//4882
f 1546//4883 3397//4883 3503//4883
f 1545//4884 1547//4884 3532//4884
f 1548//4885 1549//4885 1550//4885
f 1549//4886 1548//4886 1974//4886
f 1771//4887 2486//4887 1552//4887
f 3509//4888 1552//4888 2486//4888
f 1553//4889 1554//4889 1555//4889
f 3315//1040 1553//1040 711//1040
f 3314//4890 3408//4890 1553//4890
f 1610//4891 1555//4891 1554//4891
f 3408//4891 3512//4891 1554//4891
f 1609//4892 2488//4892 1555//4892
f 1342//4893 1556//4893 3476//4893
f 131//4894 2465//4894 1623//4894
f 2475//4895 1557//4895 3515//4895
f 1560//4896 3537//4896 3520//4896
f 1560//1988 1558//1988 1559//1988
f 2160//4897 2162//4897 2165//4897
f 1421//1988 1559//1988 1558//1988
f 1560//4898 1618//4898 1619//4898
f 2165//4899 3538//4899 1618//4899
f 1563//4900 1561//4900 1562//4900
f 1561//4901 3334//4901 2181//4901
f 3527//4902 3539//4902 1562//4902
f 3540//4903 275//4903 1564//4903
f 3339//4904 2451//4904 1565//4904
f 3526//4905 1566//4905 3540//4905
f 36//4906 1644//4906 1612//4906
f 1569//4907 1611//4907 1568//4907
f 1569//4908 1570//4908 3542//4908
f 1573//4909 63//4909 1570//4909
f 3440//4910 3542//4910 1570//4910
f 1648//4911 1647//4911 1572//4911
f 1647//4912 3433//4912 87//4912
f 1574//4913 1576//4913 1577//4913
f 1577//4914 1576//4914 1583//4914
f 2045//4915 2021//4915 1575//4915
f 1579//4916 1580//4916 1578//4916
f 1578//4917 1581//4917 1608//4917
f 1580//4918 1585//4918 1581//4918
f 2031//4919 2044//4919 1580//4919
f 2045//4920 1577//4920 1582//4920
f 1582//4921 1583//4921 3438//4921
f 1583//4922 479//4922 1617//4922
f 1584//4923 1586//4923 1587//4923
f 1585//4924 1580//4924 2044//4924
f 1588//4925 1587//4925 1586//4925
f 1614//4926 1616//4926 1586//4926
f 183//4927 1586//4927 1616//4927
f 2046//4928 2045//4928 1587//4928
f 1593//4929 1589//4929 204//4929
f 1638//4827 1645//4827 203//4827
f 647//4930 1591//4930 217//4930
f 1877//4931 1878//4931 1631//4931
f 1592//4932 1631//4932 1599//4932
f 1595//4933 1594//4933 1600//4933
f 1633//4934 647//4934 1594//4934
f 1596//4935 1600//4935 1602//4935
f 1596//4936 657//4936 1652//4936
f 1599//4937 1597//4937 3450//4937
f 1632//4938 1637//4938 494//4938
f 1597//4939 494//4939 3445//4939
f 2156//4940 2095//4940 2139//4940
f 1631//4941 1632//4941 1597//4941
f 1598//4942 2139//4942 1593//4942
f 1600//4943 219//4943 1601//4943
f 278//4944 1604//4944 3882//4944
f 3452//4945 1602//4945 1603//4945
f 3444//4946 1604//4946 3548//4946
f 1604//4947 3444//4947 3447//4947
f 1625//4948 1605//4948 3445//4948
f 1606//4949 1545//4949 1966//4949
f 1785//4950 3553//4950 458//4950
f 2162//4951 1607//4951 3538//4951
f 1649//4952 555//4952 1608//4952
f 1567//4953 1612//4953 3717//4953
f 3474//4954 3717//4954 1612//4954
f 1584//4955 3438//4955 1642//4955
f 1616//4956 1614//4956 1615//4956
f 1498//4957 1615//4957 1614//4957
f 3438//4958 1617//4958 3477//4958
f 1963//4959 3448//4959 1620//4959
f 1622//4960 1620//4960 1621//4960
f 1962//4961 1963//4961 1622//4961
f 1624//4962 3476//4962 1556//4962
f 1627//4963 3549//4963 1605//4963
f 1625//4964 1626//4964 3550//4964
f 1627//4965 3550//4965 1963//4965
f 2166//4966 1628//4966 1490//4966
f 2449//4967 200//4967 1628//4967
f 1629//4968 1651//4968 3547//4968
f 1632//4969 1631//4969 1878//4969
f 1637//4970 1632//4970 3495//4970
f 3446//4971 1633//4971 1595//4971
f 1636//4972 1634//4972 495//4972
f 2492//4973 1634//4973 1636//4973
f 1641//4974 1621//4974 3475//4974
f 1643//4975 1792//4975 3542//4975
f 1647//4976 1648//4976 1646//4976
f 3542//4977 1792//4977 1650//4977
f 1655//2069 1653//2069 2654//2069
f 1656//4978 1653//4978 3203//4978
f 2303//4979 1654//4979 1445//4979
f 2302//2069 1655//2069 1654//2069
f 1653//4980 1655//4980 3430//4980
f 1655//4981 2302//4981 3432//4981
f 1653//2069 1656//2069 1657//2069
f 418//4982 1658//4982 298//4982
f 2188//1864 1660//1864 3341//1864
f 3360//4983 3455//4983 3426//4983
f 3423//4984 1428//4984 1662//4984
f 3305//421 3573//421 500//421
f 211//4985 2648//4985 1273//4985
f 1664//4986 1273//4986 3874//4986
f 1665//2081 1664//2081 3371//2081
f 1665//2081 1667//2081 3456//2081
f 1667//2081 1665//2081 1666//2081
f 1670//4987 1668//4987 1669//4987
f 2157//4988 1669//4988 1668//4988
f 2661//4989 2662//4989 1668//4989
f 3936//4990 1670//4990 4046//4990
f 1671//4991 1672//4991 2304//4991
f 1675//4992 1673//4992 3594//4992
f 3290//4993 1673//4993 4045//4993
f 1673//4994 3290//4994 3853//4994
f 1673//2092 1675//2092 3944//2092
f 3943//2092 3944//2092 1675//2092
f 1679//4995 1680//4995 1678//4995
f 2655//4996 3223//4996 4044//4996
f 1680//2793 526//2793 2655//2793
f 3457//1835 3388//1835 1681//1835
f 1684//4997 1682//4997 3598//4997
f 1682//4998 1684//4998 3135//4998
f 2377//4999 3982//4999 3893//4999
f 1976//5000 1684//5000 1683//5000
f 3300//2101 1686//2101 1685//2101
f 1687//5001 1685//5001 1686//5001
f 3300//2101 2419//2101 2115//2101
f 1687//5002 2279//5002 2280//5002
f 1414//5003 2651//5003 1685//5003
f 1691//5004 3603//5004 1307//5004
f 1689//5005 1690//5005 3123//5005
f 2364//2106 3123//2106 1690//2106
f 1693//5006 1690//5006 1692//5006
f 2432//2108 2434//2108 1692//2108
f 2365//2106 2364//2106 1693//2106
f 1694//2110 1696//2110 2372//2110
f 1694//2110 3130//2110 4006//2110
f 1696//2110 1694//2110 1695//2110
f 1695//5007 4006//5007 3900//5007
f 2373//5008 2372//5008 1696//5008
f 1698//185 1699//185 2623//185
f 2623//185 1699//185 1400//185
f 1699//5009 1698//5009 3606//5009
f 2651//5010 1698//5010 1700//5010
f 2623//5011 3856//5011 3300//5011
f 1703//5012 1701//5012 3608//5012
f 1701//5013 1703//5013 1704//5013
f 3784//2118 1701//2118 3763//2118
f 303//463 1703//463 1702//463
f 3062//5014 1704//5014 1703//5014
f 1707//5015 2863//5015 1704//5015
f 1707//5016 1705//5016 2866//5016
f 2863//5017 1707//5017 1706//5017
f 1706//2122 2866//2122 2865//2122
f 3062//463 3061//463 1705//463
f 3193//5018 1708//5018 1709//5018
f 3250//1706 2619//1706 1708//1706
f 1711//618 1712//618 2441//618
f 1713//5019 1715//5019 4059//5019
f 1715//5020 1713//5020 1714//5020
f 1713//5021 3612//5021 110//5021
f 1717//5022 1716//5022 1297//5022
f 1716//5023 1717//5023 2335//5023
f 2336//5024 2335//5024 1717//5024
f 1721//5025 1719//5025 1720//5025
f 272//5026 1720//5026 1719//5026
f 3064//5027 1721//5027 535//5027
f 1723//2132 1724//2132 537//2132
f 537//2132 2177//2132 2176//2132
f 3166//2132 3604//2132 3966//2132
f 3962//2132 3166//2132 1723//2132
f 1724//2132 1723//2132 3966//2132
f 1725//5028 2084//5028 3035//5028
f 1726//2135 1725//2135 3642//2135
f 1726//5029 2313//5029 2312//5029
f 1726//2135 3641//2135 3112//2135
f 2841//552 1728//552 1727//552
f 1904//5030 1829//5030 1730//5030
f 1731//5031 2504//5031 2503//5031
f 1729//5032 1730//5032 3680//5032
f 1829//5033 1830//5033 3722//5033
f 3681//5034 3680//5034 1730//5034
f 1731//2291 3680//2291 3721//2291
f 545//5035 1732//5035 1754//5035
f 1732//2144 1733//2144 4057//2144
f 1733//2144 2879//2144 2881//2144
f 124//5036 1735//5036 3731//5036
f 3970//5037 2812//5037 547//5037
f 2374//5038 1737//5038 2362//5038
f 3133//5039 3970//5039 1736//5039
f 1738//5040 387//5040 2405//5040
f 3115//5041 810//5041 1739//5041
f 1741//5042 1742//5042 1740//5042
f 3725//5043 2923//5043 1740//5043
f 2327//5044 3019//5044 1742//5044
f 1742//5045 2827//5045 2829//5045
f 2827//5046 1742//5046 3019//5046
f 2283//5047 2282//5047 1743//5047
f 1747//5048 1745//5048 2633//5048
f 1748//5049 1476//5049 1749//5049
f 836//852 3246//852 1751//852
f 3007//852 1751//852 3246//852
f 3032//2159 2626//2159 1753//2159
f 1752//2159 1753//2159 3034//2159
f 2626//2159 2625//2159 3033//2159
f 2808//5050 1752//5050 1754//5050
f 1755//5051 1756//5051 2956//5051
f 562//852 1755//852 1180//852
f 564//5052 1757//5052 3720//5052
f 1901//5053 2956//5053 1756//5053
f 1757//5054 2832//5054 2831//5054
f 3633//1588 3632//1588 2832//1588
f 3945//1588 3633//1588 1757//1588
f 1285//5055 1763//5055 1224//5055
f 1759//5056 1761//5056 3400//5056
f 1761//5057 1759//5057 1760//5057
f 1822//5058 1824//5058 1760//5058
f 1759//2170 4031//2170 3403//2170
f 2424//5059 1170//5059 1762//5059
f 3080//5060 3078//5060 1764//5060
f 1766//5061 1768//5061 2409//5061
f 1768//2174 1766//2174 1767//2174
f 1766//2174 2102//2174 3227//2174
f 11//5062 1769//5062 1770//5062
f 1772//5063 1771//5063 1514//5063
f 1773//2177 1774//2177 1775//2177
f 3672//2177 3671//2177 1774//2177
f 3163//2177 1774//2177 3671//2177
f 3958//5064 2340//5064 2341//5064
f 1774//2177 3163//2177 2846//2177
f 1779//5065 1780//5065 1777//5065
f 1776//600 1777//600 583//600
f 1780//5066 2338//5066 584//5066
f 1778//5067 1282//5067 3646//5067
f 1779//557 3086//557 3087//557
f 3089//557 3088//557 1780//557
f 1776//5068 3646//5068 3086//5068
f 3088//5069 2337//5069 2338//5069
f 1783//647 1784//647 428//647
f 2039//5070 1783//5070 1782//5070
f 1783//5071 2039//5071 2038//5071
f 1784//5072 1783//5072 3181//5072
f 2456//5073 1786//5073 1785//5073
f 2389//5074 3009//5074 3102//5074
f 1790//5075 1791//5075 1789//5075
f 2558//1512 1789//1512 2916//1512
f 2344//5076 2343//5076 1791//5076
f 2337//5077 1791//5077 2343//5077
f 2917//1512 1789//1512 1791//1512
f 1794//5078 334//5078 1793//5078
f 3654//516 2195//516 1793//516
f 2194//5079 2882//5079 1794//5079
f 1807//886 2825//886 1795//886
f 1795//5080 1191//5080 4068//5080
f 1204//5081 1797//5081 1799//5081
f 1797//895 1798//895 3954//895
f 1798//5082 599//5082 1811//5082
f 3658//5083 1799//5083 2975//5083
f 1800//5084 1801//5084 4008//5084
f 1813//5085 621//5085 1801//5085
f 1805//1481 1803//1481 1804//1481
f 2517//5086 1806//5086 1804//5086
f 1803//5087 1805//5087 2205//5087
f 2504//5088 1806//5088 2517//5088
f 1809//886 1807//886 591//886
f 2782//886 1809//886 1808//886
f 593//5089 2912//5089 2783//5089
f 1812//895 1810//895 3954//895
f 3562//5090 1813//5090 1800//5090
f 376//1213 1814//1213 3675//1213
f 1815//5091 2131//5091 2130//5091
f 3999//2465 3085//2465 2131//2465
f 1816//861 571//861 1817//861
f 571//5092 1816//5092 3929//5092
f 1820//5093 1818//5093 2875//5093
f 3131//5094 2875//5094 1818//5094
f 1819//1465 2872//1465 2871//1465
f 2869//5095 2986//5095 1820//5095
f 1818//5096 1820//5096 2986//5096
f 1825//2212 1821//2212 1399//2212
f 1824//5097 1822//5097 1823//5097
f 3384//2214 3385//2214 3395//2214
f 1822//2214 3677//2214 3394//2214
f 2289//2170 1760//2170 1824//2170
f 1517//5098 1824//5098 3395//5098
f 1826//5099 1825//5099 2614//5099
f 3676//2212 1821//2212 1825//2212
f 1825//5100 1826//5100 2641//5100
f 3192//5101 1826//5101 2061//5101
f 2642//2220 2641//2220 1826//2220
f 1827//5102 2284//5102 2285//5102
f 1827//2220 2641//2220 2643//2220
f 1828//5103 2476//5103 2172//5103
f 1830//32 1829//32 19//32
f 2499//5104 1856//5104 2501//5104
f 1833//5105 1831//5105 1832//5105
f 2731//2225 1982//2225 1831//2225
f 2493//2225 2494//2225 1833//2225
f 51//5106 1834//5106 616//5106
f 3068//5107 3070//5107 3069//5107
f 3074//5108 3068//5108 1835//5108
f 1837//5109 1838//5109 2847//5109
f 2929//1268 1837//1268 1836//1268
f 2575//5110 2970//5110 1837//5110
f 2970//5111 2926//5111 1838//5111
f 1840//1268 1836//1268 1839//1268
f 1836//5112 2847//5112 383//5112
f 1840//1268 4019//1268 2247//1268
f 2972//5113 3965//5113 4019//5113
f 1841//5114 1842//5114 1843//5114
f 2388//5115 1841//5115 3213//5115
f 1842//5116 1841//5116 3104//5116
f 3213//5117 1843//5117 2393//5117
f 1846//2237 1844//2237 3693//2237
f 2361//5118 2431//5118 3991//5118
f 1876//5119 1875//5119 2818//5119
f 2360//5120 2361//5120 1844//5120
f 2819//5121 1846//5121 1845//5121
f 1846//5122 2819//5122 2876//5122
f 1849//5123 1847//5123 1848//5123
f 1847//5124 2801//5124 3694//5124
f 2229//172 2980//172 1849//172
f 901//5125 1850//5125 2729//5125
f 1853//5126 973//5126 1852//5126
f 2780//5127 1852//5127 1092//5127
f 1853//4252 1860//4252 2199//4252
f 1855//5128 1856//5128 1854//5128
f 974//32 1854//32 1856//32
f 1865//5129 2500//5129 1855//5129
f 2500//5130 2501//5130 1856//5130
f 3588//5131 1088//5131 1859//5131
f 1860//5132 1853//5132 2780//5132
f 1861//5133 2703//5133 2199//5133
f 2699//2814 1863//2814 1861//2814
f 1865//2254 1863//2254 2781//2254
f 2703//5134 1861//5134 1863//5134
f 2708//5135 1864//5135 2784//5135
f 2500//5136 1865//5136 1864//5136
f 1866//5137 1867//5137 1868//5137
f 3724//141 3911//141 1866//141
f 3637//5138 1868//5138 1867//5138
f 1883//1515 1867//1515 3909//1515
f 3911//5139 3909//5139 1867//5139
f 1871//5140 1869//5140 2217//5140
f 2323//5141 2217//5141 1869//5141
f 3698//5142 1871//5142 1870//5142
f 2793//5143 2792//5143 1869//5143
f 1872//5144 629//5144 1873//5144
f 4061//2237 1873//2237 3693//2237
f 1874//5145 2824//5145 1875//5145
f 2824//5146 1874//5146 628//5146
f 1873//5147 1876//5147 1845//5147
f 3441//5148 3567//5148 1878//5148
f 3495//5149 1878//5149 3567//5149
f 1880//5150 1879//5150 1043//5150
f 631//932 1881//932 3076//932
f 3703//932 3674//932 1881//932
f 3971//5151 2942//5151 1882//5151
f 1124//1515 1883//1515 3697//1515
f 1883//1515 1124//1515 3707//1515
f 1884//5152 3697//5152 1946//5152
f 1887//5153 1885//5153 2867//5153
f 1897//2273 1896//2273 1885//2273
f 1887//5154 2256//5154 2255//5154
f 1886//5155 2333//5155 2256//5155
f 1888//5156 1889//5156 1890//5156
f 195//5157 1888//5157 1892//5157
f 1889//2277 1888//2277 194//2277
f 2987//486 4023//486 4024//486
f 1892//5158 1890//5158 2690//5158
f 2691//5159 2690//5159 1890//5159
f 1889//5160 4024//5160 318//5160
f 2234//1178 1892//1178 1891//1178
f 1894//5161 1895//5161 1893//5161
f 1893//5162 2858//5162 3168//5162
f 1895//5163 382//5163 2858//5163
f 2972//5164 1839//5164 1895//5164
f 2353//5165 1885//5165 1896//5165
f 2355//2273 3960//2273 1896//2273
f 1898//539 353//539 1899//539
f 1898//5166 377//5166 3703//5166
f 3712//539 1899//539 3959//539
f 1901//5167 1902//5167 1097//5167
f 1096//1511 2918//1511 3656//1511
f 1900//1511 3656//1511 2956//1511
f 2831//80 2964//80 49//80
f 3720//80 2831//80 1902//80
f 2502//33 1904//33 1729//33
f 1907//5168 2192//5168 3904//5168
f 1905//491 1906//491 3721//491
f 1731//491 1906//491 319//491
f 2192//5169 1907//5169 2206//5169
f 2954//1577 3730//1577 1909//1577
f 2584//424 2583//424 1910//424
f 1911//5170 2900//5170 2901//5170
f 1913//5171 1911//5171 1912//5171
f 1912//2144 2901//2144 2879//2144
f 1911//168 1913//168 1082//168
f 3735//5172 3734//5172 1914//5172
f 2787//1481 1914//1481 1805//1481
f 2197//5173 1916//5173 2496//5173
f 2209//5174 1917//5174 636//5174
f 913//5175 1917//5175 1918//5175
f 1918//5176 640//5176 2693//5176
f 2507//5177 2521//5177 645//5177
f 2694//950 1921//950 1922//950
f 2788//950 1918//950 1922//950
f 1924//5178 1925//5178 3903//5178
f 1923//5179 3903//5179 2194//5179
f 2680//2303 1924//2303 1923//2303
f 670//940 1928//940 1929//940
f 2526//5180 670//5180 1925//5180
f 1927//5181 986//5181 1926//5181
f 1927//5182 2774//5182 2773//5182
f 2688//940 3736//940 1929//940
f 1925//940 1929//940 3736//940
f 643//5183 1930//5183 2601//5183
f 1931//5184 1933//5184 2212//5184
f 1933//2309 1931//2309 1932//2309
f 2777//2309 1932//2309 325//2309
f 2777//2309 2776//2309 2919//2309
f 1935//1163 804//1163 2600//1163
f 1938//5185 2845//5185 1943//5185
f 1936//5186 1937//5186 4020//5186
f 1939//5187 1937//5187 773//5187
f 3639//5188 3080//5188 2845//5188
f 3955//5189 3639//5189 1938//5189
f 3746//5190 1102//5190 1940//5190
f 3751//5191 2059//5191 1940//5191
f 1941//5192 2578//5192 2579//5192
f 1941//1134 1942//1134 1936//1134
f 2577//1134 774//1134 1942//1134
f 3083//5193 2578//5193 1941//5193
f 1943//5194 2845//5194 2842//5194
f 1945//5195 1946//5195 2779//5195
f 1944//5196 1931//5196 2572//5196
f 1945//5197 2572//5197 2573//5197
f 2778//5198 2779//5198 1946//5198
f 1949//5199 1948//5199 3607//5199
f 1949//5200 2902//5200 1953//5200
f 1950//2118 3783//2118 3784//2118
f 2580//2118 1951//2118 3762//2118
f 1951//2118 1950//2118 3764//2118
f 1954//1474 1955//1474 1084//1474
f 1952//5201 1953//5201 2613//5201
f 1957//5202 1958//5202 1956//5202
f 3765//2327 2221//2327 4050//2327
f 1958//5203 1957//5203 71//5203
f 970//1352 1958//1352 2696//1352
f 1961//5204 1959//5204 69//5204
f 2000//5205 2791//5205 3801//5205
f 3800//2331 1961//2331 1960//2331
f 2778//2331 2512//2331 1959//2331
f 1962//5206 1986//5206 3549//5206
f 4009//5207 2683//5207 1964//5207
f 2515//5208 4009//5208 1965//5208
f 1983//5209 2497//5209 1967//5209
f 1968//5210 1967//5210 2497//5210
f 3835//5211 1971//5211 1970//5211
f 1972//5212 1970//5212 1971//5212
f 871//5213 2057//5213 1970//5213
f 46//646 2281//646 2278//646
f 2032//5214 3506//5214 1974//5214
f 1979//1249 1980//1249 1981//1249
f 2497//5215 1983//5215 1982//5215
f 2226//1405 3809//1405 1984//1405
f 3810//1405 1984//1405 3809//1405
f 3805//1405 1018//1405 1984//1405
f 1105//5216 1985//5216 1020//5216
f 1987//5217 2068//5217 2031//5217
f 2253//5218 2254//5218 1990//5218
f 1989//5219 1991//5219 3928//5219
f 1991//5220 1989//5220 1990//5220
f 2142//5221 1990//5221 2254//5221
f 1991//346 221//346 3740//346
f 2567//5222 1993//5222 1992//5222
f 2138//5223 1993//5223 1008//5223
f 1994//5224 1996//5224 3872//5224
f 1996//507 1994//507 1995//507
f 1994//507 2519//507 330//507
f 1997//5225 2238//5225 2237//5225
f 1998//5226 2110//5226 2109//5226
f 2110//5227 1998//5227 1997//5227
f 2791//2357 2000//2357 2223//2357
f 2221//2327 2223//2327 2000//2327
f 2124//5228 1011//5228 2002//5228
f 2124//5229 2125//5229 2003//5229
f 2006//5230 2005//5230 2272//5230
f 2007//5231 2717//5231 2718//5231
f 2005//5232 2006//5232 2764//5232
f 2006//2363 3933//2363 2525//2363
f 2010//5233 2008//5233 2705//5233
f 2008//2473 2010//2473 2704//2473
f 2008//5234 1070//5234 3708//5234
f 2258//1077 2009//1077 2604//1077
f 2354//5235 2604//5235 2009//5235
f 2013//5236 2011//5236 3716//5236
f 2767//1388 4051//1388 2011//1388
f 3822//5237 2013//5237 2012//5237
f 4014//1388 2011//1388 2013//1388
f 2014//5238 2772//5238 2017//5238
f 2015//2370 2014//2370 3824//2370
f 2014//2370 2015//2370 3826//2370
f 2953//5239 2269//5239 2016//5239
f 3824//5240 2017//5240 2019//5240
f 2017//5241 2018//5241 2163//5241
f 2746//5242 2745//5242 2158//5242
f 2772//467 2746//467 2018//467
f 2277//5243 2276//5243 2023//5243
f 2024//5244 2580//5244 2581//5244
f 680//5245 3930//5245 2580//5245
f 2027//1237 2025//1237 2026//1237
f 2025//1237 2553//1237 3935//1237
f 898//1237 2026//1237 3931//1237
f 2191//5246 1014//5246 2027//5246
f 2025//5247 2027//5247 1014//5247
f 2030//5248 2029//5248 2028//5248
f 971//5249 2028//5249 2029//5249
f 2030//5250 70//5250 2511//5250
f 766//1126 3828//1126 2029//1126
f 429//5251 2032//5251 1973//5251
f 1336//5252 2033//5252 3507//5252
f 2037//5253 2035//5253 3787//5253
f 2036//19 3012//19 2062//19
f 2061//2212 2614//2212 2035//2212
f 2039//5254 2040//5254 2401//5254
f 2038//5255 2401//5255 3030//5255
f 3181//5256 2038//5256 3696//5256
f 2040//2391 2039//2391 3210//2391
f 2050//2391 4029//2391 1162//2391
f 2326//5257 81//5257 2041//5257
f 2041//5258 2042//5258 3988//5258
f 2830//134 3063//134 3616//134
f 3251//5259 3252//5259 2043//5259
f 3252//1321 3281//1321 3253//1321
f 3636//5260 2041//5260 2043//5260
f 2068//5261 2067//5261 2044//5261
f 2094//5262 2095//5262 2046//5262
f 2047//5263 2048//5263 2049//5263
f 2048//2399 2047//2399 3696//2399
f 3030//2399 3031//2399 3296//2399
f 3297//5264 2049//5264 2048//5264
f 2053//5265 2054//5265 2398//5265
f 2314//562 575//562 2052//562
f 2052//5266 3155//5266 3832//5266
f 3832//93 3283//93 58//93
f 2055//5267 3833//5267 2529//5267
f 3833//5268 2055//5268 696//5268
f 3912//1427 2983//1427 3913//1427
f 2057//1142 779//1142 2251//1142
f 2059//5269 3751//5269 3770//5269
f 2059//216 2058//216 3918//216
f 2060//5270 2061//5270 2037//5270
f 697//5271 2062//5271 3012//5271
f 3984//5272 2632//5272 1269//5272
f 3008//5273 2063//5273 2064//5273
f 2402//5274 3102//5274 3009//5274
f 2736//5275 2065//5275 2066//5275
f 3847//5276 2096//5276 2067//5276
f 2068//5277 1987//5277 3814//5277
f 2069//639 2070//639 2071//639
f 3255//639 2071//639 2070//639
f 3367//5278 3283//5278 2070//5278
f 3283//5279 3832//5279 4074//5279
f 2071//639 3255//639 3256//639
f 1263//5280 2806//5280 3036//5280
f 2074//5281 2075//5281 2076//5281
f 2074//5282 3845//5282 2077//5282
f 2078//5283 2628//5283 2075//5283
f 3039//5284 2075//5284 2628//5284
f 3025//2421 2076//2421 3996//2421
f 2075//5285 3039//5285 3996//5285
f 2077//5286 2616//5286 3391//5286
f 2628//1649 2078//1649 3298//1649
f 3193//5287 2079//5287 2081//5287
f 2079//189 2080//189 1295//189
f 2080//189 2079//189 3844//189
f 710//5288 2087//5288 3513//5288
f 2292//5289 3315//5289 2082//5289
f 2396//1756 3212//1756 1333//1756
f 2083//1756 2084//1756 1264//1756
f 2617//5290 2618//5290 2085//5290
f 569//5291 2085//5291 2629//5291
f 2618//1665 3214//1665 2086//1665
f 2535//5292 2533//5292 2089//5292
f 2090//2430 2734//2430 2737//2430
f 2088//5293 2089//5293 2735//5293
f 2734//5294 2090//5294 2240//5294
f 2090//2430 2735//2430 2736//2430
f 3512//5295 3408//5295 3409//5295
f 3468//5296 3316//5296 2091//5296
f 3855//5297 3546//5297 2096//5297
f 2097//5298 162//5298 2098//5298
f 3594//5299 3853//5299 2099//5299
f 3162//5300 3261//5300 2101//5300
f 2104//2174 2102//2174 3228//2174
f 3229//5301 3228//5301 2102//5301
f 2116//5302 2115//5302 2419//5302
f 2103//5303 2419//5303 3230//5303
f 2102//2174 2104//2174 3231//2174
f 2105//5304 2107//5304 2640//5304
f 851//5305 4080//5305 3225//5305
f 180//5306 2111//5306 3545//5306
f 2108//5307 727//5307 3449//5307
f 3858//2444 2109//2444 2110//2444
f 4013//2444 2110//2444 2539//2444
f 3546//5308 3545//5308 2111//5308
f 2334//5309 3065//5309 2112//5309
f 2112//2447 2113//2447 3862//2447
f 3065//5310 3077//5310 2113//5310
f 1312//5311 2113//5311 3077//5311
f 2115//5312 2116//5312 2647//5312
f 3387//5313 3386//5313 1686//5313
f 2103//5314 3228//5314 3226//5314
f 2644//5315 2411//5315 2410//5315
f 2645//5316 2644//5316 2118//5316
f 2118//1553 2410//1553 3864//1553
f 1765//5317 2119//5317 3864//5317
f 2123//5318 2121//5318 3299//5318
f 2122//5319 3232//5319 2415//5319
f 2121//304 2123//304 190//304
f 2125//5320 2546//5320 2547//5320
f 2546//5321 2125//5321 2714//5321
f 2715//5322 2714//5322 2125//5322
f 2127//5323 2126//5323 3371//5323
f 2129//5324 2128//5324 3024//5324
f 3348//5325 951//5325 2129//5325
f 2133//5326 2130//5326 3024//5326
f 2132//2465 2130//2465 2131//2465
f 3027//2465 2131//2465 3085//2465
f 2667//5327 2666//5327 2132//5327
f 2130//5328 2132//5328 2666//5328
f 3871//5329 2141//5329 2135//5329
f 2136//1388 2740//1388 2741//1388
f 2140//5330 3861//5330 3766//5330
f 2141//5331 3871//5331 3861//5331
f 2709//5332 2142//5332 3878//5332
f 3878//5333 2142//5333 2795//5333
f 2144//5334 2145//5334 2143//5334
f 2143//5335 2145//5335 3821//5335
f 3821//5336 2145//5336 2710//5336
f 3029//5337 1727//5337 2146//5337
f 3274//5338 2147//5338 2146//5338
f 2148//5339 2146//5339 2147//5339
f 3027//5340 3029//5340 2148//5340
f 2154//5341 399//5341 2150//5341
f 2151//5342 2658//5342 2659//5342
f 2151//368 2153//368 3576//368
f 4043//368 3891//368 2658//368
f 2153//368 2151//368 2152//368
f 234//5343 2153//5343 3887//5343
f 2149//1689 3248//1689 1284//1689
f 400//605 2155//605 4077//605
f 2155//5344 1286//5344 4002//5344
f 2745//5345 3827//5345 290//5345
f 2711//414 2272//414 2159//414
f 2162//5346 2160//5346 2161//5346
f 731//5347 2468//5347 1607//5347
f 3357//5348 1421//5348 2164//5348
f 3520//5349 3416//5349 2164//5349
f 2166//5350 450//5350 2478//5350
f 2487//5351 3517//5351 451//5351
f 2169//5352 2170//5352 2168//5352
f 2170//5353 3100//5353 2995//5353
f 3170//5354 3169//5354 2170//5354
f 2301//2494 3332//2494 2171//2494
f 2171//5355 3333//5355 2448//5355
f 2173//5356 2171//5356 2172//5356
f 2174//449 1319//449 3293//449
f 2175//5357 287//5357 3571//5357
f 4004//2132 3962//2132 1722//2132
f 2178//2132 2176//2132 2177//2132
f 3895//5358 3051//5358 3293//5358
f 2176//5359 2178//5359 1318//5359
f 2180//5360 447//5360 3327//5360
f 3336//5361 3337//5361 1543//5361
f 3334//5362 3335//5362 2182//5362
f 1374//1795 2182//1795 3335//1795
f 2184//593 3901//593 3279//593
f 3129//5363 2445//5363 2185//5363
f 3901//593 2184//593 2185//593
f 2186//5364 2187//5364 2188//5364
f 2187//5365 2186//5365 3530//5365
f 2451//5366 3339//5366 2190//5366
f 2189//5367 2479//5367 3692//5367
f 3339//5368 3338//5368 3429//5368
f 897//5369 3827//5369 681//5369
f 2196//5370 2194//5370 2195//5370
f 2785//5371 2196//5371 3654//5371
f 3760//2303 1923//2303 2196//2303
f 2495//5372 2768//5372 2557//5372
f 2202//1525 2344//1525 1790//1525
f 2201//5373 2200//5373 2768//5373
f 2200//5374 1790//5374 2558//5374
f 2200//5375 2201//5375 2724//5375
f 2495//5376 2496//5376 3661//5376
f 3660//5377 2724//5377 2201//5377
f 2723//1525 3652//1525 2202//1525
f 2344//1525 2202//1525 3652//1525
f 2203//5378 2204//5378 2205//5378
f 2906//2518 2586//2518 2203//2518
f 2586//2518 2587//2518 2204//2518
f 2587//5379 2905//5379 2681//5379
f 2516//5380 2205//5380 2204//5380
f 2207//5381 2206//5381 1907//5381
f 3681//5382 2207//5382 3721//5382
f 2591//517 2590//517 2687//517
f 2208//5383 636//5383 4066//5383
f 2688//5384 2209//5384 2208//5384
f 2213//1247 2214//1247 2211//1247
f 67//5385 2211//5385 2214//5385
f 2572//566 2212//566 2963//566
f 615//5386 2212//5386 1933//5386
f 2790//5387 2791//5387 2214//5387
f 2695//5388 3803//5388 2216//5388
f 3908//5389 2792//5389 3767//5389
f 1870//123 2217//123 3723//123
f 76//123 2218//123 1051//123
f 2220//5390 913//5390 2788//5390
f 2221//2327 3765//2327 2893//2327
f 2223//2327 2221//2327 2222//2327
f 2222//5391 2893//5391 2891//5391
f 2228//5392 2224//5392 771//5392
f 2498//5393 993//5393 2224//5393
f 2753//1022 2224//1022 993//1022
f 2226//5394 1107//5394 2225//5394
f 3773//5395 2498//5395 2228//5395
f 2232//979 2230//979 2231//979
f 2230//5396 2872//5396 2595//5396
f 2230//979 2232//979 3922//979
f 2333//1178 1886//1178 2233//1178
f 3859//5397 3914//5397 2235//5397
f 2238//1145 2689//1145 2691//1145
f 2239//5294 2240//5294 2241//5294
f 2240//5398 2736//5398 2506//5398
f 4022//1284 2331//1284 2243//1284
f 2242//4331 2534//4331 3794//4331
f 916//5399 2243//5399 2331//5399
f 2245//5400 2246//5400 4053//5400
f 2244//1463 2598//1463 2896//1463
f 2244//5401 4053//5401 3710//5401
f 2246//1138 2248//1138 2249//1138
f 2679//1138 3797//1138 2531//1138
f 2877//5402 3835//5402 2251//5402
f 2252//5403 2770//5403 2769//5403
f 2874//5404 2253//5404 1989//5404
f 2354//2273 2355//2273 1897//2273
f 2256//5405 781//5405 2603//5405
f 781//5406 2256//5406 2333//5406
f 2257//1077 2604//1077 2603//1077
f 2930//1501 2342//1501 2259//1501
f 2569//5407 2259//5407 2260//5407
f 2261//548 785//548 2262//548
f 3818//5408 3812//5408 2261//5408
f 2263//5409 2264//5409 4017//5409
f 2267//5410 2265//5410 1145//5410
f 3741//5411 3927//5411 2883//5411
f 3140//5412 3929//5412 2266//5412
f 2988//5413 3741//5413 2265//5413
f 2551//5414 2268//5414 294//5414
f 799//5415 2268//5415 2733//5415
f 3783//5416 1950//5416 2269//5416
f 2552//5417 2551//5417 2270//5417
f 265//414 2272//414 2005//414
f 2273//5418 2274//5418 257//5418
f 2274//5419 2273//5419 2749//5419
f 2747//5420 2273//5420 2275//5420
f 2277//476 3967//476 3587//476
f 2281//646 3179//646 427//646
f 2279//5421 1687//5421 3386//5421
f 1339//5422 3406//5422 1743//5422
f 2284//5423 3310//5423 3311//5423
f 2298//5424 2297//5424 2285//5424
f 2288//5425 1416//5425 2287//5425
f 702//2566 2294//2566 1438//2566
f 1416//5426 2288//5426 1401//5426
f 3600//204 2291//204 2290//204
f 2292//5427 2290//5427 2291//5427
f 3315//5428 2292//5428 3470//5428
f 2296//5429 1501//5429 2295//5429
f 3464//5430 3466//5430 1384//5430
f 3676//5431 2285//5431 2297//5431
f 2304//5432 2302//5432 2303//5432
f 1672//5433 3432//5433 2302//5433
f 2306//5434 1061//5434 2305//5434
f 2310//1537 2308//1537 2978//1537
f 2308//1537 2309//1537 2597//1537
f 3946//5435 2310//5435 2311//5435
f 2311//5436 2801//5436 2800//5436
f 2978//5437 3694//5437 2801//5437
f 2803//582 3617//582 538//582
f 3948//5438 2803//5438 2312//5438
f 3705//5439 3948//5439 2313//5439
f 2398//5440 2397//5440 1181//5440
f 2315//5441 1174//5441 2840//5441
f 2839//1452 3022//1452 2316//1452
f 2316//5442 3022//5442 3023//5442
f 2815//5443 2412//5443 3117//5443
f 2317//1466 1077//1466 2816//1466
f 803//1163 2318//1163 2807//1163
f 2808//5444 2807//5444 2318//5444
f 3634//5445 2318//5445 1767//5445
f 2881//5446 2880//5446 2319//5446
f 1196//2585 2320//2585 3096//2585
f 3753//2585 2381//2585 2320//2585
f 2329//5447 2328//5447 2413//5447
f 2815//1466 2816//1466 2322//1466
f 2322//5448 1141//5448 3957//5448
f 2325//5449 2323//5449 2324//5449
f 2324//5450 1869//5450 2792//5450
f 2597//1537 2325//1537 4025//1537
f 1741//1167 2326//1167 3636//1167
f 3253//5451 1291//5451 2327//5451
f 2332//930 2823//930 4021//930
f 2330//5452 2331//5452 2890//5452
f 2794//5453 2333//5453 1891//5453
f 363//550 3666//550 3065//550
f 3611//526 4007//526 2335//526
f 4007//5454 3613//5454 1718//5454
f 3134//5455 2336//5455 3610//5455
f 1734//5456 2339//5456 3082//5456
f 3645//309 3664//309 2340//309
f 2342//1501 2930//1501 2931//1501
f 2343//1525 2344//1525 3628//1525
f 2586//2518 2906//2518 2346//2518
f 2587//2518 2586//2518 2347//2518
f 2349//168 1081//168 2348//168
f 3712//5457 2350//5457 1065//5457
f 3714//5458 205//5458 2350//5458
f 2939//327 2351//327 2952//327
f 2351//327 2939//327 2938//327
f 2352//5459 2938//5459 3709//5459
f 541//5460 2867//5460 1885//5460
f 2604//5461 2354//5461 2255//5461
f 2705//5462 3708//5462 2355//5462
f 3960//5463 2355//5463 3708//5463
f 2357//5464 1053//5464 2356//5464
f 333//5465 3929//5465 1816//5465
f 3131//5466 184//5466 2360//5466
f 2363//5467 3728//5467 2375//5467
f 3124//2106 3122//2106 2364//2106
f 2365//5468 3963//5468 3761//5468
f 3613//5469 4007//5469 3963//5469
f 2366//1507 1116//1507 3064//1507
f 1235//1218 2430//1218 2368//1218
f 2367//5470 2368//5470 1172//5470
f 3072//5471 2368//5471 2430//5471
f 2822//5472 2821//5472 2370//5472
f 2371//5473 2370//5473 2821//5473
f 3587//476 2371//476 2911//476
f 3967//476 1066//476 2371//476
f 2608//5474 2902//5474 2372//5474
f 2609//454 2608//454 2373//454
f 2885//2616 2374//2616 2375//2616
f 2374//5475 3620//5475 3133//5475
f 3620//5476 2374//5476 2885//5476
f 2886//5477 2375//5477 3728//5477
f 2378//2620 2379//2620 3982//2620
f 2377//5478 3135//5478 3981//5478
f 2379//2620 2378//2620 3972//2620
f 2378//2620 3981//2620 3977//2620
f 2822//2620 3982//2620 2379//2620
f 3137//5479 2973//5479 2820//5479
f 2381//5480 2382//5480 2380//5480
f 1230//2585 3096//2585 2320//2585
f 2382//5481 3209//5481 3017//5481
f 3209//5482 2382//5482 3976//5482
f 3977//5483 3976//5483 2382//5483
f 3757//1186 2383//1186 833//1186
f 2385//5484 2386//5484 582//5484
f 1131//5485 2384//5485 2345//5485
f 3093//5486 3094//5486 2385//5486
f 3094//5487 3095//5487 2386//5487
f 3095//5488 3016//5488 4075//5488
f 2387//5489 3213//5489 2392//5489
f 1841//5490 2388//5490 3008//5490
f 2392//5491 2393//5491 2391//5491
f 3021//5492 2391//5492 3211//5492
f 1262//5493 3211//5493 2391//5493
f 2395//5494 2979//5494 4055//5494
f 2050//5495 3210//5495 3212//5495
f 2396//5496 1264//5496 4029//5496
f 2397//5497 3616//5497 3063//5497
f 2054//5498 3987//5498 2397//5498
f 2400//5499 1208//5499 2399//5499
f 3294//5500 2399//5500 392//5500
f 3294//5501 3031//5501 3831//5501
f 2064//1025 3837//1025 698//1025
f 3296//5502 3144//5502 2404//5502
f 2406//1588 2407//1588 2408//1588
f 3256//5503 2407//5503 2406//5503
f 3255//5504 3257//5504 2407//5504
f 3631//1588 2408//1588 2407//1588
f 2412//5505 2409//5505 1768//5505
f 2413//5506 2414//5506 2412//5506
f 2328//5507 3043//5507 2414//5507
f 139//5508 2414//5508 3043//5508
f 839//5509 2415//5509 3232//5509
f 2415//5510 839//5510 3142//5510
f 2416//5511 2417//5511 2418//5511
f 2076//2421 3025//2421 111//2421
f 3845//1319 2074//1319 2418//1319
f 2420//5512 3078//5512 3080//5512
f 2421//851 2420//851 3639//851
f 2134//5513 3024//5513 2128//5513
f 2425//5514 1163//5514 3270//5514
f 2429//5515 2427//5515 2428//5515
f 3147//5516 2429//5516 3883//5516
f 2429//1440 3147//1440 3148//1440
f 3073//5517 2430//5517 860//5517
f 2431//5518 862//5518 3044//5518
f 2434//2108 2432//2108 3306//2108
f 2432//2108 3308//2108 3307//2108
f 2433//5519 3306//5519 3305//5519
f 3049//5520 3889//5520 2435//5520
f 3276//1309 2436//1309 2435//1309
f 2437//5521 2435//5521 2436//5521
f 3165//1730 3164//1730 2439//1730
f 1710//618 2441//618 3045//618
f 1712//5522 2443//5522 2860//5522
f 2441//5523 2860//5523 2859//5523
f 2444//5524 2185//5524 2445//5524
f 2444//593 1148//593 3205//593
f 3128//1182 2169//1182 2445//1182
f 2471//5525 1523//5525 2446//5525
f 1977//5526 2447//5526 3490//5526
f 2477//5527 201//5527 2449//5527
f 2476//688 3500//688 2450//688
f 3692//5528 3562//5528 2452//5528
f 2454//5529 2455//5529 3324//5529
f 2455//5530 239//5530 3894//5530
f 430//5531 2457//5531 1487//5531
f 2458//5532 2459//5532 2460//5532
f 1340//5533 3502//5533 2459//5533
f 1484//5534 2483//5534 1513//5534
f 2482//5535 2481//5535 2464//5535
f 2466//5536 284//5536 3529//5536
f 2466//5537 2472//5537 3563//5537
f 3312//5538 3535//5538 2469//5538
f 2473//5539 1499//5539 2472//5539
f 3483//5540 3563//5540 2472//5540
f 3334//4837 1561//4837 2473//4837
f 3319//5541 2475//5541 2474//5541
f 2480//5542 1511//5542 2479//5542
f 3562//5543 3692//5543 2479//5543
f 2483//5544 1484//5544 3475//5544
f 2485//5545 1510//5545 2484//5545
f 2484//5546 3508//5546 3533//5546
f 171//5547 3321//5547 3517//5547
f 2490//5548 2492//5548 3498//5548
f 2490//5549 3493//5549 3516//5549
f 2492//5550 2490//5550 2491//5550
f 2494//2225 2730//2225 2731//2225
f 2497//5551 2731//5551 2730//5551
f 2498//5552 3773//5552 3774//5552
f 2708//2256 3679//2256 2501//2256
f 3679//5553 3722//5553 1830//5553
f 963//33 2502//33 2503//33
f 2241//5554 2506//5554 2505//5554
f 2521//5555 2507//5555 3802//5555
f 2732//5556 2508//5556 3835//5556
f 2508//5557 2732//5557 3834//5557
f 994//1377 3774//1377 3906//1377
f 2511//5558 2512//5558 2510//5558
f 767//5559 2510//5559 3911//5559
f 2510//5560 3759//5560 3909//5560
f 2512//2332 2778//2332 3759//2332
f 2513//5561 1965//5561 3803//5561
f 2513//5562 2514//5562 3768//5562
f 2514//1126 2029//1126 3828//1126
f 2515//5563 3768//5563 2729//5563
f 2517//5564 1803//5564 2516//5564
f 2518//5565 2569//5565 2570//5565
f 3920//5566 2930//5566 2569//5566
f 3865//2707 3920//2707 2518//2707
f 2545//5567 330//5567 2519//5567
f 3813//507 3811//507 2519//507
f 3811//507 3927//507 3876//507
f 2944//2363 2523//2363 2525//2363
f 2948//5568 3925//5568 2523//5568
f 2523//5569 2524//5569 2764//5569
f 3819//2370 2528//2370 2765//2370
f 2524//5570 2523//5570 3925//5570
f 2748//2363 2525//2363 3933//2363
f 1924//5571 2680//5571 324//5571
f 324//5572 3744//5572 671//5572
f 3780//2370 2015//2370 2528//2370
f 2528//2370 3824//2370 3825//2370
f 2529//5573 3834//5573 2732//5573
f 3797//5574 3798//5574 2532//5574
f 3798//1047 3795//1047 877//1047
f 2534//5575 2089//5575 2533//5575
f 2796//5576 2682//5576 2533//5576
f 2088//5577 2737//5577 3796//5577
f 3799//5578 2796//5578 2535//5578
f 2539//5579 1997//5579 2538//5579
f 2542//2444 3808//2444 3860//2444
f 2540//5580 2541//5580 2542//5580
f 2692//5581 3810//5581 2541//5581
f 2541//5582 3809//5582 3808//5582
f 892//5583 3807//5583 3866//5583
f 3867//5584 968//5584 2543//5584
f 2548//1393 2547//1393 2546//1393
f 2548//5585 2697//5585 3813//5585
f 1862//5586 2549//5586 3695//5586
f 2268//450 2551//450 291//450
f 979//5587 2552//5587 2722//5587
f 1119//5588 3719//5588 1927//5588
f 3733//5589 2555//5589 2554//5589
f 2555//5590 3733//5590 2557//5590
f 2556//1512 2916//1512 3655//1512
f 2556//5591 2557//5591 2768//5591
f 2560//5592 354//5592 2559//5592
f 355//5593 2559//5593 354//5593
f 2760//5594 3701//5594 2560//5594
f 2561//5595 3774//5595 3773//5595
f 3774//5596 2561//5596 3907//5596
f 2563//1450 2561//1450 2562//1450
f 2561//1450 2563//1450 3745//1450
f 2566//574 2564//574 2565//574
f 2565//574 2943//574 3971//574
f 2564//5597 2566//5597 360//5597
f 902//5598 2726//5598 2920//5598
f 2573//5599 2963//5599 3950//5599
f 904//1267 2574//1267 2970//1267
f 2928//1267 2579//1267 2971//1267
f 2576//5600 3731//5600 3732//5600
f 2928//5601 2927//5601 2577//5601
f 811//5602 2971//5602 2579//5602
f 2862//5603 2581//5603 3762//5603
f 3967//5604 2277//5604 2581//5604
f 2582//1507 1128//1507 3778//1507
f 3781//1507 3782//1507 1115//1507
f 2944//2363 2748//2363 2747//2363
f 2583//5605 2747//5605 2947//5605
f 2944//5606 2583//5606 2584//5606
f 2588//5607 344//5607 2589//5607
f 2590//5608 1794//5608 2882//5608
f 2878//5609 2879//5609 2901//5609
f 2900//1122 763//1122 2593//1122
f 2594//5610 1074//5610 2598//5610
f 2594//5611 3710//5611 2231//5611
f 2976//5612 2596//5612 919//5612
f 2596//1537 2976//1537 2977//1537
f 3750//1251 3752//1251 2599//1251
f 2880//5613 643//5613 2600//5613
f 2605//5614 340//5614 2884//5614
f 2605//5615 2989//5615 2990//5615
f 924//5616 2607//5616 3924//5616
f 3727//383 2991//383 3923//383
f 2697//5617 2548//5617 2607//5617
f 2698//5618 3924//5618 2607//5618
f 2610//2616 2611//2616 3934//2616
f 2990//5619 2989//5619 2611//5619
f 4027//2616 3934//2616 2611//2616
f 2713//994 2712//994 2612//994
f 2614//2212 1399//2212 2615//2212
f 3217//5620 3787//5620 2035//5620
f 2616//5621 1441//5621 3390//5621
f 1292//5622 3254//5622 3364//5622
f 2619//1706 3250//1706 3843//1706
f 2622//2769 2620//2769 2621//2769
f 3022//5623 2621//5623 2620//5623
f 3182//2769 4038//2769 2620//2769
f 3856//5624 2623//5624 2624//5624
f 2625//5625 2626//5625 4030//5625
f 3230//5626 3856//5626 2627//5626
f 3038//5627 2628//5627 3998//5627
f 3392//5628 3179//5628 3389//5628
f 1266//1672 2630//1672 2632//1672
f 2630//5629 2631//5629 4037//5629
f 3180//809 534//809 2631//809
f 3373//3110 3605//3110 2633//3110
f 3234//5630 2634//5630 3235//5630
f 116//5631 2635//5631 941//5631
f 2638//5632 2639//5632 2636//5632
f 2639//5633 3305//5633 1663//5633
f 2637//5634 3258//5634 3058//5634
f 3258//5635 2637//5635 3369//5635
f 2641//5636 2642//5636 533//5636
f 2284//5637 2643//5637 3460//5637
f 2644//5638 2645//5638 3359//5638
f 3596//229 523//229 2646//229
f 142//229 2647//229 2116//229
f 2652//5639 3582//5639 2648//5639
f 3582//5640 4040//5640 2649//5640
f 3599//5641 2650//5641 4039//5641
f 1417//5642 3606//5642 1698//5642
f 2654//2069 1657//2069 2653//2069
f 3223//2793 2655//2793 2656//2793
f 2657//5643 1666//5643 3372//5643
f 3275//5644 2658//5644 3891//5644
f 1459//5645 2660//5645 4083//5645
f 2661//5646 3521//5646 3522//5646
f 1670//5647 3936//5647 3521//5647
f 2662//641 425//641 3580//641
f 3173//6 2663//6 4047//6
f 3790//6 4047//6 2663//6
f 2663//5648 3173//5648 4090//5648
f 3273//2463 2129//2463 2666//2463
f 2667//2463 2147//2463 4041//2463
f 3375//5649 2668//5649 514//5649
f 168//2800 3592//2800 515//2800
f 2669//2482 234//2482 3579//2482
f 2671//5650 2672//5650 2670//5650
f 3207//5651 2670//5651 1260//5651
f 3202//1891 3203//1891 2672//1891
f 925//5652 3208//5652 2//5652
f 3785//1542 3219//1542 2676//1542
f 2677//1542 2675//1542 2676//1542
f 3219//5653 3218//5653 3974//5653
f 2677//1542 2994//1542 2993//1542
f 2677//5654 3790//5654 4048//5654
f 2678//5655 105//5655 2904//5655
f 2682//5656 776//5656 3794//5656
f 2682//1138 2796//1138 3797//1138
f 2685//984 2686//984 2684//984
f 3921//5657 3922//5657 2686//5657
f 2687//5658 2882//5658 3736//5658
f 2690//1145 2691//1145 2689//1145
f 890//5659 3805//5659 3810//5659
f 4011//5660 2694//5660 2693//5660
f 2697//5661 923//5661 3811//5661
f 2699//5662 3695//5662 2701//5662
f 1863//2253 2699//2253 2700//2253
f 2703//5663 1855//5663 2702//5663
f 2706//2473 2704//2473 3877//2473
f 3679//2693 2708//2693 2707//2693
f 2712//5664 2713//5664 2714//5664
f 3934//5665 4027//5665 2716//5665
f 2713//5666 2716//5666 2698//5666
f 4027//5667 3728//5667 4026//5667
f 3924//5668 2698//5668 2716//5668
f 2717//5669 2007//5669 2765//5669
f 2720//5670 2264//5670 2719//5670
f 2722//5671 2270//5671 2721//5671
f 1080//5672 3926//5672 2797//5672
f 2723//5673 2725//5673 3904//5673
f 2725//5674 2723//5674 2724//5674
f 988//5675 2727//5675 3737//5675
f 2219//5676 2729//5676 3768//5676
f 2752//5677 3776//5677 2730//5677
f 2737//5678 2734//5678 1025//5678
f 3793//5679 1025//5679 2734//5679
f 3796//5680 2737//5680 2738//5680
f 2740//1388 4014//1388 2743//1388
f 2743//1388 2013//1388 3822//1388
f 2766//548 784//548 2744//548
f 2748//5681 2749//5681 2273//5681
f 2751//5682 1012//5682 2750//5682
f 256//403 2751//403 3812//403
f 2753//1022 695//1022 2752//1022
f 2754//5683 1021//5683 4018//5683
f 4012//282 176//282 2755//282
f 2756//5684 2758//5684 2927//5684
f 2758//5685 2756//5685 2757//5685
f 903//5686 3793//5686 2239//5686
f 2761//5687 2759//5687 3701//5687
f 3714//539 3959//539 2759//539
f 2761//5688 3823//5688 206//5688
f 1027//5689 3822//5689 3823//5689
f 133//222 2762//222 4010//222
f 3919//2707 3868//2707 2763//2707
f 2007//5690 2764//5690 2524//5690
f 2771//1263 2769//1263 2770//1263
f 2522//1384 3743//1384 2769//1384
f 2776//2309 2777//2309 2775//2309
f 3747//92 3802//92 57//92
f 1961//2331 3800//2331 2779//2331
f 1864//5691 2781//5691 908//5691
f 2782//5692 2783//5692 2707//5692
f 2783//5693 2912//5693 3905//5693
f 2785//5694 2786//5694 3734//5694
f 3691//5695 3690//5695 1036//5695
f 3769//5696 2793//5696 1871//5696
f 2798//5697 667//5697 4015//5697
f 2799//5698 2870//5698 2869//5698
f 2798//5699 3682//5699 2870//5699
f 2804//5700 2802//5700 3617//5700
f 3910//125 2895//125 2802//125
f 2803//5701 3948//5701 339//5701
f 3109//2857 2806//2857 2805//2857
f 2806//5702 3109//5702 3108//5702
f 2807//5703 2808//5703 4057//5703
f 3634//5704 3032//5704 1752//5704
f 547//5705 2812//5705 865//5705
f 2813//5706 865//5706 4077//5706
f 1073//1463 2818//1463 1875//1463
f 2821//5707 2822//5707 2820//5707
f 2908//5708 2820//5708 2973//5708
f 2985//5709 2824//5709 2823//5709
f 2984//5710 1875//5710 2824//5710
f 2827//5711 2306//5711 2828//5711
f 2832//5712 3075//5712 2964//5712
f 2834//1586 2835//1586 2833//1586
f 2922//5713 2836//5713 2833//5713
f 3688//5714 2833//5714 2835//5714
f 2835//1586 2834//1586 3857//1586
f 3082//5715 2835//5715 3995//5715
f 2837//5716 2833//5716 2836//5716
f 1735//5717 2840//5717 1174//5717
f 2842//1589 2843//1589 1187//1589
f 2843//1589 2842//1589 2845//1589
f 3083//1589 2842//1589 2844//1589
f 1838//5718 2848//5718 144//5718
f 145//233 2848//233 813//233
f 2852//5719 3076//5719 1881//5719
f 3674//5720 3675//5720 2850//5720
f 2850//5721 2851//5721 1190//5721
f 3961//5722 1190//5722 2851//5722
f 3084//5723 375//5723 2853//5723
f 3713//539 2853//539 1899//539
f 2854//5724 2855//5724 2856//5724
f 815//5725 3066//5725 2960//5725
f 3645//309 3644//309 2855//309
f 3664//309 3645//309 2854//309
f 3077//5726 2856//5726 2855//5726
f 3077//550 3065//550 3666//550
f 2857//5727 1702//5727 3604//5727
f 3167//1637 3168//1637 2858//1637
f 2860//5728 2861//5728 3060//5728
f 2443//5729 3969//5729 2861//5729
f 1067//5730 2862//5730 2864//5730
f 2863//2118 2864//2118 3763//2118
f 2865//2122 3892//2122 3893//2122
f 1705//5731 3152//5731 3278//5731
f 2866//2122 3278//2122 3892//2122
f 2867//5732 541//5732 3139//5732
f 3683//5733 3682//5733 3685//5733
f 2871//5734 3921//5734 2685//5734
f 2986//1623 2869//1623 2870//1623
f 3921//5735 2871//5735 2872//5735
f 2988//510 332//510 2873//510
f 2876//1465 1075//1465 2875//1465
f 2880//5736 2881//5736 2879//5736
f 2882//5737 2194//5737 3903//5737
f 2989//2616 2885//2616 2886//2616
f 3690//109 3691//109 2888//109
f 2887//2897 2888//2897 3111//2897
f 2888//5738 3706//5738 3705//5738
f 2889//5739 3111//5739 3110//5739
f 3689//939 2887//939 2889//939
f 3951//5740 2889//5740 4056//5740
f 918//5741 2985//5741 2332//5741
f 75//5742 2891//5742 2893//5742
f 3949//125 2891//125 2895//125
f 2892//2327 2893//2327 3765//2327
f 1956//5743 3769//5743 3698//5743
f 1141//930 2894//930 4021//930
f 2896//1463 2984//1463 2985//1463
f 2898//5744 625//5744 2897//5744
f 1848//5745 2976//5745 3917//5745
f 2900//5746 1911//5746 2983//5746
f 2902//5747 1949//5747 4054//5747
f 2903//2110 1696//2110 3602//2110
f 2911//5748 2821//5748 2908//5748
f 2912//5749 2207//5749 3681//5749
f 1132//5750 2913//5750 33//5750
f 3652//5751 2723//5751 2913//5751
f 32//5752 3093//5752 1133//5752
f 2955//5753 1120//5753 2915//5753
f 2915//1512 2916//1512 1789//1512
f 367//5754 2917//5754 2337//5754
f 2957//1511 3656//1511 2918//1511
f 612//159 2921//159 2836//159
f 2922//5755 3688//5755 3081//5755
f 4067//5756 1103//5756 2925//5756
f 2933//5757 2934//5757 2931//5757
f 3919//5758 2931//5758 2930//5758
f 4012//5759 4018//5759 2934//5759
f 2936//5760 814//5760 2935//5760
f 2941//5761 3066//5761 814//5761
f 2939//5762 2937//5762 2935//5762
f 2939//5763 3916//5763 2236//5763
f 2940//5764 3808//5764 3809//5764
f 2943//5765 790//5765 2942//5765
f 2942//5766 900//5766 3742//5766
f 2945//5767 2946//5767 1910//5767
f 2961//5768 3969//5768 2946//5768
f 2947//5769 2275//5769 2954//5769
f 3779//5770 2949//5770 3781//5770
f 2949//5771 3779//5771 3780//5771
f 2949//1507 2951//1507 3782//1507
f 2951//5772 2949//5772 2950//5772
f 2952//327 359//327 3716//327
f 3778//5773 2953//5773 3826//5773
f 1908//1577 2961//1577 2945//1577
f 2958//1511 2956//1511 3656//1511
f 2959//5774 2960//5774 3066//5774
f 2963//566 617//566 3069//566
f 3075//5775 3074//5775 50//5775
f 2965//2934 2966//2934 2967//2934
f 2966//2934 2934//2934 4018//2934
f 2968//2934 1894//2934 2969//2934
f 3965//5776 2972//5776 1894//5776
f 1021//2934 2968//2934 2967//2934
f 2926//1267 2970//1267 2574//1267
f 613//5777 3081//5777 123//5777
f 1799//895 3954//895 1810//895
f 2976//5778 1848//5778 3694//5778
f 2978//1537 2308//1537 2977//1537
f 3684//486 4015//486 4023//486
f 3741//5779 2988//5779 3928//5779
f 2989//5780 2605//5780 3729//5780
f 3964//5781 3923//5781 2991//5781
f 3100//5782 3098//5782 1149//5782
f 3974//1547 3975//1547 3000//1547
f 2999//5783 2997//5783 2998//5783
f 2997//1547 3000//1547 4091//1547
f 3215//21 3284//21 2998//21
f 2999//5784 3791//5784 3790//5784
f 2676//5785 3974//5785 2997//5785
f 3216//1547 4091//1547 3000//1547
f 3001//63 3002//63 4072//63
f 3005//2945 3003//2945 3004//2945
f 3003//5786 3243//5786 3244//5786
f 3005//2945 3245//2945 3196//2945
f 3986//2945 3003//2945 3005//2945
f 3007//5787 3006//5787 4092//5787
f 3839//5788 4092//5788 3006//5788
f 1751//5789 3007//5789 3010//5789
f 2388//5790 3984//5790 2063//5790
f 3009//5791 2389//5791 3104//5791
f 3011//5792 2406//5792 3010//5792
f 4078//5793 3158//5793 3010//5793
f 4033//639 3256//639 3011//639
f 3829//19 3012//19 12//19
f 3012//19 2036//19 3285//19
f 3014//5794 3013//5794 3650//5794
f 3013//5795 3014//5795 11//5795
f 692//1295 3017//1295 3209//1295
f 1290//1447 3018//1447 3622//1447
f 3286//5796 3023//5796 4039//5796
f 3023//2769 2620//2769 4038//2769
f 3026//2421 3105//2421 112//2421
f 3105//2421 3026//2421 3107//2421
f 3029//2465 3027//2465 3028//2465
f 3028//2465 3085//2465 3084//2465
f 2401//5797 3831//5797 3031//5797
f 3032//5798 3634//5798 3227//5798
f 3231//5799 4030//5799 2626//5799
f 1753//2159 3033//2159 3225//2159
f 2072//5800 3036//5800 3642//5800
f 3641//5801 3642//5801 3036//5801
f 3037//5802 3282//5802 3189//5802
f 3282//2447 3037//2447 2114//2447
f 3947//5803 3996//5803 3039//5803
f 3042//5804 3043//5804 3041//5804
f 3851//2966 3041//2966 3118//2966
f 3851//5805 3852//5805 140//5805
f 3119//5806 3041//5806 3043//5806
f 3991//2237 3044//2237 724//2237
f 3046//5807 3047//5807 3045//5807
f 3046//2884 3048//2884 3049//2884
f 2859//2884 3060//2884 3048//2884
f 2437//5808 4005//5808 3047//5808
f 411//5809 3047//5809 4005//5809
f 3048//5810 3072//5810 3073//5810
f 3049//5811 3073//5811 3275//5811
f 3050//5812 3291//5812 3177//5812
f 3176//5813 3293//5813 3051//5813
f 3053//5814 3052//5814 188//5814
f 3301//1648 3052//1648 3236//1648
f 3052//5815 3053//5815 3302//5815
f 3142//872 3141//872 1221//872
f 3056//2977 3055//2977 1219//2977
f 3056//5816 3258//5816 3575//5816
f 3613//5817 1693//5817 3057//5817
f 1173//5818 3060//5818 2861//5818
f 3969//1577 2961//1577 3059//1577
f 3072//2884 3048//2884 3060//2884
f 3061//463 3902//463 3152//463
f 3063//134 2830//134 3156//134
f 3243//5819 3067//5819 4072//5819
f 3067//5820 3243//5820 3247//5820
f 3067//5821 1234//5821 4071//5821
f 3632//5822 1185//5822 3075//5822
f 2339//5823 3081//5823 3688//5823
f 3085//5824 3999//5824 375//5824
f 3089//557 3087//557 1233//557
f 1234//557 3087//557 3086//557
f 3091//5825 3090//5825 3092//5825
f 3092//5826 3670//5826 3168//5826
f 3090//5827 3671//5827 3670//5827
f 3094//1558 3093//1558 1193//1558
f 3097//1607 3099//1607 3973//1607
f 3099//1607 3097//1607 3098//1607
f 3097//1607 3101//1607 3756//1607
f 3151//5828 1149//5828 3098//5828
f 3171//1607 3973//1607 3099//1607
f 3169//5829 3099//5829 3100//5829
f 3754//5830 3755//5830 3101//5830
f 832//5831 3101//5831 3755//5831
f 3789//5832 3756//5832 3101//5832
f 3103//5833 3104//5833 2389//5833
f 3026//2421 3996//2421 3947//2421
f 3641//5834 3108//5834 3110//5834
f 3110//5835 3108//5835 3109//5835
f 3112//5836 3110//5836 3111//5836
f 3297//5837 2404//5837 3114//5837
f 3117//5838 1768//5838 3116//5838
f 1872//2966 3118//2966 3041//2966
f 3118//5839 1872//5839 4061//5839
f 3127//1217 3126//1217 1278//1217
f 3123//2106 2364//2106 3122//2106
f 3122//5840 3124//5840 3777//5840
f 1691//5841 3123//5841 3615//5841
f 3147//1440 1044//1440 3125//1440
f 3125//5842 1879//5842 3699//5842
f 1042//1217 3127//1217 3121//1217
f 828//1182 3170//1182 2169//1182
f 3607//1182 828//1182 3128//1182
f 3130//5843 3128//5843 3129//5843
f 1311//5844 3900//5844 4006//5844
f 3130//2110 1694//2110 4054//2110
f 3132//2593 3133//2593 3620//2593
f 3133//2593 3132//2593 3609//2593
f 2884//526 3611//526 2336//526
f 3729//5845 2884//5845 3134//5845
f 3982//5846 2822//5846 3136//5846
f 1195//5847 3663//5847 2973//5847
f 3753//5848 1195//5848 3137//5848
f 3138//5849 3239//5849 3237//5849
f 3139//820 540//820 3665//820
f 3668//5850 3667//5850 1218//5850
f 3146//5851 1220//5851 3610//5851
f 1817//861 3638//861 3875//861
f 1152//5852 3151//5852 3756//5852
f 1325//5853 3152//5853 3902//5853
f 1158//1558 3153//1558 1229//1558
f 3635//5854 4074//5854 3832//5854
f 3156//5855 83//5855 3637//5855
f 3945//5856 563//5856 3158//5856
f 3261//5857 3162//5857 846//5857
f 3169//5858 3170//5858 830//5858
f 3171//5859 830//5859 3968//5859
f 3473//5860 3472//5860 3172//5860
f 4//5861 3172//5861 3472//5861
f 3173//5862 3570//5862 3453//5862
f 3600//204 3361//204 3183//204
f 4038//5863 3182//5863 3183//5863
f 3648//5864 3696//5864 2047//5864
f 3188//5865 3186//5865 3354//5865
f 3186//5866 3188//5866 3190//5866
f 3353//3030 3354//3030 3186//3030
f 3187//1875 1459//1875 3191//1875
f 3413//5867 3414//5867 3187//5867
f 3190//5868 3189//5868 3282//5868
f 3191//5869 4083//5869 3269//5869
f 3189//5870 3190//5870 3188//5870
f 3192//5871 1268//5871 4037//5871
f 3194//5872 3844//5872 2079//5872
f 3366//5873 3469//5873 3194//5873
f 3840//5874 3196//5874 3195//5874
f 3197//5875 3195//5875 3196//5875
f 3197//5876 3198//5876 43//5876
f 3830//3040 3939//3040 3198//3040
f 3199//3040 3198//3040 3939//3040
f 2671//5877 3204//5877 955//5877
f 3204//5878 2671//5878 3207//5878
f 4088//1747 955//1747 3204//1747
f 3280//5879 3204//5879 3206//5879
f 3210//5880 1782//5880 3647//5880
f 1261//5881 3214//5881 3020//5881
f 3392//5882 1333//5882 3212//5882
f 3217//21 3215//21 4091//21
f 3216//5883 3786//5883 3787//5883
f 3975//1547 3974//1547 3218//1547
f 1151//1547 3980//1547 4069//1547
f 3220//5884 3403//5884 4031//5884
f 3222//5885 3220//5885 3221//5885
f 3222//5886 692//5886 3978//5886
f 3852//5887 3851//5887 3848//5887
f 4087//5888 3223//5888 3224//5888
f 138//5889 3226//5889 3228//5889
f 2104//5890 3230//5890 4030//5890
f 3856//5891 3230//5891 2419//5891
f 1250//1678 3233//1678 3299//1678
f 3373//5892 3234//5892 3836//5892
f 3221//5893 4031//5893 3836//5893
f 3236//5894 3302//5894 3303//5894
f 3238//5895 3236//5895 3237//5895
f 3239//1812 3242//1812 3885//1812
f 3242//1812 3239//1812 3240//1812
f 3986//2945 3247//2945 3243//2945
f 4036//5896 4089//5896 3004//5896
f 3830//5897 3196//5897 3245//5897
f 4089//5898 4084//5898 3245//5898
f 3247//2945 3986//2945 3006//2945
f 3281//1321 3252//1321 945//1321
f 1291//5899 3253//5899 3281//5899
f 3254//1321 3281//1321 3990//1321
f 4074//5900 3635//5900 3257//5900
f 3259//5901 3058//5901 3258//5901
f 3261//5902 3262//5902 3263//5902
f 3262//5903 3261//5903 3849//5903
f 2119//1655 3265//1655 2117//1655
f 2650//1655 3265//1655 3287//1655
f 3644//309 2422//309 3268//309
f 3463//2482 3579//2482 3271//2482
f 3272//5904 952//5904 3583//5904
f 3349//2463 3348//2463 3273//2463
f 3274//312 197//312 3884//312
f 3276//1309 4082//1309 3344//1309
f 4082//1309 3276//1309 3888//1309
f 3278//2122 1324//2122 3598//2122
f 3472//5905 3473//5905 3284//5905
f 3473//5906 3791//5906 2998//5906
f 2036//5907 3787//5907 3786//5907
f 3585//5908 3870//5908 3289//5908
f 3292//621 934//621 3291//621
f 3898//5909 3342//5909 934//5909
f 3144//5910 3296//5910 3031//5910
f 3998//1649 3298//1649 2049//1649
f 3593//5911 3299//5911 2121//5911
f 3053//900 4058//900 4076//900
f 3303//820 1228//820 3618//820
f 3306//5912 3307//5912 3573//5912
f 3308//5913 3266//5913 3572//5913
f 3405//1012 3309//1012 687//1012
f 3314//625 3470//625 3471//625
f 3316//5914 3468//5914 3469//5914
f 171//5915 3319//5915 3322//5915
f 2475//5916 3319//5916 3479//5916
f 1347//5917 3513//5917 2087//5917
f 3329//2688 3517//2688 3321//2688
f 3323//5918 3321//5918 3322//5918
f 3417//1777 3418//1777 3326//1777
f 3523//2796 3522//2796 3327//2796
f 3328//5919 1537//5919 3329//5919
f 3493//5920 3331//5920 3330//5920
f 3489//5921 3518//5921 750//5921
f 3333//5922 2171//5922 3332//5922
f 747//5923 3332//5923 3421//5923
f 3335//5924 3334//5924 3529//5924
f 3522//5925 247//5925 3336//5925
f 1566//5926 3526//5926 3338//5926
f 4005//1309 2436//1309 3342//1309
f 1372//5927 3344//5927 4082//5927
f 3347//5928 506//5928 3346//5928
f 3351//5929 3347//5929 3581//5929
f 3355//5930 3353//5930 3943//5930
f 3354//3030 3353//3030 3355//3030
f 3356//5931 2164//5931 3416//5931
f 3358//5932 3357//5932 3356//5932
f 1677//1871 3359//1871 2645//1871
f 3453//5933 3454//5933 3455//5933
f 3599//5934 3183//5934 3361//5934
f 3365//5935 1380//5935 3364//5935
f 3630//5936 1381//5936 3365//5936
f 3575//761 3369//761 3368//761
f 1666//5937 3371//5937 2126//5937
f 3374//3110 3400//3110 3605//3110
f 3374//5938 3836//5938 4031//5938
f 3590//5939 3376//5939 508//5939
f 3412//3113 1247//3113 3376//3113
f 3378//5940 3379//5940 3380//5940
f 3590//5941 3380//5941 3381//5941
f 3381//5942 3382//5942 1538//5942
f 1823//5943 3394//5943 3678//5943
f 3396//5944 3395//5944 3385//5944
f 13//5945 3393//5945 5//5945
f 3403//5946 3220//5946 3677//5946
f 3504//5947 3405//5947 3404//5947
f 3413//5948 3355//5948 3416//5948
f 3414//5949 3413//5949 3415//5949
f 3352//1777 3581//1777 3418//1777
f 3583//5950 3352//5950 3417//5950
f 3890//5951 3577//5951 3422//5951
f 3424//5952 1358//5952 3425//5952
f 3338//5953 3428//5953 3531//5953
f 3526//5954 3427//5954 3428//5954
f 3938//5955 3531//5955 3428//5955
f 3530//1119 761//1119 3431//1119
f 3433//5956 1647//5956 3488//5956
f 3435//5957 3437//5957 3449//5957
f 3552//5958 3436//5958 3435//5958
f 3437//5959 3435//5959 3436//5959
f 3554//5960 601//5960 3436//5960
f 3439//5961 1643//5961 3440//5961
f 3560//5962 3447//5962 3444//5962
f 3550//5963 623//5963 3448//5963
f 3564//5964 3451//5964 3447//5964
f 3882//5965 3447//5965 3451//5965
f 3570//5966 3937//5966 3454//5966
f 3454//5967 3938//5967 3528//5967
f 3466//5968 3464//5968 3939//5968
f 3465//5969 3625//5969 1747//5969
f 3601//1879 3469//1879 3468//1879
f 3844//5970 3194//5970 3469//5970
f 3443//5971 3548//5971 3717//5971
f 497//5972 3474//5972 1613//5972
f 3477//1983 2482//1983 3476//1983
f 3482//5973 3481//5973 3563//5973
f 3565//5974 3559//5974 3481//5974
f 3483//5975 658//5975 3564//5975
f 2470//5976 3484//5976 3555//5976
f 3555//5977 3484//5977 3486//5977
f 3486//5978 3484//5978 3558//5978
f 3331//5979 3493//5979 3491//5979
f 3492//5980 3491//5980 3493//5980
f 3492//5981 3498//5981 3499//5981
f 3495//5982 3499//5982 3498//5982
f 3569//5983 3496//5983 3497//5983
f 3501//5984 1367//5984 3531//5984
f 7//5985 3532//5985 1547//5985
f 3940//5986 3510//5986 1524//5986
f 1466//5987 3511//5987 3510//5987
f 3536//5988 1554//5988 3512//5988
f 3546//5989 3855//5989 3871//5989
f 3560//5990 3565//5990 3482//5990
f 3567//5991 3566//5991 3568//5991
f 3307//5992 3572//5992 1658//5992
f 3370//5993 4046//5993 1241//5993
f 4043//368 3576//368 3577//368
f 3886//2482 3271//2482 3579//2482
f 3586//3030 3585//3030 3584//3030
f 3353//5994 3584//5994 3944//5994
f 3584//5995 3585//5995 4045//5995
f 3863//5996 3881//5996 3586//5996
f 3586//5997 3881//5997 3870//5997
f 3892//2122 3598//2122 1682//2122
f 4035//5998 3844//5998 3601//5998
f 3603//2110 1691//2110 3602//2110
f 1220//5999 3609//5999 3132//5999
f 3615//2106 3122//2106 3614//2106
f 3616//6000 2397//6000 3987//6000
f 3989//6001 3988//6001 2042//6001
f 824//552 3709//552 364//552
f 3997//6002 3624//6002 3623//6002
f 38//6003 3625//6003 4089//6003
f 3625//6004 3465//6004 4084//6004
f 3626//6005 3627//6005 4079//6005
f 3941//6006 3942//6006 3630//6006
f 3632//1588 3633//1588 2408//1588
f 1186//1588 3631//1588 3257//1588
f 3633//1588 3945//1588 4078//1588
f 4071//6007 3086//6007 3646//6007
f 3013//6008 3649//6008 2403//6008
f 821//6009 3985//6009 1205//6009
f 2786//6010 3654//6010 2588//6010
f 3667//6011 3668//6011 3669//6011
f 3671//2177 3672//2177 1111//2177
f 3684//6012 3685//6012 3682//6012
f 3682//1623 3683//1623 4065//1623
f 2887//939 3689//939 2220//939
f 1844//2237 3991//2237 3992//2237
f 3759//6013 1946//6013 3697//6013
f 3700//6014 1880//6014 3715//6014
f 4049//979 2231//979 3710//979
f 3711//2273 1896//2273 3960//2273
f 3952//6015 3718//6015 635//6015
f 3718//6016 3952//6016 4055//6016
f 3722//2693 3679//2693 3905//2693
f 3728//6017 2363//6017 3727//6017
f 4026//383 3727//383 2606//383
f 323//497 3733//497 2773//497
f 3735//2303 879//2303 3760//2303
f 867//6018 3738//6018 1804//6018
f 3740//6019 3876//6019 3927//6019
f 357//6020 3742//6020 900//6020
f 3746//6021 989//6021 3907//6021
f 3750//6022 1078//6022 3749//6022
f 2381//6023 3753//6023 3972//6023
f 3758//1186 3755//1186 2826//1186
f 2602//6024 3777//6024 3124//6024
f 3764//2118 3763//2118 2864//2118
f 3847//6025 3814//6025 3766//6025
f 3838//6026 3772//6026 3771//6026
f 3779//6027 3826//6027 2015//6027
f 2950//2370 3780//2370 3819//2370
f 4070//6028 4093//6028 3786//6028
f 3285//6029 3786//6029 4093//6029
f 4047//6 3790//6 3791//6
f 3799//6030 3796//6030 3795//6030
f 2796//6031 3799//6031 3798//6031
f 1019//2707 3804//2707 3867//2707
f 3868//2707 3866//2707 3807//2707
f 3915//6032 3860//6032 3808//6032
f 3816//998 3820//998 2143//998
f 3821//2365 3878//2365 3877//2365
f 3834//6033 2529//6033 3833//6033
f 3840//6034 3841//6034 3839//6034
f 3841//6035 4033//6035 4092//6035
f 4032//639 3842//639 3841//639
f 3842//639 2071//639 4033//639
f 3855//6036 3766//6036 3861//6036
f 2520//6037 3858//6037 4013//6037
f 3863//2447 3282//2447 3862//2447
f 3865//2707 3867//2707 3866//2707
f 3920//2707 3865//2707 3868//2707
f 3874//1575 1275//1575 3873//1575
f 2704//2365 3879//2365 4016//2365
f 3888//6038 2435//6038 3889//6038
f 3890//6039 3888//6039 3891//6039
f 413//6040 3895//6040 2177//6040
f 3908//6041 920//6041 4025//6041
f 3914//6042 3859//6042 3915//6042
f 3859//2444 4013//2444 3860//2444
f 2026//1237 3935//1237 800//1237
f 3933//6043 745//6043 3932//6043
f 3937//6044 3501//6044 3938//6044
f 3465//6045 3939//6045 3830//6045
f 3624//6046 3997//6046 3107//6046
f 3956//6047 2421//6047 3955//6047
f 3975//1547 4069//1547 4070//1547
f 3980//6048 3788//6048 4086//6048
f 3002//63 4036//63 3244//63
f 4056//2857 3109//2857 4055//2857
f 3980//1547 4093//1547 4070//1547
f 4080//1210 851//1210 4081//1210
