# Blender 4.5.1 LTS
# www.blender.org
mtllib chess_knight.mtl
o hipoly_jumper
v -0.191016 0.003553 -0.127633
v -0.225319 0.003553 -0.044819
v -0.225319 0.003553 0.044819
v -0.191016 0.003553 0.127633
v -0.044819 0.003553 -0.225319
v -0.127633 0.003553 0.191016
v -0.127633 0.003553 -0.191016
v -0.044192 0.058671 0.222170
v -0.188347 0.058671 -0.125849
v -0.222170 0.058671 -0.044192
v -0.222170 0.058671 0.044192
v -0.188347 0.058671 0.125849
v -0.044192 0.058671 -0.222170
v -0.125849 0.058671 0.188347
v -0.125849 0.058671 -0.188347
v -0.110334 0.066795 -0.165127
v -0.038744 0.066795 0.194780
v -0.165127 0.066795 -0.110334
v -0.194780 0.066795 -0.038744
v -0.194780 0.066795 0.038744
v -0.165127 0.066795 0.110334
v -0.038744 0.066795 -0.194780
v -0.110334 0.066795 0.165127
v -0.139261 0.126964 0.208419
v -0.139261 0.126964 -0.208419
v -0.048902 0.126964 0.245847
v -0.208419 0.126964 -0.139261
v -0.245847 0.126964 -0.048902
v -0.245847 0.126964 0.048902
v -0.208419 0.126964 0.139261
v -0.048902 0.126964 -0.245847
v -0.112578 0.214047 0.168485
v -0.112578 0.214047 -0.168485
v -0.039532 0.214047 0.198742
v -0.168485 0.214047 -0.112578
v -0.198742 0.214047 -0.039532
v -0.198742 0.214047 0.039532
v -0.168485 0.214047 0.112578
v -0.039532 0.214047 -0.198771
v -0.114966 0.237025 0.172059
v -0.114966 0.237025 -0.172059
v -0.040371 0.237025 0.202957
v -0.172059 0.237025 -0.114966
v -0.202957 0.237025 -0.040371
v -0.202957 0.237025 0.040371
v -0.172059 0.237025 0.114966
v -0.040371 0.237025 -0.203250
v -0.040791 0.243945 -0.205639
v -0.116164 0.243945 0.173851
v -0.116164 0.243945 -0.173851
v -0.040791 0.243945 0.205072
v -0.173851 0.243945 -0.116164
v -0.205072 0.243945 -0.040791
v -0.205072 0.243945 0.040791
v -0.173851 0.243945 0.116164
v -0.127709 0.084158 -0.191131
v -0.044846 0.084158 0.225454
v -0.191131 0.084158 -0.127709
v -0.225454 0.084158 -0.044846
v -0.225454 0.084158 0.044846
v -0.191131 0.084158 0.127709
v -0.044846 0.084158 -0.225454
v -0.127709 0.084158 0.191131
v -0.212648 0.012063 0.142087
v -0.142087 0.047392 -0.212648
v -0.049894 0.047392 -0.250836
v -0.106338 0.254611 0.159147
v -0.037341 0.254611 -0.188217
v -0.159147 0.254611 0.106338
v -0.212648 0.047392 -0.142087
v -0.212648 0.047392 0.142087
v -0.187726 0.254611 -0.037341
v -0.250836 0.029826 0.049894
v -0.037341 0.254665 0.187537
v -0.250836 0.047392 0.049894
v -0.250836 0.012063 0.049894
v -0.159147 0.254611 -0.106338
v -0.106338 0.254611 -0.159146
v -0.049894 0.012063 0.250836
v -0.187726 0.254611 0.037341
v -0.142087 0.047392 0.212648
v -0.049894 0.012063 -0.250836
v -0.142087 0.012063 -0.212648
v -0.212648 0.012063 -0.142087
v -0.049894 0.047392 0.250836
v -0.250836 0.047392 -0.049894
v -0.049894 0.029826 0.250836
v -0.032665 0.266571 0.164029
v -0.142087 0.029826 -0.212648
v -0.212648 0.029826 0.142087
v -0.049894 0.029826 -0.250836
v -0.139218 0.266517 0.093022
v -0.142087 0.012063 0.212648
v -0.093022 0.266517 -0.139217
v -0.250836 0.012063 -0.049894
v -0.212648 0.029826 -0.142087
v -0.142087 0.029826 0.212648
v -0.250836 0.029826 -0.049894
v -0.164218 0.266517 -0.032665
v -0.139218 0.266517 -0.093022
v -0.164218 0.266517 0.032665
v -0.032665 0.266517 -0.164425
v -0.093022 0.266517 0.139218
v -0.123369 0.175158 0.184635
v -0.123369 0.175158 -0.184635
v -0.043322 0.175158 0.217792
v -0.184635 0.175158 -0.123369
v -0.217792 0.175158 -0.043322
v -0.217792 0.175158 0.043322
v -0.184635 0.175158 0.123369
v -0.043322 0.175158 -0.217792
v -0.165386 0.274532 -0.033219
v -0.087766 0.274256 -0.139245
v -0.093272 0.274929 0.143515
v -0.027950 0.274584 -0.163542
v -0.140870 0.274420 0.094373
v -0.139028 0.273792 -0.093243
v -0.032478 0.276320 0.170988
v -0.166250 0.274425 0.032148
v -0.032269 0.000000 0.162225
v -0.137528 0.000000 -0.091893
v -0.162225 0.000000 -0.032269
v -0.162225 0.000000 0.032269
v -0.137528 0.000000 0.091893
v -0.032269 0.000000 -0.162225
v -0.091893 0.000000 0.137528
v -0.091893 0.000000 -0.137528
v -0.076234 0.000000 -0.050938
v -0.089924 0.000000 -0.017887
v -0.089924 0.000000 0.017887
v -0.076234 0.000000 0.050938
v -0.017887 0.000000 -0.089924
v -0.050938 0.000000 0.076234
v -0.050938 0.000000 -0.076234
v -0.017887 0.000000 0.089924
v -0.017317 0.000000 0.000000
v -0.020706 0.000000 0.035642
v -0.044819 0.003553 0.225319
v -0.048026 0.000000 0.000000
v -0.020706 0.000000 -0.035642
v -0.007320 0.000000 -0.046363
v -0.006763 0.000000 -0.016326
v -0.006763 0.000000 0.016326
v -0.035642 0.000000 -0.020706
v -0.035642 0.000000 0.020706
v -0.007320 0.000000 0.046363
v -0.026018 0.845895 0.206932
v -0.021236 0.839559 0.215072
v -0.021162 0.829723 0.221228
v -0.024968 0.820246 0.221929
v -0.033036 0.815403 0.216094
v -0.041709 0.816875 0.206643
v -0.046671 0.823709 0.197602
v -0.046945 0.833613 0.192167
v -0.042414 0.842924 0.192426
v -0.034317 0.849671 0.197384
v -0.013773 0.829718 0.225268
v -0.004769 0.828633 0.226550
v -0.017632 0.817705 0.227965
v -0.006058 0.815610 0.231065
v -0.013816 0.841439 0.217337
v -0.004750 0.841579 0.218409
v -0.018181 0.849867 0.206542
v -0.006070 0.851009 0.206609
v -0.036304 0.836920 0.192043
v -0.030583 0.817697 0.210589
v -0.021964 0.827635 0.213765
v -0.036951 0.818680 0.204076
v -0.025500 0.839194 0.203747
v -0.040875 0.823877 0.196798
v -0.030924 0.839972 0.196879
v -0.040410 0.830965 0.192101
v -0.022288 0.834785 0.209912
v -0.024653 0.820922 0.213974
v -0.023043 0.830747 0.200965
v -0.022613 0.824699 0.201936
v -0.025798 0.820219 0.204479
v -0.032420 0.821485 0.198292
v -0.029638 0.826010 0.193476
v -0.027636 0.831238 0.193401
v -0.044711 0.845266 0.183202
v -0.051060 0.832801 0.182593
v -0.051970 0.818891 0.191499
v -0.045869 0.809226 0.204670
v -0.034100 0.807661 0.217876
v -0.020708 0.806296 0.227284
v -0.006898 0.803937 0.231124
v -0.055783 0.812037 0.181142
v -0.057292 0.805636 0.170504
v -0.050412 0.779863 0.161670
v -0.056897 0.796393 0.161175
v -0.056014 0.783560 0.156411
v -0.055298 0.771012 0.155966
v -0.055263 0.759431 0.152049
v -0.052652 0.753833 0.163966
v -0.048748 0.745860 0.177477
v -0.042175 0.739832 0.192471
v -0.000966 0.786992 0.216664
v -0.018579 0.791093 0.213476
v -0.033062 0.794257 0.202313
v -0.034981 0.794544 0.199224
v -0.000937 0.779141 0.214091
v -0.017587 0.781364 0.210035
v -0.030909 0.783847 0.199820
v -0.032713 0.784140 0.197061
v -0.000883 0.762607 0.212501
v -0.006120 0.743591 0.216186
v -0.016376 0.762582 0.206886
v -0.028971 0.763409 0.197450
v -0.018398 0.745246 0.213055
v -0.049965 0.800196 0.184354
v -0.030878 0.763706 0.195005
v -0.029565 0.746312 0.204709
v -0.038112 0.748760 0.192802
v -0.038198 0.785041 0.180515
v -0.038022 0.766091 0.179872
v -0.044990 0.753646 0.180010
v -0.044822 0.786039 0.165164
v -0.051830 0.797188 0.173013
v -0.050034 0.770557 0.163136
v -0.049021 0.761183 0.169229
v -0.029480 0.774682 0.198213
v -0.030997 0.772990 0.195534
v -0.017503 0.773014 0.207533
v -0.036550 0.774446 0.179945
v -0.029229 0.772688 0.197964
v -0.000990 0.772721 0.212626
v -0.042000 0.785226 0.169583
v -0.042813 0.769573 0.168985
v -0.006365 0.731098 0.215525
v -0.019713 0.733563 0.212858
v -0.032612 0.736140 0.204953
v -0.006260 0.717656 0.204906
v -0.018942 0.719806 0.202857
v -0.031250 0.723409 0.196710
v -0.040671 0.728826 0.185930
v -0.045978 0.735729 0.171182
v -0.048522 0.741961 0.156430
v -0.050120 0.746100 0.144368
v -0.044789 0.778164 0.162141
v -0.006436 0.793656 0.224325
v -0.019775 0.796522 0.221647
v -0.032456 0.798788 0.212787
v -0.043242 0.800045 0.198811
v -0.000874 0.751676 0.212711
v -0.016490 0.752275 0.207043
v -0.040878 0.795002 0.181584
v -0.029451 0.752734 0.197223
v -0.031407 0.753087 0.194702
v -0.039727 0.756912 0.179756
v -0.051226 0.789453 0.165006
v -0.044231 0.793324 0.171689
v -0.045358 0.771536 0.163966
v -0.045008 0.762998 0.169972
v -0.038581 0.724802 0.173355
v -0.057889 0.741809 0.100008
v -0.018849 0.840817 0.216285
v -0.043609 0.815071 0.207217
v -0.006164 0.705238 0.184936
v -0.018094 0.707982 0.184675
v -0.034444 0.847359 0.198473
v -0.043359 0.844290 0.190735
v -0.018736 0.829881 0.223629
v -0.064074 0.736821 0.085594
v -0.048847 0.822710 0.197116
v -0.048719 0.833558 0.190779
v -0.023567 0.819129 0.224797
v -0.053527 0.786338 0.144734
v -0.024637 0.848039 0.206912
v -0.033480 0.813327 0.218070
v -0.047510 0.787454 0.128457
v -0.048616 0.789993 0.096905
v -0.053513 0.786910 0.081279
v -0.059231 0.778870 0.067329
v -0.071324 0.728998 0.070679
v -0.073855 0.748576 0.060190
v -0.086617 0.698981 0.036595
v -0.076662 0.718193 0.060402
v -0.065567 0.771866 0.052697
v -0.069935 0.761852 0.054458
v -0.058742 0.773278 0.071215
v -0.066643 0.754815 0.072907
v -0.050981 0.777295 0.137865
v -0.046083 0.781490 0.110162
v -0.054577 0.762868 0.141179
v -0.064062 0.751561 0.085005
v -0.053917 0.771100 0.143528
v -0.053276 0.780189 0.082248
v -0.048772 0.768788 0.124838
v -0.064371 0.764022 0.067545
v -0.047098 0.780039 0.124752
v -0.058992 0.753554 0.098902
v -0.050374 0.769563 0.135112
v -0.059441 0.765545 0.076096
v -0.056377 0.766735 0.085345
v -0.052731 0.767199 0.097562
v -0.051368 0.746953 0.130149
v -0.053516 0.758163 0.129128
v -0.001062 0.772060 0.211795
v -0.016956 0.772143 0.207454
v -0.029144 0.773693 0.197627
v -0.030783 0.773988 0.195222
v -0.036336 0.775363 0.179937
v -0.039658 0.776783 0.168106
v -0.040629 0.775663 0.167961
v -0.031234 0.774981 0.195733
v -0.042277 0.777667 0.162516
v -0.000986 0.771316 0.212472
v -0.036696 0.776333 0.180030
v -0.017359 0.771191 0.207138
v -0.040674 0.778015 0.167956
v -0.072793 0.771670 0.032932
v -0.080307 0.776789 0.009223
v -0.087182 0.780704 -0.014230
v -0.090834 0.777696 -0.038972
v -0.094129 0.764827 -0.057694
v -0.097001 0.744223 -0.060786
v -0.097436 0.725966 -0.052393
v -0.091188 0.695969 0.017778
v -0.093125 0.697755 -0.002334
v -0.094072 0.703357 -0.021949
v -0.095675 0.712635 -0.038980
v -0.096810 0.730075 -0.037076
v -0.070957 0.763689 0.025052
v -0.094370 0.752958 -0.038200
v -0.069471 0.756348 0.036935
v -0.094375 0.715273 -0.013913
v -0.076353 0.767358 0.005798
v -0.095710 0.721504 -0.027436
v -0.091142 0.712032 0.001279
v -0.072094 0.743760 0.040827
v -0.082541 0.767099 -0.013509
v -0.086672 0.711691 0.015441
v -0.076171 0.730543 0.040140
v -0.089299 0.761706 -0.029187
v -0.096753 0.741240 -0.040843
v -0.082894 0.714503 0.026522
v -0.088643 0.723523 -0.010169
v -0.071544 0.756434 0.000695
v -0.084117 0.721603 0.000625
v -0.076908 0.754938 -0.012351
v -0.072120 0.737584 0.009047
v -0.083852 0.749995 -0.022185
v -0.090315 0.734388 -0.025615
v -0.067443 0.747356 0.021668
v -0.090518 0.727857 -0.019698
v -0.068411 0.753675 0.013596
v -0.068817 0.738778 0.023903
v -0.090499 0.743661 -0.029892
v -0.071713 0.730460 0.021545
v -0.069967 0.736888 0.015801
v -0.084651 0.737491 -0.017264
v -0.080460 0.738404 -0.009830
v -0.075942 0.738356 -0.000502
v -0.075547 0.723021 0.019329
v -0.078688 0.722113 0.010764
v -0.080874 0.707000 0.051525
v -0.079636 0.720837 0.034791
v -0.043932 0.847499 0.165773
v -0.041198 0.849509 0.143769
v -0.040741 0.850743 0.123269
v -0.041577 0.852414 0.105908
v -0.042609 0.854463 0.088973
v -0.052492 0.798068 0.149465
v -0.052878 0.813942 0.163002
v -0.048815 0.808029 0.149881
v -0.045013 0.815497 0.143189
v -0.043792 0.824064 0.117783
v -0.046154 0.824983 0.102838
v -0.049244 0.823922 0.090683
v -0.052764 0.820879 0.170656
v -0.050693 0.829805 0.169597
v -0.046745 0.835603 0.158367
v -0.053664 0.830590 0.072866
v -0.048480 0.842221 0.091583
v -0.045873 0.841360 0.104688
v -0.043816 0.839486 0.122109
v -0.043822 0.837674 0.141053
v -0.048609 0.822124 0.161688
v -0.045297 0.824582 0.151742
v -0.043686 0.820816 0.131972
v -0.043172 0.828334 0.137400
v -0.043739 0.831401 0.120119
v -0.046454 0.832869 0.103581
v -0.049097 0.832445 0.091964
v -0.053554 0.745004 0.114344
v -0.048996 0.802989 0.085286
v -0.048679 0.782040 0.096159
v -0.054495 0.755929 0.112582
v -0.049252 0.767912 0.110498
v -0.045700 0.789000 0.111976
v -0.044007 0.795681 0.113360
v -0.050516 0.837196 0.084276
v -0.048255 0.813424 0.088173
v -0.041346 0.814072 0.115380
v -0.042704 0.812887 0.130564
v -0.044319 0.814925 0.100677
v -0.044678 0.804742 0.098541
v -0.045366 0.795013 0.130946
v -0.042670 0.803448 0.131605
v -0.040983 0.803563 0.113784
v -0.047313 0.797029 0.097796
v -0.051749 0.794200 0.082811
v -0.050562 0.846596 0.075225
v -0.041959 0.858243 0.072131
v -0.040429 0.861758 0.052732
v -0.043537 0.862216 0.031904
v -0.051138 0.861413 0.014612
v -0.061495 0.858772 0.001310
v -0.072585 0.850063 -0.008379
v -0.081078 0.836617 -0.015712
v -0.085845 0.824829 -0.024363
v -0.087548 0.812664 -0.033975
v -0.087399 0.800445 -0.038715
v -0.051332 0.825489 0.081629
v -0.054136 0.816657 0.071359
v -0.051654 0.813352 0.078749
v -0.052884 0.801375 0.075216
v -0.055942 0.789400 0.070299
v -0.056111 0.804259 0.067766
v -0.059042 0.792495 0.061947
v -0.063826 0.784546 0.051889
v -0.070186 0.783517 0.037229
v -0.051855 0.854114 0.059710
v -0.056074 0.857811 0.043834
v -0.063128 0.857590 0.029130
v -0.071798 0.853225 0.015666
v -0.079687 0.844173 0.007165
v -0.085343 0.831910 0.001900
v -0.086510 0.814383 -0.019123
v -0.076607 0.787247 0.019284
v -0.087829 0.802686 -0.019129
v -0.088172 0.818701 0.000089
v -0.083161 0.795356 0.006954
v -0.056690 0.841933 0.058053
v -0.072401 0.844633 0.028955
v -0.080686 0.820430 0.019946
v -0.063420 0.798821 0.048620
v -0.075212 0.804205 0.024906
v -0.060110 0.847535 0.048976
v -0.076794 0.837612 0.023145
v -0.055882 0.819207 0.062699
v -0.066297 0.848076 0.038294
v -0.066958 0.798169 0.040510
v -0.071646 0.799819 0.031786
v -0.060063 0.802327 0.055479
v -0.057558 0.809338 0.060146
v -0.055719 0.831159 0.062887
v -0.079594 0.829020 0.020507
v -0.070366 0.807472 0.028117
v -0.059623 0.841734 0.046507
v -0.066801 0.803880 0.033682
v -0.065267 0.842623 0.037961
v -0.075507 0.820931 0.024408
v -0.069814 0.839991 0.031184
v -0.060594 0.831649 0.051412
v -0.073639 0.834364 0.026409
v -0.063684 0.803597 0.040757
v -0.054810 0.827672 0.056107
v -0.075198 0.827456 0.024133
v -0.055950 0.836133 0.053254
v -0.055353 0.817966 0.055413
v -0.062662 0.805559 0.041934
v -0.065142 0.827769 0.048691
v -0.059971 0.805900 0.047400
v -0.057448 0.809465 0.053267
v -0.071865 0.811592 0.034924
v -0.063867 0.835945 0.047359
v -0.054947 0.826473 0.053748
v -0.066491 0.805328 0.035580
v -0.068587 0.836900 0.041860
v -0.055525 0.816792 0.052891
v -0.074989 0.817527 0.032681
v -0.072941 0.834993 0.036814
v -0.058408 0.808888 0.048178
v -0.075347 0.829888 0.033102
v -0.030920 0.852290 0.193943
v -0.006289 0.857706 0.189793
v -0.023219 0.857335 0.183980
v -0.032054 0.857658 0.168592
v -0.016455 0.861359 0.168430
v -0.004136 0.861287 0.169365
v -0.029309 0.859285 0.146517
v -0.013204 0.862633 0.148123
v -0.002582 0.862197 0.148372
v -0.002404 0.861748 0.125576
v -0.012728 0.862698 0.125582
v -0.028870 0.860122 0.124486
v -0.002821 0.861157 0.103887
v -0.013728 0.862405 0.104977
v -0.029643 0.860999 0.106110
v -0.003483 0.861568 0.083472
v -0.015586 0.862466 0.083851
v -0.030445 0.861784 0.085996
v -0.005199 0.863925 0.064034
v -0.031216 0.861982 0.065571
v -0.018408 0.863358 0.063784
v -0.007164 0.866635 0.046258
v -0.021805 0.864667 0.045752
v -0.032599 0.862463 0.046543
v -0.008432 0.868135 0.024488
v -0.036470 0.862451 0.026101
v -0.025038 0.865673 0.024255
v -0.008589 0.874003 0.003460
v -0.008060 0.885478 -0.013655
v -0.008065 0.898852 -0.029868
v -0.020324 0.872905 -0.004017
v -0.019264 0.880629 -0.016518
v -0.025038 0.874427 -0.018936
v -0.030347 0.866796 0.003120
v -0.043099 0.862330 0.007451
v -0.020412 0.891043 -0.032794
v -0.027972 0.879036 -0.035861
v -0.030072 0.884185 -0.050999
v -0.037469 0.867794 -0.016117
v -0.042851 0.869287 -0.033694
v -0.046737 0.870962 -0.049795
v -0.052848 0.862064 -0.007968
v -0.062880 0.862319 -0.023748
v -0.071681 0.863460 -0.039745
v -0.075186 0.853753 -0.019384
v -0.078833 0.865215 -0.055179
v -0.064573 0.867445 -0.052910
v -0.049470 0.870984 -0.067800
v -0.067985 0.868233 -0.069671
v -0.082669 0.866938 -0.071513
v -0.051315 0.869388 -0.088010
v -0.069378 0.867859 -0.088886
v -0.083960 0.867594 -0.091185
v -0.084313 0.867113 -0.114093
v -0.070055 0.866924 -0.109875
v -0.052261 0.866952 -0.108869
v -0.008890 0.915942 -0.067377
v -0.023244 0.906694 -0.067227
v -0.032351 0.886770 -0.067728
v -0.034508 0.885036 -0.088839
v -0.014867 0.903224 -0.048532
v -0.010735 0.904896 -0.115279
v -0.026555 0.896490 -0.113949
v -0.035235 0.879543 -0.111273
v -0.009538 0.909154 -0.080247
v -0.035907 0.871586 -0.129489
v -0.052604 0.863535 -0.126623
v -0.069962 0.865210 -0.129902
v -0.083960 0.865303 -0.136495
v -0.083411 0.861917 -0.157042
v -0.069766 0.860954 -0.147989
v -0.083348 0.854896 -0.169359
v -0.070139 0.851524 -0.158822
v -0.012334 0.879222 -0.152477
v -0.029317 0.873122 -0.150592
v -0.037245 0.862438 -0.144064
v -0.053102 0.858176 -0.140190
v -0.053765 0.847189 -0.149100
v -0.038140 0.849332 -0.155335
v -0.082294 0.854088 -0.030908
v -0.081755 0.843605 -0.023979
v -0.088898 0.851602 -0.044003
v -0.087942 0.834445 -0.033182
v -0.092046 0.821183 -0.044559
v -0.093653 0.809192 -0.058440
v -0.087977 0.791647 -0.042297
v -0.087557 0.792764 -0.016663
v -0.087920 0.806415 0.002350
v -0.078583 0.811633 0.021156
v -0.073708 0.813893 0.025588
v -0.074346 0.826081 0.038104
v -0.090227 0.814217 -0.131414
v -0.094313 0.807720 -0.111725
v -0.094340 0.803848 -0.093429
v -0.094122 0.804069 -0.075656
v -0.083233 0.844904 -0.169919
v -0.089010 0.797090 -0.057568
v -0.090417 0.793007 -0.074854
v -0.085252 0.822759 -0.149036
v -0.095020 0.853364 -0.164757
v -0.093797 0.828117 -0.144260
v -0.095152 0.858231 -0.156251
v -0.095747 0.828873 -0.056052
v -0.095246 0.859879 -0.138638
v -0.095536 0.821337 -0.127750
v -0.096186 0.815319 -0.110027
v -0.094302 0.858767 -0.072853
v -0.095820 0.860692 -0.116206
v -0.096965 0.817745 -0.064486
v -0.092582 0.836108 -0.156152
v -0.095607 0.811665 -0.092873
v -0.095728 0.860691 -0.092841
v -0.093978 0.847182 -0.058977
v -0.096096 0.812536 -0.076984
v -0.094948 0.839958 -0.147670
v -0.096849 0.852645 -0.154068
v -0.093194 0.849413 -0.075908
v -0.094998 0.828855 -0.122743
v -0.092968 0.841881 -0.067843
v -0.094285 0.851626 -0.094125
v -0.092002 0.816975 -0.079742
v -0.093896 0.830283 -0.067318
v -0.095230 0.852541 -0.116860
v -0.094090 0.821947 -0.106026
v -0.093189 0.821409 -0.071334
v -0.095833 0.853192 -0.137708
v -0.092713 0.816982 -0.091519
v -0.095055 0.834407 -0.137843
v -0.094360 0.846429 -0.137237
v -0.092990 0.843935 -0.118291
v -0.083253 0.833376 -0.161774
v -0.093564 0.845437 -0.163842
v -0.095593 0.846466 -0.152573
v -0.093804 0.840425 -0.136178
v -0.092917 0.836246 -0.120100
v -0.090572 0.829227 -0.103884
v -0.090130 0.842735 -0.098573
v -0.087456 0.835382 -0.099752
v -0.083721 0.839997 -0.083089
v -0.082810 0.826179 -0.089400
v -0.081343 0.836006 -0.088229
v -0.084394 0.821573 -0.077729
v -0.086914 0.836690 -0.069958
v -0.087361 0.830114 -0.069109
v -0.085949 0.840851 -0.075096
v -0.084044 0.821905 -0.085035
v -0.086011 0.824732 -0.071656
v -0.081167 0.831399 -0.089826
v -0.077172 0.830974 -0.081615
v -0.082943 0.830367 -0.070605
v -0.078790 0.830693 -0.078398
v -0.081093 0.830569 -0.073886
v -0.065620 0.816380 0.047008
v -0.056397 0.834283 0.051640
v -0.067488 0.814970 0.044362
v -0.071688 0.816316 0.039226
v -0.067304 0.830488 0.046636
v -0.069607 0.814881 0.041613
v -0.070303 0.831174 0.043837
v -0.064448 0.819350 0.048976
v -0.073808 0.820502 0.037710
v -0.072832 0.829931 0.040588
v -0.064244 0.823478 0.049642
v -0.070425 0.824946 0.038002
v -0.065957 0.827807 0.043584
v -0.068745 0.818566 0.038805
v -0.066058 0.817661 0.042158
v -0.067395 0.817614 0.040369
v -0.064036 0.823207 0.045624
v -0.064611 0.826021 0.044965
v -0.070112 0.821304 0.037768
v -0.064176 0.820514 0.045212
v -0.067821 0.828256 0.041740
v -0.064916 0.818580 0.043913
v -0.069420 0.827453 0.039626
v -0.062701 0.823233 0.043774
v -0.063734 0.823161 0.042438
v -0.067848 0.821745 0.037114
v -0.065223 0.822931 0.040643
v -0.066680 0.822514 0.038700
v -0.065211 0.809214 0.043872
v -0.070498 0.808633 0.030560
v -0.060047 0.839377 0.046033
v -0.059263 0.824959 0.053079
v -0.068527 0.809038 0.038962
v -0.065524 0.840360 0.038497
v -0.059674 0.817534 0.052198
v -0.073788 0.814933 0.028089
v -0.070165 0.838175 0.032703
v -0.061859 0.811763 0.048627
v -0.073672 0.833114 0.028480
v -0.074888 0.827035 0.026576
v -0.075247 0.821468 0.026906
v -0.075810 0.824105 0.029713
v -0.029250 0.714435 0.181676
v -0.039055 0.730037 0.158386
v -0.040051 0.735299 0.143272
v -0.042479 0.737058 0.128078
v -0.045767 0.735696 0.114235
v -0.049680 0.732135 0.100634
v -0.052953 0.726257 0.087147
v -0.056650 0.716910 0.075804
v -0.060604 0.704882 0.066166
v -0.092178 0.744472 -0.076340
v -0.091539 0.721163 -0.063766
v -0.088573 0.704242 -0.048752
v -0.085359 0.692558 -0.029910
v -0.084082 0.685284 -0.008528
v -0.082563 0.681969 0.013945
v -0.076078 0.684032 0.036913
v -0.066518 0.692821 0.054727
v -0.091985 0.794339 -0.093042
v -0.027981 0.718895 0.164360
v -0.015728 0.711882 0.165765
v -0.004916 0.709350 0.165834
v -0.028241 0.730454 0.145346
v -0.030605 0.735907 0.126017
v -0.032644 0.734726 0.111196
v -0.034772 0.730417 0.097738
v -0.035631 0.724196 0.084602
v -0.036191 0.715455 0.074424
v -0.038391 0.702729 0.067355
v -0.014184 0.726735 0.146418
v -0.015712 0.733826 0.125010
v -0.016766 0.732974 0.108826
v -0.017299 0.728645 0.095247
v -0.018078 0.722059 0.083517
v -0.019057 0.712655 0.075835
v -0.020257 0.698805 0.072830
v -0.003683 0.724573 0.147534
v -0.004123 0.731523 0.125616
v -0.004656 0.731224 0.108587
v -0.004877 0.727626 0.095009
v -0.005395 0.721080 0.084018
v -0.005883 0.710649 0.077596
v -0.006177 0.696214 0.076172
v -0.038671 0.830267 -0.162970
v -0.054550 0.830919 -0.153135
v -0.030648 0.835667 -0.176575
v -0.013053 0.839219 -0.183547
v -0.071321 0.839117 -0.160696
v -0.040140 0.808739 -0.170056
v -0.053035 0.809804 -0.155836
v -0.025348 0.862104 -0.157656
v -0.012335 0.865414 -0.159673
v -0.073760 0.827905 -0.156885
v -0.076767 0.817744 -0.147944
v -0.068652 0.813631 -0.148461
v -0.051776 0.785292 -0.159932
v -0.041240 0.786682 -0.176327
v -0.052070 0.759501 -0.163405
v -0.041212 0.762093 -0.180824
v -0.066990 0.789519 -0.147834
v -0.084281 0.807409 -0.131553
v -0.082019 0.789381 -0.132091
v -0.067477 0.759401 -0.149827
v -0.091796 0.798954 -0.111662
v -0.090563 0.772487 -0.077805
v -0.091266 0.781220 -0.112726
v -0.091831 0.774763 -0.093700
v -0.091761 0.747095 -0.091386
v -0.090758 0.754485 -0.113407
v -0.081958 0.758860 -0.132906
v -0.088012 0.720775 -0.080463
v -0.033270 0.739494 -0.209767
v -0.040780 0.731841 -0.183702
v -0.050949 0.728105 -0.165319
v -0.065763 0.726351 -0.150789
v -0.077332 0.725520 -0.130930
v -0.084820 0.724144 -0.106826
v -0.083066 0.698150 -0.062252
v -0.077214 0.692170 -0.089451
v -0.070920 0.686925 -0.122883
v -0.032359 0.694233 -0.211021
v -0.039728 0.687811 -0.183559
v -0.050269 0.685009 -0.164550
v -0.064125 0.684635 -0.148723
v -0.170981 0.349596 0.000929
v -0.152041 0.342513 -0.054610
v -0.127733 0.390704 -0.045270
v -0.149231 0.404010 0.023591
v -0.112745 0.447381 -0.038489
v -0.125069 0.466623 0.025060
v -0.102823 0.524421 0.009768
v -0.101105 0.503052 -0.042865
v -0.088622 0.553755 -0.058729
v -0.087861 0.574416 -0.009978
v -0.078435 0.618603 -0.035814
v -0.077364 0.599304 -0.083402
v -0.070696 0.643462 -0.107229
v -0.074382 0.658410 -0.064800
v -0.079751 0.677215 -0.038501
v -0.077134 0.665142 -0.011089
v -0.072885 0.660901 0.018327
v -0.078084 0.636027 0.005816
v -0.086833 0.599449 0.031201
v -0.104704 0.547624 0.053045
v -0.127049 0.489645 0.078009
v -0.152425 0.427922 0.090410
v -0.163986 0.383267 0.108308
v -0.180908 0.352743 0.061637
v -0.163728 0.354086 0.121041
v -0.061411 0.662349 0.045744
v -0.046232 0.681482 0.061241
v -0.088537 0.388255 0.190856
v -0.121936 0.448448 0.128136
v -0.039886 0.586528 0.105203
v -0.042711 0.533667 0.140984
v -0.073511 0.608511 0.055948
v -0.057525 0.633149 0.060256
v -0.049828 0.479231 0.177796
v -0.128763 0.407880 0.145736
v -0.055927 0.437789 0.202662
v -0.088370 0.560942 0.075342
v -0.115538 0.388259 0.166294
v -0.065328 0.408657 0.206328
v -0.104177 0.504462 0.104548
v -0.044786 0.624649 0.078621
v -0.060163 0.608476 0.068170
v -0.085105 0.411935 0.176132
v -0.085454 0.430662 0.165675
v -0.063364 0.569815 0.087992
v -0.071661 0.515506 0.119148
v -0.081781 0.464039 0.147492
v -0.028970 0.635179 0.087090
v -0.024921 0.594757 0.117630
v -0.027143 0.542099 0.157395
v -0.032723 0.484054 0.200289
v -0.037939 0.435629 0.229560
v -0.009760 0.633248 0.093675
v -0.008537 0.594274 0.122629
v -0.009206 0.541644 0.164470
v -0.011322 0.483915 0.208639
v -0.013259 0.432015 0.237838
v -0.008622 0.667559 0.080473
v -0.026921 0.670570 0.073935
v -0.045211 0.397703 0.223383
v -0.015092 0.386341 0.233722
v -0.098557 0.362020 0.196287
v -0.131814 0.358315 0.165722
v -0.024993 0.351217 0.223282
v -0.061404 0.364650 0.210584
v -0.040759 0.326032 0.209628
v -0.074594 0.334865 0.196020
v -0.005610 0.331691 0.230582
v -0.012562 0.311274 0.216455
v -0.041686 0.297595 0.197435
v -0.183274 0.310394 -0.002457
v -0.170753 0.301103 -0.046812
v -0.182883 0.321491 0.050485
v -0.179678 0.293959 0.042800
v -0.162517 0.324425 0.114818
v -0.154860 0.295254 0.106628
v -0.130070 0.330005 0.160466
v -0.103576 0.336808 0.187026
v -0.084275 0.308933 0.185362
v -0.112753 0.297946 0.156106
v -0.123052 0.342988 -0.100681
v -0.107154 0.385178 -0.093947
v -0.098422 0.435560 -0.084585
v -0.093164 0.488160 -0.084627
v -0.084304 0.538472 -0.098739
v -0.072827 0.584470 -0.121185
v -0.065890 0.633564 -0.139639
v -0.049640 0.630151 -0.157320
v -0.050771 0.577096 -0.141747
v -0.055514 0.529534 -0.122370
v -0.060447 0.482159 -0.108591
v -0.064164 0.432744 -0.107973
v -0.068944 0.383389 -0.120054
v -0.075871 0.342523 -0.135113
v -0.139229 0.301588 -0.099854
v -0.083409 0.302058 -0.143976
v -0.037497 0.629257 -0.176334
v -0.030386 0.630234 -0.201282
v -0.035193 0.573335 -0.161405
v -0.028631 0.571316 -0.184557
v -0.035734 0.523965 -0.143571
v -0.028569 0.520309 -0.166622
v -0.039629 0.478788 -0.130936
v -0.030592 0.476276 -0.153985
v -0.042458 0.432872 -0.130869
v -0.032480 0.434290 -0.153388
v -0.044505 0.385203 -0.142976
v -0.034271 0.391189 -0.162931
v -0.046189 0.345483 -0.162202
v -0.035580 0.354577 -0.184137
v -0.045282 0.308294 -0.180348
v -0.034259 0.320171 -0.216037
v -0.014065 0.327789 -0.235754
v -0.014526 0.361050 -0.195582
v -0.013902 0.395036 -0.173851
v -0.013199 0.435544 -0.165574
v -0.012725 0.475523 -0.167082
v -0.012715 0.519397 -0.181018
v -0.012821 0.570842 -0.199991
v -0.013042 0.631667 -0.218585
v -0.013744 0.698930 -0.228925
v -0.014307 0.744966 -0.225027
v -0.022247 0.287236 -0.190783
v -0.016537 0.302443 -0.235867
v -0.039143 0.000888 -0.196787
v -0.111471 0.000888 -0.166828
v -0.166828 0.000888 -0.111471
v -0.196787 0.000888 -0.039143
v -0.196787 0.000888 0.039143
v -0.166828 0.000888 0.111471
v -0.111471 0.000888 0.166828
v -0.039143 0.000888 0.196787
v -0.048469 0.052592 -0.243669
v -0.138028 0.052592 -0.206573
v -0.206573 0.052592 -0.138027
v -0.243669 0.052592 -0.048469
v -0.243669 0.052592 0.048469
v -0.206573 0.052592 0.138028
v -0.138028 0.052592 0.206573
v -0.048469 0.052592 0.243669
v -0.087931 0.003553 0.212285
v -0.162476 0.003553 -0.162476
v -0.236326 0.047392 -0.097890
v -0.255798 0.047392 0.000000
v -0.236326 0.047392 0.097890
v -0.180876 0.047392 0.180876
v -0.097890 0.047392 -0.236326
v -0.039979 0.063961 -0.200990
v -0.113852 0.063961 -0.170391
v -0.170391 0.063961 -0.113852
v -0.200990 0.063961 -0.039979
v -0.200990 0.063961 0.039979
v -0.170391 0.063961 0.113852
v -0.113852 0.063961 0.170391
v -0.039979 0.063961 0.200990
v -0.086703 0.058671 0.209319
v -0.160206 0.058671 -0.160206
v -0.209319 0.058671 -0.086703
v -0.226565 0.058671 0.000000
v -0.209319 0.058671 0.086703
v -0.160206 0.058671 0.160206
v -0.086703 0.058671 -0.209319
v -0.048784 0.102738 -0.245251
v -0.138924 0.102738 -0.207914
v -0.207914 0.102738 -0.138924
v -0.245251 0.102738 -0.048783
v -0.245251 0.102738 0.048784
v -0.207914 0.102738 0.138924
v -0.138924 0.102738 0.207914
v -0.048784 0.102738 0.245251
v -0.076014 0.066795 -0.183513
v -0.162574 0.084158 -0.162574
v -0.076014 0.066795 0.183514
v -0.212413 0.084158 -0.087984
v -0.229914 0.084158 0.000000
v -0.212413 0.084158 0.087984
v -0.162574 0.084158 0.162574
v -0.040480 0.195454 -0.203511
v -0.115276 0.195454 -0.172523
v -0.172523 0.195454 -0.115276
v -0.203504 0.195454 -0.040479
v -0.203504 0.195454 0.040480
v -0.172523 0.195454 0.115276
v -0.115276 0.195454 0.172523
v -0.040479 0.195454 0.203504
v -0.177280 0.126964 0.177280
v -0.084994 0.175158 0.205194
v -0.095943 0.126964 -0.231627
v -0.157049 0.175158 -0.157049
v -0.205194 0.175158 -0.084994
v -0.222101 0.175158 0.000000
v -0.205194 0.175158 0.084994
v -0.039742 0.228663 -0.199905
v -0.113175 0.228663 -0.169378
v -0.169378 0.228663 -0.113175
v -0.199795 0.228663 -0.039742
v -0.199795 0.228663 0.039742
v -0.169378 0.228663 0.113175
v -0.113175 0.228663 0.169378
v -0.039742 0.228663 0.199796
v -0.143312 0.214047 0.143312
v -0.077560 0.214047 0.187246
v -0.077560 0.214047 -0.187253
v -0.143312 0.214047 -0.143312
v -0.187246 0.214047 -0.077560
v -0.202673 0.214047 0.000000
v -0.187246 0.214047 0.077560
v -0.040895 0.241373 -0.206072
v -0.116459 0.241373 -0.174294
v -0.174294 0.241373 -0.116459
v -0.205594 0.241373 -0.040895
v -0.205594 0.241373 0.040895
v -0.174294 0.241373 0.116459
v -0.116459 0.241373 0.174294
v -0.040895 0.241373 0.205594
v -0.146352 0.237025 0.146351
v -0.079205 0.237025 0.191217
v -0.079205 0.237025 -0.191291
v -0.146352 0.237025 -0.146351
v -0.191217 0.237025 -0.079205
v -0.206972 0.237025 0.000000
v -0.191217 0.237025 0.079205
v -0.034656 0.262078 -0.174589
v -0.098692 0.262078 -0.147702
v -0.147702 0.262078 -0.098692
v -0.174227 0.262078 -0.034656
v -0.174227 0.262078 0.034656
v -0.147702 0.262078 0.098692
v -0.098692 0.262078 0.147702
v -0.034656 0.262159 0.173943
v -0.073261 0.254611 -0.176990
v -0.147876 0.243945 0.147876
v -0.073261 0.254624 0.176820
v -0.135369 0.254611 -0.135368
v -0.176867 0.254611 -0.073261
v -0.191440 0.254611 0.000000
v -0.176867 0.254611 0.073261
v -0.087984 0.084158 -0.212413
v -0.140455 0.066795 -0.140455
v -0.087984 0.084158 0.212413
v -0.183514 0.066795 -0.076014
v -0.198634 0.066795 0.000000
v -0.183514 0.066795 0.076014
v -0.140455 0.066795 0.140455
v -0.115039 0.071938 -0.172168
v -0.040396 0.071938 0.203086
v -0.172168 0.071938 -0.115039
v -0.203086 0.071938 -0.040396
v -0.203086 0.071938 0.040396
v -0.172168 0.071938 0.115039
v -0.040396 0.071938 -0.203086
v -0.115039 0.071938 0.172168
v -0.229776 0.003553 0.000000
v -0.169285 0.247454 0.113112
v -0.199685 0.247454 0.039720
v -0.212648 0.040621 0.142087
v -0.049894 0.040621 -0.250836
v -0.255798 0.029826 0.000000
v -0.113112 0.247454 -0.169285
v -0.039720 0.247454 -0.200252
v -0.113112 0.247454 0.169285
v -0.193210 0.243945 -0.080030
v -0.180876 0.029826 0.180876
v -0.097890 0.029826 -0.236326
v -0.080030 0.243945 -0.193351
v -0.097890 0.012063 -0.236326
v -0.180876 0.012063 0.180876
v -0.138473 0.007456 0.207240
v -0.138473 0.007456 -0.207240
v -0.142087 0.040621 -0.212648
v -0.142087 0.040621 0.212648
v -0.097890 0.029826 0.236326
v -0.180876 0.029826 -0.180876
v -0.154719 0.266517 -0.064087
v -0.236326 0.029826 0.097890
v -0.236326 0.029826 -0.097890
v -0.039720 0.247467 0.199638
v -0.169285 0.247454 -0.113112
v -0.207240 0.007456 0.138473
v -0.048625 0.007456 -0.244456
v -0.199685 0.247454 -0.039720
v -0.193210 0.243945 0.080030
v -0.209129 0.243945 0.000000
v -0.236326 0.012063 -0.097890
v -0.236326 0.012063 0.097890
v -0.080030 0.243945 0.193210
v -0.135368 0.254611 0.135368
v -0.147876 0.243945 -0.147876
v -0.244456 0.007456 -0.048625
v -0.244456 0.007456 0.048625
v -0.167467 0.266517 0.000000
v -0.250836 0.018982 -0.049894
v -0.142087 0.018982 0.212648
v -0.212285 0.003553 0.087932
v -0.212285 0.003553 -0.087931
v -0.097890 0.047392 0.236326
v -0.180876 0.047392 -0.180876
v -0.212648 0.040621 -0.142087
v -0.049894 0.040621 0.250836
v -0.162476 0.003553 0.162476
v -0.087932 0.003553 -0.212285
v -0.064087 0.266517 -0.154771
v -0.118417 0.266517 0.118417
v -0.154719 0.266517 0.064087
v -0.212648 0.018982 0.142087
v -0.250836 0.018982 0.049894
v -0.049894 0.018982 0.250836
v -0.250836 0.040621 0.049894
v -0.250836 0.040621 -0.049894
v -0.064087 0.266530 0.154672
v -0.118417 0.266517 -0.118417
v -0.212648 0.018982 -0.142087
v -0.142087 0.018982 -0.212648
v -0.255798 0.012063 0.000000
v -0.180876 0.012063 -0.180876
v -0.097890 0.012063 0.236326
v -0.207240 0.007456 -0.138473
v -0.048625 0.007456 0.244456
v -0.049894 0.018982 -0.250836
v -0.090744 0.270082 0.136789
v -0.136128 0.269955 0.091019
v -0.031796 0.270444 0.161732
v -0.160595 0.269956 0.031714
v -0.160379 0.269983 -0.031982
v -0.089368 0.269914 -0.135722
v -0.030664 0.269996 -0.159988
v -0.135667 0.269798 -0.090737
v -0.157049 0.175158 0.157049
v -0.095943 0.126964 0.231627
v -0.084994 0.175158 -0.205194
v -0.177280 0.126964 -0.177279
v -0.231627 0.126964 -0.095943
v -0.250711 0.126964 0.000000
v -0.231627 0.126964 0.095943
v -0.132738 0.152536 0.198656
v -0.132738 0.152536 -0.198656
v -0.046611 0.152536 0.234331
v -0.198657 0.152536 -0.132738
v -0.234331 0.152536 -0.046611
v -0.234331 0.152536 0.046611
v -0.198656 0.152536 0.132738
v -0.046611 0.152536 -0.234331
v -0.100607 0.283427 0.152314
v -0.148696 0.282118 0.100452
v -0.035512 0.285077 0.185122
v -0.174755 0.281801 0.035375
v -0.171443 0.283720 -0.037716
v -0.086389 0.283614 -0.143944
v -0.024988 0.280318 -0.174127
v -0.142486 0.282916 -0.097347
v -0.155315 0.274301 -0.064596
v -0.169084 0.274552 -0.000507
v -0.056879 0.274894 -0.154678
v -0.116515 0.273584 -0.118385
v -0.119329 0.274645 0.121457
v -0.063916 0.275434 0.160155
v -0.156856 0.274324 0.064018
v -0.024936 0.000000 -0.125362
v -0.071012 0.000000 -0.106276
v -0.106276 0.000000 -0.071012
v -0.125362 0.000000 -0.024936
v -0.125362 0.000000 0.024936
v -0.106276 0.000000 0.071012
v -0.071012 0.000000 0.106276
v -0.024936 0.000000 0.125362
v -0.063309 0.000000 0.152842
v -0.116980 0.000000 -0.116980
v -0.152842 0.000000 -0.063309
v -0.165435 0.000000 0.000000
v -0.152842 0.000000 0.063309
v -0.116980 0.000000 0.116980
v -0.063309 0.000000 -0.152842
v -0.011792 0.000000 -0.061671
v -0.033545 0.000000 -0.051367
v -0.051367 0.000000 -0.033545
v -0.062087 0.000000 -0.009962
v -0.062087 0.000000 0.009962
v -0.051367 0.000000 0.033545
v -0.033545 0.000000 0.051367
v -0.011792 0.000000 0.061671
v -0.064844 0.000000 -0.064844
v -0.084722 0.000000 -0.035093
v -0.091703 0.000000 0.000000
v -0.084722 0.000000 0.035093
v -0.064844 0.000000 0.064844
v -0.035093 0.000000 -0.084722
v -0.035093 0.000000 0.084722
v -0.041344 0.000000 0.010666
v -0.041344 0.000000 -0.010666
v -0.012496 0.000000 0.040928
v -0.025485 0.000000 0.010248
v -0.011092 0.000000 0.009154
v -0.011939 0.000000 0.025237
v -0.025485 0.000000 -0.010248
v -0.011939 0.000000 -0.025237
v -0.029303 0.000000 0.029303
v -0.012496 0.000000 -0.040928
v -0.011092 0.000000 -0.009154
v -0.029303 0.000000 -0.029303
v -0.022212 0.829146 0.218521
v -0.026372 0.843469 0.206143
v -0.033609 0.844703 0.198455
v -0.022334 0.837925 0.213357
v -0.025379 0.820807 0.218936
v -0.032267 0.816703 0.214027
v -0.039854 0.817958 0.205800
v -0.044460 0.824101 0.197571
v -0.044690 0.832970 0.192636
v -0.020898 0.845170 0.211423
v -0.040555 0.840945 0.192922
v -0.018218 0.835535 0.220640
v -0.020490 0.824273 0.225075
v -0.027915 0.815222 0.222546
v -0.039100 0.813318 0.212563
v -0.046895 0.818298 0.202059
v -0.049458 0.827924 0.193114
v -0.046672 0.839164 0.190018
v -0.039126 0.848079 0.193126
v -0.029349 0.849509 0.202362
v -0.022816 0.848817 0.206816
v -0.017232 0.841161 0.216730
v -0.017131 0.829864 0.224399
v -0.021873 0.818605 0.226019
v -0.033702 0.811599 0.218318
v -0.044459 0.813339 0.206667
v -0.049954 0.821605 0.195639
v -0.049570 0.833361 0.188524
v -0.043839 0.844739 0.188598
v -0.033449 0.850672 0.196360
v -0.013410 0.835801 0.221977
v -0.004680 0.835593 0.222935
v -0.009404 0.829342 0.226048
v -0.011981 0.816638 0.229893
v -0.015111 0.823563 0.227251
v -0.005175 0.821654 0.229259
v -0.019956 0.811999 0.227834
v -0.006829 0.809904 0.231757
v -0.009392 0.841597 0.217949
v -0.015303 0.846255 0.211981
v -0.005155 0.846686 0.212968
v -0.012133 0.850745 0.206376
v -0.023153 0.851978 0.200651
v -0.006710 0.854649 0.198996
v -0.038949 0.850240 0.187699
v -0.048612 0.838932 0.181238
v -0.052148 0.826309 0.186327
v -0.021679 0.825913 0.207917
v -0.024143 0.834482 0.201452
v -0.028298 0.834904 0.194831
v -0.022168 0.831828 0.205520
v -0.024292 0.820693 0.208627
v -0.028316 0.818748 0.207001
v -0.034104 0.819652 0.201548
v -0.036625 0.823014 0.196599
v -0.035070 0.828384 0.191927
v -0.031413 0.832977 0.191599
v -0.033763 0.838951 0.193872
v -0.038527 0.834164 0.191437
v -0.034021 0.817669 0.207645
v -0.027255 0.818777 0.212752
v -0.022862 0.823939 0.214298
v -0.021820 0.831440 0.212321
v -0.039269 0.820744 0.200316
v -0.023478 0.837444 0.206925
v -0.028074 0.840036 0.200393
v -0.041382 0.827483 0.193925
v -0.028674 0.820237 0.201158
v -0.024878 0.830798 0.196755
v -0.025142 0.824548 0.196797
v -0.022450 0.827611 0.201416
v -0.023681 0.822179 0.202849
v -0.031173 0.823747 0.195278
v -0.028297 0.828449 0.192860
v -0.045050 0.846107 0.175332
v -0.051873 0.831682 0.175459
v -0.050039 0.812534 0.197738
v -0.054158 0.815418 0.186175
v -0.046058 0.804279 0.201845
v -0.040283 0.807943 0.211610
v -0.033932 0.802921 0.216210
v -0.027511 0.807428 0.223192
v -0.020457 0.801001 0.225494
v -0.013800 0.804915 0.229984
v -0.006642 0.798318 0.228776
v -0.054967 0.818220 0.175893
v -0.054389 0.805104 0.184572
v -0.056832 0.808769 0.176039
v -0.056069 0.810488 0.166877
v -0.056045 0.800749 0.172883
v -0.057275 0.801792 0.165296
v -0.044137 0.771168 0.165325
v -0.039697 0.785080 0.179093
v -0.041671 0.774156 0.168143
v -0.043458 0.777827 0.162293
v -0.043958 0.764868 0.169818
v -0.056396 0.790097 0.158196
v -0.056084 0.785466 0.151039
v -0.053921 0.781424 0.160179
v -0.055673 0.777094 0.155706
v -0.055832 0.771628 0.149582
v -0.053103 0.770304 0.161032
v -0.055094 0.765171 0.155357
v -0.051433 0.758665 0.167635
v -0.053794 0.757341 0.158269
v -0.055908 0.760981 0.146091
v -0.054155 0.753254 0.147800
v -0.051187 0.749731 0.170061
v -0.051930 0.747871 0.159728
v -0.047466 0.750475 0.179455
v -0.048398 0.740658 0.174559
v -0.045642 0.742474 0.185264
v -0.040625 0.744666 0.193428
v -0.042333 0.734478 0.189962
v -0.037960 0.737773 0.199051
v -0.039218 0.791862 0.180976
v -0.037360 0.774319 0.181325
v -0.019443 0.739689 0.214635
v -0.006375 0.737294 0.217496
v -0.017314 0.790763 0.215466
v -0.019911 0.791436 0.214432
v -0.032559 0.794415 0.200187
v -0.041641 0.795016 0.182999
v -0.042366 0.794875 0.180244
v -0.044701 0.790765 0.168307
v -0.056230 0.799001 0.156392
v -0.044788 0.781165 0.162896
v -0.044941 0.775475 0.162598
v -0.045545 0.767120 0.166380
v -0.041534 0.757538 0.178519
v -0.040195 0.756520 0.180988
v -0.000954 0.784328 0.215089
v -0.018181 0.787982 0.211803
v -0.032051 0.791026 0.201014
v -0.033849 0.791311 0.198059
v -0.041858 0.778478 0.163845
v -0.018399 0.771256 0.208099
v -0.028613 0.772844 0.196127
v -0.016443 0.772973 0.209620
v -0.000923 0.769111 0.212856
v -0.016803 0.769010 0.207414
v -0.029266 0.770354 0.198065
v -0.031130 0.770658 0.195607
v -0.015312 0.762601 0.209024
v -0.000866 0.755547 0.212192
v -0.015394 0.752287 0.209198
v -0.016223 0.755730 0.206460
v -0.028861 0.756115 0.196907
v -0.038651 0.765854 0.181170
v -0.017484 0.762588 0.207808
v -0.028406 0.763530 0.195608
v -0.017641 0.752253 0.207934
v -0.039682 0.766457 0.178511
v -0.030788 0.756420 0.194460
v -0.031601 0.741506 0.206144
v -0.028904 0.752840 0.195350
v -0.037313 0.772361 0.179975
v -0.038788 0.759615 0.179759
v -0.043316 0.785409 0.166288
v -0.055045 0.792469 0.163989
v -0.042723 0.790817 0.170997
v -0.016426 0.781176 0.212063
v -0.018795 0.781587 0.211004
v -0.030346 0.784007 0.197827
v -0.038988 0.784987 0.181916
v -0.000940 0.774312 0.213370
v -0.017219 0.775091 0.208502
v -0.029947 0.776979 0.198847
v -0.031774 0.777280 0.196272
v -0.037472 0.778533 0.180199
v -0.041503 0.779858 0.168289
v -0.032520 0.730135 0.201639
v -0.019462 0.726918 0.208630
v -0.006268 0.724665 0.211064
v -0.012884 0.732368 0.214695
v -0.026429 0.734786 0.209711
v -0.012561 0.718498 0.204203
v -0.025230 0.721477 0.200486
v -0.036548 0.725795 0.191775
v -0.043766 0.732229 0.179093
v -0.006255 0.710903 0.196410
v -0.018404 0.713177 0.195038
v -0.029820 0.717623 0.190083
v -0.038863 0.724920 0.180390
v -0.042400 0.730600 0.169922
v -0.047499 0.739060 0.163270
v -0.043780 0.736039 0.155504
v -0.049310 0.744339 0.150262
v -0.050844 0.747040 0.137933
v -0.044854 0.739579 0.142582
v -0.059780 0.749063 0.099061
v -0.012989 0.794998 0.223777
v -0.026397 0.797897 0.217971
v -0.038041 0.799428 0.206325
v -0.047427 0.800386 0.191177
v -0.051289 0.799216 0.178310
v -0.051754 0.793978 0.168550
v -0.050645 0.784464 0.162630
v -0.050288 0.775332 0.161911
v -0.049620 0.765765 0.165518
v -0.047667 0.757061 0.174112
v -0.041601 0.750894 0.186411
v -0.012249 0.744610 0.215251
v -0.024269 0.745734 0.209555
v -0.034206 0.747235 0.198972
v -0.046898 0.778801 0.161964
v -0.006286 0.790171 0.219738
v -0.019028 0.793129 0.217583
v -0.030681 0.795598 0.209203
v -0.039643 0.796815 0.196196
v -0.005797 0.748880 0.213728
v -0.017205 0.749639 0.210340
v -0.045015 0.796949 0.182651
v -0.027441 0.750084 0.202418
v -0.035617 0.751862 0.191621
v -0.042430 0.755687 0.179880
v -0.047224 0.787319 0.165105
v -0.047081 0.794773 0.172186
v -0.047111 0.771169 0.163655
v -0.046513 0.762317 0.169693
v -0.045237 0.838598 0.191632
v -0.044719 0.819706 0.201981
v -0.037771 0.815385 0.211407
v -0.047451 0.828479 0.194125
v -0.064286 0.777283 0.052712
v -0.057678 0.783782 0.067989
v -0.052917 0.790372 0.081794
v -0.045952 0.785482 0.111007
v -0.053629 0.783598 0.081392
v -0.047588 0.783644 0.126499
v -0.059753 0.775272 0.068374
v -0.060722 0.739639 0.092909
v -0.059261 0.729267 0.087456
v -0.067692 0.733294 0.078154
v -0.054222 0.735073 0.100835
v -0.034278 0.719144 0.178325
v -0.023766 0.710704 0.183696
v -0.017405 0.706053 0.174129
v -0.012229 0.706187 0.184969
v -0.050087 0.786794 0.137279
v -0.052127 0.746165 0.121968
v -0.019803 0.840314 0.215800
v -0.030044 0.847213 0.202882
v -0.038731 0.846031 0.194667
v -0.025190 0.847181 0.206920
v -0.046792 0.791301 0.130110
v -0.053296 0.792245 0.147136
v -0.053988 0.791554 0.076103
v -0.052863 0.781102 0.141797
v -0.042849 0.815793 0.206987
v -0.024127 0.819576 0.223650
v -0.019706 0.829818 0.222669
v -0.033303 0.814157 0.217280
v -0.071018 0.751163 0.067508
v -0.066104 0.745419 0.083973
v -0.067621 0.762985 0.061753
v -0.028452 0.817000 0.219877
v -0.020745 0.834884 0.218745
v -0.022904 0.843359 0.210902
v -0.022549 0.824651 0.222346
v -0.034368 0.848746 0.197820
v -0.048009 0.833580 0.191334
v -0.047977 0.823109 0.197311
v -0.042981 0.843744 0.191412
v -0.045984 0.788222 0.119583
v -0.051039 0.789273 0.089047
v -0.056330 0.783224 0.073805
v -0.062227 0.774871 0.060741
v -0.072243 0.755576 0.056963
v -0.073986 0.739913 0.064629
v -0.074478 0.723957 0.064364
v -0.065626 0.719958 0.075388
v -0.074450 0.746345 0.051210
v -0.078578 0.727728 0.051687
v -0.070609 0.708417 0.065493
v -0.086434 0.708160 0.032523
v -0.083235 0.689946 0.038228
v -0.078565 0.712333 0.056790
v -0.089375 0.696753 0.027472
v -0.067479 0.767059 0.052965
v -0.069137 0.770619 0.043369
v -0.070761 0.759847 0.046034
v -0.051461 0.770165 0.138479
v -0.052366 0.765571 0.137468
v -0.054126 0.753922 0.130664
v -0.056363 0.758519 0.098685
v -0.046911 0.775982 0.109855
v -0.053780 0.775064 0.083669
v -0.047129 0.775475 0.123952
v -0.058092 0.770731 0.074265
v -0.049584 0.773815 0.134961
v -0.062289 0.759619 0.075906
v -0.060105 0.757834 0.086262
v -0.061279 0.764817 0.072219
v -0.055866 0.777363 0.076164
v -0.061656 0.768815 0.068053
v -0.054305 0.759848 0.136740
v -0.066134 0.759060 0.069333
v -0.066008 0.751967 0.078196
v -0.048879 0.778807 0.132007
v -0.052847 0.774920 0.141860
v -0.046034 0.780948 0.117128
v -0.050851 0.781618 0.089087
v -0.054418 0.766770 0.143192
v -0.061494 0.752475 0.092263
v -0.053236 0.757095 0.120393
v -0.049772 0.769152 0.131281
v -0.058058 0.766205 0.080145
v -0.054546 0.767015 0.091328
v -0.048292 0.768398 0.117379
v -0.051183 0.762257 0.126775
v -0.046925 0.740312 0.128861
v -0.039890 0.775927 0.168071
v -0.041069 0.777410 0.164043
v -0.037296 0.775524 0.178430
v -0.017020 0.772118 0.208738
v -0.019022 0.772220 0.207631
v -0.029190 0.773846 0.196249
v -0.036662 0.775245 0.181243
v -0.001042 0.771530 0.211927
v -0.016750 0.771458 0.207479
v -0.029107 0.772954 0.197651
v -0.030781 0.773251 0.195251
v -0.036483 0.774672 0.179930
v -0.001045 0.772569 0.212041
v -0.016853 0.772807 0.207771
v -0.029286 0.774429 0.197835
v -0.030950 0.774724 0.195399
v -0.036587 0.776068 0.179993
v -0.039922 0.777667 0.168068
v -0.038044 0.774601 0.178453
v -0.018559 0.773107 0.208499
v -0.028863 0.774838 0.196352
v -0.041884 0.776441 0.163909
v -0.037506 0.776219 0.181408
v -0.016314 0.771182 0.209239
v -0.038185 0.776506 0.178536
v -0.072506 0.767870 0.030469
v -0.079193 0.772460 0.008317
v -0.085904 0.773881 -0.013722
v -0.091418 0.768695 -0.033262
v -0.098397 0.742455 -0.049341
v -0.098352 0.728161 -0.044042
v -0.095485 0.709930 -0.016988
v -0.093592 0.705631 0.000440
v -0.090401 0.704817 0.017573
v -0.071966 0.776294 0.034417
v -0.079561 0.781303 0.011623
v -0.087344 0.787207 -0.015137
v -0.089151 0.786188 -0.043067
v -0.091621 0.770781 -0.069667
v -0.094337 0.745308 -0.071134
v -0.094889 0.723598 -0.059757
v -0.095805 0.757821 -0.045875
v -0.076464 0.773936 0.021411
v -0.084074 0.779718 -0.002600
v -0.089189 0.779998 -0.026063
v -0.092341 0.773121 -0.050203
v -0.095811 0.754599 -0.061278
v -0.097581 0.734434 -0.057423
v -0.096742 0.718730 -0.046107
v -0.088689 0.687551 0.016440
v -0.089901 0.690330 -0.005753
v -0.092342 0.696384 0.007761
v -0.093660 0.700080 -0.012304
v -0.096751 0.717539 -0.032387
v -0.090557 0.697064 -0.026892
v -0.094648 0.707554 -0.030948
v -0.092832 0.707850 -0.045130
v -0.069360 0.741129 0.031054
v -0.072773 0.730249 0.029010
v -0.078448 0.719095 0.021241
v -0.067631 0.751893 0.028463
v -0.069200 0.758662 0.018750
v -0.073105 0.761732 0.002853
v -0.078948 0.760602 -0.013245
v -0.086201 0.755787 -0.025808
v -0.093608 0.741376 -0.034592
v -0.093801 0.732040 -0.031074
v -0.091756 0.719699 -0.011911
v -0.087431 0.717257 0.001051
v -0.082076 0.717239 0.012724
v -0.091907 0.748738 -0.033321
v -0.093363 0.724840 -0.023437
v -0.096280 0.725574 -0.032913
v -0.097051 0.735224 -0.039771
v -0.073522 0.765817 0.015686
v -0.069415 0.760681 0.032562
v -0.092194 0.757780 -0.034495
v -0.095874 0.747393 -0.040312
v -0.070421 0.750695 0.039304
v -0.093193 0.713274 -0.006419
v -0.095082 0.718019 -0.020989
v -0.079320 0.767831 -0.004099
v -0.088781 0.711515 0.008720
v -0.074151 0.736678 0.041212
v -0.085978 0.764835 -0.022193
v -0.084736 0.712654 0.021392
v -0.078039 0.725286 0.037903
v -0.073525 0.726678 0.019769
v -0.068408 0.742487 0.017212
v -0.069300 0.747089 0.010119
v -0.072313 0.749304 -0.000503
v -0.077160 0.748218 -0.011097
v -0.083064 0.744005 -0.019081
v -0.084918 0.729004 -0.009279
v -0.080516 0.727744 0.000081
v -0.090013 0.738590 -0.027470
v -0.087505 0.731695 -0.017285
v -0.086820 0.722257 -0.004879
v -0.089803 0.725392 -0.015144
v -0.073874 0.756301 -0.006064
v -0.069772 0.755474 0.007406
v -0.067879 0.743158 0.023301
v -0.081189 0.721556 0.005965
v -0.080337 0.752717 -0.017835
v -0.087292 0.746925 -0.026002
v -0.087037 0.736433 -0.020933
v -0.067593 0.750983 0.018577
v -0.090714 0.730871 -0.023349
v -0.070136 0.734462 0.023356
v -0.069382 0.737200 0.018957
v -0.071332 0.732299 0.017292
v -0.070804 0.737223 0.012981
v -0.082634 0.738001 -0.013824
v -0.078205 0.738567 -0.005363
v -0.073853 0.737964 0.004414
v -0.075654 0.728249 0.009545
v -0.076760 0.722769 0.015170
v -0.082418 0.716261 0.044688
v -0.075432 0.697653 0.054979
v -0.076142 0.722500 0.025212
v -0.083566 0.702461 0.044746
v -0.081182 0.717232 0.030949
v -0.046866 0.840942 0.161630
v -0.038731 0.853622 0.168769
v -0.036314 0.855320 0.145362
v -0.043765 0.843184 0.142184
v -0.043333 0.844658 0.122665
v -0.044734 0.846555 0.105361
v -0.046934 0.848405 0.090447
v -0.050562 0.842112 0.080559
v -0.035949 0.856358 0.123888
v -0.036530 0.857639 0.106179
v -0.036790 0.859242 0.087435
v -0.036245 0.860815 0.068235
v -0.042324 0.848835 0.155070
v -0.040640 0.849989 0.132845
v -0.041205 0.851605 0.114392
v -0.042116 0.853386 0.097583
v -0.042482 0.856137 0.080488
v -0.048074 0.795952 0.140837
v -0.045467 0.805051 0.141463
v -0.044193 0.813447 0.137656
v -0.042960 0.819582 0.116744
v -0.045334 0.820363 0.102081
v -0.048872 0.818883 0.089600
v -0.050207 0.812883 0.082931
v -0.051115 0.801776 0.079857
v -0.051027 0.803448 0.150716
v -0.051642 0.811339 0.157010
v -0.045326 0.819166 0.147704
v -0.044000 0.827883 0.118806
v -0.046603 0.829066 0.103219
v -0.049433 0.828478 0.091419
v -0.055332 0.751881 0.113505
v -0.042221 0.808202 0.131460
v -0.049723 0.817365 0.160674
v -0.050277 0.821639 0.165799
v -0.053069 0.816801 0.167627
v -0.046571 0.811986 0.147269
v -0.044073 0.818471 0.137977
v -0.044536 0.824933 0.110054
v -0.047784 0.824453 0.096348
v -0.050538 0.824043 0.085651
v -0.051969 0.825455 0.171507
v -0.049084 0.826758 0.165007
v -0.045559 0.830483 0.155298
v -0.048948 0.833374 0.165145
v -0.044799 0.836901 0.150068
v -0.043061 0.832788 0.139688
v -0.043511 0.835107 0.121346
v -0.046081 0.836809 0.104040
v -0.048662 0.836685 0.092180
v -0.049609 0.841221 0.086988
v -0.051565 0.819408 0.080339
v -0.047294 0.841834 0.097507
v -0.044628 0.840603 0.112836
v -0.043574 0.838382 0.131631
v -0.047153 0.822913 0.157332
v -0.043738 0.826576 0.145053
v -0.043424 0.817195 0.130280
v -0.043574 0.824335 0.134669
v -0.043657 0.822644 0.125223
v -0.049957 0.833483 0.087782
v -0.044781 0.832497 0.111301
v -0.043279 0.829921 0.129013
v -0.047994 0.832691 0.097043
v -0.052111 0.760241 0.111578
v -0.050063 0.738531 0.114715
v -0.048696 0.786163 0.096450
v -0.049653 0.776186 0.096420
v -0.055518 0.743531 0.107087
v -0.048225 0.793586 0.097400
v -0.047036 0.781817 0.103340
v -0.056633 0.754727 0.105488
v -0.050961 0.767467 0.103968
v -0.041452 0.813275 0.122832
v -0.042370 0.814833 0.107955
v -0.051047 0.831506 0.082803
v -0.048155 0.807984 0.086636
v -0.040253 0.808433 0.114218
v -0.043857 0.809467 0.099271
v -0.046289 0.814332 0.094012
v -0.049549 0.796311 0.089981
v -0.040987 0.803019 0.121861
v -0.042366 0.804437 0.106272
v -0.046611 0.789681 0.104688
v -0.043801 0.798945 0.131324
v -0.046067 0.800645 0.098148
v -0.045121 0.792312 0.112837
v -0.050313 0.798311 0.084120
v -0.046874 0.804186 0.091415
v -0.045107 0.796588 0.105877
v -0.044099 0.795005 0.121288
v -0.042560 0.799351 0.113642
v -0.047150 0.853682 0.075274
v -0.053012 0.838404 0.073498
v -0.050909 0.850633 0.068042
v -0.041017 0.860283 0.063279
v -0.045152 0.859762 0.057003
v -0.036280 0.862081 0.048740
v -0.047641 0.861716 0.037437
v -0.039919 0.861800 0.027923
v -0.054978 0.861058 0.021198
v -0.047385 0.861206 0.009837
v -0.057911 0.860173 -0.003287
v -0.064596 0.856949 0.007012
v -0.072523 0.852033 -0.013322
v -0.074214 0.847625 -0.002568
v -0.041216 0.862415 0.041838
v -0.046880 0.861728 0.022853
v -0.056120 0.860629 0.007382
v -0.067060 0.855399 -0.003887
v -0.077472 0.843528 -0.012261
v -0.080860 0.839666 -0.020187
v -0.081700 0.834161 -0.009289
v -0.086522 0.828816 -0.029630
v -0.085713 0.820502 -0.020063
v -0.086583 0.811822 -0.026009
v -0.089496 0.816005 -0.041072
v -0.088079 0.799880 -0.048658
v -0.087271 0.800678 -0.028671
v -0.083773 0.830134 -0.019466
v -0.087059 0.819353 -0.029529
v -0.087597 0.805941 -0.037290
v -0.052198 0.827838 0.077726
v -0.055222 0.832263 0.067604
v -0.053682 0.823332 0.072437
v -0.052840 0.814667 0.075126
v -0.054506 0.802114 0.071247
v -0.055336 0.818511 0.067241
v -0.057336 0.807017 0.064229
v -0.054966 0.810365 0.069760
v -0.051973 0.807314 0.077014
v -0.054246 0.795426 0.073074
v -0.057511 0.789124 0.065620
v -0.060202 0.797810 0.058670
v -0.057490 0.798303 0.065217
v -0.061064 0.787660 0.057616
v -0.063958 0.792760 0.050337
v -0.066979 0.783157 0.045012
v -0.068450 0.792220 0.039877
v -0.073421 0.785090 0.028619
v -0.055099 0.847181 0.060058
v -0.054052 0.856642 0.051245
v -0.058096 0.852137 0.048533
v -0.064735 0.852361 0.036095
v -0.059246 0.858005 0.036733
v -0.067431 0.856135 0.021845
v -0.071970 0.848476 0.024831
v -0.075974 0.849144 0.010732
v -0.077718 0.840479 0.017976
v -0.082846 0.838394 0.004403
v -0.081688 0.830293 0.014565
v -0.087134 0.825212 0.000279
v -0.078814 0.800269 0.019313
v -0.088452 0.812414 0.000930
v -0.073116 0.794755 0.028174
v -0.080222 0.790683 0.011446
v -0.086274 0.817511 -0.011657
v -0.083611 0.819653 0.013267
v -0.085522 0.793163 -0.005637
v -0.087483 0.808049 -0.019417
v -0.055375 0.829009 0.059014
v -0.055793 0.818919 0.058529
v -0.057328 0.810374 0.056273
v -0.058905 0.806062 0.053390
v -0.061952 0.802872 0.047449
v -0.065280 0.801557 0.040371
v -0.056321 0.838281 0.055308
v -0.059911 0.844061 0.047523
v -0.065699 0.844818 0.038086
v -0.071097 0.841779 0.030212
v -0.074667 0.835533 0.024965
v -0.076559 0.827951 0.022449
v -0.071346 0.806319 0.026553
v -0.068065 0.802443 0.032644
v -0.076814 0.820662 0.022476
v -0.057860 0.845456 0.053732
v -0.056132 0.837117 0.061313
v -0.074853 0.841564 0.025687
v -0.069522 0.846807 0.033106
v -0.080567 0.824773 0.020138
v -0.079953 0.816034 0.020197
v -0.065316 0.798189 0.044677
v -0.061569 0.800167 0.052249
v -0.073474 0.801597 0.027844
v -0.063052 0.848349 0.043818
v -0.078230 0.833267 0.021396
v -0.056553 0.814027 0.061602
v -0.055588 0.824908 0.063205
v -0.069293 0.798725 0.036188
v -0.058771 0.805363 0.058161
v -0.054505 0.826908 0.054305
v -0.055088 0.817030 0.053487
v -0.063421 0.829589 0.050571
v -0.062651 0.804770 0.041376
v -0.055876 0.834973 0.051997
v -0.059563 0.840268 0.045989
v -0.065157 0.841227 0.038054
v -0.069860 0.838910 0.031979
v -0.073407 0.833694 0.027554
v -0.074752 0.827247 0.025521
v -0.070306 0.808098 0.029489
v -0.066346 0.804663 0.034721
v -0.075110 0.821209 0.025848
v -0.068508 0.805230 0.030429
v -0.074862 0.817519 0.024949
v -0.062273 0.842747 0.042127
v -0.057466 0.839542 0.050438
v -0.056121 0.813209 0.054233
v -0.065206 0.803357 0.037313
v -0.068185 0.841619 0.034238
v -0.066788 0.812182 0.044698
v -0.075625 0.824215 0.024093
v -0.071943 0.837614 0.028631
v -0.062013 0.804483 0.044093
v -0.074459 0.830793 0.024811
v -0.054973 0.823024 0.056230
v -0.055067 0.832009 0.055097
v -0.062548 0.818303 0.051012
v -0.062259 0.823966 0.051852
v -0.058462 0.807906 0.047850
v -0.058227 0.807633 0.050513
v -0.066258 0.833166 0.047678
v -0.070245 0.834039 0.043727
v -0.073688 0.832418 0.039469
v -0.075678 0.827591 0.036256
v -0.067153 0.828503 0.045011
v -0.072345 0.814009 0.037721
v -0.069592 0.812051 0.040932
v -0.075080 0.819354 0.035780
v -0.064188 0.814120 0.048313
v -0.064637 0.804984 0.038853
v -0.063479 0.810179 0.046259
v -0.074691 0.818466 0.027384
v -0.074214 0.829970 0.027069
v -0.061973 0.834294 0.049731
v -0.055351 0.830461 0.052922
v -0.070126 0.809916 0.036697
v -0.064932 0.823293 0.047287
v -0.066123 0.836760 0.044625
v -0.055049 0.822018 0.053833
v -0.070960 0.836324 0.039208
v -0.056577 0.812011 0.050986
v -0.074434 0.832863 0.034753
v -0.013666 0.857813 0.188533
v -0.030749 0.857031 0.177033
v -0.027315 0.854514 0.189895
v -0.005275 0.859984 0.179688
v -0.019358 0.859901 0.176668
v -0.024447 0.860080 0.167670
v -0.030465 0.858612 0.158480
v -0.009284 0.861695 0.169463
v -0.014431 0.862130 0.159002
v -0.003147 0.861922 0.158901
v -0.006529 0.862677 0.148520
v -0.021249 0.861644 0.147386
v -0.028730 0.859761 0.134565
v -0.012670 0.862834 0.136685
v -0.002362 0.862133 0.137392
v -0.029313 0.860494 0.115321
v -0.013154 0.862472 0.114963
v -0.006187 0.862329 0.125834
v -0.002596 0.861329 0.114037
v -0.020723 0.862185 0.125055
v -0.029970 0.861449 0.096512
v -0.014517 0.862429 0.094860
v -0.003107 0.861237 0.094055
v -0.006958 0.861598 0.104250
v -0.021750 0.862551 0.105714
v -0.031006 0.861887 0.075258
v -0.016874 0.862715 0.073125
v -0.004122 0.862386 0.073133
v -0.008250 0.861923 0.083508
v -0.023535 0.862614 0.084678
v -0.031621 0.862157 0.056207
v -0.020091 0.864104 0.054943
v -0.006338 0.865553 0.055351
v -0.011133 0.863939 0.063985
v -0.025567 0.862645 0.064123
v -0.034207 0.862647 0.036536
v -0.023453 0.865161 0.035693
v -0.007816 0.867415 0.036166
v -0.014453 0.866057 0.046155
v -0.028221 0.863232 0.045669
v -0.016816 0.867382 0.023758
v -0.008771 0.869946 0.012995
v -0.031866 0.863847 0.025226
v -0.039310 0.862255 0.016133
v -0.027115 0.866225 0.012918
v -0.015818 0.873314 0.000687
v -0.014891 0.883420 -0.014899
v -0.015184 0.896117 -0.031130
v -0.008236 0.879461 -0.005097
v -0.008018 0.891970 -0.021987
v -0.008189 0.905209 -0.038099
v -0.008614 0.913677 -0.057437
v -0.037740 0.864250 0.005823
v -0.023587 0.869762 -0.000322
v -0.023075 0.873151 -0.010582
v -0.019302 0.876452 -0.009054
v -0.029462 0.871246 -0.018537
v -0.022279 0.877500 -0.018026
v -0.019777 0.885479 -0.024926
v -0.026556 0.876474 -0.027792
v -0.034047 0.867329 -0.006199
v -0.047713 0.862356 -0.000416
v -0.033331 0.873716 -0.035919
v -0.029179 0.881732 -0.043484
v -0.021030 0.896519 -0.040614
v -0.024443 0.884920 -0.034494
v -0.022123 0.904569 -0.057708
v -0.031010 0.885997 -0.058913
v -0.036159 0.876381 -0.051182
v -0.046248 0.864529 -0.012272
v -0.053661 0.865557 -0.029512
v -0.057608 0.867969 -0.049488
v -0.040457 0.868382 -0.025620
v -0.044872 0.870238 -0.041399
v -0.048314 0.871273 -0.058667
v -0.058069 0.861890 -0.015579
v -0.070147 0.858761 -0.019653
v -0.078778 0.848327 -0.021306
v -0.067363 0.863009 -0.032093
v -0.079168 0.859502 -0.035093
v -0.075588 0.864067 -0.047244
v -0.078981 0.854585 -0.025471
v -0.060835 0.868124 -0.068044
v -0.085974 0.860342 -0.050877
v -0.065066 0.866078 -0.045454
v -0.070644 0.867242 -0.056120
v -0.081249 0.866355 -0.063339
v -0.066709 0.868013 -0.061265
v -0.038453 0.877102 -0.068005
v -0.050404 0.870290 -0.077484
v -0.074176 0.868706 -0.071291
v -0.068755 0.868163 -0.078691
v -0.083453 0.867254 -0.080522
v -0.090399 0.863450 -0.071609
v -0.091897 0.864379 -0.092080
v -0.075319 0.869150 -0.090129
v -0.062566 0.866884 -0.087999
v -0.040377 0.875422 -0.088448
v -0.052001 0.868276 -0.098699
v -0.069822 0.867414 -0.099525
v -0.084232 0.867650 -0.102658
v -0.041290 0.871723 -0.110084
v -0.063424 0.865321 -0.108507
v -0.075802 0.868581 -0.112046
v -0.092136 0.863991 -0.115614
v -0.084217 0.866243 -0.125402
v -0.070096 0.866239 -0.119985
v -0.052370 0.865382 -0.118263
v -0.091616 0.862582 -0.138473
v -0.016924 0.913247 -0.067274
v -0.028252 0.897472 -0.067343
v -0.009246 0.916214 -0.078039
v -0.024444 0.906930 -0.077818
v -0.033662 0.886463 -0.077639
v -0.018673 0.898081 -0.049298
v -0.022326 0.884989 -0.050807
v -0.034997 0.882668 -0.100370
v -0.025972 0.900962 -0.102272
v -0.010246 0.909674 -0.102866
v -0.031267 0.888451 -0.112530
v -0.020057 0.902393 -0.115031
v -0.011197 0.899496 -0.126478
v -0.027127 0.891376 -0.124594
v -0.035460 0.875802 -0.121121
v -0.075626 0.866644 -0.133404
v -0.063458 0.863381 -0.127228
v -0.041915 0.866121 -0.127554
v -0.009769 0.907237 -0.089812
v -0.022153 0.900092 -0.089578
v -0.008476 0.905546 -0.048144
v -0.012025 0.886810 -0.143774
v -0.028475 0.879546 -0.142402
v -0.036520 0.867072 -0.136946
v -0.052876 0.861202 -0.133936
v -0.069802 0.863546 -0.139334
v -0.083654 0.863968 -0.147125
v -0.091125 0.860352 -0.157672
v -0.075220 0.862320 -0.153951
v -0.083289 0.858957 -0.164903
v -0.063557 0.859135 -0.142340
v -0.069872 0.857069 -0.154830
v -0.090818 0.854384 -0.168056
v -0.075493 0.854181 -0.166877
v -0.063994 0.848625 -0.150970
v -0.083394 0.850092 -0.170876
v -0.070609 0.845234 -0.160574
v -0.042848 0.858978 -0.140958
v -0.033623 0.867504 -0.147833
v -0.022746 0.877594 -0.152190
v -0.012550 0.870682 -0.161004
v -0.029953 0.865738 -0.158120
v -0.037859 0.856814 -0.150355
v -0.053369 0.853743 -0.145280
v -0.043724 0.847372 -0.151218
v -0.054192 0.839314 -0.151701
v -0.030122 0.846545 -0.170617
v -0.012792 0.850600 -0.176067
v -0.026605 0.886543 -0.088769
v -0.038330 0.840360 -0.159405
v -0.082654 0.848425 -0.027315
v -0.085493 0.852907 -0.036783
v -0.084629 0.839129 -0.027756
v -0.089051 0.841978 -0.037143
v -0.091918 0.849818 -0.051668
v -0.090724 0.828763 -0.039143
v -0.094382 0.826189 -0.048205
v -0.092728 0.813917 -0.050528
v -0.096223 0.814304 -0.060103
v -0.090750 0.803192 -0.058071
v -0.094294 0.806184 -0.067186
v -0.088172 0.792653 -0.053466
v -0.087922 0.792376 -0.028434
v -0.081951 0.809173 0.014748
v -0.087235 0.804692 -0.009612
v -0.074777 0.813023 0.023684
v -0.073553 0.814458 0.027010
v -0.065086 0.820234 0.046805
v -0.087372 0.795819 -0.039800
v -0.087742 0.797775 -0.018202
v -0.086071 0.800712 0.004339
v -0.076902 0.807574 0.022750
v -0.072168 0.810422 0.026564
v -0.073551 0.814114 0.033600
v -0.088736 0.834380 -0.159654
v -0.083895 0.827647 -0.155615
v -0.077729 0.831687 -0.161267
v -0.087353 0.818388 -0.141236
v -0.080169 0.820578 -0.149163
v -0.086877 0.810940 -0.131646
v -0.092879 0.810556 -0.121075
v -0.092965 0.803506 -0.111697
v -0.090350 0.825025 -0.147442
v -0.093418 0.817571 -0.130301
v -0.094732 0.805539 -0.102724
v -0.090984 0.793249 -0.083848
v -0.095849 0.808898 -0.075768
v -0.089890 0.794120 -0.066086
v -0.091961 0.798591 -0.075675
v -0.095500 0.811642 -0.111313
v -0.095270 0.808081 -0.093223
v -0.093887 0.803179 -0.084265
v -0.093139 0.799191 -0.093399
v -0.095019 0.853788 -0.074525
v -0.096257 0.856463 -0.093509
v -0.096479 0.856960 -0.116433
v -0.096202 0.856861 -0.138035
v -0.096668 0.855635 -0.154482
v -0.096761 0.852547 -0.159936
v -0.094515 0.844326 -0.064758
v -0.095723 0.829987 -0.063842
v -0.095935 0.819963 -0.069070
v -0.094688 0.838115 -0.151936
v -0.095422 0.831442 -0.140668
v -0.096192 0.825202 -0.124864
v -0.094825 0.815167 -0.078558
v -0.095879 0.818752 -0.108165
v -0.094904 0.814624 -0.092322
v -0.094545 0.849678 -0.165435
v -0.095164 0.856284 -0.161724
v -0.093012 0.831706 -0.150698
v -0.094714 0.824831 -0.136668
v -0.095130 0.859373 -0.148501
v -0.096625 0.822079 -0.059568
v -0.094731 0.837462 -0.055376
v -0.095482 0.860177 -0.127570
v -0.096086 0.818033 -0.118530
v -0.095979 0.813195 -0.101666
v -0.095132 0.859897 -0.081918
v -0.093747 0.855221 -0.065316
v -0.095991 0.861004 -0.104608
v -0.096784 0.814890 -0.070421
v -0.095503 0.811266 -0.084395
v -0.089834 0.845236 -0.076324
v -0.091635 0.846833 -0.095532
v -0.093568 0.848008 -0.117481
v -0.094949 0.849505 -0.137496
v -0.090160 0.839463 -0.069240
v -0.090898 0.830185 -0.068425
v -0.089592 0.822769 -0.071966
v -0.094060 0.837304 -0.136207
v -0.093419 0.832476 -0.121213
v -0.088300 0.818822 -0.079734
v -0.091945 0.825304 -0.104352
v -0.089078 0.819241 -0.089432
v -0.096292 0.849506 -0.153827
v -0.096226 0.853059 -0.146783
v -0.095031 0.832002 -0.130726
v -0.093702 0.850938 -0.083643
v -0.092902 0.846558 -0.070712
v -0.094753 0.825369 -0.114356
v -0.093323 0.836187 -0.066860
v -0.094832 0.851990 -0.105737
v -0.092282 0.816192 -0.085472
v -0.092196 0.818867 -0.074854
v -0.094061 0.825060 -0.068911
v -0.095543 0.853026 -0.127511
v -0.093310 0.819010 -0.098248
v -0.095037 0.836812 -0.143642
v -0.094903 0.846764 -0.145539
v -0.093342 0.838734 -0.128558
v -0.092128 0.833048 -0.111608
v -0.087662 0.826398 -0.096594
v -0.089299 0.832869 -0.102920
v -0.088995 0.839021 -0.100796
v -0.089585 0.845096 -0.167797
v -0.076486 0.843398 -0.168216
v -0.095468 0.845902 -0.158590
v -0.094331 0.840955 -0.142652
v -0.093783 0.845480 -0.128032
v -0.091824 0.842714 -0.108357
v -0.083106 0.839332 -0.166785
v -0.092702 0.840845 -0.160556
v -0.095046 0.843344 -0.150467
v -0.094000 0.843542 -0.136831
v -0.092953 0.840090 -0.119196
v -0.085013 0.832585 -0.095932
v -0.087549 0.842372 -0.089847
v -0.084864 0.836512 -0.094737
v -0.082662 0.836036 -0.073768
v -0.084188 0.833634 -0.070309
v -0.084353 0.830148 -0.069719
v -0.083457 0.827272 -0.071002
v -0.081564 0.825423 -0.075267
v -0.079864 0.825535 -0.080600
v -0.078488 0.827920 -0.083882
v -0.077894 0.831103 -0.084148
v -0.080263 0.835980 -0.079028
v -0.078308 0.834086 -0.082948
v -0.082300 0.838107 -0.086553
v -0.085105 0.841102 -0.078911
v -0.081851 0.828894 -0.090127
v -0.083666 0.823701 -0.087689
v -0.080937 0.833752 -0.089019
v -0.084201 0.821095 -0.081646
v -0.084903 0.822924 -0.074120
v -0.087221 0.833430 -0.068994
v -0.086477 0.839346 -0.071994
v -0.087052 0.827095 -0.070073
v -0.077854 0.830881 -0.080330
v -0.082175 0.830573 -0.071937
v -0.079898 0.830545 -0.076142
v -0.067261 0.816992 0.043352
v -0.065594 0.826482 0.046559
v -0.069312 0.829011 0.042928
v -0.071150 0.828090 0.040523
v -0.072284 0.825238 0.038677
v -0.070339 0.818005 0.039551
v -0.068799 0.816933 0.041320
v -0.071907 0.821107 0.038397
v -0.065935 0.818035 0.045333
v -0.066450 0.815445 0.045737
v -0.064964 0.817704 0.048109
v -0.066011 0.829433 0.047743
v -0.064590 0.825712 0.049362
v -0.074451 0.823351 0.037582
v -0.073728 0.828378 0.039149
v -0.068589 0.814824 0.042961
v -0.070616 0.815318 0.040355
v -0.072770 0.818002 0.038315
v -0.068806 0.831034 0.045342
v -0.071682 0.830831 0.042219
v -0.064174 0.821286 0.049518
v -0.064542 0.826620 0.042633
v -0.062858 0.823196 0.044503
v -0.062965 0.821183 0.044201
v -0.065003 0.818975 0.041137
v -0.063284 0.825301 0.044005
v -0.066301 0.826900 0.040802
v -0.067858 0.826201 0.038738
v -0.068902 0.824137 0.037131
v -0.067663 0.819359 0.037743
v -0.066366 0.818837 0.039311
v -0.068676 0.821411 0.036961
v -0.063778 0.819719 0.042898
v -0.070514 0.823163 0.037663
v -0.070007 0.826445 0.038688
v -0.066891 0.828165 0.042727
v -0.065153 0.827115 0.044325
v -0.068048 0.817907 0.039552
v -0.069447 0.819670 0.038190
v -0.066746 0.817571 0.041242
v -0.065419 0.817969 0.043066
v -0.063988 0.821774 0.045556
v -0.064262 0.824670 0.045425
v -0.064514 0.819444 0.044647
v -0.068685 0.828035 0.040686
v -0.063137 0.823247 0.043174
v -0.064446 0.823036 0.041587
v -0.067295 0.822162 0.037828
v -0.065993 0.822778 0.039662
v -0.066934 0.808842 0.041446
v -0.060581 0.806908 0.044988
v -0.075852 0.821101 0.031581
v -0.075774 0.826744 0.031531
v -0.057992 0.837426 0.049483
v -0.059700 0.828404 0.052496
v -0.068390 0.806556 0.032641
v -0.062559 0.840301 0.042101
v -0.059261 0.821329 0.053025
v -0.068479 0.839627 0.035328
v -0.060531 0.814153 0.050699
v -0.072248 0.836003 0.030471
v -0.072426 0.811459 0.029116
v -0.057855 0.833397 0.051629
v -0.063566 0.806771 0.042683
v -0.070999 0.809617 0.032112
v -0.061380 0.838218 0.046527
v -0.056433 0.825960 0.053614
v -0.067223 0.806558 0.036810
v -0.066593 0.839195 0.039646
v -0.056956 0.817034 0.052752
v -0.074303 0.815795 0.029691
v -0.071670 0.837099 0.034075
v -0.059608 0.809842 0.048424
v -0.074348 0.832040 0.030043
v -0.075332 0.826196 0.027804
v -0.075589 0.822252 0.028041
v -0.075348 0.824229 0.026433
v -0.038940 0.726999 0.165722
v -0.033928 0.724231 0.162273
v -0.028863 0.714606 0.172698
v -0.039301 0.733082 0.151014
v -0.034813 0.732508 0.144755
v -0.041159 0.736640 0.135510
v -0.037287 0.735990 0.127297
v -0.040136 0.734946 0.113023
v -0.043463 0.731186 0.099552
v -0.045094 0.725372 0.085813
v -0.046228 0.716520 0.074593
v -0.049060 0.704135 0.065695
v -0.044014 0.736696 0.120983
v -0.047676 0.734147 0.107548
v -0.051524 0.729544 0.093749
v -0.054488 0.722102 0.081080
v -0.058876 0.711047 0.070953
v -0.062821 0.698708 0.060929
v -0.056121 0.688698 0.055303
v -0.067889 0.676435 0.037726
v -0.076173 0.674619 0.013504
v -0.078786 0.678321 -0.010395
v -0.080938 0.686916 -0.033086
v -0.084713 0.701209 -0.053305
v -0.088782 0.719832 -0.069106
v -0.091120 0.744229 -0.081420
v -0.091658 0.758042 -0.079535
v -0.092134 0.732078 -0.070369
v -0.090362 0.711844 -0.056553
v -0.086722 0.697948 -0.039993
v -0.084481 0.688270 -0.019192
v -0.083623 0.683288 0.002409
v -0.080261 0.681993 0.025605
v -0.071126 0.687752 0.046931
v -0.021739 0.714592 0.165306
v -0.027481 0.724960 0.155598
v -0.010077 0.710293 0.165890
v -0.014256 0.719785 0.157292
v -0.006031 0.700118 0.171972
v -0.004050 0.717772 0.158190
v -0.021107 0.728681 0.145687
v -0.023169 0.735592 0.125001
v -0.024463 0.734311 0.109536
v -0.025440 0.729634 0.096025
v -0.026110 0.723001 0.083757
v -0.026986 0.714053 0.074952
v -0.028742 0.700880 0.070086
v -0.029526 0.734421 0.135016
v -0.031603 0.735734 0.118146
v -0.033707 0.732936 0.104587
v -0.035520 0.727419 0.090970
v -0.035668 0.720342 0.078974
v -0.037125 0.709571 0.070651
v -0.041067 0.693757 0.064298
v -0.008150 0.725179 0.147160
v -0.009081 0.732004 0.125422
v -0.010011 0.731638 0.108648
v -0.010421 0.727844 0.095032
v -0.011263 0.721407 0.083674
v -0.012118 0.711456 0.076805
v -0.014880 0.731745 0.135029
v -0.016426 0.733921 0.116297
v -0.016976 0.731158 0.102006
v -0.017683 0.725567 0.088950
v -0.018522 0.717847 0.079096
v -0.019647 0.706352 0.073743
v -0.012786 0.697063 0.075041
v -0.022234 0.687662 0.072945
v -0.003734 0.729306 0.135973
v -0.004535 0.731928 0.116481
v -0.004699 0.729695 0.101556
v -0.005129 0.724820 0.089110
v -0.005653 0.716369 0.080069
v -0.006065 0.703928 0.076372
v -0.006828 0.684945 0.077403
v -0.054333 0.821312 -0.154236
v -0.039246 0.819558 -0.166397
v -0.044382 0.829491 -0.157028
v -0.034924 0.832555 -0.169854
v -0.064942 0.834233 -0.153591
v -0.023978 0.838317 -0.181637
v -0.072348 0.833299 -0.159396
v -0.030040 0.849514 -0.155372
v -0.025398 0.855015 -0.162776
v -0.044780 0.808100 -0.161873
v -0.051800 0.797447 -0.157784
v -0.061970 0.812198 -0.151510
v -0.040941 0.797789 -0.173511
v -0.032868 0.803166 -0.192442
v -0.013816 0.807347 -0.201663
v -0.070886 0.821922 -0.151620
v -0.075313 0.822774 -0.153092
v -0.073458 0.815135 -0.147127
v -0.079348 0.812670 -0.140933
v -0.067278 0.802880 -0.147251
v -0.074722 0.791615 -0.141033
v -0.059212 0.786332 -0.153723
v -0.052140 0.772818 -0.161923
v -0.045509 0.785657 -0.167214
v -0.041257 0.774943 -0.178700
v -0.032684 0.780031 -0.200450
v -0.041066 0.747827 -0.182544
v -0.051647 0.744783 -0.164497
v -0.059538 0.758995 -0.156739
v -0.045739 0.760630 -0.171032
v -0.067239 0.774657 -0.149071
v -0.087871 0.785142 -0.122244
v -0.089214 0.802618 -0.121298
v -0.075184 0.759697 -0.142080
v -0.067165 0.743413 -0.150325
v -0.082606 0.801073 -0.131559
v -0.081982 0.774566 -0.132692
v -0.092546 0.796251 -0.102344
v -0.091381 0.786970 -0.092946
v -0.091124 0.792161 -0.111909
v -0.089836 0.785059 -0.074972
v -0.090713 0.772847 -0.084889
v -0.092490 0.777724 -0.103294
v -0.091413 0.768028 -0.113448
v -0.092301 0.760533 -0.093711
v -0.087312 0.757064 -0.123088
v -0.088746 0.740039 -0.111551
v -0.090300 0.733994 -0.086910
v -0.092255 0.751152 -0.103097
v -0.080793 0.742449 -0.132422
v -0.087326 0.722657 -0.094236
v -0.085425 0.708480 -0.072194
v -0.080477 0.707840 -0.099402
v -0.073425 0.707278 -0.127920
v -0.064380 0.707124 -0.150496
v -0.050361 0.708502 -0.165471
v -0.040339 0.712411 -0.184105
v -0.032968 0.720793 -0.211243
v -0.037476 0.735117 -0.196021
v -0.026201 0.743326 -0.220812
v -0.044748 0.729545 -0.173304
v -0.058310 0.727161 -0.158297
v -0.072404 0.725773 -0.141948
v -0.081240 0.725132 -0.118850
v -0.081333 0.695120 -0.074623
v -0.081115 0.688243 -0.050925
v -0.072984 0.689404 -0.105838
v -0.069962 0.665355 -0.115945
v -0.075144 0.676054 -0.077681
v -0.068730 0.685185 -0.138031
v -0.057755 0.684752 -0.156911
v -0.050190 0.658575 -0.162014
v -0.038822 0.659580 -0.181242
v -0.031484 0.662988 -0.208051
v -0.036636 0.690653 -0.196247
v -0.025270 0.697554 -0.223405
v -0.043612 0.685873 -0.172984
v -0.064721 0.659808 -0.145195
v -0.070550 0.637052 -0.126664
v -0.078986 0.590673 -0.105809
v -0.091901 0.545168 -0.081783
v -0.103047 0.493862 -0.067277
v -0.110227 0.439605 -0.066851
v -0.121067 0.386942 -0.074978
v -0.141090 0.342692 -0.079592
v -0.078623 0.666649 -0.048343
v -0.081640 0.627686 -0.014574
v -0.091582 0.586239 0.011640
v -0.108079 0.535440 0.032932
v -0.132789 0.477179 0.053235
v -0.159257 0.414260 0.057187
v -0.179229 0.353984 0.030411
v -0.179124 0.328599 -0.007597
v -0.070561 0.651135 -0.085289
v -0.074874 0.609052 -0.058544
v -0.084073 0.563685 -0.033490
v -0.097608 0.513860 -0.015735
v -0.114763 0.457012 -0.005765
v -0.134628 0.396411 -0.010516
v -0.164043 0.322196 -0.054458
v -0.160481 0.344223 -0.027261
v -0.160474 0.374396 0.014273
v -0.138641 0.364525 -0.050477
v -0.119155 0.419004 -0.040703
v -0.137384 0.435673 0.027610
v -0.107172 0.475506 -0.039065
v -0.113233 0.496369 0.018320
v -0.094235 0.550523 0.000103
v -0.094828 0.529355 -0.049537
v -0.082722 0.576865 -0.070123
v -0.082872 0.596857 -0.021582
v -0.075341 0.639255 -0.050834
v -0.073152 0.621396 -0.096470
v -0.078561 0.668403 -0.025161
v -0.068664 0.659385 0.032670
v -0.075299 0.663839 0.003485
v -0.077456 0.649721 -0.006916
v -0.073315 0.646231 0.018927
v -0.080661 0.620468 0.020668
v -0.079010 0.608666 0.046653
v -0.095286 0.574619 0.040848
v -0.096776 0.557336 0.067913
v -0.115096 0.500059 0.096181
v -0.137171 0.440738 0.116359
v -0.115241 0.519090 0.066022
v -0.139614 0.459263 0.086855
v -0.147744 0.395547 0.134505
v -0.127234 0.372691 0.166958
v -0.161781 0.400848 0.095338
v -0.147963 0.357843 0.145865
v -0.182426 0.335795 0.052353
v -0.175654 0.369509 0.079800
v -0.163237 0.369554 0.119986
v -0.175810 0.351050 0.092537
v -0.163982 0.338498 0.117357
v -0.057628 0.646384 0.055182
v -0.053232 0.669735 0.055838
v -0.036588 0.674371 0.068724
v -0.037649 0.632965 0.082961
v -0.032586 0.592781 0.112444
v -0.035401 0.540031 0.150437
v -0.042039 0.482816 0.191239
v -0.048146 0.435601 0.219785
v -0.057963 0.400523 0.220485
v -0.092706 0.374039 0.197445
v -0.068005 0.606081 0.062111
v -0.077797 0.563436 0.080359
v -0.090847 0.507921 0.109930
v -0.104284 0.454925 0.135320
v -0.107761 0.419755 0.152595
v -0.100303 0.402260 0.167947
v -0.059053 0.621046 0.063680
v -0.051814 0.614923 0.073785
v -0.049314 0.578154 0.096766
v -0.053366 0.524871 0.130175
v -0.061329 0.473054 0.162401
v -0.066593 0.437656 0.183017
v -0.072571 0.414872 0.189406
v -0.086014 0.401832 0.181944
v -0.074629 0.396447 0.200871
v -0.103393 0.385164 0.178569
v -0.128274 0.424739 0.137192
v -0.112865 0.476019 0.117584
v -0.040294 0.560836 0.122643
v -0.041410 0.608534 0.090062
v -0.046201 0.506104 0.159582
v -0.081000 0.586634 0.063029
v -0.065739 0.624654 0.054792
v -0.050122 0.633359 0.069234
v -0.053201 0.455607 0.193023
v -0.124239 0.396257 0.155020
v -0.059479 0.423049 0.207001
v -0.095976 0.533021 0.090107
v -0.061414 0.592409 0.075637
v -0.085140 0.420800 0.171387
v -0.084762 0.444187 0.158032
v -0.066589 0.543309 0.103181
v -0.077189 0.488414 0.134411
v -0.010089 0.648759 0.085769
v -0.008840 0.616572 0.105519
v -0.008707 0.568563 0.142960
v -0.010067 0.513451 0.186561
v -0.012532 0.455837 0.226975
v -0.013806 0.409749 0.238181
v -0.030455 0.651689 0.077939
v -0.025960 0.617411 0.100589
v -0.025450 0.569044 0.136978
v -0.029676 0.513807 0.178595
v -0.035680 0.456706 0.218577
v -0.040549 0.417177 0.230048
v -0.019442 0.634277 0.090748
v -0.016901 0.594556 0.120959
v -0.018293 0.541945 0.162020
v -0.022333 0.484052 0.205803
v -0.026058 0.435294 0.234680
v -0.017508 0.668743 0.077608
v -0.029844 0.394781 0.224298
v -0.052452 0.379447 0.217424
v -0.018651 0.365570 0.229070
v -0.011976 0.340742 0.231951
v -0.026035 0.320510 0.219598
v -0.078917 0.320024 0.192204
v -0.091249 0.337935 0.195163
v -0.080955 0.365115 0.207575
v -0.103158 0.350257 0.191456
v -0.115329 0.358656 0.182051
v -0.131889 0.344348 0.163315
v -0.021920 0.302137 0.206972
v -0.045001 0.311903 0.203300
v -0.041787 0.360168 0.210876
v -0.032801 0.339348 0.216680
v -0.069604 0.350670 0.203299
v -0.056585 0.330073 0.196824
v -0.008750 0.322095 0.224721
v -0.064749 0.299307 0.189548
v -0.097920 0.322693 0.184494
v -0.124358 0.314726 0.157841
v -0.159441 0.310475 0.111787
v -0.182046 0.308117 0.049483
v -0.183452 0.297881 0.014843
v -0.184969 0.318252 0.019224
v -0.178351 0.302988 -0.021992
v -0.158404 0.301662 -0.073803
v -0.175803 0.322690 0.084593
v -0.170599 0.294470 0.075399
v -0.146210 0.326822 0.140372
v -0.134799 0.296388 0.134269
v -0.115418 0.333494 0.175788
v -0.094121 0.301578 0.172887
v -0.058369 0.631697 -0.148932
v -0.062287 0.580132 -0.132255
v -0.070590 0.533362 -0.111601
v -0.077087 0.484681 -0.097527
v -0.081633 0.433766 -0.096642
v -0.088833 0.384349 -0.107273
v -0.100466 0.343049 -0.118860
v -0.114297 0.362512 -0.098557
v -0.131878 0.323661 -0.100915
v -0.101803 0.409892 -0.088680
v -0.095910 0.461783 -0.082841
v -0.089518 0.513966 -0.089931
v -0.078436 0.561900 -0.109631
v -0.068352 0.607814 -0.131740
v -0.041938 0.629234 -0.166041
v -0.040875 0.574964 -0.151013
v -0.042691 0.526549 -0.132531
v -0.046781 0.480295 -0.119250
v -0.049832 0.432457 -0.119181
v -0.052497 0.383330 -0.132038
v -0.055650 0.342853 -0.149530
v -0.049530 0.602177 -0.150540
v -0.052916 0.553388 -0.132003
v -0.058160 0.505727 -0.114137
v -0.062430 0.458081 -0.106335
v -0.066164 0.407421 -0.112785
v -0.072261 0.361478 -0.128067
v -0.079634 0.323667 -0.140610
v -0.113980 0.301510 -0.123674
v -0.057262 0.304047 -0.162340
v -0.034315 0.629747 -0.188111
v -0.031766 0.572142 -0.172670
v -0.031930 0.521860 -0.155073
v -0.035422 0.477496 -0.142798
v -0.038016 0.433610 -0.142464
v -0.040064 0.388119 -0.153171
v -0.041496 0.349647 -0.173586
v -0.040079 0.313951 -0.198184
v -0.023898 0.631091 -0.212542
v -0.023185 0.571175 -0.194513
v -0.023036 0.519564 -0.176007
v -0.023555 0.475644 -0.162684
v -0.024619 0.435053 -0.161729
v -0.025945 0.393724 -0.170432
v -0.027052 0.358852 -0.192065
v -0.026146 0.325327 -0.229897
v -0.036154 0.599592 -0.169500
v -0.029342 0.598751 -0.192766
v -0.034943 0.548716 -0.152583
v -0.028344 0.545859 -0.176044
v -0.037362 0.500262 -0.135858
v -0.029316 0.496503 -0.158523
v -0.041629 0.457129 -0.129156
v -0.031835 0.456561 -0.152457
v -0.043092 0.408177 -0.135626
v -0.033101 0.411741 -0.156854
v -0.045827 0.364216 -0.152105
v -0.035320 0.372259 -0.171924
v -0.045903 0.327383 -0.172029
v -0.035182 0.337446 -0.199023
v -0.039130 0.293237 -0.186739
v -0.029236 0.307066 -0.230033
v -0.012389 0.857889 -0.165734
v -0.014484 0.344929 -0.212958
v -0.014379 0.312628 -0.248535
v -0.014296 0.377353 -0.182817
v -0.013487 0.414473 -0.168249
v -0.012968 0.456483 -0.165345
v -0.012599 0.495285 -0.171926
v -0.012860 0.544999 -0.191369
v -0.012811 0.599106 -0.208518
v -0.013393 0.666139 -0.226589
v -0.014061 0.727025 -0.227701
v -0.013898 0.784670 -0.211858
v -0.019504 0.294793 -0.211900
v -0.076797 0.000888 -0.185404
v -0.141902 0.000888 -0.141902
v -0.185404 0.000888 -0.076797
v -0.200680 0.000888 0.000000
v -0.185404 0.000888 0.076797
v -0.141902 0.000888 0.141902
v -0.076797 0.000888 0.185404
v -0.095093 0.052592 -0.229575
v -0.175709 0.052592 -0.175709
v -0.229575 0.052592 -0.095093
v -0.248490 0.052592 0.000000
v -0.229575 0.052592 0.095093
v -0.175709 0.052592 0.175709
v -0.095093 0.052592 0.229575
v -0.078437 0.063961 -0.189364
v -0.144933 0.063961 -0.144933
v -0.189364 0.063961 -0.078437
v -0.204966 0.063961 0.000000
v -0.189364 0.063961 0.078437
v -0.144933 0.063961 0.144933
v -0.078437 0.063961 0.189364
v -0.095710 0.102738 -0.231065
v -0.176850 0.102738 -0.176850
v -0.231065 0.102738 -0.095710
v -0.250103 0.102738 0.000000
v -0.231065 0.102738 0.095710
v -0.176850 0.102738 0.176850
v -0.095710 0.102738 0.231065
v -0.079418 0.195454 -0.191735
v -0.146746 0.195454 -0.146746
v -0.191733 0.195454 -0.079418
v -0.207530 0.195454 0.000000
v -0.191733 0.195454 0.079418
v -0.146746 0.195454 0.146746
v -0.079418 0.195454 0.191733
v -0.077971 0.228663 -0.188266
v -0.144072 0.228663 -0.144072
v -0.188239 0.228663 -0.077971
v -0.203748 0.228663 0.000000
v -0.188239 0.228663 0.077971
v -0.144072 0.228663 0.144072
v -0.077971 0.228663 0.188239
v -0.080234 0.241373 -0.193821
v -0.148253 0.241373 -0.148253
v -0.193701 0.241373 -0.080234
v -0.209661 0.241373 0.000000
v -0.193701 0.241373 0.080234
v -0.148253 0.241373 0.148253
v -0.080234 0.241373 0.193701
v -0.067993 0.262078 -0.164240
v -0.125634 0.262078 -0.125634
v -0.164149 0.262078 -0.067993
v -0.177674 0.262078 0.000000
v -0.164149 0.262078 0.067993
v -0.125634 0.262078 0.125634
v -0.067993 0.262098 0.164078
v -0.079255 0.071938 -0.191339
v -0.146445 0.071938 -0.146445
v -0.079255 0.071938 0.191339
v -0.191339 0.071938 -0.079255
v -0.207104 0.071938 0.000000
v -0.191339 0.071938 0.079255
v -0.146445 0.071938 0.146445
v -0.255798 0.040621 0.000000
v -0.150976 0.269925 -0.062602
v -0.114962 0.269746 -0.115430
v -0.060672 0.270074 -0.150834
v -0.188134 0.247454 -0.077928
v -0.077928 0.247454 -0.188276
v -0.230316 0.007456 -0.095400
v -0.230316 0.007456 0.095400
v -0.097890 0.040621 0.236326
v -0.180876 0.040621 -0.180876
v -0.236326 0.040621 -0.097890
v -0.095400 0.007456 -0.230316
v -0.176276 0.007456 0.176276
v -0.255798 0.018982 0.000000
v -0.180876 0.018982 0.180876
v -0.097890 0.018982 -0.236326
v -0.062432 0.270212 0.152174
v -0.115666 0.270011 0.116198
v -0.151361 0.269931 0.062457
v -0.163658 0.269988 -0.000127
v -0.188134 0.247454 0.077928
v -0.203635 0.247454 0.000000
v -0.249292 0.007456 0.000000
v -0.143992 0.247454 -0.143992
v -0.077928 0.247457 0.188123
v -0.143992 0.247454 0.143992
v -0.176276 0.007456 -0.176276
v -0.095400 0.007456 0.230316
v -0.236326 0.040621 0.097890
v -0.097890 0.040621 -0.236326
v -0.180876 0.040621 0.180876
v -0.097890 0.018982 0.236326
v -0.180876 0.018982 -0.180876
v -0.236326 0.018982 0.097890
v -0.236326 0.018982 -0.097890
v -0.168975 0.152536 0.168975
v -0.091449 0.152536 0.220777
v -0.091449 0.152536 -0.220777
v -0.168975 0.152536 -0.168975
v -0.220777 0.152536 -0.091449
v -0.238967 0.152536 0.000000
v -0.220777 0.152536 0.091449
v -0.160277 0.283570 -0.068764
v -0.117909 0.282636 -0.122671
v -0.051580 0.284438 -0.165233
v -0.070008 0.285361 0.174019
v -0.126632 0.282682 0.129160
v -0.165253 0.281802 0.068441
v -0.178749 0.284297 -0.001681
v -0.048923 0.000000 -0.118110
v -0.090398 0.000000 -0.090398
v -0.118110 0.000000 -0.048923
v -0.127842 0.000000 0.000000
v -0.118110 0.000000 0.048923
v -0.090398 0.000000 0.090398
v -0.048923 0.000000 0.118110
v -0.022668 0.000000 -0.057416
v -0.043438 0.000000 -0.043438
v -0.057519 0.000000 -0.022211
v -0.070626 0.000000 0.000000
v -0.057519 0.000000 0.022211
v -0.043438 0.000000 0.043438
v -0.022668 0.000000 0.057416
v -0.032048 0.000000 0.000000
v -0.019500 0.000000 0.019015
v -0.019500 0.000000 -0.019015
v -0.021898 0.833796 0.216476
v -0.037350 0.843544 0.195008
v -0.029795 0.844615 0.202441
v -0.023749 0.841246 0.209725
v -0.023348 0.824606 0.219379
v -0.028341 0.818066 0.217162
v -0.036368 0.816679 0.210062
v -0.042595 0.820458 0.201537
v -0.045231 0.828424 0.194429
v -0.043057 0.837292 0.192149
v -0.019198 0.845713 0.211641
v -0.016637 0.835699 0.221258
v -0.018837 0.824039 0.226028
v -0.026624 0.813263 0.224039
v -0.039595 0.811664 0.212498
v -0.048007 0.816646 0.200991
v -0.050431 0.827437 0.191265
v -0.047372 0.839191 0.187580
v -0.039141 0.848927 0.191538
v -0.027696 0.850471 0.201856
v -0.009203 0.835784 0.222600
v -0.010247 0.822787 0.228432
v -0.013525 0.810734 0.230416
v -0.010269 0.846633 0.212429
v -0.015682 0.854376 0.198153
v -0.038189 0.852860 0.180763
v -0.049498 0.838173 0.171182
v -0.053855 0.824559 0.179142
v -0.021631 0.828989 0.207046
v -0.031003 0.835466 0.193209
v -0.026048 0.834941 0.198058
v -0.023147 0.834477 0.204552
v -0.022502 0.823010 0.208367
v -0.026491 0.819337 0.209387
v -0.031274 0.818730 0.204547
v -0.036639 0.821067 0.199410
v -0.036499 0.825857 0.193809
v -0.033117 0.830716 0.191130
v -0.024573 0.827401 0.196372
v -0.026527 0.822179 0.198301
v -0.052081 0.806315 0.192541
v -0.040114 0.803436 0.209639
v -0.027412 0.802265 0.221511
v -0.013417 0.799547 0.227977
v -0.055691 0.813778 0.171906
v -0.055647 0.803380 0.178636
v -0.055865 0.806654 0.160240
v -0.055780 0.797136 0.167828
v -0.016120 0.775012 0.210578
v -0.056300 0.792213 0.153314
v -0.054280 0.787110 0.161421
v -0.055685 0.778396 0.148686
v -0.053640 0.775719 0.160103
v -0.055934 0.766003 0.148827
v -0.052624 0.763989 0.162736
v -0.050098 0.754318 0.172947
v -0.053060 0.750975 0.153692
v -0.055119 0.755490 0.140749
v -0.050473 0.744309 0.166490
v -0.044115 0.747227 0.186501
v -0.045690 0.737265 0.182771
v -0.036590 0.742767 0.200040
v -0.038039 0.732150 0.196222
v -0.018350 0.775217 0.209461
v -0.025829 0.740580 0.211192
v -0.012829 0.738653 0.216671
v -0.016958 0.787685 0.213788
v -0.019461 0.788299 0.212777
v -0.031502 0.791186 0.198932
v -0.040005 0.791857 0.182378
v -0.040708 0.791791 0.179626
v -0.043545 0.789264 0.168437
v -0.038975 0.778674 0.178708
v -0.043143 0.779920 0.163561
v -0.043309 0.775611 0.163469
v -0.044598 0.767613 0.167018
v -0.040558 0.760151 0.178510
v -0.039299 0.759286 0.180986
v -0.015740 0.769007 0.209529
v -0.017896 0.769060 0.208358
v -0.028691 0.770503 0.196216
v -0.038065 0.772205 0.181347
v -0.015155 0.755761 0.208617
v -0.017340 0.755699 0.207362
v -0.028298 0.756213 0.195065
v -0.038860 0.772570 0.178500
v -0.029372 0.777138 0.196942
v -0.038265 0.778433 0.181597
v -0.026189 0.728401 0.205885
v -0.012700 0.725676 0.210236
v -0.012419 0.711709 0.195984
v -0.024205 0.715187 0.193196
v -0.034842 0.720771 0.185785
v -0.041654 0.729071 0.176350
v -0.043306 0.733464 0.162360
v -0.044178 0.738139 0.149022
v -0.045779 0.740317 0.135942
v -0.054165 0.753017 0.121622
v -0.062719 0.747368 0.091894
v -0.012614 0.791547 0.219364
v -0.025169 0.794588 0.214245
v -0.035520 0.796295 0.203005
v -0.042869 0.797065 0.189253
v -0.046335 0.796256 0.176819
v -0.047346 0.791970 0.168398
v -0.046984 0.782402 0.162796
v -0.046946 0.775421 0.162340
v -0.047073 0.766612 0.166056
v -0.045082 0.758578 0.174367
v -0.039096 0.753498 0.185782
v -0.011548 0.749436 0.212654
v -0.022570 0.749763 0.206893
v -0.031797 0.750738 0.197224
v -0.064069 0.769452 0.062038
v -0.056515 0.780065 0.074373
v -0.070471 0.744443 0.074037
v -0.069971 0.757016 0.063804
v -0.046098 0.838937 0.190663
v -0.048655 0.828146 0.193518
v -0.046025 0.818861 0.202028
v -0.038568 0.814145 0.212101
v -0.012215 0.702951 0.173130
v -0.023187 0.709886 0.173796
v -0.068111 0.775641 0.044182
v -0.048337 0.739679 0.121674
v -0.049929 0.782376 0.134662
v -0.049441 0.791505 0.139467
v -0.045352 0.791586 0.120691
v -0.050555 0.792859 0.089437
v -0.055485 0.787081 0.074375
v -0.060146 0.781338 0.061111
v -0.029627 0.848591 0.202570
v -0.038968 0.847260 0.193742
v -0.051087 0.785557 0.088888
v -0.046158 0.784735 0.118288
v -0.056619 0.732596 0.093973
v -0.062234 0.725063 0.081267
v -0.028130 0.815933 0.221478
v -0.021314 0.824425 0.223983
v -0.019229 0.835274 0.219882
v -0.021700 0.844446 0.211215
v -0.072536 0.753719 0.048796
v -0.076705 0.736172 0.054447
v -0.068672 0.714295 0.070052
v -0.080556 0.721763 0.049114
v -0.072506 0.702734 0.060779
v -0.088533 0.705909 0.025380
v -0.086779 0.687882 0.027577
v -0.069951 0.765458 0.041956
v -0.051144 0.773072 0.138300
v -0.052679 0.767388 0.139638
v -0.052100 0.763571 0.133620
v -0.050794 0.761267 0.118804
v -0.058339 0.758009 0.092560
v -0.060172 0.768313 0.071479
v -0.055947 0.773319 0.078358
v -0.061485 0.758305 0.080468
v -0.063177 0.761080 0.072581
v -0.048355 0.774820 0.130487
v -0.051571 0.775972 0.089791
v -0.046463 0.775841 0.116644
v -0.016906 0.772771 0.209052
v -0.018943 0.772895 0.207946
v -0.037552 0.776236 0.178477
v -0.040977 0.777973 0.165027
v -0.040979 0.776555 0.165057
v -0.016813 0.771445 0.208770
v -0.018829 0.771525 0.207650
v -0.029168 0.773107 0.196276
v -0.036802 0.774548 0.181243
v -0.037450 0.774826 0.178415
v -0.029347 0.774583 0.196442
v -0.036907 0.775954 0.181305
v -0.075728 0.770174 0.019624
v -0.082835 0.773963 -0.002918
v -0.088744 0.772038 -0.024009
v -0.093785 0.764068 -0.040683
v -0.098758 0.734726 -0.047710
v -0.097556 0.722514 -0.038785
v -0.094784 0.707369 -0.008415
v -0.092076 0.704764 0.009221
v -0.075706 0.778293 0.023445
v -0.083988 0.786134 -0.001541
v -0.088517 0.787265 -0.027753
v -0.089460 0.785376 -0.062136
v -0.093224 0.757806 -0.073097
v -0.094909 0.733750 -0.065959
v -0.094216 0.714936 -0.052743
v -0.097376 0.750452 -0.048781
v -0.089538 0.688513 0.005202
v -0.090125 0.693136 -0.016444
v -0.096030 0.713318 -0.025054
v -0.091394 0.702004 -0.036614
v -0.068133 0.746906 0.030252
v -0.071010 0.735363 0.030702
v -0.074525 0.725918 0.026880
v -0.080105 0.717953 0.017369
v -0.067950 0.755850 0.024887
v -0.071039 0.760567 0.011058
v -0.075651 0.761829 -0.005389
v -0.082602 0.758402 -0.020243
v -0.089414 0.752614 -0.030112
v -0.093717 0.736366 -0.033169
v -0.093728 0.728248 -0.027949
v -0.090126 0.718126 -0.005510
v -0.084478 0.716994 0.007290
v -0.093770 0.745797 -0.035996
v -0.092706 0.721947 -0.017953
v -0.073551 0.728775 0.014352
v -0.068574 0.745069 0.014328
v -0.070557 0.748512 0.005027
v -0.074527 0.749271 -0.006026
v -0.080058 0.746383 -0.015515
v -0.086332 0.741327 -0.022749
v -0.088393 0.732918 -0.020410
v -0.082954 0.728219 -0.004753
v -0.077963 0.727711 0.004941
v -0.086428 0.730147 -0.013466
v -0.070322 0.734413 0.019686
v -0.068494 0.740929 0.019612
v -0.084323 0.711601 0.038970
v -0.079103 0.693337 0.047619
v -0.078334 0.719660 0.025440
v -0.044924 0.842461 0.152177
v -0.037378 0.854670 0.157565
v -0.035764 0.855805 0.133642
v -0.043273 0.843715 0.132173
v -0.043906 0.845698 0.113582
v -0.045894 0.847384 0.097625
v -0.048419 0.849174 0.083083
v -0.051668 0.834808 0.078857
v -0.036385 0.856980 0.115051
v -0.036535 0.858445 0.097229
v -0.036620 0.860055 0.077566
v -0.036044 0.861484 0.058814
v -0.046558 0.800385 0.141474
v -0.044709 0.809542 0.140343
v -0.043929 0.816361 0.135325
v -0.043663 0.820336 0.109310
v -0.047117 0.819744 0.095426
v -0.050484 0.818513 0.084424
v -0.050242 0.807238 0.081380
v -0.047751 0.815865 0.153887
v -0.044035 0.821963 0.141635
v -0.044929 0.828897 0.110582
v -0.048185 0.828704 0.096825
v -0.050491 0.829157 0.086678
v -0.050891 0.818475 0.164562
v -0.050361 0.824733 0.167479
v -0.047585 0.828867 0.161165
v -0.043790 0.831744 0.147956
v -0.043069 0.833836 0.130737
v -0.044535 0.836232 0.112088
v -0.047568 0.836872 0.097296
v -0.049468 0.837056 0.088875
v -0.043011 0.818463 0.123800
v -0.043657 0.826302 0.126996
v -0.046104 0.793158 0.105394
v -0.052044 0.736964 0.107822
v -0.046848 0.785965 0.103943
v -0.057310 0.750552 0.106067
v -0.048099 0.776048 0.103231
v -0.054260 0.759289 0.104928
v -0.046054 0.808954 0.092476
v -0.041618 0.809255 0.106705
v -0.040329 0.807866 0.122219
v -0.043801 0.800254 0.106161
v -0.048263 0.800007 0.090622
v -0.052465 0.796593 0.078129
v -0.042540 0.798732 0.121602
v -0.046166 0.857169 0.067267
v -0.053976 0.841518 0.066343
v -0.045527 0.861264 0.046371
v -0.037497 0.862275 0.038360
v -0.050862 0.861534 0.029322
v -0.043205 0.861270 0.018194
v -0.059681 0.859706 0.013610
v -0.052363 0.861023 0.002728
v -0.065034 0.858244 -0.009745
v -0.069529 0.852888 0.001574
v -0.077374 0.845724 -0.016927
v -0.078376 0.841306 -0.006007
v -0.083673 0.833985 -0.024108
v -0.084603 0.825749 -0.013293
v -0.088697 0.823194 -0.035629
v -0.086467 0.817234 -0.024989
v -0.087050 0.805596 -0.028027
v -0.089425 0.807373 -0.047812
v -0.054981 0.824981 0.067814
v -0.052488 0.821179 0.076637
v -0.053483 0.808329 0.073270
v -0.055853 0.795767 0.068791
v -0.056162 0.812606 0.066006
v -0.058726 0.802000 0.061815
v -0.061900 0.794659 0.054832
v -0.066201 0.791988 0.045310
v -0.070742 0.793221 0.034133
v -0.055915 0.850425 0.054228
v -0.061188 0.852666 0.042609
v -0.068432 0.851028 0.029874
v -0.075137 0.844896 0.020891
v -0.079727 0.835516 0.015922
v -0.082924 0.824957 0.013736
v -0.076046 0.797034 0.022925
v -0.083059 0.814389 0.013492
v -0.087211 0.810766 -0.010782
v -0.055604 0.833878 0.057785
v -0.055488 0.823935 0.059195
v -0.056378 0.814290 0.057421
v -0.058327 0.807341 0.055823
v -0.060127 0.804247 0.050618
v -0.063847 0.801965 0.043997
v -0.066578 0.801700 0.036583
v -0.057699 0.841810 0.051811
v -0.062672 0.845056 0.042823
v -0.068628 0.843631 0.033740
v -0.073109 0.839125 0.027341
v -0.075806 0.831607 0.023272
v -0.076902 0.824369 0.022262
v -0.069676 0.803934 0.029113
v -0.076152 0.816868 0.022985
v -0.054868 0.831029 0.053420
v -0.054631 0.822333 0.054409
v -0.056211 0.811198 0.051376
v -0.062684 0.826884 0.051454
v -0.060646 0.806034 0.044559
v -0.064531 0.804263 0.038147
v -0.057463 0.838224 0.049650
v -0.062140 0.841228 0.041847
v -0.068149 0.840406 0.034726
v -0.071962 0.836688 0.029645
v -0.073993 0.830392 0.026061
v -0.075265 0.824205 0.025571
v -0.068227 0.805949 0.031651
v -0.074477 0.818035 0.026334
v -0.062196 0.821038 0.051721
v -0.063238 0.815938 0.049839
v -0.065378 0.812862 0.046559
v -0.068248 0.811953 0.042800
v -0.064576 0.831783 0.049286
v -0.068228 0.833874 0.045806
v -0.072126 0.833581 0.041572
v -0.074887 0.830454 0.037627
v -0.076174 0.823622 0.035097
v -0.064877 0.821667 0.047202
v -0.070923 0.812671 0.039203
v -0.065191 0.824952 0.047070
v -0.011433 0.860325 0.179283
v -0.025165 0.859078 0.173831
v -0.022508 0.860988 0.158673
v -0.007542 0.862340 0.159176
v -0.006120 0.862681 0.137429
v -0.020659 0.862043 0.135588
v -0.021175 0.862282 0.115269
v -0.006533 0.861882 0.114515
v -0.022566 0.862719 0.095689
v -0.007513 0.861578 0.094195
v -0.024575 0.862526 0.073744
v -0.009384 0.862690 0.073125
v -0.026686 0.862891 0.055032
v -0.012991 0.865212 0.055268
v -0.030014 0.863595 0.035804
v -0.015675 0.866704 0.035901
v -0.018250 0.869013 0.009659
v -0.034254 0.864043 0.014928
v -0.015121 0.878028 -0.006660
v -0.014966 0.889459 -0.023299
v -0.015494 0.902401 -0.039108
v -0.016299 0.910918 -0.057421
v -0.041893 0.864419 -0.002957
v -0.026872 0.870432 -0.009077
v -0.021556 0.875606 -0.012353
v -0.031550 0.872306 -0.027789
v -0.023343 0.880870 -0.026535
v -0.034852 0.875174 -0.043520
v -0.025392 0.889113 -0.042209
v -0.026792 0.895854 -0.058229
v -0.037333 0.877101 -0.059234
v -0.050311 0.864845 -0.021407
v -0.057473 0.866397 -0.038646
v -0.059568 0.868310 -0.058811
v -0.075103 0.859338 -0.027756
v -0.080270 0.850438 -0.024684
v -0.082689 0.859653 -0.042470
v -0.039481 0.876503 -0.077682
v -0.089862 0.861307 -0.061153
v -0.061729 0.867589 -0.077626
v -0.070012 0.865936 -0.049716
v -0.072887 0.868116 -0.063588
v -0.074868 0.869042 -0.079912
v -0.091283 0.863854 -0.081023
v -0.092196 0.864574 -0.103903
v -0.075605 0.869006 -0.101117
v -0.063185 0.866097 -0.098510
v -0.041020 0.873837 -0.099512
v -0.041487 0.869134 -0.119614
v -0.063457 0.864450 -0.118058
v -0.075834 0.867815 -0.122836
v -0.091886 0.863153 -0.127155
v -0.091353 0.861806 -0.148876
v -0.017669 0.913567 -0.078045
v -0.029724 0.897498 -0.077602
v -0.019300 0.907053 -0.102931
v -0.030968 0.892475 -0.101286
v -0.031577 0.883758 -0.122782
v -0.020778 0.897130 -0.126009
v -0.075361 0.864876 -0.143770
v -0.063475 0.861735 -0.135497
v -0.042420 0.862723 -0.134477
v -0.032698 0.873073 -0.140026
v -0.022150 0.884716 -0.143757
v -0.090943 0.857963 -0.164265
v -0.075249 0.858811 -0.162227
v -0.063723 0.854969 -0.147563
v -0.090462 0.849975 -0.169186
v -0.075917 0.848891 -0.168630
v -0.064392 0.841311 -0.152875
v -0.043263 0.854117 -0.146653
v -0.034356 0.860974 -0.154730
v -0.023176 0.869506 -0.160290
v -0.044130 0.839058 -0.154671
v -0.023520 0.849611 -0.174778
v -0.034444 0.842947 -0.165016
v -0.085620 0.845491 -0.031530
v -0.092822 0.836677 -0.044256
v -0.095376 0.818904 -0.053262
v -0.096517 0.811324 -0.067887
v -0.091592 0.800205 -0.067019
v -0.087790 0.796024 -0.047679
v -0.087477 0.796477 -0.028566
v -0.080474 0.804352 0.016775
v -0.086534 0.798956 -0.007958
v -0.073053 0.809411 0.024798
v -0.072206 0.810979 0.028015
v -0.073763 0.816193 0.036557
v -0.078640 0.825851 -0.155515
v -0.082765 0.815672 -0.141457
v -0.093617 0.801033 -0.102580
v -0.095612 0.809638 -0.102508
v -0.092322 0.798278 -0.084361
v -0.095130 0.807619 -0.084097
v -0.090834 0.806758 -0.121227
v -0.089284 0.829240 -0.153854
v -0.091780 0.821285 -0.139797
v -0.094810 0.814238 -0.120343
v -0.094519 0.850339 -0.068459
v -0.095703 0.855540 -0.082895
v -0.096556 0.856841 -0.105107
v -0.096277 0.856929 -0.127428
v -0.096312 0.856510 -0.147353
v -0.096372 0.854848 -0.158832
v -0.096277 0.849442 -0.160141
v -0.094939 0.837094 -0.063270
v -0.096258 0.823959 -0.065950
v -0.095282 0.817274 -0.073255
v -0.095366 0.816292 -0.100234
v -0.094666 0.814123 -0.084930
v -0.094967 0.834433 -0.147007
v -0.095887 0.828558 -0.133195
v -0.096227 0.821793 -0.116310
v -0.089891 0.843140 -0.071935
v -0.089860 0.845858 -0.083858
v -0.092645 0.847073 -0.106739
v -0.094354 0.849024 -0.127740
v -0.095535 0.849613 -0.146332
v -0.090533 0.834910 -0.068112
v -0.090753 0.825925 -0.069827
v -0.088435 0.820480 -0.075162
v -0.089695 0.821954 -0.095096
v -0.088683 0.818255 -0.084788
v -0.093674 0.835336 -0.129201
v -0.092955 0.829031 -0.112759
v -0.094434 0.838388 -0.140924
v -0.086035 0.839431 -0.093658
v -0.086299 0.829835 -0.097036
v -0.088805 0.839860 -0.164436
v -0.077117 0.837673 -0.165730
v -0.094787 0.842076 -0.155711
v -0.094458 0.844036 -0.144336
v -0.093542 0.842136 -0.128326
v -0.091589 0.837628 -0.109137
v -0.083699 0.834290 -0.093438
v -0.083594 0.835162 -0.071718
v -0.081511 0.836296 -0.076268
v -0.085092 0.832409 -0.069602
v -0.084792 0.828095 -0.070201
v -0.082513 0.826265 -0.072716
v -0.079145 0.826568 -0.082602
v -0.080664 0.825071 -0.078085
v -0.079127 0.835205 -0.081454
v -0.079087 0.829235 -0.085754
v -0.078764 0.833043 -0.084977
v -0.065469 0.819017 0.046161
v -0.066521 0.817343 0.044377
v -0.068055 0.816887 0.042313
v -0.066221 0.827720 0.045843
v -0.068235 0.828909 0.044045
v -0.070309 0.828756 0.041730
v -0.071816 0.826941 0.039456
v -0.072375 0.823215 0.038289
v -0.069544 0.817262 0.040393
v -0.071141 0.819256 0.038863
v -0.063148 0.821962 0.044714
v -0.063363 0.824467 0.044596
v -0.063327 0.820386 0.043630
v -0.064332 0.819232 0.042052
v -0.065709 0.818870 0.040206
v -0.063795 0.826123 0.043374
v -0.065415 0.826856 0.041777
v -0.067137 0.826699 0.039769
v -0.068450 0.825362 0.037821
v -0.069331 0.822983 0.037126
v -0.067006 0.818969 0.038481
v -0.068493 0.820016 0.037543
v -0.065459 0.806262 0.039822
v -0.061599 0.807994 0.045511
v -0.075238 0.819318 0.028874
v -0.074886 0.828947 0.028627
v -0.059384 0.836374 0.049617
v -0.056851 0.829765 0.052862
v -0.069017 0.807672 0.034092
v -0.063797 0.839100 0.042993
v -0.056501 0.821782 0.053654
v -0.069355 0.838521 0.036627
v -0.057943 0.812720 0.050984
v -0.073386 0.834936 0.031907
v -0.072863 0.812343 0.030701
v -0.075459 0.824234 0.027416
v -0.034194 0.720451 0.170215
v -0.033972 0.728808 0.153964
v -0.036052 0.735009 0.135560
v -0.038616 0.735839 0.119830
v -0.041776 0.733374 0.106417
v -0.044727 0.728485 0.092620
v -0.045337 0.721500 0.079635
v -0.047543 0.710658 0.070131
v -0.051633 0.696850 0.060886
v -0.061785 0.681340 0.047924
v -0.073122 0.674142 0.025867
v -0.077806 0.676475 0.001222
v -0.079651 0.681389 -0.021711
v -0.082631 0.693867 -0.043843
v -0.086869 0.709633 -0.061663
v -0.090262 0.731475 -0.075677
v -0.091292 0.758039 -0.084952
v -0.020640 0.721848 0.156509
v -0.008627 0.718512 0.157875
v -0.022247 0.733720 0.134598
v -0.023898 0.735416 0.116709
v -0.024948 0.732357 0.102851
v -0.025855 0.726422 0.089510
v -0.026416 0.719000 0.078869
v -0.027775 0.708049 0.072019
v -0.031231 0.690378 0.069029
v -0.008388 0.729831 0.135693
v -0.009775 0.732380 0.116393
v -0.010118 0.730038 0.101693
v -0.010833 0.724989 0.088936
v -0.011697 0.716947 0.079535
v -0.012492 0.704854 0.075351
v -0.014093 0.685790 0.075813
v -0.066112 0.825568 -0.152428
v -0.044568 0.819046 -0.159144
v -0.025486 0.806088 -0.199360
v -0.037504 0.799945 -0.183097
v -0.045075 0.796891 -0.164726
v -0.059680 0.799446 -0.152142
v -0.073273 0.820005 -0.150452
v -0.075197 0.806986 -0.141508
v -0.074874 0.775980 -0.141755
v -0.059514 0.772851 -0.155506
v -0.045819 0.773776 -0.169322
v -0.037272 0.776851 -0.189322
v -0.025543 0.783100 -0.208993
v -0.045354 0.745969 -0.172355
v -0.059174 0.744015 -0.157607
v -0.074683 0.742912 -0.142110
v -0.088175 0.796093 -0.121550
v -0.087762 0.771540 -0.122912
v -0.092007 0.789159 -0.102441
v -0.090305 0.785601 -0.083699
v -0.092928 0.764277 -0.103860
v -0.085484 0.741624 -0.121992
v -0.090408 0.737546 -0.100167
v -0.083978 0.708008 -0.085617
v -0.076450 0.707691 -0.113514
v -0.069901 0.706967 -0.140840
v -0.057615 0.707663 -0.158251
v -0.044106 0.709974 -0.173605
v -0.037234 0.715967 -0.196731
v -0.025818 0.725082 -0.223084
v -0.079508 0.681998 -0.061963
v -0.070977 0.670482 -0.096277
v -0.068932 0.661516 -0.133359
v -0.058187 0.659178 -0.153923
v -0.042984 0.658531 -0.170707
v -0.035668 0.661229 -0.193672
v -0.024612 0.664854 -0.220362
v -0.073822 0.613026 -0.117596
v -0.085270 0.568539 -0.093229
v -0.098089 0.520348 -0.072717
v -0.107013 0.466639 -0.065358
v -0.114356 0.412970 -0.070482
v -0.130073 0.363017 -0.078596
v -0.151429 0.323171 -0.077987
v -0.079124 0.649082 -0.029574
v -0.086013 0.608170 0.000022
v -0.098790 0.561970 0.022028
v -0.119421 0.507045 0.043589
v -0.146596 0.446148 0.058793
v -0.172958 0.381314 0.053004
v -0.182918 0.334208 0.018907
v -0.071830 0.630835 -0.072752
v -0.079141 0.586449 -0.044758
v -0.090090 0.539807 -0.024046
v -0.106031 0.486157 -0.009370
v -0.124173 0.426928 -0.005840
v -0.146580 0.367997 -0.018191
v -0.172385 0.323188 -0.030828
v -0.069085 0.636219 0.041354
v -0.075131 0.653010 0.005437
v -0.087947 0.584247 0.055027
v -0.105743 0.528938 0.082551
v -0.125388 0.470669 0.107788
v -0.146079 0.414339 0.124422
v -0.144354 0.378501 0.147903
v -0.111133 0.370463 0.182379
v -0.148055 0.341524 0.142890
v -0.176497 0.336258 0.087063
v -0.172242 0.363373 0.097589
v -0.044111 0.651839 0.069647
v -0.033963 0.615312 0.096060
v -0.033179 0.567108 0.130956
v -0.038578 0.511838 0.170620
v -0.045368 0.456294 0.208793
v -0.051779 0.417942 0.223464
v -0.070807 0.381788 0.213773
v -0.064443 0.617443 0.059773
v -0.072728 0.587461 0.068638
v -0.083679 0.536193 0.094911
v -0.098110 0.480278 0.123904
v -0.107967 0.434028 0.144708
v -0.104821 0.409900 0.160002
v -0.096629 0.396509 0.175618
v -0.053498 0.623448 0.068861
v -0.049995 0.599945 0.083090
v -0.050271 0.552235 0.113049
v -0.057439 0.497873 0.147005
v -0.064545 0.452339 0.174894
v -0.068820 0.426126 0.187583
v -0.077098 0.404862 0.190619
v -0.020225 0.650160 0.082046
v -0.017540 0.617081 0.103719
v -0.017246 0.568808 0.140913
v -0.020003 0.513761 0.183808
v -0.024585 0.456626 0.224072
v -0.027419 0.416023 0.233719
v -0.034857 0.375014 0.217830
v -0.018912 0.330761 0.226179
v -0.030890 0.311478 0.211424
v -0.090032 0.326889 0.191353
v -0.088706 0.351954 0.200746
v -0.116564 0.347186 0.179286
v -0.062348 0.313526 0.194213
v -0.049431 0.346452 0.203764
v -0.108925 0.318114 0.173130
v -0.141951 0.312267 0.137701
v -0.173810 0.309156 0.081810
v -0.184003 0.307906 0.027042
v -0.059377 0.604588 -0.141767
v -0.066294 0.556875 -0.121749
v -0.074435 0.509372 -0.103098
v -0.079252 0.459432 -0.095253
v -0.084678 0.408475 -0.100910
v -0.094097 0.362252 -0.113875
v -0.107306 0.323786 -0.122152
v -0.041045 0.600529 -0.159354
v -0.041425 0.550862 -0.141809
v -0.044526 0.502776 -0.124554
v -0.048777 0.457418 -0.117249
v -0.050791 0.407174 -0.124345
v -0.054325 0.361648 -0.140891
v -0.056590 0.324476 -0.156999
v -0.032905 0.599091 -0.180723
v -0.031305 0.547024 -0.164078
v -0.033387 0.498175 -0.147398
v -0.037232 0.456937 -0.141183
v -0.038662 0.409882 -0.146505
v -0.041311 0.368110 -0.162265
v -0.040969 0.331877 -0.185953
v -0.034400 0.300159 -0.207695
v -0.023349 0.598966 -0.202930
v -0.023161 0.545460 -0.185977
v -0.023077 0.495590 -0.167333
v -0.024169 0.456531 -0.161127
v -0.025135 0.413392 -0.164746
v -0.026701 0.375671 -0.179351
v -0.026901 0.342369 -0.208829
v -0.023798 0.314409 -0.238467
v -0.035746 0.310015 -0.180067
v -0.030228 0.320807 -0.209676
v -0.014656 0.326480 -0.224359
v -0.032954 0.315714 -0.196169
v -0.024881 0.324646 -0.219998
v -0.036056 0.324232 -0.173872
v -0.030690 0.333672 -0.197005
v -0.014866 0.339245 -0.207383
v -0.033399 0.329064 -0.187060
v -0.025258 0.337339 -0.204308
v -0.036436 0.347357 -0.163239
v -0.031133 0.354131 -0.179133
v -0.014363 0.359355 -0.188369
v -0.034090 0.350717 -0.171974
v -0.025683 0.357581 -0.185531
v -0.036256 0.362474 -0.155091
v -0.031003 0.368401 -0.169277
v -0.014248 0.372511 -0.178068
v -0.033998 0.365617 -0.162838
v -0.025507 0.371154 -0.175271
v -0.033800 0.387673 -0.144056
v -0.029258 0.392579 -0.159537
v -0.013726 0.395549 -0.167968
v -0.031829 0.390360 -0.152436
v -0.024078 0.394536 -0.165328
v -0.033173 0.405411 -0.138382
v -0.028739 0.408447 -0.154845
v -0.013542 0.410556 -0.163643
v -0.031207 0.407163 -0.147288
v -0.023718 0.409721 -0.160938
v -0.031468 0.436486 -0.132535
v -0.027441 0.437509 -0.151138
v -0.012834 0.438077 -0.159924
v -0.029675 0.437018 -0.141983
v -0.022674 0.438059 -0.157152
v -0.031134 0.453976 -0.131299
v -0.027180 0.453567 -0.150466
v -0.012740 0.453460 -0.159759
v -0.029359 0.453838 -0.141060
v -0.022492 0.453545 -0.156718
v -0.030208 0.480710 -0.133489
v -0.025536 0.478890 -0.151893
v -0.012627 0.478075 -0.161802
v -0.028310 0.479822 -0.143048
v -0.020976 0.478308 -0.158441
v -0.029185 0.497120 -0.137250
v -0.024960 0.494346 -0.155361
v -0.012570 0.493298 -0.165504
v -0.027391 0.495623 -0.146563
v -0.020760 0.493550 -0.161994
v -0.026403 0.527254 -0.147825
v -0.023260 0.524705 -0.164923
v -0.012373 0.524098 -0.174495
v -0.024987 0.525736 -0.157134
v -0.019539 0.524209 -0.171163
v -0.026109 0.543711 -0.153817
v -0.023176 0.541693 -0.171188
v -0.012427 0.541121 -0.181378
v -0.024754 0.542468 -0.163121
v -0.019586 0.541427 -0.177792
v -0.026263 0.576625 -0.164419
v -0.023228 0.575157 -0.180053
v -0.012656 0.574813 -0.190555
v -0.025051 0.575758 -0.172366
v -0.019287 0.575055 -0.186575
v -0.026602 0.595701 -0.170300
v -0.023479 0.595090 -0.186017
v -0.012652 0.595348 -0.196750
v -0.025453 0.595337 -0.178217
v -0.019345 0.595246 -0.192690
v -0.027027 0.634824 -0.180483
v -0.024888 0.635593 -0.198027
v -0.012265 0.636512 -0.209121
v -0.027426 0.654266 -0.183630
v -0.025218 0.656593 -0.202367
v -0.026070 0.634996 -0.189315
v -0.019518 0.636143 -0.205247
v -0.012371 0.658613 -0.214253
v -0.026477 0.655181 -0.192881
v -0.019733 0.657789 -0.210260
v -0.026672 0.696400 -0.206899
v -0.029097 0.691849 -0.186647
v -0.013427 0.699728 -0.219586
v -0.029298 0.709281 -0.187034
v -0.026873 0.715221 -0.207056
v -0.028080 0.694061 -0.196825
v -0.021769 0.698753 -0.215675
v -0.013531 0.719637 -0.218719
v -0.028276 0.711999 -0.197168
v -0.021949 0.718261 -0.215447
v -0.028750 0.844408 -0.162727
v -0.020429 0.848843 -0.170506
v -0.020263 0.864489 -0.159112
v -0.028708 0.858586 -0.154638
v -0.028750 0.852004 -0.158952
v -0.030132 0.842458 -0.158573
v -0.020344 0.857087 -0.164971
v -0.012451 0.849620 -0.171520
v -0.025430 0.847010 -0.167484
v -0.029904 0.855398 -0.151456
v -0.028850 0.819132 -0.174527
v -0.026210 0.821088 -0.179911
v -0.021756 0.822781 -0.184344
v -0.013465 0.823531 -0.186026
v -0.029541 0.802195 -0.181233
v -0.022146 0.806212 -0.193317
v -0.013660 0.807189 -0.195106
v -0.026791 0.804285 -0.187943
v -0.030968 0.800657 -0.174060
v -0.029232 0.810737 -0.178110
v -0.021993 0.814314 -0.189139
v -0.030264 0.817568 -0.168534
v -0.013586 0.815112 -0.191019
v -0.026551 0.812643 -0.184205
v -0.030635 0.809164 -0.171376
v -0.013345 0.828382 -0.189975
v -0.024548 0.827417 -0.187809
v -0.031469 0.824796 -0.182102
v -0.035842 0.821748 -0.174466
v -0.037405 0.749669 -0.194039
v -0.014231 0.758340 -0.220900
v -0.013857 0.796008 -0.206761
v -0.025515 0.794594 -0.204176
v -0.032776 0.791599 -0.196446
v -0.037388 0.788398 -0.186209
v -0.026067 0.756788 -0.217082
v -0.033110 0.753420 -0.206887
v -0.027253 0.766033 -0.200575
v -0.031463 0.761834 -0.182264
v -0.014090 0.769250 -0.209979
v -0.031482 0.771299 -0.180699
v -0.027142 0.775377 -0.197955
v -0.029835 0.763978 -0.191691
v -0.022659 0.768173 -0.207458
v -0.031402 0.751326 -0.183530
v -0.013981 0.778793 -0.206359
v -0.029809 0.773281 -0.189676
v -0.022495 0.777637 -0.204248
v -0.029865 0.753259 -0.193151
v -0.014121 0.759399 -0.213019
v -0.022715 0.758256 -0.210206
v -0.027320 0.755775 -0.202697
v -0.011931 0.889063 -0.134182
v -0.023704 0.882505 -0.132814
v -0.028052 0.872395 -0.129611
v -0.011723 0.894065 -0.126598
v -0.023407 0.887271 -0.125022
v -0.027841 0.875922 -0.122610
v -0.026222 0.878230 -0.131555
v -0.019158 0.887152 -0.133985
v -0.012115 0.883451 -0.141069
v -0.024044 0.877374 -0.139921
v -0.028342 0.868618 -0.135850
v -0.026005 0.882578 -0.124000
v -0.018823 0.892086 -0.126206
v -0.026535 0.873639 -0.138428
v -0.019472 0.881700 -0.141055
v -0.021734 0.901827 -0.080072
v -0.026196 0.887670 -0.079931
v -0.017140 0.905149 -0.089895
v -0.024685 0.894073 -0.089259
v -0.026842 0.884674 -0.097869
v -0.022473 0.897117 -0.099370
v -0.010022 0.903992 -0.099838
v -0.016746 0.907064 -0.080251
v -0.024290 0.895523 -0.080044
v -0.017536 0.901925 -0.099889
v -0.024892 0.891559 -0.098734
v -0.008396 0.901479 -0.040380
v -0.008577 0.908484 -0.056380
v -0.021945 0.882960 -0.044588
v -0.018476 0.894289 -0.042461
v -0.018941 0.900949 -0.056604
v -0.022725 0.886488 -0.057354
v -0.020595 0.892376 -0.049968
v -0.014718 0.899156 -0.041215
v -0.015061 0.906202 -0.056367
v -0.020333 0.889232 -0.043533
v -0.020929 0.894809 -0.056788
v -0.008638 0.872921 0.006003
v -0.021194 0.872067 -0.003032
v -0.026218 0.873579 -0.018830
v -0.029401 0.877617 -0.035877
v -0.031695 0.882104 -0.051048
v -0.033979 0.884192 -0.067802
v -0.036073 0.882472 -0.088735
v -0.036850 0.877458 -0.110956
v -0.037509 0.870129 -0.128973
v -0.038739 0.861515 -0.143236
v -0.039629 0.848809 -0.154237
v -0.040194 0.830060 -0.161385
v -0.041377 0.808569 -0.167874
v -0.042379 0.786409 -0.173897
v -0.042419 0.761703 -0.178213
v -0.041838 0.731229 -0.180929
v -0.040764 0.687294 -0.180739
v -0.038682 0.629251 -0.173589
v -0.036708 0.573769 -0.158634
v -0.037589 0.524654 -0.140627
v -0.041536 0.479190 -0.127820
v -0.044424 0.432762 -0.127753
v -0.046636 0.384703 -0.140059
v -0.048712 0.344782 -0.158823
v -0.048477 0.307161 -0.175546
v -0.022978 0.290113 -0.182538
v -0.016466 0.872167 0.003080
v -0.024088 0.872426 -0.010181
v -0.027888 0.875363 -0.027791
v -0.030692 0.879983 -0.043493
v -0.032696 0.883624 -0.058998
v -0.035214 0.883807 -0.077650
v -0.036603 0.880313 -0.100141
v -0.037067 0.874023 -0.120719
v -0.038093 0.865912 -0.136288
v -0.039300 0.856095 -0.149368
v -0.039877 0.840013 -0.158142
v -0.040665 0.819421 -0.164463
v -0.042044 0.797549 -0.171168
v -0.042473 0.774632 -0.176199
v -0.042209 0.747332 -0.179827
v -0.041343 0.711761 -0.181305
v -0.039932 0.659300 -0.178433
v -0.037458 0.599842 -0.166795
v -0.036672 0.549288 -0.149710
v -0.039273 0.500933 -0.132843
v -0.043535 0.457206 -0.125981
v -0.045145 0.407910 -0.132618
v -0.048093 0.363531 -0.149115
v -0.048753 0.326608 -0.168021
v -0.042450 0.295613 -0.178304
v -0.008737 0.870698 0.011228
v -0.022982 0.870345 -0.001007
v -0.028642 0.871835 -0.018611
v -0.032337 0.874702 -0.035909
v -0.035030 0.877828 -0.051148
v -0.037322 0.878895 -0.067954
v -0.039289 0.877204 -0.088520
v -0.040167 0.873173 -0.110304
v -0.040801 0.867134 -0.127912
v -0.041810 0.859619 -0.141534
v -0.042689 0.847736 -0.151981
v -0.043323 0.829635 -0.158130
v -0.043920 0.808219 -0.163390
v -0.044718 0.785847 -0.168904
v -0.044900 0.760901 -0.172847
v -0.044013 0.729970 -0.175232
v -0.042892 0.686233 -0.174944
v -0.041115 0.629238 -0.167949
v -0.039821 0.574662 -0.152940
v -0.041401 0.526070 -0.134578
v -0.045455 0.480016 -0.121416
v -0.048465 0.432534 -0.121348
v -0.051015 0.383677 -0.134066
v -0.053896 0.343341 -0.151879
v -0.055041 0.304834 -0.165679
v -0.024480 0.286322 -0.175298
v -0.036161 0.878750 -0.059174
v -0.043055 0.839300 -0.155548
v -0.043581 0.819141 -0.160489
v -0.044308 0.797058 -0.166354
v -0.044559 0.746314 -0.174244
v -0.017799 0.869810 0.007996
v -0.026168 0.870936 -0.009356
v -0.030624 0.873079 -0.027789
v -0.033800 0.876390 -0.043513
v -0.038402 0.878349 -0.077674
v -0.039903 0.875474 -0.099671
v -0.040370 0.870370 -0.119893
v -0.041326 0.863529 -0.134935
v -0.042261 0.854617 -0.147339
v -0.044973 0.773993 -0.171060
v -0.043408 0.710425 -0.175552
v -0.042212 0.658726 -0.172660
v -0.040138 0.600356 -0.161235
v -0.040223 0.550464 -0.143806
v -0.043198 0.502310 -0.126650
v -0.047452 0.457364 -0.119456
v -0.049364 0.407360 -0.126436
v -0.052749 0.362124 -0.142970
v -0.054608 0.325015 -0.159785
v -0.049272 0.290792 -0.168957
v -0.006348 0.789351 0.217674
v -0.018803 0.792511 0.215754
v -0.029815 0.795209 0.207591
v -0.038336 0.796472 0.195019
v -0.046080 0.786987 0.165149
v -0.045969 0.778521 0.162097
v -0.006234 0.750009 0.212621
v -0.016782 0.750383 0.209119
v -0.043323 0.796606 0.181885
v -0.026259 0.750558 0.201387
v -0.034642 0.752114 0.191089
v -0.041742 0.755641 0.179822
v -0.045578 0.794707 0.171813
v -0.046471 0.771274 0.163888
v -0.046040 0.762196 0.169902
v -0.012568 0.790818 0.217379
v -0.024705 0.794089 0.212569
v -0.034528 0.795970 0.201510
v -0.041261 0.796692 0.188387
v -0.044702 0.796012 0.176148
v -0.046016 0.791947 0.168330
v -0.045990 0.781841 0.162871
v -0.046101 0.775506 0.162533
v -0.046608 0.766585 0.166299
v -0.044505 0.758438 0.174482
v -0.038278 0.753601 0.185499
v -0.011482 0.750376 0.211485
v -0.021361 0.750341 0.205694
v -0.030685 0.751120 0.196438
v 0.191016 0.003553 -0.127633
v 0.225319 0.003553 -0.044819
v 0.225319 0.003553 0.044819
v 0.191016 0.003553 0.127633
v 0.044819 0.003553 -0.225319
v 0.127633 0.003553 0.191016
v 0.127633 0.003553 -0.191016
v 0.044192 0.058671 0.222170
v 0.188347 0.058671 -0.125849
v 0.222170 0.058671 -0.044192
v 0.222170 0.058671 0.044192
v 0.188347 0.058671 0.125849
v 0.044192 0.058671 -0.222170
v 0.125849 0.058671 0.188347
v 0.125849 0.058671 -0.188347
v 0.110334 0.066795 -0.165127
v 0.038744 0.066795 0.194780
v 0.165127 0.066795 -0.110334
v 0.194780 0.066795 -0.038744
v 0.194780 0.066795 0.038744
v 0.165127 0.066795 0.110334
v 0.038744 0.066795 -0.194780
v 0.110334 0.066795 0.165127
v 0.139261 0.126964 0.208419
v 0.139261 0.126964 -0.208419
v 0.048902 0.126964 0.245847
v 0.208419 0.126964 -0.139261
v 0.245847 0.126964 -0.048902
v 0.245847 0.126964 0.048902
v 0.208419 0.126964 0.139261
v 0.048902 0.126964 -0.245847
v 0.112578 0.214047 0.168485
v 0.112578 0.214047 -0.168485
v 0.039532 0.214047 0.198742
v 0.168485 0.214047 -0.112578
v 0.198742 0.214047 -0.039532
v 0.198742 0.214047 0.039532
v 0.168485 0.214047 0.112578
v 0.039532 0.214047 -0.198771
v 0.114966 0.237025 0.172059
v 0.114966 0.237025 -0.172059
v 0.040371 0.237025 0.202957
v 0.172059 0.237025 -0.114966
v 0.202957 0.237025 -0.040371
v 0.202957 0.237025 0.040371
v 0.172059 0.237025 0.114966
v 0.040371 0.237025 -0.203250
v 0.040791 0.243945 -0.205639
v 0.116164 0.243945 0.173851
v 0.116164 0.243945 -0.173851
v 0.040791 0.243945 0.205072
v 0.173851 0.243945 -0.116164
v 0.205072 0.243945 -0.040791
v 0.205072 0.243945 0.040791
v 0.173851 0.243945 0.116164
v 0.127709 0.084158 -0.191131
v 0.044846 0.084158 0.225454
v 0.191131 0.084158 -0.127709
v 0.225454 0.084158 -0.044846
v 0.225454 0.084158 0.044846
v 0.191131 0.084158 0.127709
v 0.044846 0.084158 -0.225454
v 0.127709 0.084158 0.191131
v 0.212648 0.012063 0.142087
v 0.142087 0.047392 -0.212648
v 0.049894 0.047392 -0.250836
v 0.106338 0.254611 0.159146
v 0.037341 0.254611 -0.188217
v 0.159147 0.254611 0.106338
v 0.212648 0.047392 -0.142087
v 0.212648 0.047392 0.142087
v 0.187726 0.254611 -0.037341
v 0.250836 0.029826 0.049894
v 0.037341 0.254665 0.187537
v 0.250836 0.047392 0.049894
v 0.250836 0.012063 0.049894
v 0.159146 0.254611 -0.106338
v 0.106338 0.254611 -0.159147
v 0.049894 0.012063 0.250836
v 0.187726 0.254611 0.037341
v 0.142087 0.047392 0.212648
v 0.049894 0.012063 -0.250836
v 0.142087 0.012063 -0.212648
v 0.212648 0.012063 -0.142087
v 0.049894 0.047392 0.250836
v 0.250836 0.047392 -0.049894
v 0.049894 0.029826 0.250836
v 0.032665 0.266571 0.164029
v 0.142087 0.029826 -0.212648
v 0.212648 0.029826 0.142087
v 0.049894 0.029826 -0.250836
v 0.139218 0.266517 0.093022
v 0.142087 0.012063 0.212648
v 0.093022 0.266517 -0.139218
v 0.250836 0.012063 -0.049894
v 0.212648 0.029826 -0.142087
v 0.142087 0.029826 0.212648
v 0.250836 0.029826 -0.049894
v 0.164218 0.266517 -0.032665
v 0.139217 0.266517 -0.093022
v 0.164218 0.266517 0.032665
v 0.032665 0.266517 -0.164425
v 0.093022 0.266517 0.139217
v 0.123369 0.175158 0.184635
v 0.123369 0.175158 -0.184635
v 0.043322 0.175158 0.217792
v 0.184635 0.175158 -0.123369
v 0.217792 0.175158 -0.043322
v 0.217792 0.175158 0.043321
v 0.184635 0.175158 0.123369
v 0.043322 0.175158 -0.217792
v 0.165386 0.274532 -0.033219
v 0.087766 0.274256 -0.139245
v 0.093272 0.274929 0.143515
v 0.027950 0.274584 -0.163542
v 0.140870 0.274420 0.094373
v 0.139028 0.273792 -0.093243
v 0.032478 0.276320 0.170988
v 0.166250 0.274425 0.032148
v 0.032269 0.000000 0.162225
v 0.137528 0.000000 -0.091893
v 0.162225 0.000000 -0.032269
v 0.162225 0.000000 0.032269
v 0.137528 0.000000 0.091893
v 0.032269 0.000000 -0.162225
v 0.091893 0.000000 0.137528
v 0.091893 0.000000 -0.137528
v 0.076234 0.000000 -0.050938
v 0.089924 0.000000 -0.017887
v 0.089924 0.000000 0.017887
v 0.076234 0.000000 0.050938
v 0.017887 0.000000 -0.089924
v 0.050938 0.000000 0.076234
v 0.050938 0.000000 -0.076234
v 0.017887 0.000000 0.089924
v 0.017317 0.000000 -0.000000
v 0.020706 0.000000 0.035642
v 0.044819 0.003553 0.225319
v 0.048026 0.000000 -0.000000
v 0.020706 0.000000 -0.035642
v 0.007320 0.000000 -0.046363
v 0.006763 0.000000 -0.016326
v 0.006763 0.000000 0.016326
v 0.035642 0.000000 -0.020706
v 0.035642 0.000000 0.020706
v 0.007320 0.000000 0.046363
v 0.026018 0.845895 0.206932
v 0.021236 0.839559 0.215072
v 0.021162 0.829723 0.221228
v 0.024968 0.820246 0.221929
v 0.033036 0.815403 0.216094
v 0.041709 0.816875 0.206643
v 0.046671 0.823709 0.197602
v 0.046945 0.833613 0.192167
v 0.042414 0.842924 0.192426
v 0.034317 0.849671 0.197384
v 0.013773 0.829718 0.225268
v 0.004769 0.828633 0.226550
v 0.017632 0.817705 0.227965
v 0.006058 0.815610 0.231065
v 0.013816 0.841439 0.217337
v 0.004750 0.841579 0.218409
v 0.018181 0.849867 0.206542
v 0.006070 0.851009 0.206609
v 0.036304 0.836920 0.192043
v 0.030583 0.817697 0.210589
v 0.021964 0.827635 0.213765
v 0.036951 0.818680 0.204076
v 0.025500 0.839194 0.203747
v 0.040875 0.823877 0.196798
v 0.030924 0.839972 0.196879
v 0.040410 0.830965 0.192101
v 0.022288 0.834785 0.209912
v 0.024653 0.820922 0.213974
v 0.023043 0.830747 0.200965
v 0.022613 0.824699 0.201936
v 0.025798 0.820219 0.204479
v 0.032420 0.821485 0.198292
v 0.029638 0.826010 0.193476
v 0.027636 0.831238 0.193401
v 0.044711 0.845266 0.183202
v 0.051060 0.832801 0.182593
v 0.051970 0.818891 0.191499
v 0.045869 0.809226 0.204670
v 0.034100 0.807661 0.217876
v 0.020708 0.806296 0.227284
v 0.006898 0.803937 0.231124
v 0.055783 0.812037 0.181142
v 0.057292 0.805636 0.170504
v 0.050412 0.779863 0.161670
v 0.056897 0.796393 0.161175
v 0.056014 0.783560 0.156411
v 0.055299 0.771012 0.155966
v 0.055263 0.759431 0.152049
v 0.052652 0.753833 0.163966
v 0.048748 0.745860 0.177477
v 0.042175 0.739832 0.192471
v 0.000966 0.786992 0.216664
v 0.018579 0.791093 0.213476
v 0.033062 0.794257 0.202313
v 0.034981 0.794544 0.199224
v 0.000937 0.779141 0.214091
v 0.017587 0.781364 0.210035
v 0.030909 0.783847 0.199820
v 0.032713 0.784140 0.197061
v 0.000883 0.762607 0.212501
v 0.006120 0.743591 0.216186
v 0.016376 0.762582 0.206886
v 0.028972 0.763409 0.197450
v 0.018398 0.745246 0.213055
v 0.049965 0.800196 0.184354
v 0.030878 0.763706 0.195005
v 0.029565 0.746312 0.204709
v 0.038112 0.748760 0.192802
v 0.038198 0.785041 0.180515
v 0.038022 0.766091 0.179872
v 0.044990 0.753646 0.180010
v 0.044822 0.786039 0.165164
v 0.051830 0.797188 0.173013
v 0.050034 0.770557 0.163136
v 0.049021 0.761183 0.169229
v 0.029480 0.774682 0.198213
v 0.030997 0.772990 0.195534
v 0.017503 0.773014 0.207533
v 0.036550 0.774446 0.179945
v 0.029229 0.772688 0.197964
v 0.000990 0.772721 0.212626
v 0.042000 0.785226 0.169583
v 0.042813 0.769573 0.168985
v 0.006365 0.731098 0.215525
v 0.019713 0.733563 0.212858
v 0.032612 0.736140 0.204953
v 0.006260 0.717656 0.204906
v 0.018942 0.719806 0.202857
v 0.031250 0.723409 0.196710
v 0.040672 0.728826 0.185930
v 0.045978 0.735729 0.171182
v 0.048522 0.741961 0.156430
v 0.050121 0.746100 0.144368
v 0.044789 0.778164 0.162141
v 0.006436 0.793656 0.224325
v 0.019775 0.796522 0.221647
v 0.032456 0.798788 0.212787
v 0.043242 0.800045 0.198811
v 0.000874 0.751676 0.212711
v 0.016490 0.752275 0.207043
v 0.040878 0.795002 0.181584
v 0.029451 0.752734 0.197223
v 0.031407 0.753087 0.194702
v 0.039727 0.756912 0.179756
v 0.051226 0.789453 0.165006
v 0.044231 0.793324 0.171689
v 0.045358 0.771536 0.163966
v 0.045008 0.762998 0.169972
v 0.038581 0.724802 0.173355
v 0.057889 0.741809 0.100008
v 0.018849 0.840817 0.216285
v 0.043609 0.815071 0.207217
v 0.006164 0.705238 0.184936
v 0.018094 0.707982 0.184675
v 0.034444 0.847359 0.198473
v 0.043359 0.844290 0.190735
v 0.018736 0.829881 0.223629
v 0.064074 0.736821 0.085594
v 0.048847 0.822710 0.197116
v 0.048719 0.833558 0.190779
v 0.023567 0.819129 0.224797
v 0.053527 0.786338 0.144734
v 0.024637 0.848039 0.206912
v 0.033480 0.813327 0.218070
v 0.047510 0.787454 0.128457
v 0.048616 0.789993 0.096905
v 0.053513 0.786910 0.081279
v 0.059231 0.778870 0.067329
v 0.071324 0.728998 0.070679
v 0.073855 0.748576 0.060190
v 0.086617 0.698981 0.036595
v 0.076662 0.718193 0.060402
v 0.065567 0.771866 0.052697
v 0.069935 0.761852 0.054458
v 0.058742 0.773278 0.071215
v 0.066643 0.754815 0.072907
v 0.050981 0.777295 0.137865
v 0.046083 0.781490 0.110162
v 0.054577 0.762868 0.141179
v 0.064062 0.751561 0.085005
v 0.053917 0.771100 0.143528
v 0.053276 0.780189 0.082248
v 0.048772 0.768788 0.124838
v 0.064371 0.764022 0.067545
v 0.047098 0.780039 0.124752
v 0.058992 0.753554 0.098902
v 0.050374 0.769563 0.135112
v 0.059441 0.765545 0.076096
v 0.056377 0.766735 0.085345
v 0.052731 0.767199 0.097562
v 0.051368 0.746953 0.130149
v 0.053516 0.758163 0.129128
v 0.001062 0.772060 0.211795
v 0.016956 0.772143 0.207454
v 0.029144 0.773693 0.197627
v 0.030783 0.773988 0.195222
v 0.036336 0.775363 0.179937
v 0.039658 0.776783 0.168106
v 0.040629 0.775663 0.167961
v 0.031234 0.774981 0.195733
v 0.042277 0.777667 0.162516
v 0.000986 0.771316 0.212472
v 0.036696 0.776333 0.180030
v 0.017359 0.771191 0.207138
v 0.040674 0.778015 0.167956
v 0.072793 0.771670 0.032932
v 0.080307 0.776789 0.009223
v 0.087182 0.780704 -0.014230
v 0.090834 0.777696 -0.038972
v 0.094129 0.764827 -0.057694
v 0.097001 0.744223 -0.060786
v 0.097436 0.725966 -0.052393
v 0.091188 0.695969 0.017778
v 0.093125 0.697755 -0.002334
v 0.094072 0.703357 -0.021949
v 0.095675 0.712635 -0.038980
v 0.096810 0.730075 -0.037076
v 0.070957 0.763689 0.025052
v 0.094370 0.752958 -0.038200
v 0.069471 0.756348 0.036935
v 0.094375 0.715273 -0.013913
v 0.076353 0.767358 0.005798
v 0.095710 0.721504 -0.027436
v 0.091142 0.712032 0.001279
v 0.072094 0.743760 0.040827
v 0.082541 0.767099 -0.013509
v 0.086672 0.711691 0.015441
v 0.076171 0.730543 0.040140
v 0.089299 0.761706 -0.029187
v 0.096753 0.741240 -0.040843
v 0.082894 0.714503 0.026522
v 0.088643 0.723523 -0.010169
v 0.071544 0.756434 0.000695
v 0.084117 0.721603 0.000625
v 0.076908 0.754938 -0.012351
v 0.072120 0.737584 0.009047
v 0.083852 0.749995 -0.022185
v 0.090315 0.734388 -0.025615
v 0.067443 0.747356 0.021667
v 0.090518 0.727857 -0.019698
v 0.068411 0.753675 0.013596
v 0.068817 0.738778 0.023903
v 0.090499 0.743661 -0.029892
v 0.071713 0.730460 0.021545
v 0.069967 0.736888 0.015801
v 0.084651 0.737491 -0.017264
v 0.080460 0.738404 -0.009830
v 0.075942 0.738356 -0.000502
v 0.075547 0.723021 0.019329
v 0.078688 0.722113 0.010764
v 0.080874 0.707000 0.051525
v 0.079636 0.720837 0.034791
v 0.043932 0.847499 0.165773
v 0.041198 0.849509 0.143769
v 0.040741 0.850743 0.123269
v 0.041577 0.852414 0.105908
v 0.042609 0.854463 0.088973
v 0.052492 0.798068 0.149465
v 0.052878 0.813942 0.163002
v 0.048815 0.808029 0.149881
v 0.045013 0.815497 0.143189
v 0.043792 0.824064 0.117783
v 0.046154 0.824983 0.102838
v 0.049244 0.823922 0.090683
v 0.052764 0.820879 0.170656
v 0.050693 0.829805 0.169597
v 0.046745 0.835603 0.158367
v 0.053664 0.830590 0.072866
v 0.048480 0.842221 0.091583
v 0.045873 0.841360 0.104688
v 0.043816 0.839486 0.122109
v 0.043822 0.837674 0.141053
v 0.048609 0.822124 0.161688
v 0.045297 0.824582 0.151742
v 0.043686 0.820816 0.131972
v 0.043172 0.828334 0.137400
v 0.043739 0.831401 0.120119
v 0.046454 0.832869 0.103581
v 0.049097 0.832445 0.091964
v 0.053554 0.745004 0.114344
v 0.048996 0.802989 0.085286
v 0.048679 0.782040 0.096159
v 0.054495 0.755929 0.112582
v 0.049252 0.767912 0.110498
v 0.045700 0.789000 0.111976
v 0.044007 0.795681 0.113360
v 0.050516 0.837196 0.084276
v 0.048255 0.813424 0.088173
v 0.041346 0.814072 0.115380
v 0.042704 0.812887 0.130564
v 0.044319 0.814925 0.100677
v 0.044678 0.804742 0.098541
v 0.045366 0.795013 0.130946
v 0.042670 0.803448 0.131605
v 0.040983 0.803563 0.113784
v 0.047313 0.797029 0.097796
v 0.051749 0.794200 0.082811
v 0.050562 0.846596 0.075225
v 0.041959 0.858243 0.072131
v 0.040429 0.861758 0.052732
v 0.043537 0.862216 0.031904
v 0.051138 0.861413 0.014612
v 0.061495 0.858772 0.001310
v 0.072585 0.850063 -0.008379
v 0.081078 0.836617 -0.015712
v 0.085845 0.824829 -0.024363
v 0.087548 0.812664 -0.033975
v 0.087399 0.800445 -0.038715
v 0.051332 0.825489 0.081629
v 0.054136 0.816657 0.071359
v 0.051654 0.813352 0.078749
v 0.052884 0.801375 0.075216
v 0.055942 0.789400 0.070299
v 0.056111 0.804259 0.067766
v 0.059042 0.792495 0.061947
v 0.063826 0.784546 0.051889
v 0.070186 0.783517 0.037229
v 0.051855 0.854114 0.059710
v 0.056074 0.857811 0.043834
v 0.063128 0.857590 0.029130
v 0.071798 0.853225 0.015666
v 0.079687 0.844173 0.007165
v 0.085343 0.831910 0.001900
v 0.086510 0.814383 -0.019123
v 0.076607 0.787247 0.019284
v 0.087829 0.802686 -0.019129
v 0.088172 0.818701 0.000089
v 0.083161 0.795356 0.006954
v 0.056690 0.841933 0.058053
v 0.072401 0.844633 0.028955
v 0.080686 0.820430 0.019946
v 0.063420 0.798821 0.048620
v 0.075212 0.804205 0.024906
v 0.060110 0.847535 0.048975
v 0.076794 0.837612 0.023144
v 0.055882 0.819207 0.062699
v 0.066297 0.848076 0.038294
v 0.066958 0.798169 0.040510
v 0.071646 0.799819 0.031786
v 0.060063 0.802327 0.055479
v 0.057558 0.809338 0.060146
v 0.055719 0.831159 0.062887
v 0.079594 0.829020 0.020507
v 0.070366 0.807472 0.028117
v 0.059623 0.841734 0.046507
v 0.066801 0.803880 0.033682
v 0.065267 0.842623 0.037961
v 0.075507 0.820931 0.024408
v 0.069814 0.839991 0.031184
v 0.060594 0.831649 0.051412
v 0.073639 0.834364 0.026408
v 0.063684 0.803597 0.040757
v 0.054810 0.827672 0.056107
v 0.075198 0.827456 0.024133
v 0.055950 0.836133 0.053254
v 0.055353 0.817966 0.055413
v 0.062662 0.805559 0.041934
v 0.065142 0.827769 0.048691
v 0.059971 0.805900 0.047400
v 0.057449 0.809465 0.053267
v 0.071865 0.811592 0.034924
v 0.063867 0.835945 0.047359
v 0.054947 0.826473 0.053748
v 0.066491 0.805328 0.035580
v 0.068587 0.836900 0.041860
v 0.055525 0.816792 0.052891
v 0.074989 0.817527 0.032681
v 0.072941 0.834993 0.036814
v 0.058408 0.808888 0.048178
v 0.075347 0.829888 0.033102
v 0.030920 0.852290 0.193943
v 0.006289 0.857706 0.189793
v 0.023219 0.857335 0.183980
v 0.032054 0.857658 0.168592
v 0.016456 0.861359 0.168430
v 0.004136 0.861287 0.169365
v 0.029309 0.859285 0.146517
v 0.013204 0.862633 0.148123
v 0.002582 0.862197 0.148372
v 0.002404 0.861748 0.125576
v 0.012728 0.862698 0.125582
v 0.028870 0.860122 0.124486
v 0.002821 0.861157 0.103887
v 0.013728 0.862405 0.104977
v 0.029643 0.860999 0.106110
v 0.003483 0.861568 0.083472
v 0.015586 0.862466 0.083851
v 0.030445 0.861784 0.085996
v 0.005199 0.863925 0.064034
v 0.031216 0.861982 0.065571
v 0.018408 0.863358 0.063784
v 0.007164 0.866635 0.046258
v 0.021805 0.864667 0.045752
v 0.032599 0.862463 0.046543
v 0.008432 0.868135 0.024488
v 0.036470 0.862451 0.026101
v 0.025038 0.865673 0.024255
v 0.008589 0.874003 0.003460
v 0.008060 0.885478 -0.013655
v 0.008065 0.898852 -0.029868
v 0.020324 0.872905 -0.004017
v 0.019264 0.880629 -0.016518
v 0.025038 0.874427 -0.018936
v 0.030347 0.866796 0.003120
v 0.043099 0.862330 0.007451
v 0.020412 0.891043 -0.032794
v 0.027972 0.879036 -0.035861
v 0.030072 0.884185 -0.050999
v 0.037469 0.867794 -0.016117
v 0.042851 0.869287 -0.033694
v 0.046737 0.870962 -0.049795
v 0.052848 0.862064 -0.007968
v 0.062880 0.862319 -0.023748
v 0.071681 0.863460 -0.039745
v 0.075186 0.853753 -0.019384
v 0.078833 0.865215 -0.055180
v 0.064573 0.867445 -0.052910
v 0.049470 0.870984 -0.067800
v 0.067984 0.868233 -0.069671
v 0.082669 0.866938 -0.071513
v 0.051315 0.869388 -0.088010
v 0.069378 0.867859 -0.088886
v 0.083960 0.867594 -0.091185
v 0.084312 0.867113 -0.114093
v 0.070055 0.866924 -0.109875
v 0.052261 0.866952 -0.108869
v 0.008890 0.915942 -0.067377
v 0.023244 0.906694 -0.067227
v 0.032351 0.886770 -0.067728
v 0.034508 0.885036 -0.088839
v 0.014867 0.903224 -0.048532
v -0.000000 0.906456 -0.047946
v 0.010735 0.904896 -0.115279
v 0.026555 0.896490 -0.113949
v 0.035235 0.879543 -0.111273
v 0.009538 0.909154 -0.080247
v -0.000000 0.907840 -0.089528
v 0.035907 0.871586 -0.129489
v 0.052604 0.863535 -0.126623
v 0.069962 0.865210 -0.129902
v 0.083960 0.865303 -0.136495
v 0.083410 0.861917 -0.157043
v 0.069766 0.860954 -0.147989
v 0.083348 0.854896 -0.169359
v 0.070139 0.851524 -0.158822
v 0.012334 0.879222 -0.152477
v 0.029317 0.873122 -0.150592
v 0.037245 0.862438 -0.144064
v 0.053102 0.858176 -0.140190
v 0.053765 0.847189 -0.149100
v 0.038140 0.849332 -0.155335
v 0.082294 0.854088 -0.030908
v 0.081755 0.843605 -0.023979
v 0.088898 0.851602 -0.044003
v 0.087941 0.834445 -0.033182
v 0.092046 0.821183 -0.044559
v 0.093653 0.809192 -0.058440
v 0.087977 0.791647 -0.042297
v 0.087557 0.792764 -0.016663
v 0.087920 0.806415 0.002350
v 0.078583 0.811633 0.021156
v 0.073708 0.813893 0.025588
v 0.074346 0.826081 0.038104
v 0.090227 0.814217 -0.131414
v 0.094313 0.807720 -0.111725
v 0.094340 0.803848 -0.093429
v 0.094122 0.804069 -0.075656
v 0.083233 0.844904 -0.169919
v 0.089010 0.797090 -0.057568
v 0.090417 0.793007 -0.074855
v 0.085252 0.822759 -0.149036
v 0.095020 0.853364 -0.164757
v 0.093797 0.828117 -0.144260
v 0.095152 0.858231 -0.156251
v 0.095747 0.828873 -0.056052
v 0.095246 0.859879 -0.138638
v 0.095536 0.821337 -0.127751
v 0.096186 0.815319 -0.110027
v 0.094302 0.858767 -0.072853
v 0.095820 0.860692 -0.116206
v 0.096965 0.817745 -0.064486
v 0.092582 0.836108 -0.156153
v 0.095607 0.811665 -0.092873
v 0.095728 0.860691 -0.092841
v 0.093978 0.847182 -0.058977
v 0.096096 0.812536 -0.076984
v 0.094948 0.839958 -0.147670
v 0.096849 0.852645 -0.154069
v 0.093194 0.849413 -0.075908
v 0.094998 0.828855 -0.122743
v 0.092968 0.841881 -0.067843
v 0.094285 0.851626 -0.094125
v 0.092002 0.816975 -0.079742
v 0.093896 0.830283 -0.067318
v 0.095230 0.852541 -0.116860
v 0.094090 0.821947 -0.106026
v 0.093189 0.821409 -0.071334
v 0.095833 0.853192 -0.137708
v 0.092713 0.816982 -0.091519
v 0.095055 0.834407 -0.137843
v 0.094360 0.846429 -0.137237
v 0.092990 0.843935 -0.118291
v 0.083253 0.833376 -0.161774
v 0.093564 0.845437 -0.163842
v 0.095593 0.846466 -0.152573
v 0.093804 0.840425 -0.136178
v 0.092917 0.836246 -0.120100
v 0.090572 0.829227 -0.103885
v 0.090130 0.842735 -0.098573
v 0.087456 0.835382 -0.099752
v 0.083721 0.839997 -0.083089
v 0.082810 0.826179 -0.089400
v 0.081343 0.836006 -0.088229
v 0.084394 0.821573 -0.077729
v 0.086914 0.836690 -0.069958
v 0.087361 0.830114 -0.069109
v 0.085949 0.840851 -0.075096
v 0.084044 0.821905 -0.085035
v 0.086011 0.824732 -0.071656
v 0.081167 0.831399 -0.089826
v 0.077172 0.830974 -0.081615
v 0.082943 0.830367 -0.070605
v 0.078790 0.830693 -0.078398
v 0.081093 0.830569 -0.073886
v 0.065620 0.816380 0.047008
v 0.056397 0.834283 0.051640
v 0.067488 0.814970 0.044362
v 0.071688 0.816316 0.039226
v 0.067304 0.830488 0.046636
v 0.069607 0.814881 0.041613
v 0.070303 0.831174 0.043837
v 0.064448 0.819350 0.048976
v 0.073808 0.820502 0.037710
v 0.072832 0.829931 0.040588
v 0.064244 0.823478 0.049642
v 0.070425 0.824946 0.038002
v 0.065957 0.827807 0.043584
v 0.068745 0.818566 0.038805
v 0.066058 0.817661 0.042158
v 0.067395 0.817614 0.040369
v 0.064036 0.823207 0.045624
v 0.064611 0.826021 0.044965
v 0.070112 0.821304 0.037768
v 0.064176 0.820514 0.045212
v 0.067821 0.828256 0.041740
v 0.064916 0.818580 0.043913
v 0.069420 0.827453 0.039626
v 0.062701 0.823233 0.043774
v 0.063734 0.823161 0.042438
v 0.067848 0.821745 0.037114
v 0.065223 0.822931 0.040643
v 0.066680 0.822514 0.038700
v 0.065211 0.809214 0.043872
v 0.070498 0.808633 0.030560
v 0.060047 0.839377 0.046033
v 0.059263 0.824959 0.053079
v 0.068527 0.809038 0.038962
v 0.065524 0.840360 0.038497
v 0.059674 0.817534 0.052198
v 0.073788 0.814933 0.028089
v 0.070165 0.838175 0.032703
v 0.061859 0.811763 0.048627
v 0.073672 0.833114 0.028480
v 0.074888 0.827035 0.026575
v 0.075247 0.821468 0.026906
v 0.075810 0.824105 0.029713
v 0.029250 0.714435 0.181676
v 0.039055 0.730037 0.158386
v 0.040051 0.735299 0.143272
v 0.042479 0.737058 0.128078
v 0.045767 0.735696 0.114235
v 0.049680 0.732135 0.100634
v 0.052953 0.726257 0.087147
v 0.056650 0.716910 0.075804
v 0.060604 0.704882 0.066166
v 0.092178 0.744472 -0.076340
v 0.091539 0.721163 -0.063766
v 0.088573 0.704242 -0.048752
v 0.085359 0.692558 -0.029910
v 0.084082 0.685284 -0.008528
v 0.082563 0.681969 0.013945
v 0.076078 0.684032 0.036913
v 0.066518 0.692821 0.054727
v 0.091985 0.794339 -0.093042
v 0.027981 0.718895 0.164360
v 0.015728 0.711882 0.165765
v 0.004916 0.709350 0.165834
v 0.028241 0.730454 0.145346
v 0.030605 0.735907 0.126017
v 0.032644 0.734726 0.111196
v 0.034772 0.730417 0.097738
v 0.035631 0.724196 0.084602
v 0.036191 0.715455 0.074424
v 0.038391 0.702729 0.067355
v 0.014184 0.726735 0.146418
v 0.015712 0.733826 0.125010
v 0.016766 0.732974 0.108826
v 0.017299 0.728645 0.095247
v 0.018078 0.722059 0.083517
v 0.019057 0.712655 0.075835
v 0.020257 0.698805 0.072830
v 0.003683 0.724573 0.147534
v 0.004123 0.731523 0.125616
v 0.004656 0.731224 0.108587
v 0.004877 0.727626 0.095009
v 0.005395 0.721080 0.084018
v 0.005883 0.710649 0.077596
v 0.006177 0.696214 0.076172
v 0.038671 0.830267 -0.162970
v 0.054550 0.830919 -0.153135
v 0.030648 0.835667 -0.176575
v 0.013053 0.839219 -0.183547
v 0.071321 0.839117 -0.160696
v 0.040140 0.808739 -0.170056
v 0.053035 0.809804 -0.155836
v 0.025348 0.862104 -0.157656
v 0.012335 0.865414 -0.159673
v 0.073760 0.827905 -0.156885
v 0.076767 0.817744 -0.147944
v 0.068652 0.813631 -0.148461
v 0.051776 0.785292 -0.159932
v 0.041240 0.786682 -0.176327
v 0.052070 0.759501 -0.163405
v 0.041212 0.762093 -0.180824
v 0.066990 0.789519 -0.147834
v 0.084281 0.807409 -0.131553
v 0.082019 0.789381 -0.132091
v 0.067477 0.759401 -0.149827
v 0.091796 0.798954 -0.111662
v 0.090563 0.772487 -0.077805
v 0.091265 0.781220 -0.112726
v 0.091831 0.774763 -0.093700
v 0.091761 0.747095 -0.091386
v 0.090758 0.754485 -0.113407
v 0.081958 0.758860 -0.132906
v 0.088012 0.720775 -0.080463
v 0.033270 0.739494 -0.209767
v 0.040780 0.731841 -0.183702
v 0.050949 0.728105 -0.165319
v 0.065763 0.726351 -0.150789
v 0.077332 0.725520 -0.130930
v 0.084820 0.724144 -0.106826
v 0.083066 0.698150 -0.062252
v 0.077214 0.692170 -0.089451
v 0.070920 0.686925 -0.122883
v 0.032359 0.694233 -0.211021
v 0.039728 0.687811 -0.183559
v 0.050269 0.685009 -0.164550
v 0.064125 0.684635 -0.148723
v 0.170981 0.349596 0.000929
v 0.152041 0.342513 -0.054610
v 0.127733 0.390704 -0.045270
v 0.149231 0.404010 0.023591
v 0.112745 0.447381 -0.038489
v 0.125069 0.466623 0.025060
v 0.102823 0.524421 0.009768
v 0.101105 0.503052 -0.042865
v 0.088622 0.553755 -0.058729
v 0.087861 0.574416 -0.009978
v 0.078435 0.618603 -0.035815
v 0.077363 0.599304 -0.083402
v 0.070696 0.643462 -0.107229
v 0.074382 0.658410 -0.064800
v 0.079751 0.677215 -0.038501
v 0.077134 0.665142 -0.011089
v 0.072885 0.660901 0.018327
v 0.078084 0.636027 0.005816
v 0.086833 0.599449 0.031201
v 0.104704 0.547624 0.053045
v 0.127049 0.489645 0.078009
v 0.152424 0.427922 0.090410
v 0.163986 0.383267 0.108308
v 0.180908 0.352743 0.061636
v 0.163729 0.354086 0.121041
v 0.061411 0.662349 0.045744
v 0.046232 0.681482 0.061241
v 0.088537 0.388255 0.190856
v 0.121936 0.448448 0.128136
v 0.039886 0.586528 0.105203
v 0.042711 0.533667 0.140984
v 0.073511 0.608511 0.055948
v 0.057525 0.633149 0.060256
v 0.049828 0.479231 0.177796
v 0.128763 0.407880 0.145736
v 0.055927 0.437789 0.202662
v 0.088370 0.560942 0.075342
v 0.115538 0.388259 0.166294
v 0.065328 0.408657 0.206328
v 0.104177 0.504462 0.104548
v 0.044786 0.624649 0.078621
v 0.060163 0.608476 0.068170
v 0.085105 0.411935 0.176132
v 0.085454 0.430662 0.165675
v 0.063364 0.569815 0.087992
v 0.071661 0.515506 0.119148
v 0.081782 0.464039 0.147492
v 0.028970 0.635179 0.087090
v 0.024921 0.594757 0.117630
v 0.027143 0.542099 0.157395
v 0.032723 0.484054 0.200289
v 0.037939 0.435629 0.229560
v 0.009760 0.633248 0.093675
v 0.008537 0.594274 0.122629
v 0.009206 0.541644 0.164470
v 0.011322 0.483915 0.208639
v 0.013259 0.432015 0.237838
v 0.008622 0.667559 0.080473
v 0.026921 0.670570 0.073935
v 0.045211 0.397703 0.223383
v 0.015092 0.386341 0.233722
v 0.098557 0.362020 0.196287
v 0.131814 0.358315 0.165722
v 0.024993 0.351217 0.223282
v 0.061404 0.364650 0.210584
v 0.040759 0.326032 0.209628
v 0.074594 0.334865 0.196020
v 0.005610 0.331691 0.230582
v 0.012562 0.311274 0.216455
v 0.041686 0.297595 0.197435
v 0.183274 0.310394 -0.002457
v 0.170753 0.301103 -0.046812
v 0.182883 0.321491 0.050484
v 0.179678 0.293959 0.042799
v 0.162517 0.324425 0.114818
v 0.154860 0.295254 0.106628
v 0.130070 0.330005 0.160466
v 0.103576 0.336808 0.187026
v 0.084275 0.308933 0.185362
v 0.112753 0.297946 0.156106
v 0.123052 0.342988 -0.100681
v 0.107154 0.385178 -0.093947
v 0.098422 0.435560 -0.084585
v 0.093164 0.488160 -0.084627
v 0.084304 0.538472 -0.098739
v 0.072827 0.584470 -0.121185
v 0.065890 0.633564 -0.139639
v 0.049640 0.630151 -0.157320
v 0.050771 0.577096 -0.141747
v 0.055514 0.529534 -0.122370
v 0.060447 0.482159 -0.108591
v 0.064164 0.432744 -0.107973
v 0.068944 0.383389 -0.120054
v 0.075871 0.342523 -0.135113
v 0.139229 0.301588 -0.099854
v 0.083409 0.302058 -0.143976
v 0.037497 0.629257 -0.176334
v 0.030386 0.630234 -0.201282
v 0.035193 0.573335 -0.161405
v 0.028631 0.571316 -0.184557
v 0.035733 0.523965 -0.143571
v 0.028569 0.520309 -0.166622
v 0.039629 0.478788 -0.130936
v 0.030592 0.476276 -0.153985
v 0.042458 0.432872 -0.130869
v 0.032480 0.434290 -0.153388
v 0.044505 0.385203 -0.142976
v 0.034271 0.391189 -0.162931
v 0.046189 0.345483 -0.162202
v 0.035580 0.354577 -0.184137
v 0.045282 0.308294 -0.180348
v 0.034259 0.320171 -0.216037
v 0.014065 0.327789 -0.235754
v 0.014526 0.361050 -0.195582
v 0.013902 0.395036 -0.173851
v 0.013199 0.435544 -0.165574
v 0.012725 0.475523 -0.167082
v 0.012715 0.519397 -0.181018
v 0.012821 0.570842 -0.199991
v 0.013042 0.631667 -0.218585
v 0.013744 0.698930 -0.228925
v 0.014307 0.744966 -0.225027
v 0.022247 0.287236 -0.190783
v 0.016537 0.302443 -0.235867
v 0.039143 0.000888 -0.196787
v 0.111471 0.000888 -0.166828
v 0.166828 0.000888 -0.111471
v 0.196787 0.000888 -0.039143
v 0.196787 0.000888 0.039143
v 0.166828 0.000888 0.111471
v 0.111471 0.000888 0.166828
v 0.039143 0.000888 0.196787
v 0.048469 0.052592 -0.243669
v 0.138028 0.052592 -0.206573
v 0.206573 0.052592 -0.138028
v 0.243669 0.052592 -0.048469
v 0.243669 0.052592 0.048469
v 0.206573 0.052592 0.138027
v 0.138028 0.052592 0.206573
v 0.048469 0.052592 0.243669
v 0.087932 0.003553 0.212285
v 0.000000 0.047392 0.260760
v 0.162476 0.003553 -0.162476
v 0.236326 0.047392 -0.097890
v 0.255798 0.047392 -0.000000
v 0.236326 0.047392 0.097890
v -0.000000 0.047392 -0.260760
v 0.180876 0.047392 0.180876
v 0.097890 0.047392 -0.236326
v 0.039979 0.063961 -0.200990
v 0.113852 0.063961 -0.170391
v 0.170391 0.063961 -0.113852
v 0.200990 0.063961 -0.039979
v 0.200990 0.063961 0.039979
v 0.170391 0.063961 0.113852
v 0.113852 0.063961 0.170391
v 0.039979 0.063961 0.200990
v 0.086703 0.058671 0.209319
v 0.000000 0.058671 0.230961
v 0.160206 0.058671 -0.160206
v 0.209319 0.058671 -0.086703
v 0.226565 0.058671 -0.000000
v 0.209319 0.058671 0.086703
v -0.000000 0.058671 -0.230961
v 0.160206 0.058671 0.160206
v 0.086703 0.058671 -0.209319
v 0.048784 0.102738 -0.245251
v 0.138924 0.102738 -0.207914
v 0.207914 0.102738 -0.138924
v 0.245251 0.102738 -0.048784
v 0.245251 0.102738 0.048783
v 0.207914 0.102738 0.138924
v 0.138924 0.102738 0.207914
v 0.048784 0.102738 0.245251
v 0.076014 0.066795 -0.183513
v 0.162574 0.084158 -0.162574
v 0.076014 0.066795 0.183514
v 0.000000 0.084158 0.234374
v 0.212413 0.084158 -0.087984
v 0.229914 0.084158 -0.000000
v 0.212413 0.084158 0.087984
v -0.000000 0.084158 -0.234374
v 0.162574 0.084158 0.162574
v 0.040479 0.195454 -0.203511
v 0.115276 0.195454 -0.172523
v 0.172522 0.195454 -0.115276
v 0.203504 0.195454 -0.040480
v 0.203504 0.195454 0.040479
v 0.172523 0.195454 0.115276
v 0.115276 0.195454 0.172523
v 0.040480 0.195454 0.203504
v 0.177280 0.126964 0.177279
v 0.084994 0.175158 0.205194
v 0.095943 0.126964 -0.231627
v 0.157049 0.175158 -0.157049
v 0.000000 0.175158 0.226409
v 0.205194 0.175158 -0.084994
v 0.222101 0.175158 -0.000000
v 0.205194 0.175158 0.084994
v -0.000000 0.175158 -0.226409
v 0.039742 0.228663 -0.199905
v 0.113175 0.228663 -0.169378
v 0.169378 0.228663 -0.113175
v 0.199795 0.228663 -0.039742
v 0.199795 0.228663 0.039742
v 0.169378 0.228663 0.113175
v 0.113175 0.228663 0.169378
v 0.039742 0.228663 0.199796
v 0.143312 0.214047 0.143312
v 0.077560 0.214047 0.187246
v 0.077560 0.214047 -0.187253
v 0.143312 0.214047 -0.143312
v 0.000000 0.214047 0.206605
v 0.187246 0.214047 -0.077560
v 0.202673 0.214047 -0.000000
v 0.187246 0.214047 0.077560
v -0.000000 0.214047 -0.206663
v 0.040895 0.241373 -0.206072
v 0.116459 0.241373 -0.174294
v 0.174294 0.241373 -0.116459
v 0.205594 0.241373 -0.040895
v 0.205594 0.241373 0.040895
v 0.174294 0.241373 0.116459
v 0.116459 0.241373 0.174294
v 0.040895 0.241373 0.205594
v 0.146352 0.237025 0.146351
v 0.079205 0.237025 0.191217
v 0.079205 0.237025 -0.191291
v 0.146351 0.237025 -0.146352
v 0.000000 0.237025 0.210987
v 0.191217 0.237025 -0.079205
v 0.206972 0.237025 -0.000000
v 0.191217 0.237025 0.079205
v -0.000000 0.237025 -0.211573
v 0.034656 0.262078 -0.174589
v 0.098692 0.262078 -0.147702
v 0.147702 0.262078 -0.098692
v 0.174227 0.262078 -0.034656
v 0.174227 0.262078 0.034656
v 0.147702 0.262078 0.098692
v 0.098692 0.262078 0.147702
v 0.034656 0.262159 0.173943
v -0.000000 0.243945 -0.214319
v 0.073261 0.254611 -0.176990
v 0.147876 0.243945 0.147876
v 0.073261 0.254624 0.176820
v 0.135368 0.254611 -0.135368
v 0.000000 0.254719 0.194776
v 0.176867 0.254611 -0.073261
v 0.191440 0.254611 -0.000000
v 0.176867 0.254611 0.073261
v 0.087984 0.084158 -0.212413
v 0.140455 0.066795 -0.140455
v 0.087984 0.084158 0.212413
v 0.000000 0.066795 0.202487
v 0.183513 0.066795 -0.076014
v 0.198634 0.066795 -0.000000
v 0.183514 0.066795 0.076014
v -0.000000 0.066795 -0.202487
v 0.140455 0.066795 0.140455
v 0.115039 0.071938 -0.172168
v 0.040396 0.071938 0.203086
v 0.172168 0.071938 -0.115039
v 0.203086 0.071938 -0.040396
v 0.203086 0.071938 0.040396
v 0.172168 0.071938 0.115039
v 0.040396 0.071938 -0.203086
v 0.115039 0.071938 0.172168
v 0.229776 0.003553 -0.000000
v 0.169285 0.247454 0.113112
v 0.199685 0.247454 0.039720
v 0.212648 0.040621 0.142087
v 0.049894 0.040621 -0.250836
v 0.255798 0.029826 -0.000000
v -0.000000 0.029826 -0.260760
v 0.113112 0.247454 -0.169285
v 0.039720 0.247454 -0.200252
v 0.113112 0.247454 0.169285
v 0.193210 0.243945 -0.080030
v 0.000000 0.243945 0.213186
v 0.000000 0.029826 0.260760
v 0.180876 0.029826 0.180876
v 0.097890 0.029826 -0.236326
v 0.080030 0.243945 -0.193351
v -0.000000 0.254611 -0.196136
v 0.097890 0.012063 -0.236326
v 0.180876 0.012063 0.180876
v 0.000000 0.012063 0.260760
v 0.138473 0.007456 0.207240
v 0.138473 0.007456 -0.207240
v 0.142087 0.040621 -0.212648
v 0.142087 0.040621 0.212648
v 0.097890 0.029826 0.236326
v 0.180876 0.029826 -0.180876
v 0.154719 0.266517 -0.064087
v 0.000000 0.266625 0.170338
v 0.236326 0.029826 0.097890
v 0.236326 0.029826 -0.097890
v 0.039720 0.247467 0.199638
v 0.169285 0.247454 -0.113112
v 0.207240 0.007456 0.138473
v 0.048625 0.007456 -0.244456
v 0.199685 0.247454 -0.039720
v 0.193210 0.243945 0.080030
v 0.209129 0.243945 -0.000000
v 0.236326 0.012063 -0.097890
v 0.236326 0.012063 0.097890
v 0.080030 0.243945 0.193210
v 0.135369 0.254611 0.135368
v 0.147876 0.243945 -0.147876
v 0.244456 0.007456 -0.048625
v 0.244456 0.007456 0.048625
v 0.167467 0.266517 -0.000000
v 0.250836 0.018982 -0.049894
v 0.142087 0.018982 0.212648
v -0.000000 0.003553 -0.234234
v 0.212285 0.003553 0.087931
v 0.212285 0.003553 -0.087932
v 0.000000 0.003553 0.234234
v 0.097890 0.047392 0.236326
v 0.180876 0.047392 -0.180876
v 0.212648 0.040621 -0.142087
v 0.049894 0.040621 0.250836
v 0.162476 0.003553 0.162476
v 0.087932 0.003553 -0.212285
v 0.064087 0.266517 -0.154771
v 0.118417 0.266517 0.118417
v 0.154719 0.266517 0.064087
v -0.000000 0.266517 -0.171130
v 0.212648 0.018982 0.142087
v 0.250836 0.018982 0.049894
v 0.049894 0.018982 0.250836
v 0.250836 0.040621 0.049894
v 0.250836 0.040621 -0.049894
v 0.064087 0.266530 0.154672
v 0.118417 0.266517 -0.118417
v 0.212648 0.018982 -0.142087
v 0.142087 0.018982 -0.212648
v 0.255798 0.012063 -0.000000
v -0.000000 0.012063 -0.260760
v 0.180876 0.012063 -0.180876
v 0.097890 0.012063 0.236326
v 0.207240 0.007456 -0.138473
v 0.048625 0.007456 0.244456
v 0.049894 0.018982 -0.250836
v 0.090744 0.270082 0.136789
v 0.136128 0.269955 0.091019
v 0.031797 0.270444 0.161732
v 0.160595 0.269956 0.031714
v 0.160378 0.269983 -0.031982
v 0.089368 0.269914 -0.135722
v 0.030664 0.269996 -0.159988
v 0.135667 0.269798 -0.090737
v 0.157049 0.175158 0.157049
v 0.095943 0.126964 0.231627
v 0.084994 0.175158 -0.205194
v 0.177279 0.126964 -0.177279
v 0.000000 0.126964 0.255575
v 0.231627 0.126964 -0.095943
v 0.250711 0.126964 -0.000000
v 0.231627 0.126964 0.095943
v -0.000000 0.126964 -0.255575
v 0.132738 0.152536 0.198656
v 0.132738 0.152536 -0.198656
v 0.046611 0.152536 0.234331
v 0.198656 0.152536 -0.132738
v 0.234331 0.152536 -0.046611
v 0.234331 0.152536 0.046611
v 0.198657 0.152536 0.132738
v 0.046611 0.152536 -0.234331
v 0.100607 0.283427 0.152314
v 0.148696 0.282118 0.100452
v 0.035513 0.285077 0.185122
v 0.174755 0.281801 0.035374
v 0.171443 0.283720 -0.037716
v 0.086389 0.283614 -0.143944
v 0.024988 0.280318 -0.174127
v 0.142486 0.282916 -0.097347
v 0.155315 0.274301 -0.064596
v 0.169084 0.274552 -0.000507
v -0.000000 0.273799 -0.169121
v 0.000000 0.277395 0.178917
v 0.056879 0.274894 -0.154678
v 0.116515 0.273584 -0.118385
v 0.119329 0.274645 0.121457
v 0.063916 0.275434 0.160155
v 0.156856 0.274324 0.064018
v 0.024936 0.000000 -0.125362
v 0.071012 0.000000 -0.106276
v 0.106276 0.000000 -0.071012
v 0.125362 0.000000 -0.024936
v 0.125362 0.000000 0.024936
v 0.106277 0.000000 0.071012
v 0.071012 0.000000 0.106276
v 0.024936 0.000000 0.125362
v 0.063309 0.000000 0.152842
v 0.000000 0.000000 0.168644
v 0.116980 0.000000 -0.116980
v 0.152842 0.000000 -0.063309
v 0.165434 0.000000 -0.000000
v 0.152842 0.000000 0.063309
v -0.000000 0.000000 -0.168644
v 0.116980 0.000000 0.116980
v 0.063309 0.000000 -0.152842
v 0.011792 0.000000 -0.061671
v 0.033545 0.000000 -0.051367
v 0.051367 0.000000 -0.033545
v 0.062087 0.000000 -0.009962
v 0.062087 0.000000 0.009962
v 0.051367 0.000000 0.033545
v 0.033545 0.000000 0.051367
v 0.011792 0.000000 0.061671
v 0.064844 0.000000 -0.064844
v 0.084722 0.000000 -0.035093
v 0.000000 0.000000 0.093482
v 0.091703 0.000000 -0.000000
v 0.084722 0.000000 0.035093
v -0.000000 0.000000 -0.093482
v 0.064844 0.000000 0.064844
v 0.035093 0.000000 -0.084722
v 0.035093 0.000000 0.084722
v 0.041344 0.000000 0.010666
v 0.041344 0.000000 -0.010666
v 0.012496 0.000000 0.040928
v 0.025485 0.000000 0.010248
v 0.011092 0.000000 0.009154
v 0.011939 0.000000 0.025237
v 0.025485 0.000000 -0.010248
v 0.011939 0.000000 -0.025237
v 0.029303 0.000000 0.029303
v 0.012496 0.000000 -0.040928
v 0.011092 0.000000 -0.009154
v 0.029303 0.000000 -0.029303
v -0.000000 0.000000 -0.043037
v -0.000000 0.000000 -0.014346
v 0.000000 0.000000 0.014346
v 0.000000 0.000000 0.043037
v 0.022212 0.829146 0.218521
v 0.026372 0.843469 0.206143
v 0.033609 0.844703 0.198455
v 0.022334 0.837925 0.213357
v 0.025379 0.820807 0.218936
v 0.032267 0.816703 0.214027
v 0.039854 0.817958 0.205800
v 0.044460 0.824101 0.197571
v 0.044690 0.832970 0.192636
v 0.020898 0.845170 0.211423
v 0.040555 0.840945 0.192922
v 0.018218 0.835535 0.220640
v 0.020490 0.824273 0.225075
v 0.027915 0.815222 0.222546
v 0.039100 0.813318 0.212563
v 0.046895 0.818298 0.202059
v 0.049458 0.827924 0.193114
v 0.046672 0.839164 0.190018
v 0.039126 0.848079 0.193126
v 0.029349 0.849509 0.202362
v 0.022816 0.848817 0.206816
v 0.017232 0.841161 0.216730
v 0.017131 0.829864 0.224399
v 0.021873 0.818605 0.226019
v 0.033702 0.811599 0.218318
v 0.044459 0.813339 0.206667
v 0.049954 0.821605 0.195639
v 0.049570 0.833361 0.188524
v 0.043839 0.844739 0.188598
v 0.033449 0.850672 0.196360
v 0.013410 0.835801 0.221977
v 0.004680 0.835593 0.222935
v 0.000000 0.827758 0.226915
v 0.000000 0.814603 0.231858
v 0.009404 0.829342 0.226048
v 0.011981 0.816638 0.229893
v 0.015111 0.823563 0.227251
v 0.005175 0.821654 0.229259
v 0.019956 0.811999 0.227834
v 0.006829 0.809904 0.231757
v 0.000000 0.841473 0.218793
v 0.000000 0.850966 0.207040
v 0.009392 0.841597 0.217949
v 0.015303 0.846255 0.211981
v 0.005155 0.846686 0.212968
v 0.012133 0.850745 0.206376
v 0.023153 0.851978 0.200651
v 0.006710 0.854649 0.198996
v 0.038949 0.850240 0.187699
v 0.048612 0.838932 0.181238
v 0.052148 0.826309 0.186327
v 0.021679 0.825913 0.207917
v 0.024143 0.834482 0.201452
v 0.028298 0.834904 0.194831
v 0.022168 0.831828 0.205520
v 0.024292 0.820693 0.208627
v 0.028316 0.818748 0.207001
v 0.034104 0.819652 0.201548
v 0.036625 0.823014 0.196599
v 0.035070 0.828384 0.191927
v 0.031413 0.832977 0.191599
v 0.033763 0.838951 0.193872
v 0.038527 0.834164 0.191437
v 0.034021 0.817669 0.207645
v 0.027255 0.818777 0.212752
v 0.022862 0.823939 0.214298
v 0.021820 0.831440 0.212321
v 0.039270 0.820744 0.200316
v 0.023479 0.837444 0.206925
v 0.028075 0.840036 0.200393
v 0.041383 0.827483 0.193925
v 0.028674 0.820237 0.201158
v 0.024878 0.830798 0.196755
v 0.025142 0.824548 0.196797
v 0.022450 0.827611 0.201416
v 0.023681 0.822179 0.202849
v 0.031174 0.823747 0.195278
v 0.028297 0.828449 0.192860
v 0.045050 0.846107 0.175332
v 0.051873 0.831682 0.175459
v 0.050039 0.812534 0.197738
v 0.054158 0.815418 0.186175
v 0.046058 0.804279 0.201845
v 0.040283 0.807943 0.211610
v 0.033932 0.802921 0.216210
v 0.027511 0.807428 0.223192
v 0.020457 0.801001 0.225494
v 0.013800 0.804915 0.229984
v 0.000000 0.803160 0.231485
v 0.006642 0.798318 0.228776
v 0.054967 0.818220 0.175893
v 0.054389 0.805104 0.184572
v 0.056832 0.808769 0.176039
v 0.056069 0.810488 0.166877
v 0.056045 0.800749 0.172883
v 0.057276 0.801792 0.165296
v 0.044138 0.771168 0.165325
v 0.039697 0.785080 0.179093
v 0.041672 0.774156 0.168143
v 0.043458 0.777827 0.162293
v 0.043958 0.764868 0.169818
v 0.056396 0.790097 0.158196
v 0.056084 0.785466 0.151039
v 0.053921 0.781424 0.160179
v 0.055673 0.777094 0.155706
v 0.055832 0.771628 0.149582
v 0.053103 0.770304 0.161032
v 0.055094 0.765171 0.155357
v 0.051433 0.758665 0.167635
v 0.053794 0.757341 0.158269
v 0.055908 0.760981 0.146091
v 0.054155 0.753254 0.147800
v 0.051187 0.749731 0.170061
v 0.051930 0.747871 0.159728
v 0.047466 0.750475 0.179455
v 0.048399 0.740658 0.174559
v 0.045642 0.742474 0.185264
v 0.040625 0.744666 0.193428
v 0.042333 0.734478 0.189962
v 0.037960 0.737773 0.199051
v 0.039218 0.791862 0.180976
v 0.037360 0.774319 0.181325
v 0.019443 0.739689 0.214635
v 0.006375 0.737294 0.217496
v 0.000000 0.786791 0.215635
v 0.017315 0.790763 0.215466
v 0.019911 0.791436 0.214432
v 0.032559 0.794415 0.200187
v 0.041641 0.795016 0.182999
v 0.042366 0.794875 0.180244
v 0.044701 0.790765 0.168307
v 0.056230 0.799001 0.156392
v 0.044788 0.781165 0.162896
v 0.044941 0.775475 0.162598
v 0.045545 0.767120 0.166380
v 0.041535 0.757538 0.178519
v 0.040195 0.756520 0.180988
v 0.000954 0.784328 0.215089
v 0.018181 0.787982 0.211803
v 0.032052 0.791026 0.201014
v 0.033849 0.791311 0.198059
v 0.041858 0.778478 0.163845
v 0.000000 0.762596 0.211624
v 0.018399 0.771256 0.208099
v 0.028613 0.772844 0.196127
v 0.000000 0.772718 0.211730
v 0.016443 0.772973 0.209620
v 0.000923 0.769111 0.212856
v 0.016803 0.769010 0.207414
v 0.029266 0.770354 0.198065
v 0.031130 0.770658 0.195607
v 0.000000 0.751607 0.211827
v 0.015313 0.762601 0.209024
v 0.000866 0.755547 0.212192
v 0.015394 0.752287 0.209198
v 0.016223 0.755730 0.206460
v 0.028861 0.756115 0.196907
v 0.038651 0.765854 0.181170
v 0.017484 0.762588 0.207808
v 0.028406 0.763530 0.195608
v 0.017641 0.752253 0.207934
v 0.039682 0.766457 0.178511
v 0.030788 0.756420 0.194460
v 0.031601 0.741506 0.206144
v 0.028904 0.752840 0.195350
v 0.037313 0.772361 0.179975
v 0.038788 0.759615 0.179759
v 0.043316 0.785409 0.166288
v 0.055045 0.792469 0.163989
v 0.042723 0.790817 0.170997
v 0.000000 0.779039 0.213127
v 0.016426 0.781176 0.212063
v 0.018795 0.781587 0.211004
v 0.030346 0.784007 0.197827
v 0.038989 0.784987 0.181916
v 0.000940 0.774312 0.213370
v 0.017219 0.775091 0.208502
v 0.029947 0.776979 0.198847
v 0.031774 0.777280 0.196272
v 0.037472 0.778533 0.180199
v 0.041503 0.779858 0.168289
v 0.032520 0.730135 0.201639
v 0.019462 0.726918 0.208630
v 0.006268 0.724665 0.211064
v 0.012884 0.732368 0.214695
v 0.000000 0.729790 0.215849
v 0.026429 0.734786 0.209711
v 0.000000 0.717047 0.205288
v 0.000000 0.704713 0.184739
v 0.012561 0.718498 0.204203
v 0.025230 0.721477 0.200486
v 0.036548 0.725795 0.191775
v 0.043766 0.732229 0.179093
v 0.006255 0.710903 0.196410
v 0.018404 0.713177 0.195038
v 0.029820 0.717623 0.190083
v 0.038863 0.724920 0.180390
v 0.042400 0.730600 0.169922
v 0.047499 0.739060 0.163270
v 0.043780 0.736039 0.155504
v 0.049310 0.744339 0.150263
v 0.050844 0.747040 0.137933
v 0.044854 0.739579 0.142582
v 0.059780 0.749063 0.099061
v 0.000000 0.792406 0.224080
v 0.012989 0.794998 0.223777
v 0.026397 0.797897 0.217971
v 0.038041 0.799428 0.206325
v 0.047427 0.800386 0.191177
v 0.051289 0.799216 0.178310
v 0.051755 0.793978 0.168550
v 0.050645 0.784464 0.162630
v 0.050288 0.775332 0.161911
v 0.049620 0.765765 0.165518
v 0.047667 0.757061 0.174112
v 0.041601 0.750894 0.186411
v 0.000000 0.742380 0.216490
v 0.012249 0.744610 0.215251
v 0.024269 0.745734 0.209555
v 0.034206 0.747235 0.198972
v 0.046898 0.778801 0.161964
v 0.006286 0.790171 0.219738
v 0.019028 0.793129 0.217583
v 0.030681 0.795598 0.209203
v 0.039643 0.796815 0.196196
v 0.005797 0.748880 0.213728
v 0.017206 0.749639 0.210340
v 0.045015 0.796949 0.182651
v 0.027441 0.750084 0.202418
v 0.035617 0.751862 0.191621
v 0.042430 0.755687 0.179880
v 0.047224 0.787319 0.165105
v 0.047081 0.794773 0.172186
v 0.047111 0.771169 0.163655
v 0.046513 0.762317 0.169693
v 0.045237 0.838598 0.191632
v 0.044719 0.819706 0.201981
v 0.037771 0.815385 0.211407
v 0.047451 0.828479 0.194125
v 0.064286 0.777283 0.052712
v 0.057678 0.783782 0.067989
v 0.052917 0.790372 0.081794
v 0.045952 0.785482 0.111007
v 0.053629 0.783598 0.081392
v 0.047588 0.783644 0.126499
v 0.059753 0.775272 0.068374
v 0.060722 0.739639 0.092909
v 0.059261 0.729267 0.087456
v 0.067692 0.733294 0.078154
v 0.054222 0.735073 0.100835
v 0.034278 0.719144 0.178325
v 0.023766 0.710704 0.183696
v 0.017405 0.706053 0.174129
v 0.012229 0.706187 0.184969
v 0.050087 0.786794 0.137279
v 0.052127 0.746165 0.121968
v 0.019803 0.840314 0.215800
v 0.030044 0.847213 0.202882
v 0.038731 0.846031 0.194667
v 0.025190 0.847181 0.206920
v 0.046792 0.791301 0.130110
v 0.053296 0.792245 0.147136
v 0.053988 0.791554 0.076103
v 0.052863 0.781102 0.141797
v 0.042849 0.815793 0.206987
v 0.024127 0.819576 0.223650
v 0.019706 0.829818 0.222669
v 0.033303 0.814157 0.217280
v 0.071018 0.751163 0.067508
v 0.066104 0.745419 0.083973
v 0.067621 0.762985 0.061753
v 0.028452 0.817000 0.219877
v 0.020745 0.834884 0.218745
v 0.022904 0.843359 0.210902
v 0.022549 0.824651 0.222346
v 0.034368 0.848746 0.197820
v 0.048009 0.833580 0.191334
v 0.047977 0.823109 0.197311
v 0.042981 0.843744 0.191412
v 0.045984 0.788222 0.119583
v 0.051039 0.789273 0.089046
v 0.056330 0.783224 0.073805
v 0.062227 0.774871 0.060741
v 0.072243 0.755576 0.056963
v 0.073986 0.739913 0.064629
v 0.074478 0.723957 0.064364
v 0.065626 0.719958 0.075388
v 0.074450 0.746345 0.051210
v 0.078578 0.727728 0.051687
v 0.070609 0.708417 0.065493
v 0.086434 0.708160 0.032523
v 0.083235 0.689946 0.038228
v 0.078565 0.712333 0.056790
v 0.089375 0.696753 0.027472
v 0.067479 0.767059 0.052965
v 0.069137 0.770619 0.043369
v 0.070761 0.759847 0.046034
v 0.051461 0.770165 0.138479
v 0.052366 0.765571 0.137468
v 0.054126 0.753922 0.130664
v 0.056363 0.758519 0.098685
v 0.046911 0.775982 0.109855
v 0.053780 0.775064 0.083669
v 0.047129 0.775475 0.123952
v 0.058092 0.770731 0.074265
v 0.049584 0.773815 0.134961
v 0.062289 0.759619 0.075906
v 0.060105 0.757834 0.086262
v 0.061279 0.764817 0.072219
v 0.055866 0.777363 0.076164
v 0.061656 0.768815 0.068053
v 0.054305 0.759848 0.136740
v 0.066135 0.759060 0.069333
v 0.066008 0.751967 0.078196
v 0.048879 0.778807 0.132007
v 0.052847 0.774920 0.141860
v 0.046034 0.780948 0.117128
v 0.050851 0.781618 0.089087
v 0.054418 0.766770 0.143192
v 0.061494 0.752475 0.092263
v 0.053236 0.757095 0.120393
v 0.049772 0.769152 0.131281
v 0.058058 0.766205 0.080145
v 0.054546 0.767015 0.091328
v 0.048292 0.768398 0.117379
v 0.051183 0.762257 0.126775
v 0.046925 0.740312 0.128861
v 0.039890 0.775927 0.168071
v 0.041069 0.777410 0.164043
v 0.037296 0.775524 0.178430
v 0.000000 0.772069 0.211712
v 0.017020 0.772118 0.208738
v 0.019022 0.772220 0.207631
v 0.029190 0.773846 0.196249
v 0.036662 0.775245 0.181243
v 0.001042 0.771530 0.211927
v 0.016750 0.771458 0.207479
v 0.029107 0.772954 0.197651
v 0.030781 0.773251 0.195251
v 0.036483 0.774672 0.179930
v 0.001045 0.772569 0.212041
v 0.016853 0.772807 0.207771
v 0.029286 0.774429 0.197835
v 0.030951 0.774724 0.195399
v 0.036587 0.776068 0.179993
v 0.039923 0.777667 0.168068
v 0.038044 0.774601 0.178453
v 0.018559 0.773107 0.208499
v 0.028863 0.774838 0.196352
v 0.041884 0.776441 0.163909
v 0.037506 0.776219 0.181408
v 0.016314 0.771182 0.209239
v 0.000000 0.771335 0.211590
v 0.038185 0.776506 0.178536
v 0.072506 0.767870 0.030469
v 0.079193 0.772460 0.008317
v 0.085904 0.773881 -0.013722
v 0.091418 0.768695 -0.033262
v 0.098397 0.742455 -0.049341
v 0.098352 0.728161 -0.044042
v 0.095485 0.709930 -0.016988
v 0.093592 0.705631 0.000440
v 0.090401 0.704817 0.017573
v 0.071966 0.776294 0.034417
v 0.079561 0.781303 0.011623
v 0.087344 0.787207 -0.015137
v 0.089151 0.786188 -0.043067
v 0.091621 0.770781 -0.069667
v 0.094337 0.745308 -0.071134
v 0.094889 0.723598 -0.059757
v 0.095805 0.757821 -0.045875
v 0.076464 0.773936 0.021411
v 0.084074 0.779718 -0.002600
v 0.089189 0.779998 -0.026063
v 0.092341 0.773121 -0.050203
v 0.095811 0.754599 -0.061278
v 0.097581 0.734434 -0.057423
v 0.096741 0.718730 -0.046107
v 0.088689 0.687551 0.016440
v 0.089901 0.690330 -0.005753
v 0.092342 0.696384 0.007761
v 0.093660 0.700080 -0.012304
v 0.096751 0.717539 -0.032387
v 0.090557 0.697064 -0.026892
v 0.094648 0.707554 -0.030948
v 0.092832 0.707850 -0.045130
v 0.069360 0.741129 0.031054
v 0.072773 0.730249 0.029010
v 0.078448 0.719095 0.021241
v 0.067631 0.751893 0.028463
v 0.069200 0.758662 0.018750
v 0.073105 0.761732 0.002853
v 0.078948 0.760602 -0.013245
v 0.086201 0.755787 -0.025808
v 0.093608 0.741376 -0.034592
v 0.093801 0.732040 -0.031074
v 0.091756 0.719699 -0.011911
v 0.087431 0.717257 0.001051
v 0.082076 0.717239 0.012724
v 0.091907 0.748738 -0.033321
v 0.093363 0.724840 -0.023437
v 0.096280 0.725574 -0.032913
v 0.097051 0.735224 -0.039771
v 0.073522 0.765817 0.015686
v 0.069415 0.760681 0.032562
v 0.092194 0.757780 -0.034495
v 0.095874 0.747393 -0.040312
v 0.070421 0.750695 0.039304
v 0.093193 0.713274 -0.006420
v 0.095082 0.718019 -0.020989
v 0.079320 0.767831 -0.004099
v 0.088781 0.711515 0.008720
v 0.074151 0.736678 0.041212
v 0.085978 0.764835 -0.022193
v 0.084736 0.712654 0.021392
v 0.078039 0.725286 0.037903
v 0.073525 0.726678 0.019769
v 0.068408 0.742487 0.017212
v 0.069300 0.747089 0.010119
v 0.072313 0.749304 -0.000503
v 0.077160 0.748218 -0.011097
v 0.083064 0.744005 -0.019081
v 0.084918 0.729004 -0.009279
v 0.080516 0.727744 0.000080
v 0.090013 0.738590 -0.027470
v 0.087505 0.731695 -0.017285
v 0.086820 0.722257 -0.004879
v 0.089803 0.725392 -0.015144
v 0.073874 0.756301 -0.006064
v 0.069772 0.755474 0.007406
v 0.067879 0.743158 0.023301
v 0.081189 0.721556 0.005965
v 0.080337 0.752717 -0.017835
v 0.087292 0.746925 -0.026002
v 0.087037 0.736433 -0.020933
v 0.067593 0.750983 0.018577
v 0.090714 0.730871 -0.023349
v 0.070136 0.734462 0.023356
v 0.069382 0.737200 0.018957
v 0.071332 0.732299 0.017292
v 0.070804 0.737223 0.012981
v 0.082634 0.738001 -0.013824
v 0.078205 0.738567 -0.005363
v 0.073853 0.737964 0.004414
v 0.075654 0.728249 0.009545
v 0.076760 0.722769 0.015170
v 0.082418 0.716261 0.044688
v 0.075432 0.697653 0.054979
v 0.076142 0.722500 0.025212
v 0.083566 0.702461 0.044746
v 0.081182 0.717232 0.030949
v 0.046866 0.840942 0.161630
v 0.038731 0.853622 0.168769
v 0.036314 0.855320 0.145362
v 0.043765 0.843184 0.142184
v 0.043333 0.844658 0.122665
v 0.044734 0.846555 0.105361
v 0.046934 0.848405 0.090447
v 0.050562 0.842112 0.080559
v 0.035949 0.856358 0.123888
v 0.036530 0.857639 0.106179
v 0.036790 0.859242 0.087435
v 0.036245 0.860815 0.068235
v 0.042325 0.848835 0.155070
v 0.040640 0.849989 0.132845
v 0.041205 0.851605 0.114392
v 0.042116 0.853386 0.097583
v 0.042482 0.856137 0.080488
v 0.048074 0.795952 0.140837
v 0.045467 0.805051 0.141463
v 0.044193 0.813447 0.137656
v 0.042960 0.819582 0.116744
v 0.045334 0.820363 0.102081
v 0.048872 0.818883 0.089600
v 0.050207 0.812883 0.082931
v 0.051115 0.801776 0.079857
v 0.051027 0.803448 0.150716
v 0.051642 0.811339 0.157010
v 0.045326 0.819166 0.147704
v 0.044000 0.827883 0.118806
v 0.046603 0.829066 0.103219
v 0.049433 0.828478 0.091419
v 0.055333 0.751881 0.113505
v 0.042221 0.808202 0.131460
v 0.049723 0.817365 0.160674
v 0.050277 0.821639 0.165799
v 0.053069 0.816801 0.167627
v 0.046571 0.811986 0.147269
v 0.044073 0.818471 0.137977
v 0.044536 0.824933 0.110054
v 0.047784 0.824453 0.096348
v 0.050538 0.824043 0.085651
v 0.051970 0.825455 0.171507
v 0.049084 0.826758 0.165007
v 0.045559 0.830483 0.155298
v 0.048948 0.833374 0.165145
v 0.044799 0.836901 0.150068
v 0.043061 0.832788 0.139688
v 0.043511 0.835107 0.121346
v 0.046081 0.836809 0.104040
v 0.048662 0.836685 0.092180
v 0.049609 0.841221 0.086988
v 0.051565 0.819408 0.080339
v 0.047294 0.841834 0.097507
v 0.044628 0.840603 0.112836
v 0.043575 0.838382 0.131631
v 0.047153 0.822913 0.157332
v 0.043738 0.826576 0.145053
v 0.043424 0.817195 0.130280
v 0.043574 0.824335 0.134669
v 0.043657 0.822644 0.125223
v 0.049957 0.833483 0.087782
v 0.044781 0.832497 0.111301
v 0.043279 0.829921 0.129013
v 0.047994 0.832691 0.097042
v 0.052111 0.760241 0.111578
v 0.050063 0.738531 0.114715
v 0.048696 0.786163 0.096450
v 0.049653 0.776186 0.096420
v 0.055518 0.743531 0.107087
v 0.048225 0.793586 0.097400
v 0.047036 0.781817 0.103340
v 0.056633 0.754727 0.105488
v 0.050961 0.767467 0.103968
v 0.041452 0.813275 0.122832
v 0.042370 0.814833 0.107955
v 0.051047 0.831506 0.082803
v 0.048155 0.807984 0.086636
v 0.040253 0.808433 0.114218
v 0.043857 0.809467 0.099271
v 0.046289 0.814332 0.094012
v 0.049549 0.796311 0.089981
v 0.040987 0.803019 0.121861
v 0.042366 0.804437 0.106272
v 0.046611 0.789681 0.104688
v 0.043801 0.798945 0.131324
v 0.046067 0.800645 0.098148
v 0.045121 0.792312 0.112837
v 0.050313 0.798311 0.084120
v 0.046874 0.804186 0.091415
v 0.045107 0.796588 0.105877
v 0.044100 0.795005 0.121288
v 0.042560 0.799351 0.113642
v 0.047150 0.853682 0.075274
v 0.053012 0.838404 0.073498
v 0.050909 0.850633 0.068042
v 0.041017 0.860283 0.063279
v 0.045152 0.859762 0.057003
v 0.036280 0.862081 0.048740
v 0.047641 0.861716 0.037437
v 0.039919 0.861800 0.027923
v 0.054978 0.861058 0.021198
v 0.047385 0.861206 0.009837
v 0.057911 0.860173 -0.003287
v 0.064596 0.856949 0.007012
v 0.072523 0.852033 -0.013322
v 0.074214 0.847625 -0.002568
v 0.041216 0.862415 0.041838
v 0.046881 0.861728 0.022853
v 0.056120 0.860629 0.007382
v 0.067060 0.855399 -0.003887
v 0.077472 0.843528 -0.012261
v 0.080860 0.839666 -0.020187
v 0.081700 0.834161 -0.009289
v 0.086522 0.828816 -0.029630
v 0.085713 0.820502 -0.020063
v 0.086583 0.811822 -0.026009
v 0.089496 0.816005 -0.041072
v 0.088079 0.799880 -0.048658
v 0.087271 0.800678 -0.028671
v 0.083773 0.830134 -0.019467
v 0.087058 0.819353 -0.029529
v 0.087597 0.805941 -0.037290
v 0.052198 0.827838 0.077726
v 0.055222 0.832263 0.067604
v 0.053682 0.823332 0.072437
v 0.052840 0.814667 0.075126
v 0.054506 0.802114 0.071247
v 0.055336 0.818511 0.067241
v 0.057336 0.807017 0.064229
v 0.054966 0.810365 0.069760
v 0.051973 0.807314 0.077014
v 0.054246 0.795426 0.073074
v 0.057511 0.789124 0.065620
v 0.060202 0.797810 0.058670
v 0.057490 0.798303 0.065217
v 0.061064 0.787660 0.057616
v 0.063958 0.792760 0.050337
v 0.066979 0.783157 0.045012
v 0.068450 0.792220 0.039877
v 0.073421 0.785090 0.028619
v 0.055099 0.847181 0.060058
v 0.054052 0.856642 0.051245
v 0.058096 0.852137 0.048533
v 0.064735 0.852361 0.036094
v 0.059246 0.858005 0.036733
v 0.067431 0.856135 0.021845
v 0.071970 0.848476 0.024831
v 0.075974 0.849144 0.010732
v 0.077718 0.840479 0.017976
v 0.082846 0.838394 0.004403
v 0.081688 0.830293 0.014565
v 0.087134 0.825212 0.000279
v 0.078814 0.800269 0.019313
v 0.088452 0.812414 0.000930
v 0.073116 0.794755 0.028174
v 0.080222 0.790683 0.011446
v 0.086274 0.817511 -0.011657
v 0.083611 0.819653 0.013266
v 0.085522 0.793163 -0.005637
v 0.087483 0.808049 -0.019417
v 0.055375 0.829009 0.059014
v 0.055793 0.818919 0.058529
v 0.057328 0.810374 0.056273
v 0.058905 0.806062 0.053390
v 0.061952 0.802872 0.047449
v 0.065280 0.801557 0.040371
v 0.056321 0.838281 0.055308
v 0.059911 0.844061 0.047523
v 0.065699 0.844818 0.038086
v 0.071097 0.841779 0.030212
v 0.074667 0.835533 0.024965
v 0.076559 0.827951 0.022449
v 0.071346 0.806319 0.026553
v 0.068065 0.802443 0.032644
v 0.076814 0.820662 0.022476
v 0.057860 0.845456 0.053732
v 0.056133 0.837117 0.061313
v 0.074853 0.841564 0.025687
v 0.069522 0.846807 0.033106
v 0.080567 0.824773 0.020138
v 0.079953 0.816034 0.020197
v 0.065316 0.798189 0.044677
v 0.061569 0.800167 0.052249
v 0.073474 0.801597 0.027844
v 0.063052 0.848349 0.043818
v 0.078230 0.833267 0.021396
v 0.056553 0.814027 0.061602
v 0.055588 0.824908 0.063205
v 0.069293 0.798725 0.036188
v 0.058771 0.805363 0.058161
v 0.054505 0.826908 0.054305
v 0.055088 0.817030 0.053487
v 0.063421 0.829589 0.050571
v 0.062651 0.804770 0.041375
v 0.055876 0.834973 0.051997
v 0.059563 0.840268 0.045989
v 0.065157 0.841227 0.038054
v 0.069860 0.838910 0.031979
v 0.073407 0.833694 0.027554
v 0.074752 0.827247 0.025521
v 0.070306 0.808098 0.029488
v 0.066346 0.804663 0.034721
v 0.075110 0.821209 0.025848
v 0.068508 0.805230 0.030429
v 0.074862 0.817519 0.024949
v 0.062273 0.842747 0.042127
v 0.057466 0.839542 0.050438
v 0.056121 0.813209 0.054233
v 0.065206 0.803357 0.037313
v 0.068185 0.841619 0.034238
v 0.066788 0.812182 0.044698
v 0.075625 0.824215 0.024093
v 0.071943 0.837614 0.028631
v 0.062013 0.804483 0.044093
v 0.074459 0.830793 0.024811
v 0.054973 0.823024 0.056230
v 0.055067 0.832009 0.055097
v 0.062548 0.818303 0.051012
v 0.062259 0.823966 0.051852
v 0.058462 0.807906 0.047850
v 0.058227 0.807633 0.050513
v 0.066258 0.833166 0.047678
v 0.070245 0.834039 0.043727
v 0.073688 0.832418 0.039469
v 0.075678 0.827591 0.036256
v 0.067153 0.828503 0.045011
v 0.072345 0.814009 0.037721
v 0.069592 0.812051 0.040932
v 0.075080 0.819354 0.035780
v 0.064188 0.814120 0.048313
v 0.064637 0.804984 0.038853
v 0.063479 0.810179 0.046259
v 0.074691 0.818466 0.027384
v 0.074214 0.829970 0.027068
v 0.061973 0.834294 0.049731
v 0.055351 0.830461 0.052922
v 0.070126 0.809916 0.036697
v 0.064932 0.823293 0.047287
v 0.066123 0.836760 0.044625
v 0.055049 0.822018 0.053833
v 0.070960 0.836324 0.039208
v 0.056577 0.812011 0.050986
v 0.074434 0.832863 0.034753
v 0.013666 0.857813 0.188533
v 0.030749 0.857031 0.177033
v 0.027315 0.854514 0.189895
v 0.000000 0.857308 0.189407
v 0.005275 0.859984 0.179688
v 0.019358 0.859901 0.176668
v 0.000000 0.860508 0.168701
v 0.024447 0.860080 0.167670
v 0.030465 0.858612 0.158480
v 0.009284 0.861695 0.169463
v 0.014431 0.862130 0.159002
v 0.003147 0.861922 0.158901
v 0.000000 0.861457 0.147951
v 0.006529 0.862677 0.148520
v 0.021250 0.861644 0.147386
v 0.028730 0.859761 0.134565
v 0.012670 0.862834 0.136685
v 0.002362 0.862133 0.137392
v 0.000000 0.861061 0.125063
v 0.029313 0.860494 0.115321
v 0.013154 0.862472 0.114963
v 0.006188 0.862329 0.125834
v 0.002596 0.861329 0.114037
v 0.020723 0.862185 0.125055
v 0.029970 0.861449 0.096512
v 0.014517 0.862429 0.094860
v 0.003107 0.861237 0.094055
v 0.006958 0.861598 0.104250
v 0.000000 0.860900 0.103706
v 0.021750 0.862551 0.105714
v 0.031006 0.861887 0.075258
v 0.016874 0.862715 0.073125
v 0.004122 0.862386 0.073133
v 0.008250 0.861923 0.083508
v 0.000000 0.861313 0.083590
v 0.023535 0.862614 0.084678
v 0.031621 0.862157 0.056206
v 0.020091 0.864104 0.054943
v 0.006338 0.865553 0.055351
v 0.011133 0.863939 0.063985
v 0.000010 0.863604 0.063975
v 0.025567 0.862645 0.064123
v 0.034207 0.862647 0.036536
v 0.023453 0.865161 0.035693
v 0.007816 0.867415 0.036166
v 0.014453 0.866057 0.046155
v 0.000010 0.866778 0.046199
v 0.028221 0.863232 0.045669
v 0.016816 0.867382 0.023758
v 0.000000 0.868401 0.025843
v 0.008771 0.869946 0.012995
v 0.031866 0.863847 0.025226
v 0.039310 0.862255 0.016133
v 0.027115 0.866225 0.012918
v 0.015818 0.873314 0.000687
v 0.000000 0.874832 0.005268
v -0.000000 0.887171 -0.012598
v -0.000000 0.900419 -0.028807
v -0.000000 0.911225 -0.047243
v 0.014891 0.883420 -0.014899
v 0.015184 0.896117 -0.031130
v 0.008236 0.879461 -0.005097
v 0.008018 0.891970 -0.021987
v 0.008189 0.905209 -0.038099
v 0.008614 0.913677 -0.057437
v 0.037740 0.864250 0.005823
v 0.023587 0.869762 -0.000322
v 0.023075 0.873151 -0.010582
v 0.019302 0.876452 -0.009054
v 0.029462 0.871246 -0.018537
v 0.022279 0.877500 -0.018026
v 0.019777 0.885479 -0.024926
v 0.026556 0.876474 -0.027792
v 0.034047 0.867329 -0.006199
v 0.047713 0.862356 -0.000416
v 0.033331 0.873716 -0.035919
v 0.029179 0.881732 -0.043484
v 0.021029 0.896519 -0.040614
v 0.024443 0.884920 -0.034494
v 0.022123 0.904569 -0.057708
v 0.031010 0.885997 -0.058913
v 0.036159 0.876381 -0.051182
v 0.046248 0.864529 -0.012272
v 0.053661 0.865557 -0.029512
v 0.057608 0.867969 -0.049488
v 0.040457 0.868382 -0.025620
v 0.044872 0.870238 -0.041399
v 0.048314 0.871273 -0.058667
v 0.058069 0.861890 -0.015579
v 0.070147 0.858761 -0.019653
v 0.078778 0.848327 -0.021306
v 0.067363 0.863009 -0.032093
v 0.079168 0.859502 -0.035093
v 0.075588 0.864067 -0.047245
v 0.078981 0.854585 -0.025471
v 0.060835 0.868124 -0.068044
v 0.085973 0.860342 -0.050877
v 0.065066 0.866078 -0.045454
v 0.070643 0.867242 -0.056120
v 0.081249 0.866355 -0.063339
v 0.066709 0.868013 -0.061265
v 0.038453 0.877102 -0.068005
v 0.050404 0.870290 -0.077484
v 0.074176 0.868706 -0.071291
v 0.068755 0.868163 -0.078691
v 0.083453 0.867254 -0.080522
v 0.090399 0.863450 -0.071609
v 0.091897 0.864379 -0.092081
v 0.075319 0.869150 -0.090129
v 0.062566 0.866884 -0.087999
v 0.040377 0.875422 -0.088448
v 0.052001 0.868276 -0.098699
v 0.069822 0.867414 -0.099525
v 0.084232 0.867650 -0.102658
v 0.041290 0.871723 -0.110084
v 0.063424 0.865321 -0.108507
v 0.075802 0.868581 -0.112046
v 0.092136 0.863991 -0.115614
v 0.084217 0.866243 -0.125402
v 0.070096 0.866239 -0.119985
v 0.052370 0.865382 -0.118263
v 0.091616 0.862582 -0.138473
v -0.000000 0.916709 -0.067508
v 0.016924 0.913247 -0.067274
v 0.028252 0.897472 -0.067343
v 0.009246 0.916214 -0.078039
v 0.024444 0.906930 -0.077818
v 0.033662 0.886463 -0.077639
v 0.018673 0.898081 -0.049298
v 0.022326 0.884989 -0.050807
v 0.034997 0.882668 -0.100370
v 0.025971 0.900962 -0.102272
v 0.010246 0.909674 -0.102866
v -0.000000 0.905698 -0.115109
v 0.031267 0.888451 -0.112530
v 0.020057 0.902393 -0.115031
v 0.011197 0.899496 -0.126478
v 0.027127 0.891376 -0.124594
v 0.035460 0.875802 -0.121121
v 0.075626 0.866644 -0.133405
v 0.063458 0.863381 -0.127228
v 0.041915 0.866121 -0.127554
v 0.009769 0.907237 -0.089812
v 0.022153 0.900092 -0.089578
v 0.008476 0.905546 -0.048144
v 0.012025 0.886810 -0.143774
v 0.028475 0.879546 -0.142402
v 0.036520 0.867072 -0.136946
v 0.052876 0.861202 -0.133936
v 0.069802 0.863546 -0.139334
v 0.083654 0.863968 -0.147125
v 0.091125 0.860352 -0.157672
v 0.075220 0.862320 -0.153951
v 0.083288 0.858957 -0.164903
v 0.063557 0.859135 -0.142340
v 0.069872 0.857069 -0.154830
v 0.090818 0.854384 -0.168056
v 0.075493 0.854181 -0.166877
v 0.063994 0.848625 -0.150970
v 0.083394 0.850092 -0.170876
v 0.070608 0.845234 -0.160574
v 0.042848 0.858978 -0.140958
v 0.033623 0.867504 -0.147833
v 0.022746 0.877594 -0.152190
v -0.000000 0.879429 -0.152108
v 0.012550 0.870682 -0.161004
v 0.029953 0.865738 -0.158120
v 0.037859 0.856814 -0.150355
v 0.053369 0.853743 -0.145280
v 0.043724 0.847372 -0.151218
v 0.054192 0.839314 -0.151701
v 0.030122 0.846545 -0.170617
v 0.012792 0.850600 -0.176067
v 0.026605 0.886543 -0.088769
v 0.038330 0.840360 -0.159405
v 0.082654 0.848425 -0.027315
v 0.085493 0.852907 -0.036783
v 0.084629 0.839129 -0.027756
v 0.089051 0.841978 -0.037143
v 0.091918 0.849818 -0.051668
v 0.090724 0.828763 -0.039143
v 0.094382 0.826189 -0.048205
v 0.092728 0.813917 -0.050528
v 0.096223 0.814304 -0.060103
v 0.090750 0.803192 -0.058071
v 0.094294 0.806184 -0.067186
v 0.088172 0.792653 -0.053466
v 0.087922 0.792376 -0.028434
v 0.081951 0.809173 0.014748
v 0.087235 0.804692 -0.009612
v 0.074777 0.813023 0.023684
v 0.073553 0.814458 0.027010
v 0.065086 0.820234 0.046805
v 0.087372 0.795819 -0.039800
v 0.087742 0.797775 -0.018202
v 0.086071 0.800712 0.004339
v 0.076902 0.807574 0.022750
v 0.072168 0.810422 0.026564
v 0.073551 0.814114 0.033600
v 0.088736 0.834380 -0.159654
v 0.083895 0.827647 -0.155615
v 0.077729 0.831687 -0.161267
v 0.087353 0.818388 -0.141236
v 0.080169 0.820578 -0.149163
v 0.086877 0.810940 -0.131646
v 0.092879 0.810556 -0.121075
v 0.092965 0.803506 -0.111697
v 0.090350 0.825025 -0.147442
v 0.093418 0.817571 -0.130301
v 0.094732 0.805539 -0.102724
v 0.090984 0.793249 -0.083848
v 0.095849 0.808898 -0.075768
v 0.089890 0.794120 -0.066086
v 0.091961 0.798591 -0.075675
v 0.095500 0.811642 -0.111313
v 0.095270 0.808081 -0.093223
v 0.093887 0.803179 -0.084265
v 0.093138 0.799191 -0.093399
v 0.095019 0.853788 -0.074525
v 0.096257 0.856463 -0.093509
v 0.096479 0.856960 -0.116433
v 0.096201 0.856861 -0.138035
v 0.096668 0.855635 -0.154482
v 0.096761 0.852547 -0.159936
v 0.094515 0.844326 -0.064759
v 0.095723 0.829987 -0.063842
v 0.095935 0.819963 -0.069070
v 0.094688 0.838115 -0.151936
v 0.095422 0.831442 -0.140668
v 0.096192 0.825202 -0.124864
v 0.094825 0.815167 -0.078558
v 0.095879 0.818752 -0.108165
v 0.094904 0.814624 -0.092322
v 0.094545 0.849678 -0.165435
v 0.095164 0.856284 -0.161724
v 0.093012 0.831706 -0.150698
v 0.094714 0.824831 -0.136668
v 0.095130 0.859373 -0.148501
v 0.096625 0.822079 -0.059568
v 0.094731 0.837462 -0.055376
v 0.095482 0.860177 -0.127570
v 0.096086 0.818033 -0.118530
v 0.095978 0.813195 -0.101666
v 0.095132 0.859897 -0.081918
v 0.093747 0.855221 -0.065316
v 0.095991 0.861004 -0.104608
v 0.096784 0.814890 -0.070421
v 0.095503 0.811266 -0.084395
v 0.089834 0.845236 -0.076324
v 0.091635 0.846833 -0.095532
v 0.093568 0.848008 -0.117481
v 0.094949 0.849505 -0.137497
v 0.090160 0.839463 -0.069240
v 0.090898 0.830185 -0.068425
v 0.089592 0.822769 -0.071966
v 0.094060 0.837304 -0.136207
v 0.093419 0.832476 -0.121213
v 0.088300 0.818822 -0.079734
v 0.091945 0.825304 -0.104352
v 0.089078 0.819241 -0.089433
v 0.096292 0.849506 -0.153827
v 0.096226 0.853059 -0.146783
v 0.095031 0.832002 -0.130726
v 0.093702 0.850938 -0.083643
v 0.092902 0.846558 -0.070712
v 0.094752 0.825369 -0.114356
v 0.093323 0.836187 -0.066860
v 0.094831 0.851990 -0.105737
v 0.092282 0.816192 -0.085472
v 0.092196 0.818867 -0.074854
v 0.094061 0.825060 -0.068911
v 0.095543 0.853026 -0.127511
v 0.093310 0.819010 -0.098248
v 0.095037 0.836812 -0.143642
v 0.094902 0.846764 -0.145539
v 0.093342 0.838734 -0.128558
v 0.092128 0.833048 -0.111608
v 0.087662 0.826398 -0.096594
v 0.089299 0.832869 -0.102920
v 0.088995 0.839021 -0.100796
v 0.089585 0.845096 -0.167797
v 0.076486 0.843398 -0.168216
v 0.095468 0.845902 -0.158590
v 0.094331 0.840955 -0.142652
v 0.093783 0.845480 -0.128032
v 0.091824 0.842714 -0.108357
v 0.083106 0.839332 -0.166785
v 0.092702 0.840845 -0.160556
v 0.095046 0.843344 -0.150467
v 0.094000 0.843542 -0.136831
v 0.092953 0.840090 -0.119196
v 0.085013 0.832585 -0.095932
v 0.087549 0.842372 -0.089847
v 0.084864 0.836512 -0.094737
v 0.082662 0.836036 -0.073768
v 0.084188 0.833634 -0.070309
v 0.084353 0.830148 -0.069719
v 0.083457 0.827272 -0.071002
v 0.081564 0.825423 -0.075267
v 0.079863 0.825535 -0.080600
v 0.078488 0.827920 -0.083882
v 0.077894 0.831103 -0.084149
v 0.080263 0.835980 -0.079028
v 0.078308 0.834086 -0.082948
v 0.082300 0.838107 -0.086553
v 0.085105 0.841102 -0.078911
v 0.081851 0.828894 -0.090127
v 0.083666 0.823701 -0.087689
v 0.080937 0.833752 -0.089019
v 0.084201 0.821095 -0.081646
v 0.084903 0.822924 -0.074120
v 0.087221 0.833430 -0.068994
v 0.086477 0.839346 -0.071995
v 0.087052 0.827095 -0.070073
v 0.077853 0.830881 -0.080330
v 0.082175 0.830573 -0.071937
v 0.079898 0.830545 -0.076142
v 0.067261 0.816992 0.043352
v 0.065594 0.826482 0.046559
v 0.069312 0.829011 0.042928
v 0.071150 0.828090 0.040523
v 0.072284 0.825238 0.038677
v 0.070339 0.818005 0.039551
v 0.068799 0.816933 0.041320
v 0.071907 0.821107 0.038397
v 0.065935 0.818035 0.045333
v 0.066450 0.815445 0.045737
v 0.064964 0.817704 0.048109
v 0.066011 0.829433 0.047743
v 0.064590 0.825712 0.049362
v 0.074451 0.823351 0.037582
v 0.073728 0.828378 0.039149
v 0.068589 0.814824 0.042961
v 0.070616 0.815318 0.040355
v 0.072770 0.818002 0.038315
v 0.068806 0.831034 0.045342
v 0.071682 0.830831 0.042219
v 0.064174 0.821286 0.049518
v 0.064542 0.826620 0.042633
v 0.062858 0.823196 0.044503
v 0.062965 0.821183 0.044201
v 0.065003 0.818975 0.041137
v 0.063284 0.825301 0.044005
v 0.066301 0.826900 0.040802
v 0.067858 0.826201 0.038738
v 0.068902 0.824137 0.037131
v 0.067663 0.819359 0.037743
v 0.066366 0.818837 0.039311
v 0.068676 0.821411 0.036961
v 0.063778 0.819719 0.042898
v 0.070514 0.823163 0.037663
v 0.070007 0.826445 0.038688
v 0.066891 0.828165 0.042727
v 0.065153 0.827115 0.044325
v 0.068048 0.817907 0.039552
v 0.069447 0.819670 0.038190
v 0.066746 0.817571 0.041242
v 0.065419 0.817969 0.043066
v 0.063988 0.821774 0.045556
v 0.064262 0.824670 0.045424
v 0.064514 0.819444 0.044647
v 0.068685 0.828035 0.040686
v 0.063137 0.823247 0.043174
v 0.064446 0.823036 0.041587
v 0.067295 0.822162 0.037828
v 0.065993 0.822778 0.039662
v 0.066934 0.808842 0.041446
v 0.060581 0.806908 0.044988
v 0.075852 0.821101 0.031581
v 0.075774 0.826744 0.031531
v 0.057992 0.837426 0.049483
v 0.059700 0.828404 0.052496
v 0.068390 0.806556 0.032641
v 0.062559 0.840301 0.042101
v 0.059261 0.821329 0.053025
v 0.068479 0.839627 0.035328
v 0.060531 0.814153 0.050699
v 0.072248 0.836003 0.030471
v 0.072426 0.811459 0.029116
v 0.057855 0.833397 0.051629
v 0.063566 0.806771 0.042683
v 0.070999 0.809617 0.032112
v 0.061380 0.838218 0.046527
v 0.056433 0.825960 0.053614
v 0.067223 0.806558 0.036810
v 0.066593 0.839195 0.039646
v 0.056956 0.817034 0.052752
v 0.074303 0.815795 0.029691
v 0.071670 0.837099 0.034075
v 0.059608 0.809842 0.048424
v 0.074348 0.832040 0.030043
v 0.075332 0.826196 0.027804
v 0.075589 0.822252 0.028041
v 0.075348 0.824229 0.026433
v 0.038940 0.726999 0.165722
v 0.033928 0.724231 0.162273
v 0.028863 0.714606 0.172698
v 0.039301 0.733082 0.151014
v 0.034813 0.732508 0.144755
v 0.041159 0.736640 0.135510
v 0.037287 0.735990 0.127297
v 0.040136 0.734946 0.113023
v 0.043463 0.731186 0.099552
v 0.045094 0.725372 0.085813
v 0.046228 0.716520 0.074593
v 0.049060 0.704135 0.065695
v 0.044014 0.736696 0.120983
v 0.047676 0.734147 0.107548
v 0.051524 0.729544 0.093749
v 0.054488 0.722102 0.081080
v 0.058876 0.711047 0.070953
v 0.062821 0.698708 0.060929
v 0.056121 0.688698 0.055303
v 0.067889 0.676435 0.037726
v 0.076173 0.674619 0.013504
v 0.078786 0.678321 -0.010395
v 0.080938 0.686916 -0.033086
v 0.084713 0.701209 -0.053306
v 0.088782 0.719832 -0.069106
v 0.091120 0.744229 -0.081420
v 0.091658 0.758042 -0.079535
v 0.092134 0.732078 -0.070369
v 0.090362 0.711844 -0.056554
v 0.086722 0.697948 -0.039993
v 0.084481 0.688270 -0.019192
v 0.083623 0.683288 0.002409
v 0.080261 0.681993 0.025605
v 0.071126 0.687752 0.046931
v 0.021739 0.714592 0.165306
v 0.027482 0.724960 0.155598
v 0.010077 0.710293 0.165890
v 0.014256 0.719785 0.157292
v 0.000000 0.699453 0.171341
v 0.000000 0.708730 0.165688
v 0.006031 0.700118 0.171972
v 0.004050 0.717772 0.158190
v 0.021107 0.728681 0.145687
v 0.023169 0.735592 0.125001
v 0.024463 0.734311 0.109536
v 0.025440 0.729634 0.096025
v 0.026110 0.723001 0.083757
v 0.026986 0.714053 0.074952
v 0.028742 0.700880 0.070086
v 0.029526 0.734421 0.135016
v 0.031603 0.735734 0.118146
v 0.033707 0.732936 0.104587
v 0.035520 0.727419 0.090970
v 0.035668 0.720342 0.078974
v 0.037125 0.709571 0.070651
v 0.041067 0.693757 0.064298
v 0.008150 0.725179 0.147160
v 0.009081 0.732004 0.125422
v 0.010011 0.731638 0.108648
v 0.010421 0.727844 0.095032
v 0.011263 0.721407 0.083674
v 0.012118 0.711456 0.076805
v 0.014880 0.731745 0.135029
v 0.016426 0.733921 0.116297
v 0.016976 0.731158 0.102006
v 0.017683 0.725567 0.088950
v 0.018522 0.717847 0.079096
v 0.019647 0.706352 0.073743
v 0.012786 0.697063 0.075041
v 0.022234 0.687662 0.072945
v 0.000000 0.724442 0.147724
v 0.000000 0.731712 0.125700
v 0.000000 0.731271 0.108583
v 0.000000 0.727699 0.095082
v 0.000000 0.720916 0.084456
v 0.000000 0.710039 0.078298
v 0.000000 0.695812 0.076763
v 0.003734 0.729306 0.135973
v 0.004535 0.731928 0.116481
v 0.004699 0.729695 0.101556
v 0.005129 0.724820 0.089110
v 0.005653 0.716369 0.080069
v 0.006065 0.703928 0.076372
v 0.006828 0.684945 0.077403
v 0.054333 0.821312 -0.154235
v 0.039246 0.819558 -0.166397
v 0.044381 0.829491 -0.157028
v 0.034924 0.832555 -0.169854
v 0.064942 0.834233 -0.153591
v 0.023978 0.838317 -0.181637
v -0.000000 0.839247 -0.183881
v 0.072348 0.833299 -0.159396
v 0.030040 0.849514 -0.155372
v 0.025398 0.855015 -0.162776
v 0.044780 0.808100 -0.161873
v 0.051800 0.797447 -0.157784
v 0.061970 0.812198 -0.151510
v 0.040941 0.797789 -0.173511
v 0.032868 0.803166 -0.192442
v 0.013816 0.807347 -0.201663
v 0.070886 0.821922 -0.151620
v 0.075313 0.822774 -0.153092
v 0.073458 0.815135 -0.147127
v 0.079348 0.812670 -0.140933
v 0.067278 0.802880 -0.147251
v 0.074722 0.791615 -0.141033
v 0.059212 0.786332 -0.153723
v 0.052140 0.772818 -0.161923
v 0.045509 0.785657 -0.167214
v 0.041257 0.774943 -0.178700
v 0.032684 0.780031 -0.200450
v 0.041066 0.747827 -0.182544
v 0.051647 0.744783 -0.164497
v 0.059538 0.758995 -0.156739
v 0.045739 0.760630 -0.171032
v 0.067239 0.774657 -0.149071
v 0.087871 0.785142 -0.122244
v 0.089214 0.802618 -0.121298
v 0.075184 0.759697 -0.142080
v 0.067165 0.743413 -0.150325
v 0.082606 0.801073 -0.131559
v 0.081982 0.774566 -0.132692
v 0.092546 0.796251 -0.102344
v 0.091381 0.786970 -0.092946
v 0.091124 0.792161 -0.111909
v 0.089835 0.785059 -0.074972
v 0.090713 0.772847 -0.084889
v 0.092490 0.777724 -0.103294
v 0.091413 0.768028 -0.113448
v 0.092301 0.760533 -0.093711
v 0.087312 0.757064 -0.123088
v 0.088746 0.740039 -0.111551
v 0.090300 0.733994 -0.086910
v 0.092255 0.751152 -0.103097
v 0.080793 0.742449 -0.132422
v 0.087326 0.722657 -0.094236
v 0.085425 0.708480 -0.072194
v 0.080477 0.707840 -0.099402
v 0.073425 0.707278 -0.127920
v 0.064380 0.707124 -0.150496
v 0.050361 0.708502 -0.165471
v 0.040339 0.712411 -0.184105
v 0.032968 0.720793 -0.211243
v 0.037476 0.735117 -0.196021
v 0.026201 0.743326 -0.220812
v 0.044748 0.729545 -0.173304
v 0.058310 0.727161 -0.158297
v 0.072404 0.725773 -0.141948
v 0.081240 0.725132 -0.118850
v 0.081333 0.695120 -0.074623
v 0.081115 0.688243 -0.050925
v 0.072984 0.689404 -0.105838
v 0.069962 0.665355 -0.115945
v 0.075144 0.676054 -0.077682
v 0.068730 0.685185 -0.138031
v 0.057755 0.684752 -0.156911
v 0.050190 0.658575 -0.162014
v 0.038822 0.659580 -0.181242
v 0.031484 0.662988 -0.208051
v 0.036636 0.690653 -0.196247
v 0.025270 0.697554 -0.223405
v 0.043612 0.685873 -0.172984
v 0.064721 0.659808 -0.145195
v 0.070550 0.637052 -0.126664
v 0.078986 0.590673 -0.105809
v 0.091901 0.545168 -0.081783
v 0.103047 0.493862 -0.067277
v 0.110227 0.439605 -0.066851
v 0.121067 0.386942 -0.074978
v 0.141090 0.342692 -0.079592
v 0.078623 0.666649 -0.048343
v 0.081640 0.627686 -0.014574
v 0.091582 0.586239 0.011640
v 0.108079 0.535440 0.032932
v 0.132789 0.477179 0.053235
v 0.159257 0.414260 0.057187
v 0.179229 0.353984 0.030411
v 0.179124 0.328599 -0.007597
v 0.070561 0.651135 -0.085289
v 0.074874 0.609052 -0.058544
v 0.084073 0.563685 -0.033490
v 0.097608 0.513860 -0.015735
v 0.114763 0.457012 -0.005765
v 0.134628 0.396411 -0.010516
v 0.164043 0.322196 -0.054459
v 0.160480 0.344223 -0.027261
v 0.160474 0.374396 0.014273
v 0.138641 0.364525 -0.050477
v 0.119155 0.419004 -0.040703
v 0.137384 0.435673 0.027610
v 0.107172 0.475506 -0.039065
v 0.113233 0.496369 0.018320
v 0.094235 0.550523 0.000103
v 0.094828 0.529355 -0.049537
v 0.082722 0.576865 -0.070123
v 0.082872 0.596857 -0.021582
v 0.075341 0.639255 -0.050834
v 0.073152 0.621396 -0.096470
v 0.078561 0.668403 -0.025161
v 0.068664 0.659385 0.032670
v 0.075299 0.663839 0.003485
v 0.077456 0.649721 -0.006916
v 0.073315 0.646231 0.018927
v 0.080661 0.620468 0.020668
v 0.079010 0.608666 0.046653
v 0.095286 0.574619 0.040848
v 0.096776 0.557336 0.067913
v 0.115096 0.500059 0.096181
v 0.137171 0.440738 0.116359
v 0.115241 0.519090 0.066022
v 0.139614 0.459263 0.086855
v 0.147744 0.395547 0.134505
v 0.127234 0.372691 0.166958
v 0.161781 0.400848 0.095338
v 0.147963 0.357843 0.145865
v 0.182426 0.335795 0.052353
v 0.175654 0.369509 0.079800
v 0.163237 0.369554 0.119986
v 0.175810 0.351050 0.092536
v 0.163982 0.338498 0.117357
v 0.057628 0.646384 0.055182
v 0.053232 0.669735 0.055838
v 0.036588 0.674371 0.068724
v 0.037649 0.632965 0.082961
v 0.032586 0.592781 0.112444
v 0.035401 0.540031 0.150437
v 0.042040 0.482816 0.191239
v 0.048146 0.435601 0.219785
v 0.057963 0.400523 0.220485
v 0.092706 0.374039 0.197445
v 0.068005 0.606081 0.062111
v 0.077797 0.563436 0.080359
v 0.090847 0.507921 0.109930
v 0.104284 0.454925 0.135320
v 0.107761 0.419755 0.152595
v 0.100303 0.402260 0.167947
v 0.059053 0.621046 0.063680
v 0.051814 0.614923 0.073785
v 0.049314 0.578154 0.096766
v 0.053366 0.524871 0.130175
v 0.061329 0.473054 0.162401
v 0.066593 0.437656 0.183017
v 0.072571 0.414872 0.189406
v 0.086014 0.401832 0.181944
v 0.074629 0.396447 0.200871
v 0.103393 0.385164 0.178569
v 0.128274 0.424739 0.137192
v 0.112865 0.476019 0.117584
v 0.040294 0.560836 0.122643
v 0.041410 0.608534 0.090062
v 0.046201 0.506104 0.159582
v 0.081000 0.586634 0.063029
v 0.065739 0.624654 0.054792
v 0.050122 0.633359 0.069234
v 0.053201 0.455607 0.193023
v 0.124239 0.396257 0.155020
v 0.059479 0.423049 0.207001
v 0.095977 0.533021 0.090107
v 0.061414 0.592409 0.075637
v 0.085140 0.420800 0.171387
v 0.084762 0.444187 0.158032
v 0.066589 0.543309 0.103181
v 0.077189 0.488414 0.134411
v 0.010089 0.648759 0.085769
v 0.000000 0.632155 0.096236
v 0.000000 0.593953 0.123469
v 0.000000 0.541270 0.165832
v 0.000000 0.483712 0.210136
v 0.000000 0.427264 0.240015
v 0.008840 0.616572 0.105519
v 0.008707 0.568563 0.142960
v 0.010067 0.513451 0.186561
v 0.012532 0.455837 0.226975
v 0.013806 0.409749 0.238181
v 0.030455 0.651689 0.077939
v 0.025960 0.617411 0.100589
v 0.025450 0.569044 0.136978
v 0.029676 0.513807 0.178595
v 0.035680 0.456706 0.218577
v 0.040549 0.417177 0.230048
v 0.019442 0.634277 0.090748
v 0.016901 0.594556 0.120959
v 0.018293 0.541945 0.162020
v 0.022333 0.484052 0.205803
v 0.026058 0.435294 0.234680
v 0.017508 0.668743 0.077608
v 0.000000 0.666697 0.082935
v 0.000000 0.375143 0.243906
v 0.029844 0.394781 0.224298
v 0.052452 0.379447 0.217424
v 0.018651 0.365570 0.229070
v 0.000000 0.332335 0.231270
v 0.000000 0.300180 0.209173
v 0.011976 0.340742 0.231951
v 0.026035 0.320510 0.219598
v 0.078917 0.320024 0.192204
v 0.091249 0.337935 0.195163
v 0.080955 0.365115 0.207575
v 0.103158 0.350257 0.191456
v 0.115329 0.358656 0.182051
v 0.131889 0.344348 0.163315
v 0.021920 0.302137 0.206972
v 0.045001 0.311903 0.203300
v 0.041787 0.360168 0.210876
v 0.032801 0.339348 0.216680
v 0.069604 0.350670 0.203299
v 0.056585 0.330073 0.196824
v 0.008750 0.322095 0.224721
v 0.064750 0.299307 0.189548
v 0.097920 0.322693 0.184494
v 0.124358 0.314726 0.157841
v 0.159441 0.310475 0.111787
v 0.182045 0.308117 0.049483
v 0.183452 0.297881 0.014843
v 0.184969 0.318252 0.019224
v 0.178351 0.302988 -0.021992
v 0.158404 0.301662 -0.073803
v 0.175803 0.322690 0.084593
v 0.170599 0.294470 0.075399
v 0.146210 0.326822 0.140372
v 0.134799 0.296388 0.134269
v 0.115418 0.333494 0.175788
v 0.094121 0.301578 0.172887
v 0.058369 0.631697 -0.148932
v 0.062287 0.580132 -0.132255
v 0.070590 0.533362 -0.111601
v 0.077087 0.484681 -0.097527
v 0.081633 0.433766 -0.096642
v 0.088833 0.384349 -0.107273
v 0.100466 0.343049 -0.118860
v 0.114297 0.362512 -0.098557
v 0.131878 0.323661 -0.100915
v 0.101803 0.409892 -0.088680
v 0.095910 0.461783 -0.082841
v 0.089518 0.513966 -0.089931
v 0.078436 0.561900 -0.109631
v 0.068352 0.607814 -0.131740
v 0.041938 0.629234 -0.166041
v 0.040875 0.574964 -0.151013
v 0.042691 0.526549 -0.132531
v 0.046781 0.480295 -0.119250
v 0.049832 0.432457 -0.119181
v 0.052497 0.383330 -0.132038
v 0.055650 0.342853 -0.149530
v 0.049530 0.602177 -0.150540
v 0.052916 0.553388 -0.132003
v 0.058160 0.505727 -0.114137
v 0.062430 0.458081 -0.106335
v 0.066164 0.407421 -0.112785
v 0.072260 0.361478 -0.128067
v 0.079634 0.323667 -0.140610
v 0.113980 0.301510 -0.123674
v 0.057261 0.304047 -0.162340
v 0.034315 0.629747 -0.188111
v 0.031766 0.572142 -0.172670
v 0.031930 0.521860 -0.155073
v 0.035422 0.477496 -0.142798
v 0.038015 0.433610 -0.142464
v 0.040063 0.388119 -0.153172
v 0.041496 0.349647 -0.173586
v 0.040079 0.313951 -0.198184
v 0.023898 0.631091 -0.212542
v 0.023185 0.571175 -0.194513
v 0.023036 0.519564 -0.176007
v 0.023555 0.475644 -0.162684
v 0.024619 0.435053 -0.161729
v 0.025945 0.393724 -0.170432
v 0.027052 0.358852 -0.192065
v 0.026146 0.325327 -0.229897
v 0.036154 0.599592 -0.169500
v 0.029341 0.598751 -0.192766
v 0.034943 0.548716 -0.152583
v 0.028344 0.545859 -0.176044
v 0.037362 0.500262 -0.135858
v 0.029316 0.496503 -0.158523
v 0.041629 0.457129 -0.129156
v 0.031834 0.456561 -0.152457
v 0.043092 0.408177 -0.135626
v 0.033101 0.411741 -0.156854
v 0.045827 0.364216 -0.152105
v 0.035320 0.372259 -0.171924
v 0.045903 0.327383 -0.172029
v 0.035182 0.337446 -0.199023
v 0.039130 0.293237 -0.186739
v 0.029236 0.307066 -0.230033
v 0.012389 0.857889 -0.165734
v -0.000000 0.745512 -0.225825
v -0.000000 0.699159 -0.231011
v -0.000000 0.632444 -0.222020
v -0.000000 0.570499 -0.203229
v -0.000000 0.519282 -0.183843
v -0.000000 0.475520 -0.169329
v -0.000000 0.435613 -0.167170
v -0.000000 0.395735 -0.175230
v -0.000000 0.362211 -0.196893
v -0.000000 0.328905 -0.237609
v 0.014484 0.344929 -0.212958
v 0.014379 0.312628 -0.248535
v 0.014296 0.377353 -0.182817
v 0.013487 0.414473 -0.168249
v 0.012968 0.456483 -0.165345
v 0.012599 0.495285 -0.171926
v 0.012860 0.544999 -0.191369
v 0.012811 0.599106 -0.208518
v 0.013393 0.666139 -0.226589
v 0.014061 0.727025 -0.227701
v 0.013898 0.784670 -0.211858
v 0.019504 0.294793 -0.211900
v -0.000000 0.285762 -0.193654
v -0.000000 0.302062 -0.237619
v -0.000000 0.000888 -0.204573
v 0.076797 0.000888 -0.185404
v 0.141902 0.000888 -0.141902
v 0.185404 0.000888 -0.076797
v 0.200680 0.000888 -0.000000
v 0.185404 0.000888 0.076797
v 0.141902 0.000888 0.141902
v 0.076797 0.000888 0.185404
v 0.000000 0.000888 0.204573
v -0.000000 0.052592 -0.253310
v 0.095093 0.052592 -0.229575
v 0.175709 0.052592 -0.175709
v 0.229575 0.052592 -0.095093
v 0.248490 0.052592 -0.000000
v 0.229575 0.052592 0.095093
v 0.175709 0.052592 0.175709
v 0.095093 0.052592 0.229575
v 0.000000 0.052592 0.253310
v -0.000000 0.063961 -0.208942
v 0.078437 0.063961 -0.189364
v 0.144933 0.063961 -0.144933
v 0.189364 0.063961 -0.078437
v 0.204966 0.063961 -0.000000
v 0.189364 0.063961 0.078437
v 0.144933 0.063961 0.144933
v 0.078437 0.063961 0.189364
v 0.000000 0.063961 0.208942
v -0.000000 0.102738 -0.254955
v 0.095710 0.102738 -0.231065
v 0.176850 0.102738 -0.176850
v 0.231065 0.102738 -0.095710
v 0.250103 0.102738 -0.000000
v 0.231065 0.102738 0.095710
v 0.176850 0.102738 0.176850
v 0.095710 0.102738 0.231065
v 0.000000 0.102738 0.254955
v -0.000000 0.195454 -0.211571
v 0.079418 0.195454 -0.191735
v 0.146746 0.195454 -0.146746
v 0.191733 0.195454 -0.079418
v 0.207530 0.195454 -0.000000
v 0.191733 0.195454 0.079418
v 0.146746 0.195454 0.146746
v 0.079418 0.195454 0.191733
v 0.000000 0.195454 0.211556
v -0.000000 0.228663 -0.207920
v 0.077971 0.228663 -0.188266
v 0.144072 0.228663 -0.144072
v 0.188239 0.228663 -0.077971
v 0.203748 0.228663 -0.000000
v 0.188239 0.228663 0.077971
v 0.144072 0.228663 0.144072
v 0.077971 0.228663 0.188239
v 0.000000 0.228663 0.207701
v -0.000000 0.241373 -0.214685
v 0.080234 0.241373 -0.193821
v 0.148253 0.241373 -0.148253
v 0.193701 0.241373 -0.080234
v 0.209661 0.241373 -0.000000
v 0.193701 0.241373 0.080234
v 0.148253 0.241373 0.148253
v 0.080234 0.241373 0.193701
v 0.000000 0.241373 0.213728
v -0.000000 0.262078 -0.181846
v 0.067993 0.262078 -0.164240
v 0.125634 0.262078 -0.125634
v 0.164149 0.262078 -0.067993
v 0.177674 0.262078 -0.000000
v 0.164149 0.262078 0.067993
v 0.125634 0.262078 0.125634
v 0.067993 0.262098 0.164078
v 0.000000 0.262241 0.180553
v 0.079255 0.071938 -0.191339
v 0.146445 0.071938 -0.146445
v 0.079255 0.071938 0.191339
v 0.000000 0.071938 0.211122
v 0.191339 0.071938 -0.079255
v 0.207104 0.071938 -0.000000
v 0.191339 0.071938 0.079255
v -0.000000 0.071938 -0.211122
v 0.146445 0.071938 0.146445
v 0.255798 0.040621 -0.000000
v 0.150975 0.269925 -0.062602
v 0.114962 0.269746 -0.115430
v 0.060672 0.270074 -0.150834
v -0.000000 0.269800 -0.166164
v 0.188134 0.247454 -0.077928
v 0.000000 0.247481 0.207491
v 0.077928 0.247454 -0.188276
v -0.000000 0.247454 -0.208721
v 0.230316 0.007456 -0.095400
v 0.230316 0.007456 0.095400
v 0.097890 0.040621 0.236326
v 0.000000 0.040621 0.260760
v 0.180876 0.040621 -0.180876
v 0.236326 0.040621 -0.097890
v 0.095400 0.007456 -0.230316
v 0.176276 0.007456 0.176276
v 0.000000 0.007456 0.254129
v 0.255798 0.018982 -0.000000
v -0.000000 0.018982 -0.260760
v 0.000000 0.018982 0.260760
v 0.180876 0.018982 0.180876
v 0.097890 0.018982 -0.236326
v 0.062432 0.270212 0.152174
v 0.115666 0.270011 0.116198
v 0.151361 0.269931 0.062457
v 0.163658 0.269988 -0.000127
v 0.188134 0.247454 0.077928
v 0.203635 0.247454 -0.000000
v -0.000000 0.007456 -0.254128
v 0.249292 0.007456 -0.000000
v 0.143992 0.247454 -0.143992
v 0.077928 0.247457 0.188123
v 0.143992 0.247454 0.143992
v 0.176276 0.007456 -0.176276
v 0.095400 0.007456 0.230316
v 0.236326 0.040621 0.097890
v -0.000000 0.040621 -0.260760
v 0.097890 0.040621 -0.236326
v 0.180876 0.040621 0.180876
v 0.097890 0.018982 0.236326
v 0.180876 0.018982 -0.180876
v 0.000000 0.270726 0.168376
v 0.236326 0.018982 0.097890
v 0.236326 0.018982 -0.097890
v 0.168975 0.152536 0.168975
v 0.091449 0.152536 0.220777
v 0.091449 0.152536 -0.220777
v 0.168975 0.152536 -0.168975
v 0.000000 0.152536 0.243603
v 0.220777 0.152536 -0.091449
v 0.238967 0.152536 -0.000000
v 0.220777 0.152536 0.091449
v -0.000000 0.152536 -0.243603
v 0.160277 0.283570 -0.068764
v 0.117909 0.282636 -0.122671
v 0.051580 0.284438 -0.165233
v -0.000000 0.278968 -0.178714
v 0.070008 0.285361 0.174019
v 0.126632 0.282682 0.129160
v 0.165253 0.281802 0.068441
v 0.178749 0.284297 -0.001681
v 0.000000 0.287068 0.194877
v -0.000000 0.000000 -0.130322
v 0.048923 0.000000 -0.118110
v 0.090398 0.000000 -0.090398
v 0.118110 0.000000 -0.048923
v 0.127842 0.000000 -0.000000
v 0.118110 0.000000 0.048923
v 0.090398 0.000000 0.090398
v 0.048923 0.000000 0.118110
v 0.000000 0.000000 0.130322
v -0.000000 0.000000 -0.062821
v 0.022668 0.000000 -0.057416
v 0.043438 0.000000 -0.043438
v 0.057519 0.000000 -0.022211
v 0.070626 0.000000 -0.000000
v 0.057519 0.000000 0.022211
v 0.043438 0.000000 0.043438
v 0.022668 0.000000 0.057416
v 0.000000 0.000000 0.062821
v 0.000000 0.000000 0.000000
v -0.000000 0.000000 -0.028691
v 0.032048 0.000000 -0.000000
v 0.000000 0.000000 0.028691
v 0.019500 0.000000 0.019015
v 0.019500 0.000000 -0.019015
v 0.021898 0.833796 0.216476
v 0.037350 0.843544 0.195008
v 0.029795 0.844615 0.202441
v 0.023750 0.841246 0.209725
v 0.023348 0.824606 0.219379
v 0.028341 0.818066 0.217162
v 0.036369 0.816679 0.210062
v 0.042595 0.820458 0.201537
v 0.045231 0.828424 0.194428
v 0.043057 0.837292 0.192149
v 0.019199 0.845713 0.211641
v 0.016637 0.835699 0.221258
v 0.018837 0.824039 0.226028
v 0.026624 0.813263 0.224039
v 0.039595 0.811664 0.212498
v 0.048007 0.816646 0.200991
v 0.050432 0.827437 0.191265
v 0.047372 0.839191 0.187580
v 0.039141 0.848927 0.191538
v 0.027696 0.850471 0.201856
v 0.009203 0.835784 0.222600
v 0.000000 0.835314 0.223126
v 0.000000 0.820342 0.229909
v 0.000000 0.809292 0.232478
v 0.010247 0.822787 0.228432
v 0.013525 0.810734 0.230416
v 0.000000 0.846577 0.213552
v 0.000000 0.854568 0.199058
v 0.010269 0.846633 0.212429
v 0.015682 0.854376 0.198153
v 0.038189 0.852860 0.180763
v 0.049498 0.838173 0.171182
v 0.053855 0.824559 0.179142
v 0.021631 0.828989 0.207046
v 0.031004 0.835466 0.193209
v 0.026048 0.834941 0.198058
v 0.023147 0.834477 0.204552
v 0.022502 0.823010 0.208367
v 0.026491 0.819337 0.209387
v 0.031275 0.818730 0.204547
v 0.036639 0.821067 0.199410
v 0.036499 0.825857 0.193809
v 0.033117 0.830716 0.191130
v 0.024573 0.827401 0.196372
v 0.026527 0.822179 0.198301
v 0.052081 0.806315 0.192541
v 0.040114 0.803436 0.209639
v 0.027412 0.802265 0.221511
v 0.013417 0.799547 0.227977
v 0.000000 0.797201 0.228735
v 0.055691 0.813778 0.171906
v 0.055647 0.803380 0.178636
v 0.055865 0.806654 0.160240
v 0.055780 0.797136 0.167828
v 0.000000 0.774285 0.212457
v 0.016120 0.775012 0.210578
v 0.056300 0.792213 0.153314
v 0.054280 0.787110 0.161421
v 0.055685 0.778396 0.148686
v 0.053640 0.775719 0.160103
v 0.055934 0.766003 0.148827
v 0.052624 0.763989 0.162736
v 0.050098 0.754318 0.172947
v 0.053060 0.750975 0.153692
v 0.055119 0.755490 0.140749
v 0.050473 0.744309 0.166490
v 0.044115 0.747227 0.186501
v 0.045690 0.737265 0.182771
v 0.036590 0.742767 0.200040
v 0.038039 0.732150 0.196222
v 0.018350 0.775217 0.209461
v 0.025829 0.740580 0.211192
v 0.012829 0.738653 0.216671
v 0.000000 0.735773 0.217715
v 0.000000 0.784151 0.214074
v 0.016958 0.787685 0.213788
v 0.019461 0.788299 0.212777
v 0.031502 0.791186 0.198932
v 0.040005 0.791857 0.182378
v 0.040708 0.791791 0.179626
v 0.043545 0.789264 0.168437
v 0.038975 0.778674 0.178708
v 0.043143 0.779920 0.163561
v 0.043309 0.775611 0.163469
v 0.044598 0.767613 0.167018
v 0.040558 0.760151 0.178510
v 0.039299 0.759286 0.180986
v 0.000000 0.769123 0.211976
v 0.000000 0.755507 0.211314
v 0.015740 0.769007 0.209529
v 0.017896 0.769060 0.208358
v 0.028691 0.770503 0.196216
v 0.038065 0.772205 0.181347
v 0.015155 0.755761 0.208617
v 0.017340 0.755699 0.207362
v 0.028298 0.756213 0.195065
v 0.038860 0.772570 0.178500
v 0.029372 0.777138 0.196942
v 0.038265 0.778433 0.181597
v 0.026189 0.728401 0.205885
v 0.012700 0.725676 0.210236
v 0.000000 0.723769 0.211503
v 0.000000 0.710426 0.196575
v 0.012419 0.711709 0.195984
v 0.024205 0.715187 0.193196
v 0.034842 0.720771 0.185785
v 0.041654 0.729071 0.176350
v 0.043306 0.733464 0.162360
v 0.044178 0.738139 0.149022
v 0.045779 0.740317 0.135942
v 0.054166 0.753017 0.121622
v 0.062719 0.747368 0.091894
v 0.000000 0.788897 0.219407
v 0.012614 0.791547 0.219364
v 0.025170 0.794588 0.214245
v 0.035520 0.796295 0.203005
v 0.042869 0.797065 0.189253
v 0.046335 0.796256 0.176819
v 0.047346 0.791970 0.168398
v 0.046984 0.782402 0.162796
v 0.046946 0.775421 0.162340
v 0.047073 0.766612 0.166056
v 0.045082 0.758578 0.174367
v 0.039096 0.753498 0.185782
v 0.000000 0.748147 0.214181
v 0.011548 0.749436 0.212654
v 0.022570 0.749763 0.206893
v 0.031797 0.750738 0.197224
v 0.064069 0.769452 0.062038
v 0.056515 0.780065 0.074373
v 0.070471 0.744443 0.074037
v 0.069972 0.757016 0.063804
v 0.046098 0.838937 0.190663
v 0.048655 0.828146 0.193518
v 0.046025 0.818861 0.202028
v 0.038568 0.814145 0.212101
v 0.012215 0.702951 0.173130
v 0.023187 0.709886 0.173796
v 0.068111 0.775641 0.044182
v 0.048337 0.739679 0.121674
v 0.049929 0.782376 0.134662
v 0.049441 0.791505 0.139467
v 0.045352 0.791586 0.120691
v 0.050555 0.792859 0.089437
v 0.055485 0.787081 0.074375
v 0.060146 0.781338 0.061111
v 0.029627 0.848591 0.202570
v 0.038968 0.847260 0.193742
v 0.051087 0.785557 0.088888
v 0.046158 0.784735 0.118288
v 0.056619 0.732596 0.093973
v 0.062234 0.725063 0.081267
v 0.028130 0.815933 0.221478
v 0.021314 0.824425 0.223983
v 0.019229 0.835274 0.219882
v 0.021701 0.844446 0.211215
v 0.072536 0.753719 0.048796
v 0.076706 0.736172 0.054447
v 0.068672 0.714295 0.070052
v 0.080556 0.721763 0.049114
v 0.072506 0.702734 0.060779
v 0.088533 0.705909 0.025380
v 0.086779 0.687882 0.027577
v 0.069951 0.765458 0.041956
v 0.051144 0.773072 0.138300
v 0.052679 0.767388 0.139638
v 0.052100 0.763571 0.133620
v 0.050794 0.761267 0.118804
v 0.058339 0.758009 0.092560
v 0.060172 0.768313 0.071479
v 0.055947 0.773319 0.078358
v 0.061485 0.758305 0.080468
v 0.063177 0.761080 0.072581
v 0.048355 0.774820 0.130487
v 0.051571 0.775972 0.089791
v 0.046463 0.775841 0.116644
v 0.000000 0.772570 0.211953
v 0.016906 0.772771 0.209052
v 0.018944 0.772895 0.207946
v 0.037552 0.776236 0.178477
v 0.040977 0.777973 0.165027
v 0.040979 0.776555 0.165057
v 0.000000 0.771547 0.211849
v 0.016814 0.771445 0.208770
v 0.018829 0.771525 0.207650
v 0.029168 0.773107 0.196276
v 0.036803 0.774548 0.181243
v 0.037450 0.774826 0.178415
v 0.029347 0.774583 0.196442
v 0.036908 0.775954 0.181305
v 0.075728 0.770174 0.019624
v 0.082835 0.773963 -0.002918
v 0.088744 0.772038 -0.024009
v 0.093785 0.764068 -0.040683
v 0.098758 0.734726 -0.047711
v 0.097556 0.722514 -0.038785
v 0.094784 0.707369 -0.008415
v 0.092076 0.704764 0.009221
v 0.075706 0.778293 0.023445
v 0.083988 0.786134 -0.001541
v 0.088517 0.787265 -0.027753
v 0.089460 0.785376 -0.062136
v 0.093224 0.757806 -0.073097
v 0.094909 0.733750 -0.065959
v 0.094216 0.714936 -0.052743
v 0.097376 0.750452 -0.048781
v 0.089538 0.688513 0.005202
v 0.090125 0.693136 -0.016444
v 0.096030 0.713318 -0.025054
v 0.091394 0.702004 -0.036614
v 0.068133 0.746906 0.030252
v 0.071010 0.735363 0.030702
v 0.074525 0.725918 0.026880
v 0.080105 0.717953 0.017369
v 0.067950 0.755850 0.024887
v 0.071039 0.760567 0.011058
v 0.075651 0.761829 -0.005389
v 0.082602 0.758402 -0.020243
v 0.089414 0.752614 -0.030112
v 0.093717 0.736366 -0.033169
v 0.093728 0.728248 -0.027949
v 0.090126 0.718126 -0.005510
v 0.084478 0.716994 0.007290
v 0.093770 0.745797 -0.035996
v 0.092706 0.721947 -0.017953
v 0.073551 0.728775 0.014352
v 0.068574 0.745069 0.014328
v 0.070557 0.748512 0.005027
v 0.074527 0.749271 -0.006026
v 0.080058 0.746383 -0.015515
v 0.086332 0.741327 -0.022749
v 0.088393 0.732918 -0.020411
v 0.082954 0.728219 -0.004753
v 0.077963 0.727711 0.004941
v 0.086428 0.730147 -0.013466
v 0.070322 0.734413 0.019686
v 0.068494 0.740929 0.019612
v 0.084323 0.711601 0.038970
v 0.079103 0.693337 0.047619
v 0.078334 0.719660 0.025440
v 0.044924 0.842461 0.152177
v 0.037378 0.854670 0.157565
v 0.035764 0.855805 0.133642
v 0.043273 0.843715 0.132173
v 0.043906 0.845698 0.113582
v 0.045894 0.847384 0.097625
v 0.048419 0.849174 0.083083
v 0.051668 0.834808 0.078857
v 0.036385 0.856980 0.115051
v 0.036535 0.858445 0.097229
v 0.036621 0.860055 0.077566
v 0.036044 0.861484 0.058814
v 0.046558 0.800385 0.141474
v 0.044709 0.809542 0.140343
v 0.043929 0.816361 0.135325
v 0.043663 0.820336 0.109310
v 0.047117 0.819744 0.095426
v 0.050484 0.818513 0.084424
v 0.050242 0.807238 0.081380
v 0.047751 0.815865 0.153887
v 0.044035 0.821963 0.141635
v 0.044929 0.828897 0.110582
v 0.048185 0.828704 0.096825
v 0.050491 0.829157 0.086678
v 0.050892 0.818475 0.164562
v 0.050362 0.824733 0.167479
v 0.047585 0.828867 0.161165
v 0.043790 0.831744 0.147956
v 0.043069 0.833836 0.130737
v 0.044535 0.836232 0.112088
v 0.047568 0.836872 0.097296
v 0.049468 0.837056 0.088875
v 0.043011 0.818463 0.123800
v 0.043657 0.826302 0.126996
v 0.046104 0.793158 0.105394
v 0.052044 0.736964 0.107822
v 0.046848 0.785965 0.103943
v 0.057310 0.750552 0.106067
v 0.048099 0.776048 0.103231
v 0.054260 0.759289 0.104928
v 0.046054 0.808954 0.092476
v 0.041618 0.809255 0.106705
v 0.040329 0.807866 0.122219
v 0.043801 0.800254 0.106161
v 0.048264 0.800007 0.090622
v 0.052465 0.796593 0.078129
v 0.042540 0.798732 0.121602
v 0.046166 0.857169 0.067267
v 0.053976 0.841518 0.066343
v 0.045527 0.861264 0.046371
v 0.037497 0.862275 0.038360
v 0.050862 0.861534 0.029322
v 0.043205 0.861270 0.018194
v 0.059681 0.859706 0.013610
v 0.052363 0.861023 0.002728
v 0.065034 0.858244 -0.009745
v 0.069529 0.852888 0.001574
v 0.077374 0.845724 -0.016927
v 0.078376 0.841306 -0.006007
v 0.083673 0.833985 -0.024109
v 0.084603 0.825749 -0.013293
v 0.088697 0.823194 -0.035629
v 0.086467 0.817234 -0.024989
v 0.087050 0.805596 -0.028027
v 0.089425 0.807373 -0.047812
v 0.054981 0.824981 0.067814
v 0.052488 0.821179 0.076637
v 0.053483 0.808329 0.073270
v 0.055853 0.795767 0.068791
v 0.056162 0.812606 0.066006
v 0.058726 0.802000 0.061815
v 0.061900 0.794659 0.054832
v 0.066201 0.791988 0.045310
v 0.070742 0.793221 0.034133
v 0.055915 0.850425 0.054228
v 0.061188 0.852666 0.042609
v 0.068432 0.851028 0.029873
v 0.075137 0.844896 0.020891
v 0.079727 0.835516 0.015922
v 0.082924 0.824957 0.013736
v 0.076046 0.797034 0.022925
v 0.083059 0.814389 0.013492
v 0.087211 0.810766 -0.010782
v 0.055604 0.833878 0.057785
v 0.055488 0.823935 0.059195
v 0.056378 0.814290 0.057421
v 0.058327 0.807341 0.055823
v 0.060127 0.804247 0.050618
v 0.063847 0.801965 0.043997
v 0.066578 0.801700 0.036583
v 0.057699 0.841810 0.051811
v 0.062672 0.845056 0.042822
v 0.068628 0.843631 0.033740
v 0.073109 0.839125 0.027341
v 0.075806 0.831607 0.023272
v 0.076902 0.824369 0.022262
v 0.069676 0.803934 0.029113
v 0.076152 0.816868 0.022985
v 0.054868 0.831029 0.053420
v 0.054631 0.822333 0.054409
v 0.056211 0.811198 0.051376
v 0.062684 0.826884 0.051454
v 0.060646 0.806034 0.044559
v 0.064531 0.804263 0.038147
v 0.057463 0.838224 0.049650
v 0.062140 0.841228 0.041847
v 0.068149 0.840406 0.034726
v 0.071962 0.836688 0.029645
v 0.073993 0.830392 0.026061
v 0.075265 0.824205 0.025571
v 0.068227 0.805949 0.031651
v 0.074477 0.818035 0.026334
v 0.062196 0.821038 0.051721
v 0.063238 0.815938 0.049839
v 0.065378 0.812862 0.046559
v 0.068248 0.811953 0.042800
v 0.064576 0.831783 0.049286
v 0.068228 0.833874 0.045806
v 0.072126 0.833581 0.041572
v 0.074887 0.830454 0.037627
v 0.076174 0.823622 0.035097
v 0.064877 0.821667 0.047202
v 0.070923 0.812671 0.039203
v 0.065191 0.824952 0.047070
v 0.011433 0.860325 0.179283
v 0.025165 0.859078 0.173831
v 0.000000 0.859263 0.178988
v 0.000000 0.861191 0.158403
v 0.022508 0.860988 0.158673
v 0.007542 0.862340 0.159176
v 0.000000 0.861387 0.136964
v 0.006120 0.862681 0.137429
v 0.020659 0.862043 0.135588
v 0.000000 0.860794 0.113544
v 0.021175 0.862282 0.115269
v 0.006533 0.861882 0.114515
v 0.022566 0.862719 0.095689
v 0.007513 0.861578 0.094195
v 0.000000 0.861150 0.094178
v 0.024575 0.862526 0.073744
v 0.009384 0.862690 0.073125
v 0.000003 0.861946 0.073126
v 0.026686 0.862891 0.055032
v 0.012991 0.865212 0.055268
v 0.000015 0.865483 0.055283
v 0.030014 0.863595 0.035804
v 0.015675 0.866704 0.035901
v 0.000003 0.867685 0.036470
v 0.018250 0.869013 0.009659
v 0.000000 0.870318 0.015161
v 0.034254 0.864043 0.014928
v 0.015121 0.878028 -0.006660
v -0.000000 0.880823 -0.003949
v -0.000000 0.893747 -0.020833
v -0.000000 0.906480 -0.037338
v -0.000000 0.914640 -0.057605
v 0.014966 0.889459 -0.023299
v 0.015494 0.902401 -0.039108
v 0.016299 0.910918 -0.057421
v 0.041893 0.864419 -0.002957
v 0.026872 0.870432 -0.009077
v 0.021556 0.875606 -0.012353
v 0.031550 0.872306 -0.027789
v 0.023343 0.880870 -0.026535
v 0.034852 0.875174 -0.043520
v 0.025392 0.889113 -0.042209
v 0.026792 0.895854 -0.058229
v 0.037333 0.877101 -0.059234
v 0.050311 0.864845 -0.021407
v 0.057473 0.866397 -0.038646
v 0.059568 0.868310 -0.058811
v 0.075103 0.859338 -0.027756
v 0.080270 0.850438 -0.024684
v 0.082689 0.859653 -0.042470
v 0.039481 0.876503 -0.077682
v 0.089862 0.861307 -0.061153
v 0.061729 0.867589 -0.077626
v 0.070012 0.865936 -0.049716
v 0.072887 0.868116 -0.063588
v 0.074868 0.869042 -0.079912
v 0.091283 0.863854 -0.081023
v 0.092196 0.864574 -0.103904
v 0.075605 0.869006 -0.101117
v 0.063185 0.866097 -0.098510
v 0.041020 0.873837 -0.099512
v 0.041487 0.869134 -0.119614
v 0.063457 0.864450 -0.118058
v 0.075834 0.867815 -0.122836
v 0.091886 0.863153 -0.127156
v 0.091353 0.861806 -0.148876
v -0.000000 0.916867 -0.077918
v -0.000000 0.910558 -0.102438
v 0.017669 0.913567 -0.078045
v 0.029724 0.897498 -0.077602
v 0.019300 0.907053 -0.102931
v 0.030968 0.892475 -0.101286
v -0.000000 0.900168 -0.126474
v 0.031577 0.883758 -0.122782
v 0.020778 0.897130 -0.126009
v 0.075361 0.864876 -0.143770
v 0.063475 0.861735 -0.135497
v 0.042420 0.862723 -0.134477
v 0.032698 0.873073 -0.140026
v 0.022150 0.884716 -0.143757
v -0.000000 0.887364 -0.143122
v 0.090943 0.857963 -0.164265
v 0.075249 0.858811 -0.162227
v 0.063723 0.854969 -0.147563
v 0.090462 0.849975 -0.169186
v 0.075917 0.848891 -0.168630
v 0.064392 0.841311 -0.152875
v 0.043262 0.854117 -0.146653
v 0.034356 0.860974 -0.154730
v 0.023176 0.869506 -0.160290
v -0.000000 0.870560 -0.160990
v 0.044130 0.839058 -0.154671
v 0.023520 0.849611 -0.174778
v -0.000000 0.850550 -0.175921
v 0.034444 0.842947 -0.165016
v 0.085620 0.845491 -0.031530
v 0.092822 0.836677 -0.044256
v 0.095376 0.818904 -0.053262
v 0.096517 0.811324 -0.067887
v 0.091592 0.800205 -0.067019
v 0.087790 0.796024 -0.047679
v 0.087477 0.796477 -0.028566
v 0.080474 0.804352 0.016775
v 0.086534 0.798956 -0.007958
v 0.073053 0.809411 0.024798
v 0.072206 0.810979 0.028015
v 0.073763 0.816193 0.036557
v 0.078640 0.825851 -0.155515
v 0.082765 0.815672 -0.141457
v 0.093617 0.801033 -0.102580
v 0.095612 0.809638 -0.102508
v 0.092322 0.798278 -0.084361
v 0.095130 0.807619 -0.084097
v 0.090834 0.806758 -0.121227
v 0.089284 0.829240 -0.153855
v 0.091780 0.821285 -0.139797
v 0.094810 0.814238 -0.120343
v 0.094519 0.850339 -0.068459
v 0.095703 0.855540 -0.082895
v 0.096556 0.856841 -0.105107
v 0.096277 0.856929 -0.127428
v 0.096312 0.856510 -0.147353
v 0.096372 0.854848 -0.158832
v 0.096277 0.849442 -0.160141
v 0.094939 0.837094 -0.063270
v 0.096258 0.823959 -0.065950
v 0.095282 0.817274 -0.073255
v 0.095366 0.816292 -0.100234
v 0.094666 0.814123 -0.084930
v 0.094967 0.834433 -0.147007
v 0.095886 0.828558 -0.133195
v 0.096227 0.821793 -0.116310
v 0.089891 0.843140 -0.071935
v 0.089860 0.845858 -0.083858
v 0.092645 0.847073 -0.106739
v 0.094354 0.849024 -0.127740
v 0.095535 0.849613 -0.146332
v 0.090533 0.834910 -0.068112
v 0.090753 0.825925 -0.069827
v 0.088435 0.820480 -0.075162
v 0.089695 0.821954 -0.095096
v 0.088683 0.818255 -0.084788
v 0.093674 0.835336 -0.129201
v 0.092955 0.829031 -0.112759
v 0.094434 0.838388 -0.140924
v 0.086035 0.839431 -0.093658
v 0.086299 0.829835 -0.097036
v 0.088805 0.839860 -0.164436
v 0.077117 0.837673 -0.165730
v 0.094787 0.842076 -0.155711
v 0.094458 0.844036 -0.144336
v 0.093542 0.842136 -0.128326
v 0.091589 0.837628 -0.109138
v 0.083699 0.834290 -0.093438
v 0.083594 0.835162 -0.071719
v 0.081511 0.836296 -0.076268
v 0.085092 0.832409 -0.069602
v 0.084792 0.828095 -0.070201
v 0.082513 0.826265 -0.072716
v 0.079145 0.826568 -0.082602
v 0.080664 0.825071 -0.078085
v 0.079127 0.835205 -0.081454
v 0.079087 0.829235 -0.085754
v 0.078764 0.833043 -0.084977
v 0.065469 0.819017 0.046161
v 0.066521 0.817343 0.044377
v 0.068055 0.816887 0.042313
v 0.066221 0.827720 0.045843
v 0.068235 0.828909 0.044045
v 0.070309 0.828756 0.041730
v 0.071816 0.826941 0.039456
v 0.072375 0.823215 0.038289
v 0.069544 0.817262 0.040393
v 0.071141 0.819256 0.038863
v 0.063148 0.821962 0.044714
v 0.063363 0.824467 0.044596
v 0.063327 0.820386 0.043630
v 0.064332 0.819232 0.042052
v 0.065709 0.818870 0.040206
v 0.063795 0.826123 0.043374
v 0.065415 0.826856 0.041777
v 0.067137 0.826699 0.039769
v 0.068450 0.825362 0.037821
v 0.069332 0.822983 0.037126
v 0.067006 0.818969 0.038481
v 0.068493 0.820016 0.037543
v 0.065459 0.806262 0.039822
v 0.061599 0.807994 0.045511
v 0.075238 0.819318 0.028874
v 0.074886 0.828947 0.028627
v 0.059384 0.836374 0.049617
v 0.056851 0.829765 0.052862
v 0.069017 0.807672 0.034092
v 0.063797 0.839100 0.042993
v 0.056501 0.821782 0.053654
v 0.069355 0.838521 0.036627
v 0.057943 0.812720 0.050984
v 0.073386 0.834936 0.031907
v 0.072863 0.812343 0.030701
v 0.075459 0.824234 0.027416
v 0.034194 0.720451 0.170215
v 0.033972 0.728808 0.153964
v 0.036052 0.735009 0.135560
v 0.038616 0.735839 0.119830
v 0.041776 0.733374 0.106417
v 0.044727 0.728485 0.092620
v 0.045337 0.721500 0.079635
v 0.047543 0.710658 0.070131
v 0.051633 0.696850 0.060886
v 0.061785 0.681340 0.047924
v 0.073122 0.674142 0.025867
v 0.077806 0.676475 0.001222
v 0.079651 0.681389 -0.021711
v 0.082631 0.693867 -0.043843
v 0.086869 0.709633 -0.061663
v 0.090262 0.731475 -0.075677
v 0.091292 0.758039 -0.084952
v 0.020640 0.721848 0.156509
v 0.008627 0.718512 0.157875
v 0.000000 0.717297 0.158371
v 0.022247 0.733720 0.134598
v 0.023898 0.735416 0.116709
v 0.024948 0.732357 0.102851
v 0.025855 0.726422 0.089510
v 0.026416 0.719000 0.078869
v 0.027775 0.708049 0.072019
v 0.031231 0.690378 0.069029
v 0.008388 0.729831 0.135693
v 0.009775 0.732380 0.116393
v 0.010118 0.730038 0.101693
v 0.010833 0.724989 0.088936
v 0.011697 0.716947 0.079535
v 0.012492 0.704854 0.075351
v 0.014093 0.685790 0.075813
v 0.000000 0.729477 0.136062
v 0.000000 0.732020 0.116565
v 0.000000 0.729740 0.101505
v 0.000000 0.724856 0.089378
v 0.000000 0.715952 0.080651
v 0.000000 0.703288 0.077100
v 0.000000 0.684614 0.078353
v 0.066112 0.825568 -0.152428
v 0.044568 0.819046 -0.159144
v -0.000000 0.807773 -0.201658
v 0.025486 0.806088 -0.199360
v 0.037504 0.799945 -0.183097
v 0.045075 0.796891 -0.164726
v 0.059680 0.799446 -0.152142
v 0.073273 0.820005 -0.150452
v 0.075197 0.806986 -0.141508
v 0.074874 0.775980 -0.141755
v 0.059514 0.772851 -0.155506
v 0.045819 0.773776 -0.169322
v 0.037272 0.776851 -0.189322
v 0.025543 0.783100 -0.208993
v 0.045354 0.745969 -0.172355
v 0.059174 0.744015 -0.157607
v 0.074683 0.742912 -0.142110
v 0.088175 0.796093 -0.121550
v 0.087762 0.771540 -0.122912
v 0.092007 0.789159 -0.102441
v 0.090305 0.785601 -0.083699
v 0.092928 0.764277 -0.103860
v 0.085484 0.741624 -0.121992
v 0.090408 0.737546 -0.100167
v 0.083978 0.708008 -0.085617
v 0.076450 0.707691 -0.113514
v 0.069901 0.706967 -0.140840
v 0.057615 0.707663 -0.158251
v 0.044106 0.709974 -0.173605
v 0.037234 0.715967 -0.196731
v 0.025818 0.725082 -0.223084
v 0.079508 0.681998 -0.061963
v 0.070977 0.670482 -0.096277
v 0.068932 0.661516 -0.133359
v 0.058187 0.659178 -0.153923
v 0.042984 0.658531 -0.170707
v 0.035668 0.661229 -0.193672
v 0.024612 0.664854 -0.220362
v 0.073822 0.613026 -0.117596
v 0.085270 0.568539 -0.093229
v 0.098089 0.520348 -0.072717
v 0.107013 0.466639 -0.065358
v 0.114356 0.412970 -0.070482
v 0.130073 0.363017 -0.078596
v 0.151429 0.323171 -0.077988
v 0.079124 0.649082 -0.029574
v 0.086013 0.608170 0.000022
v 0.098790 0.561970 0.022028
v 0.119421 0.507045 0.043589
v 0.146596 0.446148 0.058793
v 0.172958 0.381314 0.053004
v 0.182918 0.334208 0.018907
v 0.071830 0.630835 -0.072752
v 0.079141 0.586449 -0.044758
v 0.090090 0.539807 -0.024046
v 0.106031 0.486157 -0.009370
v 0.124173 0.426928 -0.005840
v 0.146580 0.367997 -0.018191
v 0.172385 0.323188 -0.030828
v 0.069085 0.636219 0.041354
v 0.075131 0.653010 0.005437
v 0.087947 0.584247 0.055027
v 0.105743 0.528938 0.082551
v 0.125388 0.470669 0.107788
v 0.146079 0.414339 0.124422
v 0.144354 0.378501 0.147903
v 0.111133 0.370463 0.182379
v 0.148055 0.341524 0.142890
v 0.176497 0.336258 0.087063
v 0.172242 0.363373 0.097589
v 0.044111 0.651839 0.069647
v 0.033963 0.615312 0.096060
v 0.033179 0.567108 0.130956
v 0.038578 0.511838 0.170620
v 0.045368 0.456294 0.208793
v 0.051780 0.417942 0.223464
v 0.070807 0.381788 0.213773
v 0.064443 0.617443 0.059773
v 0.072728 0.587461 0.068638
v 0.083680 0.536193 0.094911
v 0.098111 0.480278 0.123904
v 0.107967 0.434028 0.144708
v 0.104821 0.409900 0.160002
v 0.096629 0.396509 0.175618
v 0.053498 0.623448 0.068861
v 0.049995 0.599945 0.083090
v 0.050271 0.552235 0.113049
v 0.057439 0.497873 0.147005
v 0.064545 0.452339 0.174894
v 0.068820 0.426126 0.187583
v 0.077098 0.404862 0.190619
v 0.000000 0.647423 0.089300
v 0.000000 0.615972 0.106656
v 0.000000 0.568313 0.144064
v 0.000000 0.513007 0.188085
v 0.000000 0.454694 0.228581
v 0.000000 0.400916 0.244356
v 0.020225 0.650160 0.082046
v 0.017540 0.617081 0.103719
v 0.017246 0.568808 0.140913
v 0.020003 0.513761 0.183808
v 0.024585 0.456626 0.224072
v 0.027419 0.416023 0.233719
v 0.000000 0.351698 0.238749
v 0.034857 0.375014 0.217830
v 0.000000 0.315635 0.221430
v 0.018912 0.330761 0.226179
v 0.030890 0.311478 0.211424
v 0.090032 0.326889 0.191353
v 0.088706 0.351954 0.200746
v 0.116564 0.347186 0.179286
v 0.062348 0.313526 0.194213
v 0.049431 0.346452 0.203764
v 0.108925 0.318114 0.173130
v 0.141951 0.312267 0.137701
v 0.173810 0.309156 0.081810
v 0.184003 0.307906 0.027041
v 0.059377 0.604588 -0.141767
v 0.066294 0.556875 -0.121749
v 0.074435 0.509372 -0.103098
v 0.079252 0.459432 -0.095253
v 0.084678 0.408475 -0.100910
v 0.094097 0.362252 -0.113875
v 0.107306 0.323786 -0.122152
v 0.041045 0.600529 -0.159354
v 0.041425 0.550862 -0.141809
v 0.044526 0.502776 -0.124554
v 0.048777 0.457418 -0.117249
v 0.050791 0.407174 -0.124345
v 0.054325 0.361648 -0.140891
v 0.056590 0.324476 -0.156999
v 0.032905 0.599091 -0.180723
v 0.031305 0.547024 -0.164078
v 0.033387 0.498175 -0.147398
v 0.037232 0.456937 -0.141183
v 0.038662 0.409882 -0.146505
v 0.041311 0.368110 -0.162265
v 0.040969 0.331877 -0.185953
v 0.034400 0.300159 -0.207695
v 0.023349 0.598966 -0.202930
v 0.023161 0.545460 -0.185977
v 0.023077 0.495590 -0.167333
v 0.024169 0.456531 -0.161127
v 0.025135 0.413392 -0.164746
v 0.026701 0.375671 -0.179351
v 0.026901 0.342369 -0.208829
v 0.023798 0.314409 -0.238467
v -0.000000 0.785492 -0.211885
v -0.000000 0.727794 -0.228706
v -0.000000 0.666594 -0.229773
v -0.000000 0.599550 -0.211817
v -0.000000 0.544685 -0.194492
v -0.000000 0.495134 -0.174412
v -0.000000 0.456530 -0.167336
v -0.000000 0.415269 -0.169559
v -0.000000 0.378171 -0.184301
v -0.000000 0.346306 -0.214249
v -0.000000 0.313120 -0.250793
v -0.000000 0.293640 -0.213452
v 0.035745 0.310015 -0.180067
v 0.030228 0.320807 -0.209676
v 0.014656 0.326480 -0.224359
v 0.032954 0.315714 -0.196169
v 0.024880 0.324646 -0.219998
v 0.036056 0.324232 -0.173872
v 0.030689 0.333672 -0.197005
v -0.000000 0.327311 -0.225741
v 0.014866 0.339245 -0.207383
v 0.033399 0.329064 -0.187060
v 0.025258 0.337339 -0.204308
v -0.000000 0.340270 -0.208344
v 0.036436 0.347357 -0.163239
v 0.031133 0.354131 -0.179133
v 0.014363 0.359355 -0.188369
v 0.034090 0.350717 -0.171974
v 0.025683 0.357581 -0.185531
v 0.036255 0.362474 -0.155091
v 0.031003 0.368401 -0.169277
v -0.000000 0.360292 -0.189427
v 0.014248 0.372511 -0.178068
v 0.033998 0.365617 -0.162838
v 0.025507 0.371154 -0.175271
v -0.000000 0.373171 -0.179266
v 0.033800 0.387673 -0.144056
v 0.029258 0.392579 -0.159537
v 0.013726 0.395549 -0.167968
v 0.031829 0.390360 -0.152436
v 0.024078 0.394536 -0.165328
v 0.033173 0.405411 -0.138382
v 0.028739 0.408447 -0.154845
v -0.000000 0.396089 -0.169032
v 0.013542 0.410556 -0.163643
v 0.031207 0.407163 -0.147288
v 0.023718 0.409721 -0.160938
v -0.000000 0.411170 -0.164654
v 0.031468 0.436486 -0.132535
v 0.027441 0.437509 -0.151138
v 0.012833 0.438077 -0.159924
v 0.029675 0.437018 -0.141983
v 0.022674 0.438059 -0.157152
v 0.031133 0.453976 -0.131299
v 0.027180 0.453567 -0.150466
v -0.000000 0.438127 -0.161075
v 0.012740 0.453460 -0.159759
v 0.029359 0.453838 -0.141060
v 0.022492 0.453545 -0.156718
v -0.000000 0.453494 -0.161195
v 0.030208 0.480710 -0.133489
v 0.025536 0.478890 -0.151893
v 0.012627 0.478075 -0.161802
v 0.028310 0.479822 -0.143048
v 0.020976 0.478308 -0.158441
v 0.029185 0.497120 -0.137250
v 0.024960 0.494346 -0.155361
v -0.000000 0.478073 -0.163519
v 0.012570 0.493298 -0.165504
v 0.027391 0.495623 -0.146563
v 0.020760 0.493550 -0.161994
v -0.000000 0.493243 -0.167403
v 0.026403 0.527254 -0.147825
v 0.023260 0.524705 -0.164923
v 0.012373 0.524098 -0.174495
v 0.024987 0.525736 -0.157134
v 0.019539 0.524209 -0.171163
v 0.026109 0.543711 -0.153817
v 0.023176 0.541693 -0.171188
v -0.000000 0.524022 -0.176373
v 0.012427 0.541121 -0.181378
v 0.024754 0.542468 -0.163121
v 0.019586 0.541427 -0.177792
v -0.000000 0.540912 -0.183454
v 0.026263 0.576625 -0.164419
v 0.023228 0.575157 -0.180053
v 0.012656 0.574813 -0.190555
v 0.025051 0.575758 -0.172366
v 0.019287 0.575055 -0.186575
v 0.026602 0.595701 -0.170300
v 0.023479 0.595090 -0.186017
v -0.000000 0.574564 -0.192907
v 0.012652 0.595348 -0.196750
v 0.025453 0.595337 -0.178217
v 0.019345 0.595246 -0.192690
v -0.000000 0.595671 -0.199147
v 0.027027 0.634824 -0.180483
v 0.024888 0.635593 -0.198027
v 0.012265 0.636512 -0.209121
v 0.027426 0.654266 -0.183630
v 0.025218 0.656593 -0.202367
v 0.026070 0.634996 -0.189315
v 0.019518 0.636143 -0.205247
v -0.000000 0.637010 -0.211323
v 0.012371 0.658613 -0.214253
v 0.026477 0.655181 -0.192881
v 0.019733 0.657789 -0.210260
v -0.000000 0.658906 -0.216294
v 0.026672 0.696400 -0.206899
v 0.029097 0.691849 -0.186647
v 0.013427 0.699728 -0.219586
v 0.029298 0.709281 -0.187034
v 0.026873 0.715221 -0.207056
v 0.028080 0.694061 -0.196825
v 0.021768 0.698753 -0.215675
v -0.000000 0.699890 -0.221065
v 0.013531 0.719637 -0.218719
v 0.028276 0.711999 -0.197168
v 0.021949 0.718261 -0.215447
v -0.000000 0.720182 -0.219431
v 0.028750 0.844408 -0.162727
v -0.000000 0.849581 -0.171405
v 0.020429 0.848843 -0.170506
v -0.000000 0.865318 -0.159662
v 0.020263 0.864489 -0.159112
v 0.028708 0.858586 -0.154638
v 0.028750 0.852004 -0.158952
v 0.030131 0.842458 -0.158573
v -0.000000 0.857769 -0.165655
v 0.020344 0.857087 -0.164971
v 0.012451 0.849620 -0.171520
v 0.025430 0.847010 -0.167484
v 0.029904 0.855398 -0.151456
v 0.028850 0.819132 -0.174527
v 0.026210 0.821088 -0.179911
v 0.021756 0.822781 -0.184344
v -0.000000 0.823637 -0.186333
v 0.013465 0.823531 -0.186026
v 0.029541 0.802195 -0.181233
v 0.022146 0.806212 -0.193317
v -0.000000 0.807521 -0.195103
v 0.013660 0.807189 -0.195106
v 0.026791 0.804285 -0.187943
v 0.030968 0.800657 -0.174060
v 0.029232 0.810737 -0.178110
v 0.021993 0.814314 -0.189139
v -0.000000 0.815303 -0.191372
v 0.030264 0.817568 -0.168534
v 0.013586 0.815112 -0.191019
v 0.026551 0.812643 -0.184205
v 0.030635 0.809164 -0.171376
v 0.013345 0.828382 -0.189975
v -0.000000 0.828519 -0.190369
v 0.024548 0.827417 -0.187809
v 0.031469 0.824796 -0.182102
v 0.035842 0.821748 -0.174466
v 0.037405 0.749669 -0.194039
v 0.014231 0.758340 -0.220900
v 0.013857 0.796008 -0.206761
v -0.000000 0.796633 -0.206772
v 0.025515 0.794594 -0.204176
v 0.032776 0.791599 -0.196446
v 0.037388 0.788398 -0.186209
v -0.000000 0.758983 -0.221530
v 0.026067 0.756788 -0.217082
v 0.033110 0.753420 -0.206887
v 0.027253 0.766033 -0.200575
v 0.031463 0.761834 -0.182264
v 0.014090 0.769250 -0.209979
v 0.031482 0.771299 -0.180699
v 0.027142 0.775377 -0.197955
v 0.029835 0.763978 -0.191691
v 0.022659 0.768173 -0.207458
v 0.031402 0.751326 -0.183530
v -0.000000 0.769796 -0.210319
v 0.013981 0.778793 -0.206359
v 0.029809 0.773281 -0.189676
v 0.022495 0.777637 -0.204248
v -0.000000 0.779399 -0.206378
v 0.029865 0.753259 -0.193151
v 0.014121 0.759399 -0.213019
v -0.000000 0.759873 -0.213482
v 0.022715 0.758256 -0.210206
v 0.027320 0.755775 -0.202697
v 0.011931 0.889063 -0.134182
v 0.023704 0.882505 -0.132814
v 0.028052 0.872395 -0.129611
v 0.011723 0.894065 -0.126598
v 0.023407 0.887271 -0.125022
v 0.027841 0.875922 -0.122610
v 0.026222 0.878230 -0.131555
v 0.019158 0.887152 -0.133985
v -0.000000 0.889607 -0.133891
v 0.012115 0.883451 -0.141069
v 0.024044 0.877374 -0.139921
v 0.028342 0.868618 -0.135850
v -0.000000 0.894628 -0.126594
v 0.026005 0.882578 -0.124000
v 0.018823 0.892086 -0.126206
v 0.026535 0.873639 -0.138428
v 0.019472 0.881700 -0.141055
v -0.000000 0.883915 -0.140523
v 0.021734 0.901827 -0.080072
v 0.026196 0.887670 -0.079931
v 0.017140 0.905149 -0.089895
v 0.024685 0.894073 -0.089259
v 0.026842 0.884674 -0.097869
v 0.022473 0.897117 -0.099370
v 0.010022 0.903992 -0.099838
v -0.000000 0.909669 -0.080151
v -0.000000 0.904690 -0.099500
v 0.016746 0.907064 -0.080251
v 0.024290 0.895523 -0.080044
v 0.017536 0.901925 -0.099889
v 0.024892 0.891559 -0.098734
v 0.008396 0.901479 -0.040380
v 0.008577 0.908484 -0.056380
v 0.021945 0.882960 -0.044588
v 0.018476 0.894289 -0.042461
v 0.018941 0.900949 -0.056604
v 0.022725 0.886488 -0.057354
v 0.020595 0.892376 -0.049968
v -0.000000 0.902530 -0.039750
v -0.000000 0.909281 -0.056519
v 0.014718 0.899156 -0.041215
v 0.015061 0.906202 -0.056367
v 0.020333 0.889232 -0.043533
v 0.020929 0.894809 -0.056788
v 0.008638 0.872921 0.006003
v 0.021194 0.872067 -0.003032
v 0.026218 0.873579 -0.018830
v 0.029401 0.877617 -0.035877
v 0.031695 0.882104 -0.051048
v 0.033979 0.884192 -0.067802
v 0.036073 0.882472 -0.088735
v 0.036850 0.877458 -0.110956
v 0.037509 0.870129 -0.128973
v 0.038739 0.861515 -0.143236
v 0.039629 0.848809 -0.154237
v 0.040194 0.830060 -0.161385
v 0.041377 0.808569 -0.167874
v 0.042379 0.786409 -0.173897
v 0.042419 0.761703 -0.178213
v 0.041838 0.731229 -0.180929
v 0.040764 0.687294 -0.180739
v 0.038682 0.629251 -0.173589
v 0.036708 0.573769 -0.158634
v 0.037589 0.524654 -0.140627
v 0.041536 0.479190 -0.127820
v 0.044424 0.432762 -0.127753
v 0.046636 0.384703 -0.140059
v 0.048712 0.344782 -0.158823
v 0.048477 0.307161 -0.175546
v 0.022978 0.290113 -0.182538
v 0.016466 0.872167 0.003080
v 0.000000 0.873628 0.007906
v 0.024088 0.872426 -0.010181
v 0.027888 0.875363 -0.027791
v 0.030692 0.879983 -0.043493
v 0.032696 0.883624 -0.058998
v 0.035214 0.883807 -0.077650
v 0.036603 0.880313 -0.100141
v 0.037067 0.874023 -0.120719
v 0.038093 0.865912 -0.136288
v 0.039300 0.856095 -0.149368
v 0.039877 0.840013 -0.158142
v 0.040665 0.819421 -0.164463
v 0.042044 0.797549 -0.171168
v 0.042473 0.774632 -0.176199
v 0.042209 0.747332 -0.179827
v 0.041343 0.711761 -0.181305
v 0.039932 0.659300 -0.178433
v 0.037458 0.599842 -0.166795
v 0.036672 0.549288 -0.149710
v 0.039273 0.500933 -0.132843
v 0.043535 0.457206 -0.125981
v 0.045145 0.407910 -0.132618
v 0.048093 0.363531 -0.149115
v 0.048753 0.326608 -0.168021
v 0.042450 0.295613 -0.178304
v -0.000000 0.288673 -0.185178
v 0.008737 0.870698 0.011228
v 0.022982 0.870345 -0.001007
v 0.028642 0.871835 -0.018611
v 0.032337 0.874702 -0.035909
v 0.035030 0.877828 -0.051148
v 0.037322 0.878895 -0.067954
v 0.039289 0.877204 -0.088520
v 0.040167 0.873173 -0.110304
v 0.040801 0.867134 -0.127912
v 0.041809 0.859619 -0.141534
v 0.042688 0.847736 -0.151981
v 0.043323 0.829635 -0.158130
v 0.043919 0.808219 -0.163390
v 0.044718 0.785847 -0.168904
v 0.044900 0.760901 -0.172847
v 0.044012 0.729970 -0.175232
v 0.042892 0.686233 -0.174944
v 0.041115 0.629238 -0.167949
v 0.039821 0.574662 -0.152940
v 0.041401 0.526070 -0.134578
v 0.045455 0.480016 -0.121416
v 0.048465 0.432534 -0.121348
v 0.051015 0.383677 -0.134066
v 0.053896 0.343341 -0.151879
v 0.055041 0.304834 -0.165679
v 0.024480 0.286322 -0.175298
v 0.036161 0.878750 -0.059174
v 0.043055 0.839300 -0.155548
v 0.043581 0.819141 -0.160489
v 0.044308 0.797058 -0.166354
v 0.044559 0.746314 -0.174244
v 0.017799 0.869810 0.007996
v 0.000000 0.871155 0.013327
v 0.026168 0.870936 -0.009356
v 0.030624 0.873079 -0.027789
v 0.033800 0.876390 -0.043513
v 0.038402 0.878349 -0.077674
v 0.039903 0.875474 -0.099671
v 0.040370 0.870370 -0.119893
v 0.041326 0.863529 -0.134935
v 0.042261 0.854617 -0.147339
v 0.044973 0.773993 -0.171060
v 0.043408 0.710425 -0.175552
v 0.042212 0.658726 -0.172660
v 0.040138 0.600356 -0.161235
v 0.040223 0.550464 -0.143806
v 0.043198 0.502310 -0.126650
v 0.047452 0.457364 -0.119456
v 0.049364 0.407360 -0.126436
v 0.052749 0.362124 -0.142970
v 0.054608 0.325015 -0.159785
v 0.049272 0.290792 -0.168957
v -0.000000 0.284950 -0.178685
v 0.006348 0.789351 0.217674
v 0.018804 0.792511 0.215754
v 0.029815 0.795209 0.207591
v 0.038337 0.796472 0.195019
v 0.046080 0.786987 0.165149
v 0.045969 0.778521 0.162096
v 0.006234 0.750009 0.212621
v 0.016782 0.750383 0.209119
v 0.043323 0.796606 0.181885
v 0.026259 0.750558 0.201387
v 0.034642 0.752114 0.191089
v 0.041742 0.755641 0.179822
v 0.045578 0.794707 0.171813
v 0.046471 0.771274 0.163888
v 0.046040 0.762196 0.169902
v 0.000000 0.787997 0.217305
v 0.012568 0.790818 0.217379
v 0.024705 0.794089 0.212569
v 0.034528 0.795970 0.201510
v 0.041261 0.796692 0.188387
v 0.044702 0.796012 0.176148
v 0.046017 0.791947 0.168330
v 0.045990 0.781841 0.162871
v 0.046101 0.775506 0.162533
v 0.046608 0.766585 0.166299
v 0.044505 0.758438 0.174482
v 0.038278 0.753601 0.185499
v 0.000000 0.749462 0.213142
v 0.011482 0.750376 0.211485
v 0.021361 0.750341 0.205694
v 0.030685 0.751120 0.196438
vn -0.1223 -0.9891 -0.0817
vn -0.1443 -0.9891 -0.0287
vn -0.1443 -0.9891 0.0287
vn -0.1223 -0.9891 0.0817
vn -0.0354 -0.9893 -0.1413
vn -0.0817 -0.9891 0.1223
vn -0.0817 -0.9891 -0.1223
vn -0.0615 0.9674 0.2458
vn -0.2108 0.9673 -0.1408
vn -0.2486 0.9673 -0.0495
vn -0.2486 0.9673 0.0495
vn -0.2108 0.9673 0.1408
vn -0.0615 0.9674 -0.2458
vn -0.1408 0.9673 0.2108
vn -0.1408 0.9673 -0.2108
vn -0.5544 0.0662 -0.8296
vn -0.2433 0.0643 0.9678
vn -0.8296 0.0662 -0.5544
vn -0.9786 0.0662 -0.1947
vn -0.9786 0.0662 0.1947
vn -0.8296 0.0662 0.5544
vn -0.2433 0.0643 -0.9678
vn -0.5544 0.0662 0.8296
vn -0.5445 0.1986 0.8149
vn -0.5445 0.1986 -0.8149
vn -0.2373 0.1997 0.9507
vn -0.8149 0.1986 -0.5445
vn -0.9612 0.1986 -0.1912
vn -0.9612 0.1986 0.1912
vn -0.8149 0.1986 0.5445
vn -0.2373 0.1997 -0.9507
vn -0.5532 0.0918 0.8280
vn -0.5533 0.0918 -0.8279
vn -0.2417 0.0913 0.9660
vn -0.8280 0.0918 -0.5532
vn -0.9766 0.0918 -0.1943
vn -0.9766 0.0918 0.1943
vn -0.8280 0.0918 0.5532
vn -0.2427 0.0883 -0.9661
vn -0.4970 -0.4470 0.7438
vn -0.4974 -0.4471 -0.7434
vn -0.2172 -0.4454 0.8686
vn -0.7438 -0.4470 -0.4970
vn -0.8774 -0.4470 -0.1745
vn -0.8774 -0.4470 0.1745
vn -0.7438 -0.4470 0.4970
vn -0.2196 -0.4668 -0.8566
vn -0.2120 0.5480 -0.8092
vn -0.4616 0.5563 0.6909
vn -0.4626 0.5564 -0.6902
vn -0.2002 0.5623 0.8024
vn -0.6909 0.5563 -0.4617
vn -0.8150 0.5563 -0.1621
vn -0.8150 0.5563 0.1621
vn -0.6909 0.5563 0.4617
vn -0.3247 -0.8114 -0.4860
vn -0.1413 -0.8129 0.5650
vn -0.4860 -0.8114 -0.3247
vn -0.5733 -0.8114 -0.1140
vn -0.5733 -0.8114 0.1140
vn -0.4860 -0.8114 0.3247
vn -0.1413 -0.8129 -0.5650
vn -0.3247 -0.8114 0.4860
vn -0.7433 -0.4482 0.4967
vn -0.4969 0.4472 -0.7437
vn -0.2159 0.4524 -0.8653
vn -0.2735 0.8704 0.4095
vn -0.1239 0.8719 -0.4738
vn -0.4094 0.8704 0.2736
vn -0.7437 0.4472 -0.4969
vn -0.7437 0.4472 0.4969
vn -0.4829 0.8704 -0.0961
vn -0.9808 -0.0000 0.1951
vn -0.1179 0.8713 0.4764
vn -0.8773 0.4472 0.1745
vn -0.8768 -0.4482 0.1744
vn -0.4094 0.8704 -0.2736
vn -0.2741 0.8704 -0.4090
vn -0.2158 -0.4534 0.8648
vn -0.4829 0.8704 0.0961
vn -0.4969 0.4472 0.7437
vn -0.2158 -0.4534 -0.8648
vn -0.4967 -0.4482 -0.7433
vn -0.7433 -0.4482 -0.4967
vn -0.2159 0.4524 0.8653
vn -0.8773 0.4472 -0.1745
vn -0.2425 -0.0000 0.9701
vn -0.1588 0.7644 0.6249
vn -0.5556 -0.0000 -0.8315
vn -0.8315 -0.0000 0.5556
vn -0.2425 -0.0000 -0.9701
vn -0.4501 0.8409 0.3005
vn -0.4967 -0.4482 0.7433
vn -0.2689 0.8767 -0.3987
vn -0.8768 -0.4482 -0.1744
vn -0.8315 -0.0000 -0.5556
vn -0.5556 -0.0000 0.8315
vn -0.9808 -0.0000 -0.1951
vn -0.5214 0.8469 -0.1039
vn -0.4196 0.8628 -0.2819
vn -0.5278 0.8428 0.1057
vn -0.1229 0.8706 -0.4764
vn -0.3194 0.8216 0.4723
vn -0.4483 0.5907 0.6709
vn -0.4483 0.5907 -0.6709
vn -0.1958 0.5901 0.7832
vn -0.6709 0.5907 -0.4483
vn -0.7914 0.5907 -0.1574
vn -0.7914 0.5907 0.1574
vn -0.6709 0.5907 0.4483
vn -0.1959 0.5900 -0.7833
vn -0.7130 -0.6830 -0.1586
vn -0.4647 -0.3986 -0.7907
vn -0.3222 -0.8118 0.4870
vn -0.2166 -0.6835 -0.6971
vn -0.5106 -0.7908 0.3376
vn -0.6448 -0.6136 -0.4558
vn -0.1289 -0.8469 0.5158
vn -0.6269 -0.7721 0.1042
vn -0.0032 -0.9999 0.0126
vn -0.0111 -0.9999 -0.0074
vn -0.0131 -0.9999 -0.0026
vn -0.0131 -0.9999 0.0026
vn -0.0111 -0.9999 0.0074
vn -0.0032 -0.9999 -0.0126
vn -0.0074 -0.9999 0.0111
vn -0.0074 -0.9999 -0.0111
vn -0.0000 -1.0000 -0.0000
vn -0.0354 -0.9893 0.1413
vn -0.6994 0.1700 0.6942
vn -0.7509 0.3343 0.5696
vn -0.8014 0.3222 0.5039
vn -0.7829 0.4814 0.3941
vn -0.5307 0.7219 0.4441
vn -0.3427 0.7346 0.5856
vn -0.2703 0.5946 0.7572
vn -0.3953 0.3028 0.8672
vn -0.5579 0.1567 0.8150
vn -0.5903 0.6125 0.5257
vn -0.1681 0.4070 0.8978
vn -0.0204 0.4078 0.9128
vn -0.3315 0.1806 0.9260
vn -0.1175 0.2217 0.9680
vn -0.1519 0.6698 0.7268
vn -0.0564 0.6675 0.7425
vn -0.1353 0.8417 0.5227
vn -0.0405 0.8662 0.4980
vn -0.1489 -0.3200 0.9356
vn -0.2660 0.9544 0.1356
vn -0.9893 0.1185 -0.0851
vn 0.0075 0.9243 0.3815
vn -0.8144 -0.4053 0.4154
vn 0.1919 0.7043 0.6834
vn -0.5919 -0.5282 0.6088
vn 0.1827 0.2627 0.9474
vn -0.9786 -0.1716 0.1137
vn -0.7454 0.6614 -0.0830
vn -0.9201 -0.2168 0.3263
vn -0.9127 0.3019 0.2753
vn -0.4810 0.8498 0.2155
vn -0.0187 0.8391 0.5436
vn -0.2369 0.5281 0.8155
vn -0.6346 -0.1970 0.7473
vn -0.7983 0.5854 0.1418
vn -0.9345 0.3312 0.1306
vn -0.9363 0.1182 0.3306
vn -0.8303 -0.1381 0.5400
vn -0.6670 -0.1438 0.7311
vn -0.4566 -0.1667 0.8739
vn -0.1390 -0.2506 0.9580
vn -0.9778 0.0858 0.1911
vn -0.9995 0.0118 0.0281
vn -0.2890 -0.0980 0.9523
vn -0.9928 -0.1072 0.0539
vn -0.9741 -0.0940 0.2059
vn -0.9675 -0.0508 0.2476
vn -0.9823 -0.1412 0.1229
vn -0.9825 -0.0650 0.1743
vn -0.9467 -0.0600 0.3164
vn -0.8713 -0.0178 0.4904
vn 0.1391 -0.5930 0.7931
vn -0.2115 -0.6184 0.7569
vn -0.8234 -0.4960 0.2757
vn -0.6517 -0.5373 0.5353
vn 0.3063 -0.1659 0.9374
vn -0.2012 -0.2499 0.9471
vn -0.9534 -0.1837 0.2394
vn -0.6713 -0.1911 0.7161
vn 0.2680 -0.0488 0.9622
vn -0.0415 0.3134 0.9487
vn -0.2139 -0.0802 0.9736
vn -0.9641 -0.0498 0.2609
vn -0.3489 0.4385 0.8283
vn -0.6049 -0.7524 0.2609
vn -0.5994 -0.0710 0.7973
vn -0.5695 0.5452 0.6151
vn -0.6248 0.5719 0.5316
vn -0.9801 -0.1374 0.1432
vn -0.9669 0.1104 0.2301
vn -0.6042 0.5541 0.5727
vn -0.4918 -0.4056 0.7705
vn -0.4919 -0.7608 0.4233
vn -0.4406 0.2690 0.8564
vn -0.5997 0.4884 0.6339
vn -0.8573 -0.4799 0.1862
vn -0.5839 0.4112 0.7000
vn -0.1120 0.0884 0.9898
vn -0.9038 0.3961 0.1620
vn -0.8817 0.3626 0.3020
vn 0.1810 -0.6933 0.6975
vn -0.9376 -0.1823 0.2959
vn -0.8765 0.2772 0.3936
vn -0.1615 -0.4315 0.8875
vn -0.3855 -0.3735 0.8437
vn -0.6929 -0.1984 0.6932
vn -0.1426 -0.7176 0.6817
vn -0.3492 -0.6696 0.6555
vn -0.6178 -0.5969 0.5119
vn -0.8313 -0.5108 0.2191
vn -0.8571 -0.5145 -0.0246
vn -0.8349 -0.5404 -0.1046
vn -0.8368 -0.5471 -0.0225
vn -0.1427 -0.0813 0.9864
vn -0.1611 -0.7377 0.6556
vn -0.4085 -0.6847 0.6036
vn -0.5520 -0.6920 0.4653
vn -0.5942 -0.7409 0.3130
vn 0.2616 0.2379 0.9354
vn -0.1823 0.4232 0.8875
vn -0.7629 -0.6359 0.1169
vn -0.8683 0.3484 0.3531
vn -0.5832 0.2979 0.7557
vn -0.7718 0.5224 0.3626
vn -0.4270 -0.5041 0.7507
vn -0.6925 -0.5968 0.4054
vn -0.3804 0.4003 0.8337
vn -0.5940 0.5024 0.6283
vn -0.7838 -0.6154 -0.0839
vn -0.8691 -0.2944 0.3975
vn -0.4503 0.5524 0.7015
vn -0.6314 0.4079 0.6595
vn -0.1209 -0.9162 0.3821
vn -0.3796 -0.8865 0.2645
vn -0.6905 0.0905 0.7177
vn -0.7472 0.4746 0.4652
vn -0.5243 0.4005 0.7515
vn -0.8333 -0.2332 0.5012
vn -0.6829 0.3899 0.6178
vn -0.7806 0.3445 0.5215
vn -0.6317 0.3140 0.7088
vn -0.9083 0.1553 -0.3884
vn -0.4352 0.5977 0.6733
vn -0.6496 0.3979 0.6478
vn -0.9601 0.1918 -0.2037
vn -0.9633 0.0338 0.2664
vn -0.9517 0.0860 0.2946
vn -0.9305 0.2393 0.2773
vn -0.8654 -0.1119 0.4884
vn -0.9602 0.2233 0.1676
vn -0.9380 -0.0781 0.3378
vn -0.8736 -0.0125 0.4866
vn -0.9094 0.2915 0.2968
vn -0.9095 0.4046 0.0952
vn -0.8881 0.1966 0.4154
vn -0.8216 0.4247 0.3802
vn -0.9178 -0.0321 -0.3958
vn -0.9936 0.0744 0.0852
vn -0.9492 0.1866 -0.2535
vn -0.8893 0.3618 0.2799
vn -0.9236 0.0833 -0.3743
vn -0.9370 0.0786 0.3404
vn -0.9565 0.2668 -0.1181
vn -0.8062 0.4270 0.4095
vn -0.9830 -0.0026 -0.1834
vn -0.9051 0.3252 0.2739
vn -0.9402 0.2238 -0.2569
vn -0.8827 0.3688 0.2912
vn -0.8953 0.3664 0.2533
vn -0.8982 0.3672 0.2414
vn -0.8789 -0.4684 0.0898
vn -0.9553 0.2749 -0.1087
vn -0.0632 -0.1055 0.9924
vn -0.5764 -0.2068 0.7906
vn -0.9201 -0.1586 0.3581
vn -0.7685 -0.1498 0.6221
vn -0.9860 -0.0676 0.1522
vn -0.9609 -0.0138 0.2766
vn -0.5887 0.7547 0.2897
vn -0.5798 -0.5643 0.5877
vn -0.4779 -0.1275 0.8691
vn 0.1717 0.5412 0.8232
vn -0.8905 -0.4477 0.0812
vn -0.0944 -0.1757 0.9799
vn -0.6995 -0.7060 0.1113
vn -0.9578 -0.0604 0.2811
vn -0.9497 -0.1466 0.2769
vn -0.9724 -0.0612 0.2253
vn -0.9802 0.1840 0.0737
vn -0.9745 0.2140 -0.0679
vn -0.9814 0.0406 -0.1878
vn -0.9692 -0.1773 -0.1710
vn -0.9803 -0.1199 0.1567
vn -0.9688 -0.2468 0.0217
vn -0.9487 -0.3077 -0.0733
vn -0.9537 -0.2901 -0.0789
vn -0.9490 0.1262 0.2889
vn -0.8961 -0.4353 0.0862
vn -0.9244 0.0961 0.3691
vn -0.9878 0.0077 -0.1557
vn -0.9428 0.2649 0.2023
vn -0.8196 -0.5452 0.1763
vn -0.9587 0.1860 0.2153
vn -0.8483 0.4423 0.2912
vn -0.9343 0.2075 -0.2900
vn -0.8283 -0.4166 0.3746
vn -0.7831 0.5930 0.1874
vn -0.9099 0.3674 -0.1924
vn -0.8747 -0.0877 0.4766
vn -0.9419 0.1066 0.3185
vn -0.8021 0.5971 0.0093
vn -0.7917 0.4857 0.3705
vn -0.9458 -0.1682 0.2777
vn -0.7352 0.5396 0.4104
vn -0.8661 -0.0602 0.4962
vn -0.8962 0.2848 0.3402
vn -0.8016 0.1029 0.5890
vn -0.8505 0.3060 0.4278
vn -0.9985 0.0482 0.0251
vn -0.8421 0.4045 0.3568
vn -0.9798 -0.1332 0.1492
vn -0.9658 0.2505 -0.0667
vn -0.8396 0.1488 0.5225
vn -0.9141 0.4052 -0.0139
vn -0.9312 0.2797 0.2338
vn -0.8243 0.3613 0.4359
vn -0.8317 0.3727 0.4115
vn -0.8531 0.3365 0.3987
vn -0.8385 0.5361 0.0978
vn -0.7801 0.5498 0.2985
vn -0.8872 -0.0995 0.4504
vn -0.8768 0.4612 -0.1363
vn -0.8251 0.5633 -0.0442
vn -0.8497 0.5258 -0.0386
vn -0.8500 0.5221 0.0704
vn -0.8047 0.5809 0.1226
vn -0.7025 0.6990 0.1340
vn -0.8222 0.3068 -0.4795
vn -0.8186 0.4641 -0.3383
vn -0.8491 0.2991 -0.4354
vn -0.9762 0.1019 -0.1912
vn -0.9912 -0.1267 0.0384
vn -0.9580 -0.1665 0.2334
vn -0.9611 -0.1064 0.2550
vn -0.9074 0.2806 -0.3127
vn -0.9456 0.1313 -0.2977
vn -0.9658 0.0358 -0.2570
vn -0.9581 0.0160 0.2861
vn -0.9653 0.1700 0.1982
vn -0.9780 0.1050 0.1803
vn -0.9986 0.0019 0.0521
vn -0.9959 -0.0526 -0.0739
vn -0.9274 0.2100 -0.3096
vn -0.9616 0.1433 -0.2341
vn -0.9995 0.0001 -0.0331
vn -0.9974 0.0697 -0.0161
vn -0.9954 0.0397 0.0867
vn -0.9745 0.0429 0.2203
vn -0.9740 0.0645 0.2171
vn -0.9020 -0.3327 0.2751
vn -0.9407 0.1354 0.3111
vn -0.9633 0.0700 0.2592
vn -0.9125 0.3764 0.1600
vn -0.9327 0.3262 0.1536
vn -0.9929 0.1042 0.0570
vn -0.9387 0.3307 0.0975
vn -0.9790 0.0776 0.1887
vn -0.9276 -0.1481 0.3429
vn -0.9708 -0.2378 0.0311
vn -0.9732 -0.1497 -0.1745
vn -0.9410 -0.1998 0.2733
vn -0.9382 0.2002 0.2822
vn -0.9020 0.3827 -0.1999
vn -0.9559 0.1729 -0.2375
vn -0.9644 0.2415 0.1077
vn -0.9317 0.2581 0.2554
vn -0.9442 0.2331 0.2328
vn -0.9289 0.3122 0.1993
vn -0.4563 0.8726 0.1743
vn -0.1469 0.9843 0.0983
vn -0.0257 0.9993 -0.0278
vn -0.0736 0.9968 -0.0326
vn -0.4279 0.9038 0.0008
vn -0.7761 0.6171 0.1301
vn -0.9214 0.3664 0.1295
vn -0.9727 0.1358 0.1882
vn -0.9856 -0.0454 0.1630
vn -0.9975 -0.0458 0.0546
vn -0.9795 -0.0024 0.2017
vn -0.9498 0.0260 0.3117
vn -0.9480 -0.0595 0.3126
vn -0.9302 0.0677 0.3607
vn -0.9476 0.1554 0.2791
vn -0.9155 0.0404 0.4003
vn -0.9179 0.0292 0.3957
vn -0.9125 0.0827 0.4006
vn -0.9248 0.0772 0.3726
vn -0.7418 0.5984 0.3028
vn -0.5397 0.7973 0.2704
vn -0.5378 0.8208 0.1927
vn -0.6913 0.7172 0.0878
vn -0.8560 0.5146 0.0498
vn -0.9514 0.3071 0.0237
vn -0.9920 0.1258 -0.0101
vn -0.9310 -0.0143 0.3649
vn -0.9997 0.0229 -0.0047
vn -0.9907 0.1058 0.0855
vn -0.9075 -0.2383 0.3458
vn -0.9731 0.0084 0.2301
vn -0.8564 0.1988 0.4765
vn -0.7747 -0.0319 0.6315
vn -0.8861 0.2964 0.3563
vn -0.7231 0.1303 0.6783
vn -0.8802 0.0986 0.4642
vn -0.8596 0.0941 0.5022
vn -0.9953 0.0809 0.0527
vn -0.8539 0.1682 0.4925
vn -0.8605 0.3211 0.3955
vn -0.8053 0.3238 0.4966
vn -0.9399 0.2828 0.1915
vn -0.9718 0.2189 0.0871
vn -0.9986 -0.0422 0.0311
vn -0.7786 0.1181 0.6163
vn -0.8617 -0.2525 0.4401
vn -0.8796 -0.2377 0.4120
vn -0.8719 0.1632 0.4618
vn -0.7857 -0.0959 0.6111
vn -0.9010 -0.0521 0.4307
vn -0.8421 0.0695 0.5348
vn -0.3455 0.2824 0.8949
vn -0.8845 0.0559 0.4632
vn -0.7917 0.5295 0.3048
vn -0.9869 -0.0371 -0.1567
vn -0.8669 0.0901 0.4903
vn -0.9667 -0.2320 0.1079
vn -0.9709 0.1471 -0.1892
vn -0.6094 -0.5550 0.5662
vn -0.8465 -0.0969 0.5235
vn -0.8112 0.5432 0.2165
vn -0.9128 0.4006 -0.0799
vn -0.8248 -0.5265 0.2061
vn -0.4706 0.5832 0.6621
vn -0.5228 0.0807 0.8486
vn -0.7361 -0.6137 0.2855
vn -0.5474 0.7189 0.4283
vn -0.5256 -0.1645 0.8347
vn -0.9523 -0.3001 0.0561
vn -0.7962 0.5737 0.1921
vn -0.5877 -0.3868 0.7106
vn -0.9713 0.2346 -0.0402
vn -0.3173 0.9147 0.2503
vn 0.0163 0.9619 0.2731
vn -0.2124 0.9428 0.2571
vn -0.4137 0.9069 0.0796
vn -0.1151 0.9888 0.0947
vn 0.1376 0.9851 0.1034
vn -0.3889 0.9212 0.0149
vn -0.0644 0.9977 0.0214
vn 0.1996 0.9797 0.0161
vn 0.2095 0.9772 -0.0352
vn -0.0036 0.9999 -0.0159
vn -0.3603 0.9317 0.0452
vn 0.0978 0.9952 0.0012
vn 0.0671 0.9977 -0.0078
vn -0.3141 0.9472 0.0638
vn 0.0753 0.9960 0.0484
vn 0.0403 0.9990 0.0173
vn -0.2392 0.9704 0.0333
vn 0.0314 0.9846 0.1717
vn -0.1494 0.9883 0.0303
vn -0.0893 0.9917 0.0929
vn -0.0488 0.9938 0.1003
vn -0.2008 0.9760 0.0848
vn -0.1224 0.9916 0.0424
vn -0.0775 0.9903 0.1154
vn -0.2363 0.9708 0.0403
vn -0.2233 0.9717 0.0773
vn -0.2172 0.8671 0.4482
vn -0.2828 0.7764 0.5632
vn -0.3039 0.7354 0.6056
vn -0.5192 0.7855 0.3368
vn -0.6741 0.6361 0.3754
vn -0.6610 0.6969 0.2783
vn -0.2815 0.9451 0.1657
vn -0.2446 0.9611 0.1283
vn -0.7581 0.5020 0.4162
vn -0.7621 0.5631 0.3195
vn -0.4690 0.8378 0.2796
vn -0.3143 0.9362 0.1576
vn -0.3105 0.9295 0.1992
vn -0.3481 0.9278 0.1338
vn -0.2480 0.9593 0.1354
vn -0.2669 0.9395 0.2147
vn -0.2874 0.9335 0.2144
vn -0.7093 0.5209 0.4748
vn -0.3250 0.9155 0.2373
vn -0.1225 0.9840 0.1290
vn -0.3702 0.9289 -0.0034
vn 0.0444 0.9990 0.0051
vn -0.3121 0.9457 0.0912
vn -0.3510 0.9341 -0.0647
vn 0.1821 0.9824 -0.0423
vn -0.2811 0.9593 0.0277
vn -0.2596 0.9639 -0.0600
vn 0.2734 0.9600 -0.0603
vn -0.2775 0.9530 -0.1218
vn -0.1995 0.9722 0.1225
vn -0.7935 0.5887 0.1543
vn -0.8861 0.4409 0.1427
vn -0.5675 0.8170 -0.1020
vn -0.5824 0.7333 0.3508
vn -0.1563 0.9089 -0.3865
vn -0.7751 0.5938 -0.2160
vn -0.8593 0.4907 -0.1445
vn -0.1219 0.7222 -0.6809
vn -0.4160 0.8089 -0.4154
vn -0.1239 0.9588 -0.2555
vn 0.3218 0.9378 -0.1299
vn -0.2109 0.9713 -0.1101
vn -0.0497 0.9570 -0.2857
vn 0.5482 0.7692 -0.3282
vn 0.0537 0.5234 -0.8504
vn 0.8216 0.2201 -0.5258
vn -0.0654 0.7324 -0.6777
vn -0.7033 0.5661 -0.4300
vn -0.7661 0.5445 -0.3414
vn 0.0271 0.8427 -0.5377
vn 0.0162 0.4086 -0.9126
vn -0.3381 0.4622 -0.8198
vn -0.7779 0.5007 0.3798
vn -0.8564 0.2147 0.4696
vn -0.8694 0.3878 0.3061
vn -0.9038 0.0659 0.4229
vn -0.9082 -0.1689 0.3830
vn -0.8905 -0.3799 0.2505
vn -0.9871 0.1575 0.0286
vn -0.9941 -0.0069 0.1079
vn -0.9689 -0.1258 0.2130
vn -0.7330 -0.0555 0.6780
vn -0.8871 -0.2470 0.3899
vn -0.6417 -0.1448 0.7532
vn -0.6792 -0.6116 -0.4057
vn -0.9388 -0.2914 -0.1839
vn -0.9716 -0.2363 0.0102
vn -0.9353 -0.3516 0.0399
vn -0.0565 -0.3152 -0.9473
vn -0.9764 -0.1466 0.1583
vn -0.9843 -0.1629 0.0674
vn -0.3941 -0.7158 -0.5764
vn -0.8000 0.2328 -0.5531
vn -0.8790 -0.3748 -0.2948
vn -0.7227 0.6703 -0.1684
vn -0.9895 0.0841 0.1177
vn -0.8108 0.5845 -0.0303
vn -0.9598 -0.2289 -0.1622
vn -0.9984 -0.0567 -0.0058
vn -0.9036 0.3904 0.1761
vn -0.8711 0.4897 -0.0375
vn -0.9999 0.0113 -0.0040
vn -0.8088 -0.4148 -0.4169
vn -0.9976 0.0555 0.0412
vn -0.8945 0.4436 0.0545
vn -0.9753 0.1639 0.1479
vn -0.9854 0.1150 -0.1255
vn -0.9995 0.0202 0.0233
vn -0.9983 -0.0548 0.0208
vn -0.8708 -0.4797 -0.1075
vn -0.9449 0.2992 0.1328
vn -0.8119 -0.1936 -0.5507
vn -0.8949 -0.4450 0.0343
vn -0.5288 0.8235 -0.2055
vn -0.6615 0.1916 -0.7250
vn -0.9506 -0.3101 0.0159
vn -0.8867 0.3989 0.2336
vn -0.5351 0.5205 -0.6654
vn -0.9855 -0.1668 0.0313
vn -0.6955 0.6862 0.2130
vn -0.9793 0.1919 0.0642
vn -0.9872 -0.1505 0.0527
vn -0.9917 -0.0975 0.0842
vn -0.2403 -0.6503 -0.7207
vn -0.7819 -0.4090 -0.4705
vn -0.9830 -0.1775 0.0462
vn -0.9973 0.0131 0.0720
vn -0.9960 0.0360 0.0814
vn -0.8964 0.2432 0.3705
vn -0.8772 -0.4364 0.2002
vn -0.8523 -0.1295 0.5068
vn -0.7058 -0.7077 0.0309
vn -0.7459 0.4750 0.4670
vn -0.8217 -0.4412 0.3608
vn -0.5751 0.7794 -0.2484
vn -0.4741 -0.3417 -0.8115
vn -0.1955 0.1562 -0.9682
vn -0.7017 -0.6429 -0.3072
vn -0.6764 0.6982 0.2345
vn -0.3221 0.5775 -0.7502
vn -0.8543 0.0345 0.5186
vn -0.9803 0.0364 -0.1942
vn -0.7291 0.0127 -0.6843
vn -0.9088 -0.0007 -0.4173
vn -0.8832 -0.0319 -0.4680
vn -0.8565 0.0212 0.5158
vn -0.4846 0.2409 0.8409
vn -0.8014 0.0999 0.5897
vn -0.6798 0.0186 0.7332
vn -0.7141 -0.2311 0.6608
vn -0.7787 0.0974 0.6197
vn -0.7076 -0.2336 0.6668
vn -0.8615 -0.0094 0.5077
vn -0.6032 -0.0783 0.7937
vn -0.7061 -0.2445 0.6645
vn -0.8622 -0.0613 0.5028
vn 0.2734 -0.3511 0.8956
vn -0.5491 -0.8325 0.0740
vn 0.0945 0.6945 0.7132
vn -0.5176 0.8323 0.1984
vn -0.3295 0.8507 0.4096
vn -0.7976 -0.0989 -0.5951
vn -0.7527 -0.5003 -0.4281
vn 0.3708 0.2461 0.8955
vn -0.7889 0.3930 -0.4723
vn -0.3401 -0.8709 0.3547
vn -0.7273 0.6654 -0.1680
vn -0.0839 -0.7604 0.6440
vn -0.9774 -0.0598 0.2030
vn -0.7736 -0.0500 0.6318
vn -0.5054 -0.0035 0.8629
vn -0.7712 -0.0951 0.6294
vn -0.7869 -0.1158 0.6062
vn -0.5795 -0.5733 0.5792
vn -0.8113 -0.5713 0.1243
vn -0.5815 0.5668 0.5836
vn -0.2943 0.0520 0.9543
vn -0.7273 -0.5879 0.3542
vn -0.5946 0.6707 0.4434
vn -0.3264 -0.2457 0.9127
vn -0.9400 -0.3302 -0.0856
vn -0.7407 0.6636 0.1046
vn -0.4581 -0.4889 0.7423
vn -0.9298 0.3462 -0.1250
vn -0.9674 0.2035 -0.1509
vn -0.9791 -0.1336 -0.1535
vn -0.9938 0.0331 -0.1062
vn -0.6416 -0.7607 0.0990
vn -0.6333 -0.7155 -0.2948
vn -0.5387 -0.8315 -0.1357
vn -0.3913 -0.9170 0.0775
vn -0.3038 -0.9170 0.2583
vn -0.2951 -0.8789 0.3748
vn -0.1850 -0.8297 0.5267
vn -0.0949 -0.6494 0.7545
vn -0.1425 -0.5838 0.7993
vn -0.9569 -0.0838 -0.2780
vn -0.8387 -0.3586 -0.4098
vn -0.7699 -0.5607 -0.3048
vn -0.7716 -0.6037 -0.2007
vn -0.7450 -0.6569 -0.1160
vn -0.7075 -0.7042 0.0593
vn -0.5874 -0.6821 0.4355
vn -0.3261 -0.6202 0.7134
vn -0.9863 -0.1546 0.0573
vn -0.4598 -0.7388 -0.4927
vn -0.2476 -0.7367 -0.6292
vn -0.1344 -0.6182 -0.7745
vn -0.2338 -0.8953 -0.3791
vn -0.0429 -0.9974 -0.0576
vn 0.0022 -0.9797 0.2002
vn -0.0090 -0.9272 0.3744
vn -0.0485 -0.8576 0.5121
vn -0.0965 -0.5866 0.8041
vn -0.2603 -0.2988 0.9181
vn -0.1888 -0.8714 -0.4527
vn -0.2417 -0.9666 -0.0857
vn -0.1633 -0.9660 0.2002
vn -0.0881 -0.9150 0.3936
vn -0.0975 -0.7775 0.6213
vn -0.1871 -0.4067 0.8942
vn -0.3017 -0.0162 0.9533
vn -0.0427 -0.8849 -0.4638
vn -0.0241 -0.9920 -0.1239
vn -0.0316 -0.9874 0.1547
vn -0.0176 -0.9281 0.3719
vn -0.0803 -0.7234 0.6858
vn -0.1508 -0.2823 0.9474
vn -0.1352 0.0391 0.9900
vn -0.8139 0.2114 -0.5411
vn -0.1591 0.1177 -0.9802
vn -0.7655 0.3353 -0.5492
vn -0.1026 0.5258 -0.8444
vn 0.7177 -0.1769 -0.6735
vn -0.5566 0.2905 -0.7783
vn -0.4988 0.0760 -0.8634
vn -0.4618 0.0243 -0.8866
vn -0.0444 0.1978 -0.9792
vn 0.2309 -0.5718 -0.7873
vn -0.3088 -0.6570 -0.6877
vn -0.4430 -0.3511 -0.8249
vn -0.6900 0.1338 -0.7114
vn -0.9212 0.0951 -0.3774
vn -0.7239 0.0516 -0.6880
vn -0.5960 0.1101 -0.7954
vn -0.6171 0.0517 -0.7852
vn -0.7335 -0.3663 -0.5725
vn -0.8236 0.0076 -0.5671
vn -0.6832 0.0267 -0.7297
vn -0.9594 -0.1689 -0.2257
vn -0.9958 0.0794 -0.0444
vn -0.9744 0.0271 -0.2231
vn -0.9943 0.0294 0.1025
vn -0.9972 -0.0680 0.0315
vn -0.9588 -0.1013 -0.2654
vn -0.8426 -0.0295 -0.5377
vn -0.9707 -0.2272 -0.0782
vn -0.9110 0.0551 -0.4087
vn -0.9516 -0.0040 -0.3072
vn -0.7409 -0.0091 -0.6715
vn -0.7539 -0.0428 -0.6556
vn -0.9064 -0.2133 -0.3645
vn -0.9136 -0.3193 -0.2517
vn -0.9609 -0.2678 -0.0704
vn -0.9387 -0.2846 -0.1944
vn -0.9864 -0.1155 -0.1169
vn -0.8249 0.5185 -0.2251
vn -0.8928 0.1145 -0.4356
vn -0.7470 -0.0505 -0.6629
vn -0.8547 -0.0599 -0.5157
vn -0.8100 0.4803 -0.3365
vn -0.8036 0.4983 -0.3254
vn -0.8995 0.3643 -0.2410
vn -0.8303 0.3934 -0.3948
vn -0.9684 0.2106 -0.1333
vn -0.8846 0.2919 -0.3636
vn -0.9285 0.2228 -0.2970
vn -0.9732 0.2299 0.0078
vn -0.9635 0.2627 0.0509
vn -0.9637 0.1353 -0.2300
vn -0.9833 0.0476 -0.1758
vn -0.9775 0.2107 0.0021
vn -0.9980 0.0589 -0.0236
vn -0.9792 -0.1168 -0.1659
vn -0.9918 -0.1270 0.0167
vn -0.9946 -0.0488 0.0916
vn -0.9751 -0.0664 0.2117
vn -0.9676 0.2199 0.1242
vn -0.9278 0.3495 0.1307
vn -0.9252 0.3681 0.0921
vn -0.8920 0.4211 0.1640
vn -0.9107 0.3719 0.1800
vn -0.9043 0.2832 0.3194
vn -0.9890 0.1341 0.0632
vn -0.8847 -0.0154 0.4659
vn -0.8337 0.0422 0.5506
vn -0.5366 -0.0252 0.8434
vn -0.6409 0.4736 0.6041
vn -0.5811 0.4351 0.6878
vn -0.7866 0.3370 0.5174
vn -0.8173 0.3796 0.4336
vn -0.7102 0.4030 0.5772
vn -0.7587 0.2605 0.5971
vn -0.8243 0.3866 0.4135
vn -0.5786 0.3800 0.7217
vn -0.8344 0.3416 0.4325
vn -0.5846 0.4911 0.6457
vn -0.5425 0.4653 0.6994
vn -0.7970 0.3146 0.5155
vn -0.5461 0.4923 0.6778
vn -0.7356 0.2636 0.6241
vn -0.6618 0.3346 0.6709
vn -0.6682 0.3790 0.6403
vn -0.6453 0.3835 0.6607
vn -0.6079 0.4369 0.6630
vn -0.5762 0.4870 0.6563
vn -0.6051 0.4532 0.6546
vn -0.3818 0.4621 0.8004
vn -0.4404 0.5360 0.7202
vn -0.5030 0.5454 0.6704
vn -0.5198 0.5262 0.6730
vn -0.5114 0.2501 0.8222
vn -0.1869 0.5020 0.8444
vn -0.0969 0.6096 0.7867
vn -0.1385 0.6166 0.7750
vn -0.1453 0.5733 0.8064
vn -0.1451 0.2119 0.9664
vn -0.2523 0.2432 0.9366
vn -0.3775 0.1971 0.9048
vn -0.2037 -0.2263 0.9525
vn -0.5726 -0.0867 0.8153
vn -0.5963 0.0528 0.8010
vn -0.7336 0.0174 0.6794
vn -0.5965 -0.0599 0.8004
vn -0.1393 -0.3540 0.9248
vn -0.6024 -0.1353 0.7866
vn -0.1411 -0.2921 0.9459
vn -0.1410 -0.3742 0.9166
vn -0.1564 -0.5988 0.7855
vn -0.2963 -0.6085 0.7361
vn -0.9845 0.0097 -0.1751
vn -0.9382 0.0203 -0.3454
vn -0.9906 -0.0238 0.1348
vn -0.9212 -0.3507 0.1686
vn -0.8515 -0.2304 0.4710
vn -0.7462 -0.4716 0.4698
vn -0.6911 -0.2936 0.6604
vn -0.5679 -0.2942 0.7687
vn -0.4145 -0.4713 0.7785
vn -0.5427 -0.5321 0.6499
vn -0.6601 0.3476 -0.6659
vn -0.6540 0.3235 -0.6839
vn -0.6969 0.1592 -0.6993
vn -0.7591 0.0114 -0.6509
vn -0.8217 -0.0444 -0.5682
vn -0.8471 -0.0700 -0.5268
vn -0.8712 -0.0693 -0.4859
vn -0.7241 -0.1477 -0.6737
vn -0.6724 -0.2236 -0.7056
vn -0.6210 -0.2125 -0.7545
vn -0.5918 -0.0748 -0.8026
vn -0.5702 0.1447 -0.8087
vn -0.5296 0.3290 -0.7818
vn -0.5270 0.3567 -0.7714
vn -0.7417 0.1230 -0.6593
vn -0.5621 0.1551 -0.8124
vn -0.8841 0.0193 -0.4668
vn -0.8609 0.3593 -0.3602
vn -0.8436 -0.0257 -0.5363
vn -0.8269 0.4264 -0.3667
vn -0.8296 -0.0057 -0.5583
vn -0.8368 0.3582 -0.4140
vn -0.7912 0.1337 -0.5968
vn -0.7180 0.5080 -0.4757
vn -0.7713 0.2569 -0.5823
vn -0.7229 0.5355 -0.4366
vn -0.7241 0.4191 -0.5477
vn -0.6533 0.7038 -0.2790
vn -0.7153 0.4681 -0.5189
vn -0.6649 0.7378 -0.1165
vn -0.7883 0.2257 -0.5724
vn -0.8354 0.5327 -0.1352
vn -0.2568 0.8856 -0.3869
vn -0.1732 0.9472 -0.2697
vn -0.1663 0.8135 -0.5573
vn -0.1852 0.5823 -0.7916
vn -0.2301 0.4745 -0.8496
vn -0.2941 0.2818 -0.9133
vn -0.3045 0.4005 -0.8642
vn -0.3449 0.3730 -0.8614
vn -0.2611 0.6296 -0.7317
vn -0.2075 0.2153 -0.9542
vn -0.2090 -0.9774 -0.0313
vn -0.3172 -0.7981 -0.5123
vn -0.0144 -0.9982 -0.0575
vn -0.0335 -0.9982 -0.0501
vn -0.0501 -0.9982 -0.0335
vn -0.0591 -0.9982 -0.0118
vn -0.0591 -0.9982 0.0118
vn -0.0501 -0.9982 0.0335
vn -0.0335 -0.9982 0.0501
vn -0.0144 -0.9982 0.0575
vn -0.1056 0.9005 -0.4217
vn -0.2437 0.8987 -0.3647
vn -0.3647 0.8986 -0.2437
vn -0.4302 0.8986 -0.0856
vn -0.4302 0.8986 0.0856
vn -0.3647 0.8986 0.2437
vn -0.2437 0.8987 0.3647
vn -0.1056 0.9005 0.4217
vn -0.0563 -0.9891 0.1359
vn -0.1040 -0.9891 -0.1040
vn -0.8264 0.4470 -0.3423
vn -0.8945 0.4470 -0.0000
vn -0.8264 0.4470 0.3423
vn -0.6325 0.4470 0.6325
vn -0.3423 0.4470 -0.8264
vn -0.0781 0.9466 -0.3127
vn -0.1775 0.9476 -0.2657
vn -0.2657 0.9476 -0.1775
vn -0.3134 0.9476 -0.0623
vn -0.3134 0.9476 0.0623
vn -0.2657 0.9476 0.1775
vn -0.1775 0.9476 0.2657
vn -0.0781 0.9466 0.3127
vn -0.0970 0.9673 0.2342
vn -0.1792 0.9673 -0.1792
vn -0.2342 0.9673 -0.0970
vn -0.2535 0.9673 -0.0000
vn -0.2342 0.9673 0.0970
vn -0.1792 0.9673 0.1792
vn -0.0970 0.9673 -0.2342
vn -0.2210 -0.4084 -0.8856
vn -0.5081 -0.4044 -0.7605
vn -0.7605 -0.4044 -0.5081
vn -0.8970 -0.4044 -0.1784
vn -0.8970 -0.4044 0.1784
vn -0.7605 -0.4044 0.5081
vn -0.5081 -0.4044 0.7605
vn -0.2210 -0.4084 0.8856
vn -0.3818 0.0663 -0.9218
vn -0.4133 -0.8114 -0.4133
vn -0.3818 0.0663 0.9218
vn -0.5400 -0.8114 -0.2237
vn -0.5845 -0.8114 -0.0000
vn -0.5400 -0.8114 0.2237
vn -0.4133 -0.8114 0.4133
vn -0.2199 0.4262 -0.8775
vn -0.5018 0.4294 -0.7509
vn -0.7509 0.4294 -0.5017
vn -0.8857 0.4294 -0.1762
vn -0.8857 0.4294 0.1762
vn -0.7509 0.4294 0.5017
vn -0.5017 0.4294 0.7509
vn -0.2195 0.4268 0.8773
vn -0.6930 0.1986 0.6930
vn -0.3088 0.5908 0.7454
vn -0.3751 0.1986 -0.9055
vn -0.5705 0.5908 -0.5705
vn -0.7454 0.5908 -0.3088
vn -0.8069 0.5908 -0.0000
vn -0.7454 0.5908 0.3088
vn -0.2387 -0.2310 -0.9432
vn -0.5420 -0.2209 -0.8108
vn -0.8109 -0.2208 -0.5419
vn -0.9566 -0.2208 -0.1903
vn -0.9566 -0.2208 0.1903
vn -0.8109 -0.2208 0.5419
vn -0.5419 -0.2208 0.8109
vn -0.2368 -0.2196 0.9464
vn -0.7041 0.0919 0.7041
vn -0.3811 0.0919 0.9200
vn -0.3814 0.0911 -0.9199
vn -0.7041 0.0919 -0.7041
vn -0.9200 0.0919 -0.3811
vn -0.9958 0.0919 -0.0000
vn -0.9200 0.0919 0.3811
vn -0.2463 -0.2024 -0.9478
vn -0.5483 -0.1703 -0.8187
vn -0.8193 -0.1702 -0.5475
vn -0.9665 -0.1702 -0.1922
vn -0.9665 -0.1702 0.1922
vn -0.8193 -0.1702 0.5475
vn -0.5475 -0.1702 0.8193
vn -0.2384 -0.1719 0.9558
vn -0.6325 -0.4471 0.6325
vn -0.3423 -0.4471 0.8264
vn -0.3437 -0.4525 -0.8228
vn -0.6325 -0.4471 -0.6325
vn -0.8264 -0.4471 -0.3423
vn -0.8945 -0.4471 -0.0000
vn -0.8264 -0.4471 0.3423
vn -0.1094 0.9001 -0.4218
vn -0.2450 0.8978 -0.3659
vn -0.3662 0.8978 -0.2447
vn -0.4320 0.8978 -0.0859
vn -0.4320 0.8978 0.0859
vn -0.3662 0.8978 0.2447
vn -0.2446 0.8978 0.3663
vn -0.1056 0.8982 0.4268
vn -0.1908 0.8708 -0.4530
vn -0.5877 0.5562 0.5877
vn -0.1879 0.8706 0.4546
vn -0.3481 0.8704 -0.3481
vn -0.4549 0.8704 -0.1884
vn -0.4924 0.8704 -0.0000
vn -0.4549 0.8704 0.1884
vn -0.2237 -0.8114 -0.5400
vn -0.7056 0.0663 -0.7056
vn -0.2237 -0.8114 0.5400
vn -0.9218 0.0663 -0.3818
vn -0.9978 0.0663 -0.0000
vn -0.9218 0.0663 0.3818
vn -0.7056 0.0663 0.7056
vn -0.2748 -0.8691 -0.4112
vn -0.1202 -0.8685 0.4809
vn -0.4112 -0.8691 -0.2748
vn -0.4851 -0.8691 -0.0965
vn -0.4851 -0.8691 0.0965
vn -0.4112 -0.8691 0.2748
vn -0.1202 -0.8685 -0.4809
vn -0.2748 -0.8691 0.4112
vn -0.1471 -0.9891 -0.0000
vn -0.4350 0.8522 0.2907
vn -0.5131 0.8522 0.1021
vn -1.0000 -0.0000 -0.0000
vn -0.2913 0.8522 -0.4346
vn -0.1326 0.8528 -0.5052
vn -0.2906 0.8522 0.4350
vn -0.7678 0.5562 -0.3180
vn -0.7071 -0.0000 0.7071
vn -0.3827 -0.0000 -0.9239
vn -0.3233 0.5531 -0.7678
vn -0.3421 -0.4480 -0.8260
vn -0.6322 -0.4480 0.6322
vn -0.2258 -0.9137 0.3379
vn -0.2258 -0.9137 -0.3379
vn -0.3827 -0.0000 0.9239
vn -0.7071 -0.0000 -0.7071
vn -0.4820 0.8530 -0.2003
vn -0.9239 -0.0000 0.3827
vn -0.9239 -0.0000 -0.3827
vn -0.1259 0.8534 0.5058
vn -0.4350 0.8522 -0.2907
vn -0.3379 -0.9137 0.2258
vn -0.0976 -0.9159 -0.3894
vn -0.5131 0.8522 -0.1021
vn -0.7678 0.5562 0.3180
vn -0.8311 0.5562 -0.0000
vn -0.8260 -0.4480 -0.3421
vn -0.8260 -0.4480 0.3421
vn -0.3180 0.5563 0.7677
vn -0.3481 0.8704 0.3481
vn -0.5877 0.5562 -0.5877
vn -0.3986 -0.9137 -0.0793
vn -0.3986 -0.9137 0.0793
vn -0.5363 0.8440 0.0002
vn -0.1359 -0.9891 0.0563
vn -0.1359 -0.9891 -0.0563
vn -0.3423 0.4470 0.8264
vn -0.6325 0.4470 -0.6325
vn -0.1040 -0.9891 0.1040
vn -0.0563 -0.9891 -0.1359
vn -0.1918 0.8730 -0.4484
vn -0.3926 0.8333 0.3893
vn -0.4964 0.8433 0.2061
vn -0.2317 0.8024 0.5499
vn -0.3441 0.8732 -0.3451
vn -0.8940 -0.4480 -0.0000
vn -0.6322 -0.4480 -0.6322
vn -0.3421 -0.4480 0.8260
vn -0.3379 -0.9137 -0.2258
vn -0.0976 -0.9159 0.3894
vn -0.5553 -0.1153 0.8236
vn -0.8310 -0.0502 0.5539
vn -0.2385 -0.2240 0.9449
vn -0.9805 -0.0389 0.1925
vn -0.9800 -0.0026 -0.1992
vn -0.5266 0.2600 -0.8094
vn -0.2511 0.2096 -0.9450
vn -0.8262 0.0543 -0.5608
vn -0.5705 0.5908 0.5705
vn -0.3751 0.1986 0.9055
vn -0.3088 0.5907 -0.7455
vn -0.6930 0.1986 -0.6930
vn -0.9055 0.1986 -0.3751
vn -0.9801 0.1986 -0.0000
vn -0.9055 0.1986 0.3751
vn -0.4787 0.5075 0.7165
vn -0.4787 0.5075 -0.7165
vn -0.2088 0.5084 0.8354
vn -0.7165 0.5075 -0.4787
vn -0.8451 0.5075 -0.1681
vn -0.8451 0.5075 0.1681
vn -0.7165 0.5075 0.4787
vn -0.2088 0.5084 -0.8354
vn -0.4166 -0.7057 0.5731
vn -0.6219 -0.6715 0.4028
vn -0.1629 -0.7951 0.5842
vn -0.7784 -0.6161 0.1210
vn -0.8912 -0.3787 -0.2497
vn -0.5199 -0.1532 -0.8404
vn -0.2330 -0.5609 -0.7944
vn -0.7652 -0.2360 -0.5990
vn -0.6972 -0.6510 -0.3004
vn -0.6794 -0.7337 -0.0077
vn -0.3345 -0.5128 -0.7907
vn -0.5677 -0.5302 -0.6297
vn -0.4243 -0.8018 0.4208
vn -0.2132 -0.8341 0.5087
vn -0.5732 -0.7866 0.2297
vn -0.0051 -0.9999 0.0124
vn -0.0095 -0.9999 -0.0095
vn -0.0124 -0.9999 -0.0051
vn -0.0134 -0.9999 -0.0000
vn -0.0124 -0.9999 0.0051
vn -0.0095 -0.9999 0.0095
vn -0.0051 -0.9999 -0.0124
vn -0.9712 0.1994 0.1301
vn -0.8032 -0.2491 0.5412
vn -0.6237 -0.3692 0.6890
vn -0.9577 0.0127 0.2874
vn -0.8012 0.5942 0.0708
vn -0.3770 0.8922 0.2487
vn -0.1217 0.8740 0.4704
vn 0.0423 0.6743 0.7372
vn 0.0351 0.2354 0.9713
vn -0.4283 0.5756 0.6966
vn -0.2496 -0.1964 0.9482
vn -0.4796 0.4851 0.7312
vn -0.5760 0.3412 0.7428
vn -0.6632 0.3397 0.6669
vn -0.6335 0.4096 0.6564
vn -0.6448 0.4099 0.6452
vn -0.7362 0.3499 0.5793
vn -0.7912 0.3931 0.4685
vn -0.6694 0.5535 0.4955
vn -0.4995 0.6214 0.6036
vn -0.2178 0.7938 0.5679
vn -0.2501 0.6403 0.7263
vn -0.2991 0.4093 0.8620
vn -0.4602 0.1865 0.8680
vn -0.6689 0.0782 0.7392
vn -0.7886 0.0751 0.6103
vn -0.8924 0.1757 0.4157
vn -0.9103 0.3251 0.2562
vn -0.7827 0.5780 0.2307
vn -0.4101 0.8585 0.3079
vn -0.1589 0.5500 0.8199
vn -0.0246 0.5306 0.8473
vn -0.0854 0.4079 0.9090
vn -0.2061 0.2072 0.9563
vn -0.2247 0.2938 0.9291
vn -0.0616 0.3269 0.9430
vn -0.4217 0.0453 0.9056
vn -0.1462 0.0178 0.9891
vn -0.0965 0.6758 0.7307
vn -0.1351 0.7568 0.6396
vn -0.0610 0.7783 0.6250
vn -0.0843 0.8577 0.5073
vn -0.1853 0.9073 0.3775
vn -0.0279 0.9269 0.3743
vn -0.5713 0.7883 0.2285
vn -0.8941 0.4366 0.0993
vn -0.9492 0.2188 0.2262
vn -0.9867 0.1605 0.0251
vn -0.8548 -0.3700 0.3640
vn -0.6375 -0.4585 0.6192
vn -0.9674 -0.1928 0.1640
vn -0.6790 0.7328 0.0449
vn -0.2960 0.9409 0.1646
vn 0.0056 0.9060 0.4232
vn 0.1158 0.7548 0.6457
vn 0.0950 0.4053 0.9092
vn -0.3259 -0.2370 0.9152
vn -0.3944 -0.4821 0.7823
vn 0.0657 -0.0398 0.9970
vn -0.1119 0.9604 0.2551
vn -0.5021 0.8644 0.0263
vn -0.9214 0.3685 -0.1234
vn -0.9993 -0.0367 -0.0075
vn 0.1094 0.8392 0.5326
vn -0.9187 -0.2899 0.2684
vn -0.7118 -0.4849 0.5081
vn 0.2093 0.5150 0.8312
vn -0.2242 0.9017 0.3698
vn -0.8346 -0.2456 0.4931
vn -0.6412 0.4631 0.6119
vn -0.9582 0.0057 0.2860
vn -0.7307 0.6366 0.2465
vn -0.0693 0.7197 0.6909
vn -0.4681 0.2175 0.8565
vn -0.8137 0.5795 0.0462
vn -0.9604 0.2642 -0.0887
vn -0.8991 -0.0155 0.4376
vn -0.9610 0.0945 0.2598
vn -0.7654 -0.4656 0.4443
vn -0.7472 -0.1614 0.6447
vn -0.6289 -0.4573 0.6288
vn -0.5781 -0.1439 0.8032
vn -0.4437 -0.4719 0.7619
vn -0.2926 -0.2083 0.9333
vn -0.1433 -0.5456 0.8257
vn -0.9710 0.2300 -0.0645
vn -0.8840 -0.3515 0.3083
vn -0.9922 0.0555 0.1118
vn -0.9317 0.3138 -0.1828
vn -0.8499 -0.4521 0.2708
vn -0.9995 -0.0304 -0.0032
vn -0.7477 0.3598 0.5581
vn -0.8552 -0.1476 0.4968
vn -0.8312 0.4385 0.3417
vn -0.2740 -0.0940 0.9571
vn -0.7843 0.3581 0.5065
vn -0.9783 -0.1346 0.1573
vn -0.9791 0.0332 -0.2009
vn -0.7178 -0.1305 0.6839
vn -0.9760 -0.0453 0.2131
vn -0.9947 -0.0011 -0.1028
vn -0.7796 0.0705 0.6222
vn -0.9745 -0.0400 0.2208
vn -0.8887 0.2087 0.4083
vn -0.9763 -0.1033 0.1902
vn -0.9974 -0.0292 -0.0662
vn -0.9360 -0.3512 0.0238
vn -0.9721 -0.0890 0.2169
vn -0.9437 -0.3305 0.0162
vn -0.8243 0.2683 0.4986
vn -0.9349 -0.3298 0.1310
vn -0.9131 -0.0080 0.4076
vn -0.7731 0.3275 0.5432
vn -0.8710 -0.3188 0.3738
vn -0.8008 -0.0924 0.5917
vn -0.9377 -0.3104 0.1563
vn -0.7745 0.6326 0.0045
vn -0.3870 0.0343 0.9215
vn -0.0934 -0.0491 0.9944
vn -0.4962 -0.5176 0.6970
vn -0.2688 -0.6036 0.7506
vn -0.7494 -0.5883 0.3037
vn -0.7843 -0.6202 0.0147
vn -0.6759 -0.6033 0.4233
vn -0.5665 -0.5205 0.6389
vn -0.9302 0.1797 -0.3200
vn -0.3752 -0.3113 0.8731
vn -0.2310 0.2971 0.9265
vn -0.4763 0.4790 0.7374
vn -0.6073 0.4023 0.6851
vn -0.7947 0.5001 0.3439
vn 0.2957 -0.3527 0.8878
vn -0.1978 -0.3531 0.9145
vn -0.9375 -0.2862 0.1978
vn -0.6663 -0.3449 0.6611
vn -0.7008 -0.5568 0.4459
vn -0.0153 0.4946 0.8690
vn -0.8001 -0.4113 0.4366
vn -0.5096 -0.5510 0.6609
vn 0.2579 0.0566 0.9645
vn -0.2486 -0.0337 0.9680
vn -0.9608 -0.0202 0.2764
vn -0.6212 -0.0064 0.7836
vn -0.6161 -0.0799 0.7836
vn 0.2812 0.0452 0.9586
vn -0.5656 0.3105 0.7640
vn -0.2247 0.0540 0.9729
vn -0.9647 0.0839 0.2498
vn -0.9956 0.0873 0.0336
vn -0.0116 -0.0737 0.9972
vn -0.8701 -0.0633 0.4887
vn -0.1323 0.3649 0.9216
vn -0.7937 0.1158 0.5972
vn -0.5662 0.0564 0.8223
vn -0.6769 0.2006 0.7082
vn -0.7607 0.4542 0.4637
vn -0.9552 0.2433 0.1686
vn -0.9334 0.1957 0.3008
vn -0.7997 -0.2944 0.5233
vn -0.7888 -0.4018 0.4652
vn -0.8437 -0.3934 0.3654
vn -0.5556 -0.2365 0.7971
vn -0.0477 -0.2496 0.9672
vn -0.8699 -0.1889 0.4556
vn -0.9892 -0.1272 -0.0725
vn 0.2700 -0.2714 0.9238
vn -0.2670 -0.3106 0.9123
vn -0.9460 -0.2108 0.2463
vn -0.6462 -0.2450 0.7228
vn -0.9645 -0.2383 0.1137
vn -0.9194 -0.3112 0.2405
vn -0.6498 -0.4476 0.6143
vn -0.3584 -0.5575 0.7488
vn -0.1677 -0.6073 0.7766
vn -0.2468 -0.4149 0.8758
vn -0.5431 -0.2997 0.7843
vn -0.2287 -0.6952 0.6815
vn -0.4808 -0.6387 0.6008
vn -0.7434 -0.5506 0.3797
vn -0.8628 -0.4996 0.0781
vn -0.1144 -0.8406 0.5294
vn -0.3489 -0.7883 0.5069
vn -0.6107 -0.7083 0.3541
vn -0.8057 -0.5894 0.0589
vn -0.8122 -0.5762 -0.0911
vn -0.8419 -0.5325 -0.0871
vn -0.7439 -0.6429 -0.1826
vn -0.8336 -0.5476 -0.0725
vn -0.8510 -0.5242 0.0301
vn -0.7214 -0.6916 -0.0365
vn -0.9353 -0.0008 0.3538
vn -0.2782 -0.7171 0.6391
vn -0.4966 -0.6712 0.5503
vn -0.5792 -0.7217 0.3791
vn -0.6233 -0.7345 0.2685
vn -0.5492 -0.7807 0.2982
vn -0.4524 -0.6619 0.5977
vn -0.3649 -0.3224 0.8735
vn -0.3212 0.1339 0.9375
vn -0.5653 0.4076 0.7171
vn -0.6061 0.5360 0.5877
vn -0.6205 0.5675 0.5412
vn -0.1804 0.3678 0.9122
vn -0.4837 0.5049 0.7149
vn -0.6105 0.5654 0.5547
vn -0.1415 -0.0677 0.9876
vn -0.1822 -0.8550 0.4856
vn -0.3710 -0.8284 0.4196
vn -0.4204 -0.8707 0.2553
vn -0.3837 -0.9097 0.1589
vn -0.0396 0.5683 0.8218
vn -0.2998 0.7254 0.6196
vn -0.3289 -0.9312 0.1569
vn -0.3658 0.8246 0.4316
vn -0.3469 0.8372 0.4227
vn -0.2266 0.8338 0.5034
vn -0.2223 -0.4854 0.8455
vn -0.1530 -0.8733 0.4626
vn -0.2914 0.3554 0.8881
vn -0.2881 0.6310 0.7203
vn -0.4747 0.2066 0.8555
vn -0.2684 0.6901 0.6721
vn -0.4318 0.7392 0.5168
vn -0.3263 0.4560 0.8280
vn -0.9166 0.1698 0.3619
vn -0.9429 0.2101 0.2583
vn -0.9529 0.1773 0.2459
vn -0.9977 0.0325 0.0594
vn -0.9400 0.0245 0.3402
vn -0.9766 0.0427 -0.2107
vn -0.9069 0.2209 0.3588
vn -0.8479 -0.2753 0.4531
vn -0.5774 -0.5766 0.5780
vn -0.8451 -0.1736 0.5056
vn -0.6776 -0.6082 0.4134
vn -0.7314 -0.6819 -0.0108
vn -0.5130 -0.8368 0.1913
vn -0.4888 -0.8434 -0.2230
vn -0.2323 -0.9152 0.3293
vn -0.9219 0.2098 -0.3256
vn -0.9013 -0.3949 0.1781
vn -0.5850 0.4666 0.6634
vn -0.6974 0.1000 0.7097
vn -0.6418 0.1205 0.7573
vn -0.5824 0.3828 0.7171
vn -0.9251 0.3236 -0.1985
vn -0.8647 0.2469 -0.4375
vn -0.9483 0.1965 0.2491
vn -0.9215 0.0495 -0.3851
vn -0.4311 0.6523 0.6235
vn -0.7312 0.4314 0.5285
vn -0.6671 0.3709 0.6461
vn -0.5799 0.6228 0.5253
vn -0.8902 0.3054 0.3380
vn -0.9176 0.0730 0.3908
vn -0.8502 0.4419 0.2861
vn -0.6701 0.6282 0.3953
vn -0.7710 0.3349 0.5417
vn -0.7219 0.2672 0.6383
vn -0.8133 0.3775 0.4427
vn -0.6697 0.3465 0.6569
vn -0.5858 0.3328 0.7390
vn -0.4154 0.5456 0.7279
vn -0.6777 0.3372 0.6535
vn -0.9853 0.1464 -0.0882
vn -0.9566 0.0532 0.2866
vn -0.9451 0.1500 0.2904
vn -0.9106 0.3079 0.2757
vn -0.9399 0.3267 0.0992
vn -0.9529 0.0744 0.2941
vn -0.8852 -0.0300 0.4642
vn -0.5603 -0.4264 0.7101
vn -0.9719 0.2046 -0.1164
vn -0.9674 0.2247 0.1170
vn -0.5435 -0.4005 0.7377
vn -0.9334 0.3240 0.1541
vn -0.7357 -0.5288 0.4232
vn -0.8680 -0.0719 0.4914
vn -0.9634 -0.0828 0.2551
vn -0.9068 0.3748 0.1931
vn -0.9430 0.1220 0.3096
vn -0.9770 0.2072 -0.0508
vn -0.9100 0.1528 -0.3853
vn -0.9086 0.2992 -0.2913
vn -0.9882 -0.1516 -0.0212
vn -0.8684 0.4342 0.2395
vn -0.9687 0.2177 0.1189
vn -0.9218 0.2562 0.2909
vn -0.9825 0.1339 -0.1299
vn -0.8966 0.2839 0.3398
vn -0.9452 0.0697 -0.3190
vn -0.8287 0.4476 0.3358
vn -0.8658 0.4401 0.2382
vn -0.8289 0.3964 0.3947
vn -0.9192 0.1168 0.3761
vn -0.8509 0.3267 0.4114
vn -0.9638 0.2072 -0.1678
vn -0.8010 0.4357 0.4105
vn -0.8630 0.3983 0.3108
vn -0.9562 -0.0429 -0.2895
vn -0.9059 0.0275 -0.4226
vn -0.9976 0.0379 -0.0577
vn -0.9513 0.0570 0.3030
vn -0.9380 0.1569 -0.3091
vn -0.8984 0.3374 0.2811
vn -0.9298 0.3681 0.0030
vn -0.9499 0.2573 -0.1776
vn -0.8972 0.3633 0.2511
vn -0.8927 0.3722 0.2540
vn -0.9572 0.2885 0.0215
vn -0.9166 0.3771 -0.1330
vn -0.7077 -0.6911 0.1465
vn -0.7120 0.6346 0.3005
vn -0.8607 0.0058 0.5091
vn -0.9190 -0.0756 0.3870
vn -0.8572 -0.1430 0.4947
vn -0.4079 -0.2296 0.8837
vn -0.8543 -0.1477 0.4983
vn -0.9950 -0.0724 0.0684
vn -0.0562 0.6763 0.7345
vn -0.7765 0.3086 0.5494
vn -0.9747 0.1111 0.1937
vn -0.6349 0.5006 0.5885
vn -0.9518 0.2448 0.1847
vn -0.0384 -0.7883 0.6141
vn -0.7286 -0.5182 0.4479
vn -0.9224 -0.3630 0.1320
vn -0.6181 -0.6532 0.4373
vn -0.9233 -0.3632 0.1245
vn -0.7508 -0.6463 0.1363
vn -0.6307 0.6400 0.4389
vn -0.0527 -0.6510 0.7572
vn -0.8285 0.2528 0.4997
vn -0.6068 0.6036 0.5171
vn -0.7851 -0.6125 -0.0925
vn -0.5336 0.3125 0.7859
vn -0.6859 -0.6595 0.3077
vn -0.9331 -0.3219 0.1605
vn -0.8838 -0.4187 0.2087
vn -0.9170 -0.2708 0.2929
vn -0.9647 0.0556 0.2575
vn -0.9958 0.0853 0.0338
vn -0.9968 -0.0496 0.0621
vn -0.9976 -0.0386 0.0582
vn -0.9799 0.1099 0.1665
vn -0.9331 0.3106 0.1813
vn -0.9343 0.0750 0.3486
vn -0.9464 -0.0149 0.3227
vn -0.9853 0.0046 0.1705
vn -0.9778 0.2080 0.0254
vn -0.9849 0.1530 -0.0811
vn -0.9481 -0.0344 -0.3160
vn -0.8838 -0.2901 -0.3671
vn -0.9791 0.1694 0.1125
vn -0.9533 -0.1352 0.2702
vn -0.9569 -0.1157 0.2663
vn -0.9873 0.0664 0.1441
vn -0.9753 0.2207 0.0040
vn -0.9802 0.1472 -0.1324
vn -0.9753 -0.0749 -0.2077
vn -0.9632 -0.2456 -0.1089
vn -0.8271 -0.5539 0.0957
vn -0.8174 -0.5685 -0.0933
vn -0.9800 -0.1810 0.0832
vn -0.9557 -0.2918 -0.0373
vn -0.9953 -0.0700 0.0665
vn -0.8157 -0.5473 -0.1872
vn -0.9477 -0.3091 -0.0793
vn -0.8462 -0.4780 -0.2353
vn -0.9463 0.2228 -0.2341
vn -0.8875 0.4150 -0.2001
vn -0.7629 0.6457 0.0326
vn -0.9932 -0.0358 -0.1110
vn -0.9335 -0.3459 0.0942
vn -0.8626 -0.4631 0.2037
vn -0.8180 -0.3373 0.4659
vn -0.8159 -0.0474 0.5763
vn -0.8731 0.1334 0.4690
vn -0.8823 0.2525 0.3973
vn -0.8405 0.4475 0.3056
vn -0.7331 0.5742 0.3645
vn -0.7251 0.6448 0.2415
vn -0.8487 0.0826 0.5224
vn -0.8854 0.3478 0.3083
vn -0.9542 0.1587 0.2536
vn -0.9455 0.1069 0.3076
vn -0.8449 -0.5190 0.1294
vn -0.9710 -0.2390 -0.0034
vn -0.8979 0.0419 0.4383
vn -0.9368 0.1130 0.3313
vn -0.9592 0.1231 -0.2545
vn -0.9071 0.3358 0.2538
vn -0.9568 0.2178 0.1926
vn -0.8043 -0.5231 0.2818
vn -0.7952 0.5373 0.2810
vn -0.9288 0.2772 -0.2461
vn -0.8525 -0.2593 0.4539
vn -0.7811 0.6155 0.1050
vn -0.8951 0.4130 -0.1677
vn -0.8872 0.4572 0.0627
vn -0.9726 0.1705 0.1578
vn -0.9576 0.1341 0.2550
vn -0.9249 0.1671 0.3416
vn -0.8701 0.2239 0.4391
vn -0.8146 0.2626 0.5172
vn -0.7963 0.4442 0.4107
vn -0.7916 0.4353 0.4289
vn -0.8446 0.2190 0.4885
vn -0.8237 0.4085 0.3934
vn -0.7548 0.5180 0.4024
vn -0.8231 0.4437 0.3546
vn -0.9143 -0.1280 0.3844
vn -0.9646 -0.1699 0.2018
vn -0.9876 0.1531 -0.0335
vn -0.7491 0.5517 0.3667
vn -0.8294 0.0188 0.5583
vn -0.8129 0.1407 0.5652
vn -0.8320 0.3376 0.4402
vn -0.9944 -0.0559 0.0893
vn -0.8503 0.3675 0.3768
vn -0.9372 0.3435 -0.0606
vn -0.9566 0.2740 0.0989
vn -0.9160 0.3627 0.1714
vn -0.9104 0.2737 0.3102
vn -0.8252 0.3744 0.4229
vn -0.8393 0.3587 0.4085
vn -0.8771 0.3096 0.3673
vn -0.8426 0.4140 0.3443
vn -0.8042 0.5457 0.2355
vn -0.9646 0.2282 0.1319
vn -0.5920 -0.4800 0.6474
vn -0.8351 0.5372 -0.1179
vn -0.9082 -0.0846 0.4099
vn -0.8442 0.5304 -0.0778
vn -0.9407 0.2991 -0.1604
vn -0.6396 0.7677 0.0382
vn -0.6353 0.7723 -0.0077
vn -0.9750 0.2118 -0.0669
vn -0.9687 0.2417 0.0569
vn -0.9334 0.3217 0.1590
vn -0.8823 0.4310 0.1892
vn -0.9644 0.1788 0.1947
vn -0.6260 0.7768 0.0680
vn -0.5844 0.8070 0.0850
vn -0.4875 0.8693 0.0815
vn -0.2582 0.9628 0.0800
vn -0.8364 0.5449 -0.0595
vn -0.8543 0.5196 0.0144
vn -0.8371 0.5396 0.0898
vn -0.7569 0.6414 0.1252
vn -0.6107 0.7757 0.1593
vn -0.8508 0.3563 -0.3862
vn -0.9178 0.1733 -0.3572
vn -0.9828 -0.0224 -0.1832
vn -0.9718 -0.2354 0.0129
vn -0.9426 -0.2256 0.2463
vn -0.9400 -0.1570 0.3028
vn -0.9373 -0.1024 0.3330
vn -0.9358 0.0992 0.3384
vn -0.8156 0.3154 -0.4851
vn -0.8046 0.4100 -0.4295
vn -0.9635 0.1646 -0.2113
vn -0.9972 -0.0107 0.0738
vn -0.9720 -0.0522 0.2293
vn -0.9742 -0.0192 0.2249
vn -0.9768 0.0068 0.2140
vn -0.9740 -0.0158 -0.2261
vn -0.8620 0.3730 -0.3432
vn -0.8929 0.2500 -0.3744
vn -0.8614 0.3883 -0.3274
vn -0.9290 0.1923 -0.3163
vn -0.9948 0.0557 -0.0847
vn -0.9760 -0.1613 0.1464
vn -0.9554 -0.1501 0.2543
vn -0.9716 -0.0504 0.2311
vn -0.9399 0.1753 -0.2930
vn -0.9330 0.0956 -0.3470
vn -0.9626 0.0230 -0.2701
vn -0.9553 0.0967 -0.2793
vn -0.9839 -0.0331 -0.1756
vn -0.9976 -0.0458 -0.0521
vn -0.9972 -0.0206 0.0714
vn -0.9781 0.0416 0.2040
vn -0.9721 0.0713 0.2234
vn -0.9678 0.1562 0.1975
vn -0.9681 -0.0428 0.2469
vn -0.9686 0.1393 0.2061
vn -0.9918 0.0451 0.1196
vn -0.9995 -0.0315 -0.0000
vn -0.9425 0.1784 -0.2827
vn -0.9875 0.0998 -0.1223
vn -0.9865 -0.1270 -0.1039
vn -0.9974 0.0716 -0.0062
vn -0.9976 -0.0689 -0.0114
vn -0.9756 0.0603 0.2109
vn -0.9865 0.0244 0.1617
vn -0.9974 0.0581 0.0416
vn -0.9738 0.0592 0.2196
vn -0.8861 0.4361 0.1570
vn -0.6974 -0.6445 0.3134
vn -0.9635 -0.0135 0.2674
vn -0.9363 0.2536 0.2429
vn -0.8913 -0.3038 0.3367
vn -0.9540 0.1503 0.2596
vn -0.9773 0.0885 0.1923
vn -0.9105 0.3392 0.2365
vn -0.9072 0.3539 0.2276
vn -0.9703 -0.2225 -0.0952
vn -0.9579 -0.2218 0.1822
vn -0.9817 0.0372 0.1869
vn -0.9368 -0.0185 0.3495
vn -0.9965 -0.0251 0.0802
vn -0.9552 -0.0185 0.2954
vn -0.9325 -0.1768 0.3148
vn -0.9376 0.2586 0.2326
vn -0.9681 0.2403 -0.0708
vn -0.9450 0.2161 0.2453
vn -0.9791 0.0626 0.1933
vn -0.9221 0.3212 -0.2156
vn -0.9212 0.2880 0.2616
vn -0.9708 0.2287 0.0725
vn -0.9402 0.2196 0.2603
vn -0.9423 0.1752 0.2853
vn -0.9345 0.2810 0.2184
vn -0.9267 0.3720 -0.0542
vn -0.9302 0.3503 0.1101
vn -0.7442 0.6326 0.2145
vn -0.9581 0.1444 0.2475
vn -0.8616 0.4311 0.2681
vn -0.2890 0.9469 0.1409
vn -0.4105 0.8949 0.1747
vn -0.0490 0.9977 0.0460
vn -0.2167 0.9734 0.0750
vn -0.0683 0.9973 -0.0262
vn -0.2272 0.9736 0.0225
vn -0.1155 0.9925 0.0398
vn -0.3241 0.9407 0.1002
vn -0.5006 0.8645 -0.0443
vn -0.7517 0.5673 0.3363
vn -0.7600 0.6446 -0.0829
vn -0.0614 0.9975 0.0354
vn -0.0179 0.9990 -0.0403
vn -0.2253 0.9739 -0.0270
vn -0.6299 0.7716 0.0888
vn -0.8694 0.4758 0.1332
vn -0.9036 0.2894 0.3158
vn -0.9136 0.4015 -0.0641
vn -0.9393 0.0679 0.3364
vn -0.9874 0.1459 0.0609
vn -0.9979 0.0529 0.0362
vn -0.9439 -0.1596 0.2890
vn -0.9838 -0.1346 0.1182
vn -0.9994 0.0339 -0.0089
vn -0.9592 0.2521 0.1278
vn -0.9823 0.0107 0.1869
vn -0.9919 -0.0619 0.1107
vn -0.9682 0.0091 0.2500
vn -0.9770 0.0366 0.2102
vn -0.9608 0.0056 0.2772
vn -0.9479 -0.0176 0.3180
vn -0.9145 0.0343 0.4031
vn -0.9748 0.0572 0.2155
vn -0.9549 0.1227 0.2705
vn -0.9304 0.0384 0.3645
vn -0.9315 0.0015 0.3637
vn -0.9393 0.1099 0.3251
vn -0.9317 0.0918 0.3514
vn -0.9411 0.1079 0.3206
vn -0.9139 0.0280 0.4051
vn -0.9165 0.0634 0.3951
vn -0.9154 0.1142 0.3859
vn -0.9166 0.0833 0.3911
vn -0.9121 0.1101 0.3949
vn -0.9359 0.0601 0.3470
vn -0.8999 0.2834 0.3314
vn -0.6342 0.7070 0.3130
vn -0.7774 0.4700 0.4180
vn -0.7462 0.5641 0.3535
vn -0.5174 0.8229 0.2347
vn -0.6040 0.7856 0.1340
vn -0.8249 0.4863 0.2881
vn -0.7815 0.6214 0.0566
vn -0.9090 0.3010 0.2883
vn -0.9144 0.4029 0.0391
vn -0.9204 0.2104 0.3294
vn -0.9761 0.2131 0.0432
vn -0.8694 -0.1266 0.4775
vn -0.9890 0.0135 0.1470
vn -0.9144 -0.0090 0.4048
vn -0.9188 -0.1378 0.3700
vn -0.9845 0.1471 -0.0951
vn -0.9320 0.0034 0.3625
vn -0.9770 -0.1171 0.1783
vn -0.9951 0.0958 -0.0239
vn -0.9934 -0.0372 -0.1084
vn -0.9882 0.1128 -0.1033
vn -0.9539 0.2975 -0.0411
vn -0.9185 0.3896 0.0682
vn -0.8297 0.4737 0.2953
vn -0.8218 0.4857 0.2978
vn -0.9780 -0.1940 0.0765
vn -0.8846 -0.2485 0.3946
vn -0.8068 -0.1884 0.5600
vn -0.7653 -0.1170 0.6330
vn -0.7590 -0.0675 0.6476
vn -0.6524 0.0054 0.7579
vn -0.6869 0.1434 0.7124
vn -0.7206 0.4964 0.4840
vn -0.6981 -0.0074 0.7160
vn -0.9347 0.0611 0.3502
vn -0.9909 0.0029 0.1344
vn -0.8634 0.1552 0.4800
vn -0.8487 0.2073 0.4866
vn -0.7746 0.0524 0.6303
vn -0.7642 -0.0716 0.6410
vn -0.8896 0.2853 0.3566
vn -0.9080 0.3053 0.2871
vn -0.7746 0.2389 0.5855
vn -0.8611 0.1264 0.4925
vn -0.8218 0.0979 0.5613
vn -0.9867 0.1533 0.0546
vn -0.9987 0.0189 0.0465
vn -0.8109 0.3567 0.4639
vn -0.9595 0.2485 0.1324
vn -0.9758 0.0044 0.2188
vn -0.9770 0.0859 0.1953
vn -0.5837 0.1273 0.8020
vn -0.8739 0.1070 0.4742
vn -0.8938 -0.0692 0.4432
vn -0.8410 0.0898 0.5335
vn -0.7496 0.2614 0.6081
vn -0.8555 0.4198 0.3031
vn -0.9600 0.2516 0.1229
vn -0.9763 0.1735 0.1292
vn -0.8440 -0.4965 0.2029
vn -0.8795 -0.2805 0.3844
vn -0.9891 -0.1110 0.0963
vn -0.8654 -0.0646 0.4970
vn -0.8847 -0.1394 0.4448
vn -0.8280 -0.2273 0.5126
vn -0.9286 -0.2351 0.2871
vn -0.9510 0.2681 -0.1543
vn -0.8397 0.3745 0.3934
vn -0.8411 0.0690 0.5364
vn -0.7105 -0.3272 0.6230
vn -0.9025 0.0651 0.4257
vn -0.8504 0.1252 0.5111
vn -0.7793 0.5740 0.2513
vn -0.8543 0.0270 0.5191
vn -0.9794 0.0611 -0.1926
vn -0.9867 -0.1520 -0.0570
vn -0.5889 -0.1741 0.7892
vn -0.5670 -0.0092 0.8237
vn -0.8811 0.2297 0.4134
vn -0.8743 0.4788 0.0791
vn -0.5885 0.2792 0.7588
vn -0.6909 0.3839 0.6126
vn -0.8690 0.2713 0.4139
vn -0.9537 0.0728 0.2919
vn -0.6565 -0.6992 0.2831
vn -0.8318 -0.3470 0.4333
vn -0.7850 -0.3558 0.5071
vn -0.9045 -0.2224 0.3638
vn -0.6520 -0.2928 0.6994
vn -0.6680 -0.6112 0.4244
vn -0.5158 -0.5510 0.6560
vn -0.9585 -0.2452 -0.1456
vn -0.9545 0.2480 -0.1656
vn -0.4224 0.4338 0.7959
vn -0.4984 0.1503 0.8538
vn -0.7729 -0.5753 0.2676
vn -0.9921 -0.0983 -0.0779
vn -0.4915 0.6837 0.5395
vn -0.5170 -0.0408 0.8550
vn -0.6641 0.6815 0.3075
vn -0.5844 -0.2549 0.7704
vn -0.9176 0.3935 0.0558
vn -0.1081 0.9538 0.2802
vn -0.3492 0.9202 0.1770
vn -0.2730 0.9225 0.2730
vn 0.0936 0.9796 0.1779
vn -0.1646 0.9692 0.1829
vn -0.2311 0.9689 0.0879
vn -0.3928 0.9195 0.0181
vn 0.0103 0.9947 0.1025
vn -0.0859 0.9951 0.0485
vn 0.1659 0.9847 0.0539
vn 0.0565 0.9982 0.0181
vn -0.2021 0.9791 0.0243
vn -0.3815 0.9240 0.0247
vn -0.0364 0.9993 0.0010
vn 0.2216 0.9750 -0.0172
vn -0.3340 0.9407 0.0598
vn 0.0328 0.9994 -0.0065
vn 0.1008 0.9943 -0.0337
vn 0.1669 0.9856 -0.0284
vn -0.1538 0.9880 0.0138
vn -0.2867 0.9566 0.0517
vn 0.0721 0.9974 -0.0006
vn 0.0549 0.9984 0.0150
vn 0.1126 0.9935 -0.0173
vn -0.0902 0.9955 0.0294
vn -0.1913 0.9812 0.0245
vn -0.0142 0.9984 0.0547
vn 0.0793 0.9898 0.1186
vn 0.0780 0.9960 0.0429
vn -0.0501 0.9987 0.0046
vn -0.1245 0.9913 0.0428
vn -0.1629 0.9820 0.0954
vn -0.0184 0.9884 0.1509
vn -0.0364 0.9891 0.1428
vn -0.1147 0.9926 0.0398
vn -0.1663 0.9855 0.0346
vn -0.2124 0.9742 0.0768
vn -0.0641 0.9953 0.0720
vn -0.1334 0.9867 0.0930
vn -0.1948 0.9786 0.0670
vn -0.1591 0.9822 0.0995
vn -0.1424 0.9538 0.2647
vn -0.2588 0.9635 0.0680
vn -0.2613 0.9611 0.0896
vn -0.2502 0.9603 0.1232
vn -0.3503 0.8468 0.4003
vn -0.4689 0.7392 0.4835
vn -0.5421 0.6427 0.5414
vn -0.2468 0.8096 0.5326
vn -0.3122 0.7319 0.6057
vn -0.2334 0.9548 -0.1840
vn -0.1504 0.6994 0.6988
vn -0.2866 0.9470 0.1449
vn -0.3887 0.8878 0.2465
vn -0.6034 0.7511 0.2679
vn -0.6183 0.6884 0.3792
vn -0.4546 0.8675 0.2020
vn -0.7577 0.5723 0.3138
vn -0.7269 0.5564 0.4025
vn -0.7197 0.6293 0.2935
vn -0.3063 0.9380 0.1622
vn -0.2370 0.9627 0.1302
vn -0.5349 0.8055 0.2552
vn -0.6775 0.7160 0.1683
vn -0.7265 0.6162 -0.3043
vn -0.8342 0.4361 0.3375
vn -0.6173 0.3981 0.6786
vn -0.7073 0.5973 0.3782
vn -0.6193 0.7603 0.1962
vn -0.2735 0.9503 0.1489
vn -0.2365 0.9539 0.1845
vn -0.2061 0.9713 0.1185
vn -0.3097 0.9337 0.1797
vn -0.3246 0.9284 0.1807
vn -0.3654 0.9288 0.0620
vn -0.2792 0.9444 0.1738
vn -0.4895 0.8039 0.3379
vn -0.8160 0.3028 0.4923
vn -0.2652 0.9414 0.2082
vn -0.5372 0.7945 0.2832
vn -0.3124 0.9191 0.2402
vn -0.7144 0.5343 0.4518
vn -0.1170 0.9930 -0.0168
vn -0.6462 0.7013 0.3009
vn -0.1870 0.9665 0.1755
vn -0.1460 0.9755 0.1648
vn -0.3260 0.9280 0.1801
vn -0.0332 0.9978 0.0565
vn -0.6862 0.7252 0.0566
vn -0.3664 0.9296 -0.0396
vn -0.0639 0.9964 0.0557
vn 0.1149 0.9931 -0.0255
vn -0.3048 0.9511 0.0508
vn -0.6269 0.7641 0.1520
vn -0.5502 0.8335 0.0506
vn 0.0202 0.9998 -0.0048
vn -0.0356 0.9973 -0.0649
vn -0.6930 0.7199 -0.0392
vn -0.3220 0.9415 -0.0994
vn 0.2387 0.9698 -0.0495
vn -0.2603 0.9654 -0.0130
vn -0.6189 0.7703 -0.1535
vn 0.0488 0.9957 -0.0790
vn 0.0713 0.9959 -0.0566
vn -0.5205 0.8520 -0.0569
vn -0.2544 0.9633 -0.0862
vn 0.2943 0.9521 -0.0827
vn -0.2136 0.9551 -0.2051
vn -0.4524 0.8893 -0.0673
vn -0.5213 0.8420 0.1388
vn -0.8955 0.4121 0.1681
vn -0.1516 0.8162 -0.5575
vn -0.7038 0.5256 -0.4778
vn -0.7887 0.5971 -0.1462
vn -0.8733 0.4289 0.2312
vn -0.6637 0.7081 0.2409
vn -0.7828 0.6214 0.0334
vn -0.6826 0.6157 0.3938
vn -0.1708 0.9268 0.3344
vn -0.8908 0.4306 -0.1451
vn -0.4710 0.8197 -0.3260
vn -0.1064 0.5562 -0.8242
vn -0.6231 0.3199 -0.7138
vn -0.6585 0.6125 -0.4373
vn 0.1037 0.9855 -0.1341
vn 0.1701 0.9726 -0.1586
vn -0.5037 0.8077 -0.3066
vn -0.1594 0.9567 -0.2435
vn -0.8269 0.5528 -0.1030
vn -0.2234 0.8931 0.3904
vn -0.1199 0.9900 0.0742
vn -0.6496 0.7171 0.2525
vn -0.6319 0.7426 -0.2220
vn -0.0346 0.9318 -0.3614
vn 0.3936 0.8941 -0.2137
vn -0.1351 0.9767 -0.1668
vn -0.3422 0.9051 -0.2525
vn 0.3255 0.8923 -0.3128
vn 0.0266 0.8404 -0.5413
vn 0.3703 0.8169 -0.4423
vn 0.7317 0.5130 -0.4489
vn -0.4135 0.4363 -0.7992
vn 0.5844 0.4062 -0.7025
vn 0.5491 0.2919 -0.7831
vn 0.0160 0.0579 -0.9982
vn 0.8074 0.0046 -0.5900
vn -0.3995 0.7656 -0.5043
vn -0.8426 0.4553 -0.2877
vn -0.3626 0.7032 -0.6116
vn -0.0472 0.2794 -0.9590
vn -0.5549 0.1203 -0.8231
vn -0.6014 0.3977 -0.6929
vn 0.0517 0.6423 -0.7647
vn -0.4370 0.4388 -0.7851
vn -0.0580 0.2435 -0.9682
vn -0.6343 0.7465 -0.2009
vn -0.0663 0.9206 -0.3848
vn -0.6870 0.7200 -0.0981
vn -0.6188 0.4581 -0.6381
vn -0.8392 0.2645 0.4752
vn -0.8269 0.4438 0.3454
vn -0.8834 0.1436 0.4460
vn -0.9033 0.1826 0.3883
vn -0.9231 0.2995 0.2412
vn -0.9188 -0.0396 0.3926
vn -0.9548 -0.0286 0.2957
vn -0.8929 -0.2899 0.3444
vn -0.9535 -0.2310 0.1934
vn -0.9216 -0.3250 0.2120
vn -0.9108 -0.3893 0.1372
vn -0.9955 0.0464 0.0831
vn -0.9945 0.1046 -0.0022
vn -0.8854 -0.0907 0.4560
vn -0.9987 -0.0499 0.0069
vn -0.6854 -0.0923 0.7223
vn -0.9496 -0.3006 0.0893
vn -0.9725 0.2305 -0.0335
vn -0.9981 0.0573 0.0241
vn -0.9991 -0.0104 0.0417
vn -0.9241 -0.2435 0.2945
vn -0.7102 0.0281 0.7034
vn -0.8819 -0.3037 0.3605
vn -0.8967 -0.4233 0.1298
vn -0.5386 -0.5822 -0.6090
vn -0.3045 -0.7020 -0.6438
vn 0.1052 -0.6351 -0.7653
vn -0.5199 -0.6964 -0.4948
vn -0.3143 -0.7039 -0.6370
vn -0.6487 -0.5775 -0.4956
vn -0.8432 -0.4402 -0.3087
vn -0.9352 -0.2736 -0.2248
vn -0.6420 -0.6092 -0.4656
vn -0.8306 -0.4655 -0.3056
vn -0.9714 -0.2300 -0.0593
vn -0.9833 -0.1667 0.0723
vn -0.9732 -0.2289 -0.0224
vn -0.9861 -0.1321 0.1011
vn -0.9505 -0.3033 0.0672
vn -0.9651 -0.2369 -0.1115
vn -0.9875 -0.1574 0.0085
vn -0.9564 -0.2906 0.0293
vn -0.9697 -0.2428 0.0275
vn -0.9926 -0.1158 0.0358
vn -0.9908 -0.1319 0.0313
vn -0.9987 -0.0504 -0.0109
vn -0.9944 0.1058 0.0012
vn -0.9651 0.2566 -0.0516
vn -0.9829 0.0347 -0.1808
vn -0.9909 -0.0261 -0.1323
vn -0.9675 0.1439 -0.2080
vn -0.8905 0.2781 -0.3601
vn -0.9668 -0.1805 -0.1810
vn -0.9926 -0.0721 -0.0981
vn -0.9968 0.0793 0.0081
vn -0.7970 0.5664 -0.2096
vn -0.9679 0.2173 0.1266
vn -0.8977 0.4251 0.1162
vn -0.8087 -0.1628 -0.5653
vn -0.7483 0.5603 -0.3552
vn -0.8337 -0.4096 -0.3704
vn -0.9239 -0.3081 -0.2271
vn -0.7641 0.6421 -0.0620
vn -0.9952 0.0346 0.0912
vn -0.9861 0.1180 0.1171
vn -0.8450 0.5335 -0.0362
vn -0.9864 -0.1411 -0.0838
vn -0.9988 0.0148 0.0461
vn -0.9008 0.4218 0.1031
vn -0.9369 0.2763 0.2143
vn -0.8872 0.4613 0.0013
vn -0.9893 0.0780 -0.1232
vn -0.9960 0.0832 -0.0310
vn -0.7347 -0.6536 -0.1817
vn -0.8678 -0.4863 0.1021
vn -0.9659 -0.2530 0.0543
vn -0.9761 -0.2119 0.0494
vn -0.5373 -0.3101 -0.7843
vn -0.2660 0.1858 -0.9459
vn -0.3072 0.6053 -0.7343
vn -0.9789 0.1763 0.1030
vn -0.9648 0.2274 0.1324
vn -0.4599 0.8678 -0.1881
vn -0.8689 0.3801 0.3169
vn -0.6176 0.7297 0.2934
vn -0.9810 -0.1894 0.0424
vn -0.9925 -0.1048 0.0623
vn -0.9598 0.2628 0.0983
vn -0.8667 -0.4987 -0.0139
vn -0.8697 -0.3722 -0.3241
vn -0.9251 0.3327 0.1830
vn -0.7251 0.0116 -0.6885
vn -0.9256 -0.3775 0.0264
vn -0.5913 0.8045 0.0554
vn -0.4914 0.7376 -0.4631
vn -0.6160 0.3189 -0.7203
vn -0.9711 -0.2369 0.0301
vn -0.8055 0.5311 0.2628
vn -0.9947 0.0965 0.0352
vn -0.9840 -0.1574 0.0838
vn -0.9980 0.0117 0.0620
vn -0.9762 0.0812 0.2009
vn -0.7760 0.4247 0.4664
vn -0.9059 0.0602 0.4192
vn -0.9026 -0.2706 0.3348
vn -0.4706 -0.4053 -0.7838
vn 0.4722 -0.2608 -0.8420
vn -0.9433 -0.2916 -0.1585
vn -0.9939 0.0572 0.0938
vn -0.9911 -0.1220 0.0537
vn -0.9738 -0.1661 0.1553
vn -0.1523 -0.5493 -0.8216
vn -0.7897 -0.4365 -0.4310
vn -0.9961 -0.0811 0.0355
vn -0.9954 -0.0784 0.0559
vn -0.9962 -0.0247 0.0830
vn -0.8370 0.0330 0.5463
vn -0.7419 -0.6515 0.1585
vn -0.8200 -0.3237 0.4721
vn -0.7861 -0.4184 -0.4551
vn -0.5994 -0.2589 -0.7574
vn -0.3975 0.1114 -0.9108
vn -0.5582 0.3692 -0.7430
vn -0.7965 0.4682 -0.3826
vn -0.8340 0.5438 -0.0933
vn -0.8833 0.4108 0.2259
vn -0.9281 -0.0225 0.3717
vn -0.8217 -0.5087 -0.2570
vn -0.8981 -0.4328 0.0780
vn -0.7379 -0.6490 0.1851
vn -0.7075 -0.6964 -0.1205
vn -0.8043 0.2897 0.5189
vn -0.7052 0.5998 0.3780
vn -0.8608 -0.1974 0.4690
vn -0.6318 0.7751 0.0046
vn -0.4856 0.7116 -0.5077
vn -0.2986 -0.0911 -0.9500
vn -0.6318 -0.5303 -0.5653
vn -0.2022 0.3850 -0.9005
vn -0.9176 0.0142 -0.3973
vn -0.8624 -0.0460 -0.5041
vn -0.8984 -0.0091 -0.4391
vn -0.6565 0.6726 0.3415
vn -0.9349 -0.3549 -0.0047
vn -0.4625 -0.7538 0.4668
vn -0.2704 -0.6599 0.7010
vn -0.0598 -0.2942 0.9539
vn -0.2264 0.4767 0.8494
vn -0.5070 0.6817 0.5274
vn -0.0427 0.1289 0.9907
vn -0.8808 0.4656 0.0856
vn -0.8325 0.0607 0.5507
vn -0.8610 0.0038 0.5087
vn -0.7887 -0.1735 0.5898
vn -0.8595 -0.0659 0.5069
vn -0.6272 -0.1095 0.7711
vn -0.6719 -0.2053 0.7116
vn -0.7894 0.1141 0.6032
vn -0.7375 0.0632 0.6724
vn -0.6303 -0.0305 0.7757
vn -0.6946 -0.2370 0.6792
vn -0.7166 -0.2429 0.6538
vn -0.8632 -0.0377 0.5035
vn -0.7044 -0.5813 0.4073
vn -0.8897 -0.0793 -0.4497
vn -0.9374 0.3061 -0.1658
vn -0.7648 0.4291 0.4806
vn -0.8962 -0.4217 -0.1377
vn -0.6117 -0.5571 0.5617
vn -0.4683 -0.5346 0.7035
vn -0.0881 -0.2806 0.9558
vn -0.2731 0.4893 0.8283
vn -0.6836 0.4660 0.5617
vn 0.0913 0.1907 0.9774
vn -0.8753 0.4315 0.2186
vn 0.3657 -0.0327 0.9302
vn 0.0952 -0.5922 0.8002
vn -0.4360 -0.8689 0.2343
vn -0.6834 -0.7077 -0.1792
vn -0.1442 0.8102 0.5681
vn 0.2899 0.4829 0.8263
vn -0.4331 0.8493 0.3017
vn -0.6329 0.7737 0.0274
vn -0.8054 0.1416 -0.5755
vn -0.7797 -0.2928 -0.5535
vn -0.7706 0.5468 -0.3272
vn -0.2254 -0.8426 0.4892
vn -0.8048 -0.0431 0.5920
vn -0.7659 -0.0724 0.6389
vn -0.7604 -0.1129 0.6396
vn -0.7817 -0.1102 0.6138
vn -0.6598 -0.5842 0.4727
vn -0.5969 -0.4717 0.6490
vn -0.9879 -0.1522 -0.0291
vn -0.9874 0.1349 -0.0823
vn -0.5305 0.4209 0.7358
vn -0.3057 0.1751 0.9359
vn -0.7677 -0.6072 0.2050
vn -0.5906 0.6266 0.5086
vn -0.2971 -0.0958 0.9500
vn -0.6990 0.6597 0.2761
vn -0.3884 -0.3722 0.8430
vn -0.8204 0.5714 -0.0218
vn -0.8873 -0.4607 0.0185
vn -0.2458 0.3442 0.9061
vn -0.5070 -0.6651 0.5483
vn -0.8081 -0.5750 0.1277
vn -0.4177 0.7041 0.5743
vn -0.1626 0.0891 0.9827
vn -0.7019 -0.6563 0.2768
vn -0.4983 0.7900 0.3571
vn -0.1848 -0.2570 0.9486
vn -0.9394 -0.3349 -0.0739
vn -0.6941 0.7183 0.0477
vn -0.3583 -0.5742 0.7362
vn -0.9395 0.3091 -0.1476
vn -0.9723 0.1572 -0.1731
vn -0.9843 -0.0776 -0.1587
vn -0.9904 0.0555 -0.1268
vn -0.7172 -0.6596 -0.2250
vn -0.5330 -0.7434 -0.4040
vn -0.6090 -0.7517 -0.2531
vn -0.5840 -0.7757 -0.2393
vn -0.3347 -0.9027 -0.2705
vn -0.4678 -0.8833 -0.0301
vn -0.1203 -0.9925 -0.0198
vn -0.0359 -0.9805 0.1934
vn -0.0412 -0.9388 0.3420
vn -0.0216 -0.8750 0.4837
vn -0.0009 -0.6520 0.7582
vn -0.1278 -0.5017 0.8556
vn -0.3371 -0.9262 0.1690
vn -0.2934 -0.9000 0.3225
vn -0.2569 -0.8537 0.4531
vn -0.1110 -0.7458 0.6568
vn -0.1187 -0.5946 0.7952
vn -0.2020 -0.5955 0.7776
vn -0.4568 -0.3570 0.8148
vn -0.7746 -0.3644 0.5169
vn -0.8956 -0.4271 0.1247
vn -0.9342 -0.3568 -0.0022
vn -0.9345 -0.3506 -0.0620
vn -0.8901 -0.4196 -0.1777
vn -0.9331 -0.2850 -0.2194
vn -0.9954 -0.0653 -0.0703
vn -0.9893 0.0261 -0.1438
vn -0.8973 -0.2330 -0.3750
vn -0.7944 -0.4794 -0.3729
vn -0.7668 -0.5928 -0.2460
vn -0.7666 -0.6206 -0.1647
vn -0.7218 -0.6899 -0.0558
vn -0.6685 -0.7024 0.2442
vn -0.4725 -0.6543 0.5905
vn -0.3559 -0.7446 -0.5648
vn -0.3370 -0.8055 -0.4875
vn -0.1791 -0.6852 -0.7060
vn -0.1569 -0.7815 -0.6038
vn -0.2757 -0.9154 -0.2934
vn -0.0711 -0.7599 -0.6461
vn -0.2106 -0.8741 -0.4377
vn -0.1396 -0.9879 -0.0671
vn -0.0828 -0.9725 0.2177
vn -0.0458 -0.9142 0.4026
vn -0.0713 -0.8173 0.5718
vn -0.1427 -0.5052 0.8511
vn -0.2801 -0.1278 0.9514
vn -0.1166 -0.9651 -0.2347
vn -0.0126 -0.9964 0.0833
vn 0.0031 -0.9538 0.3006
vn -0.0283 -0.9026 0.4295
vn -0.0683 -0.7506 0.6573
vn -0.1579 -0.4514 0.8782
vn -0.3838 -0.1582 0.9098
vn -0.1233 -0.8817 -0.4555
vn -0.1757 -0.9782 -0.1111
vn -0.1305 -0.9765 0.1714
vn -0.0638 -0.9248 0.3750
vn -0.0871 -0.7481 0.6578
vn -0.1793 -0.3211 0.9299
vn -0.2375 -0.9298 -0.2812
vn -0.2041 -0.9761 0.0748
vn -0.1261 -0.9441 0.3045
vn -0.0744 -0.8673 0.4922
vn -0.1355 -0.6266 0.7675
vn -0.2519 -0.1944 0.9480
vn -0.2251 0.0283 0.9739
vn -0.3401 0.1075 0.9342
vn -0.0194 -0.9550 -0.2961
vn -0.0354 -0.9991 0.0253
vn -0.0215 -0.9659 0.2581
vn -0.0363 -0.8538 0.5193
vn -0.1254 -0.5263 0.8410
vn -0.1509 -0.0990 0.9836
vn -0.1659 0.1489 0.9748
vn -0.3123 0.0646 -0.9478
vn -0.7410 0.0946 -0.6648
vn -0.5496 0.1849 -0.8147
vn -0.8786 0.2300 -0.4186
vn 0.3972 -0.0648 -0.9154
vn -0.4302 0.4694 -0.7711
vn 0.5267 -0.3782 -0.7613
vn -0.6184 0.3893 -0.6827
vn -0.6814 0.4072 -0.6082
vn -0.7458 0.1580 -0.6472
vn -0.6304 0.1114 -0.7682
vn -0.3978 -0.1061 -0.9113
vn -0.8037 0.3595 -0.4741
vn -0.6975 0.6690 -0.2568
vn -0.1104 0.8319 -0.5438
vn 0.0166 -0.4513 -0.8922
vn -0.0288 -0.6673 -0.7442
vn -0.3836 -0.5307 -0.7558
vn -0.5627 -0.5377 -0.6279
vn -0.5781 -0.0611 -0.8137
vn -0.7162 0.0076 -0.6979
vn -0.6018 0.1001 -0.7923
vn -0.7116 0.1028 -0.6950
vn -0.8384 0.1311 -0.5290
vn -0.8209 -0.0719 -0.5666
vn -0.7557 -0.3362 -0.5621
vn -0.8476 0.2242 -0.4810
vn -0.7321 0.0176 -0.6810
vn -0.6616 0.0459 -0.7484
vn -0.8478 0.0439 -0.5284
vn -0.6544 0.0649 -0.7533
vn -0.9096 0.0132 -0.4152
vn -0.8762 -0.2281 -0.4245
vn -0.7552 0.0035 -0.6554
vn -0.7104 -0.0235 -0.7034
vn -0.8102 -0.1084 -0.5760
vn -0.8286 0.0170 -0.5596
vn -0.9874 -0.1503 -0.0494
vn -0.9959 -0.0236 0.0871
vn -0.9775 -0.0333 -0.2083
vn -0.9994 0.0131 0.0315
vn -0.9966 0.0374 0.0734
vn -0.9991 0.0341 -0.0237
vn -0.9668 -0.0042 -0.2554
vn -0.9965 -0.0009 0.0838
vn -0.9064 -0.0712 -0.4164
vn -0.9386 -0.2311 -0.2563
vn -0.9879 -0.1520 -0.0302
vn -0.9914 -0.1013 -0.0830
vn -0.8622 -0.1548 -0.4824
vn -0.9482 -0.2796 -0.1511
vn -0.9574 -0.2742 -0.0908
vn -0.9152 -0.3292 -0.2326
vn -0.9537 -0.2020 -0.2230
vn -0.8063 -0.0677 -0.5876
vn -0.7476 -0.0261 -0.6636
vn -0.8364 -0.1982 -0.5110
vn -0.7654 -0.4269 -0.4815
vn -0.9610 0.0153 -0.2762
vn -0.6304 0.1487 -0.7619
vn -0.8706 -0.0133 -0.4917
vn -0.7002 -0.0146 -0.7138
vn -0.8549 -0.1078 -0.5075
vn -0.9092 -0.2996 -0.2890
vn -0.9505 -0.2805 -0.1338
vn -0.9797 -0.1966 -0.0381
vn -0.9682 -0.2042 -0.1444
vn -0.9983 -0.0265 -0.0517
vn -0.9638 -0.2052 -0.1701
vn -0.9588 -0.0722 -0.2747
vn -0.7480 -0.0543 -0.6614
vn -0.7390 -0.0976 -0.6666
vn -0.8409 -0.2579 -0.4758
vn -0.7867 -0.4698 -0.4005
vn -0.8317 0.5483 -0.0873
vn -0.6080 0.5623 -0.5605
vn -0.8705 -0.0453 -0.4901
vn -0.8773 -0.0629 -0.4758
vn -0.9800 0.0275 -0.1970
vn -0.9693 0.1260 -0.2111
vn -0.9659 0.1646 -0.1997
vn -0.9585 0.1291 -0.2544
vn -0.9155 0.1682 -0.3656
vn -0.8364 0.3401 -0.4299
vn -0.7745 0.4162 -0.4765
vn -0.9900 -0.1098 -0.0880
vn -0.9907 0.1269 -0.0487
vn -0.9687 0.2231 -0.1090
vn -0.9439 0.2805 -0.1740
vn -0.9176 0.3621 -0.1640
vn -0.9121 0.3789 -0.1563
vn -0.9264 0.3301 -0.1811
vn -0.9091 0.3107 -0.2775
vn -0.9966 -0.0246 -0.0780
vn -0.9898 0.1228 -0.0725
vn -0.9777 0.1954 -0.0763
vn -0.9594 0.2467 -0.1367
vn -0.9291 0.2648 -0.2581
vn -0.8570 0.3912 -0.3354
vn -0.8691 0.3227 -0.3749
vn -0.7867 0.5256 -0.3239
vn -0.7967 0.4719 -0.3777
vn -0.8386 0.4692 -0.2768
vn -0.9420 0.2704 -0.1989
vn -0.8582 0.3356 -0.3884
vn -0.9773 0.2038 -0.0584
vn -0.9081 0.2593 -0.3288
vn -0.9472 0.1783 -0.2667
vn -0.9646 0.2594 0.0476
vn -0.9676 0.2509 0.0270
vn -0.9761 0.0948 -0.1954
vn -0.9864 -0.0286 -0.1620
vn -0.9898 0.1417 -0.0135
vn -0.9976 -0.0510 0.0475
vn -0.9301 0.0115 0.3670
vn -0.9878 -0.0797 0.1337
vn -0.9884 0.1055 0.1095
vn -0.9630 0.1551 0.2203
vn -0.9372 0.3095 0.1609
vn -0.8462 0.4006 0.3515
vn -0.9317 0.3512 0.0929
vn -0.8055 0.4495 0.3861
vn -0.7611 0.4625 0.4548
vn -0.7804 0.4162 0.4666
vn -0.9097 0.3974 0.1204
vn -0.8906 0.4126 0.1914
vn -0.7655 0.3294 0.5528
vn -0.6478 0.3042 0.6984
vn -0.9163 0.3465 0.2009
vn -0.8103 -0.0079 0.5859
vn -0.9960 0.0490 0.0751
vn -0.9561 0.2551 0.1442
vn -0.8906 0.1576 0.4267
vn -0.9571 0.0322 0.2879
vn -0.8752 -0.1371 0.4639
vn -0.7897 0.1728 0.5887
vn -0.7070 0.0432 0.7059
vn -0.5019 0.1576 0.8504
vn -0.6028 0.3514 0.7164
vn -0.6844 0.4185 0.5970
vn -0.7412 0.4368 0.5098
vn -0.7492 0.4359 0.4987
vn -0.7379 0.3142 0.5973
vn -0.5345 0.0396 0.8442
vn -0.6172 0.3262 0.7160
vn -0.6136 0.3754 0.6947
vn -0.5164 0.4759 0.7119
vn -0.4816 0.4985 0.7208
vn -0.5186 0.4410 0.7326
vn -0.5377 0.3982 0.7432
vn -0.5727 0.4478 0.6867
vn -0.7003 0.2844 0.6548
vn -0.7235 0.2732 0.6340
vn -0.7183 0.3762 0.5853
vn -0.7147 0.4378 0.5455
vn -0.7276 0.4351 0.5303
vn -0.7684 0.3738 0.5195
vn -0.7636 0.3629 0.5341
vn -0.6575 0.4549 0.6007
vn -0.7275 0.3810 0.5706
vn -0.5833 0.4911 0.6470
vn -0.5899 0.4035 0.6994
vn -0.5632 0.4652 0.6830
vn -0.8085 0.3587 0.4666
vn -0.7610 0.3031 0.5736
vn -0.8207 0.3891 0.4184
vn -0.6493 0.4470 0.6154
vn -0.7351 0.3588 0.5753
vn -0.7388 0.2325 0.6325
vn -0.8289 0.3695 0.4199
vn -0.5555 0.4162 0.7198
vn -0.8296 0.3158 0.4604
vn -0.5458 0.5042 0.6693
vn -0.6351 0.3904 0.6665
vn -0.6639 0.3589 0.6560
vn -0.6261 0.4188 0.6577
vn -0.5859 0.4704 0.6599
vn -0.5830 0.4788 0.6564
vn -0.2626 0.3683 0.8918
vn -0.1052 0.5812 0.8069
vn -0.1239 0.6188 0.7757
vn -0.1441 0.6049 0.7832
vn -0.1174 0.4853 0.8665
vn -0.3889 -0.0571 0.9195
vn -0.4067 0.3406 0.8477
vn -0.3983 0.5239 0.7529
vn -0.4778 0.5426 0.6909
vn -0.5163 0.5416 0.6634
vn -0.5164 0.4778 0.7107
vn -0.3953 -0.0647 0.9163
vn -0.2385 0.5091 0.8270
vn -0.2200 0.5927 0.7748
vn -0.2788 0.5990 0.7507
vn -0.2938 0.5662 0.7702
vn -0.2820 0.2227 0.9332
vn -0.2927 0.2166 0.9313
vn -0.3635 -0.2361 0.9012
vn -0.1612 -0.2860 0.9446
vn -0.5760 -0.0820 0.8133
vn -0.4025 -0.1847 0.8966
vn -0.4270 -0.3628 0.8283
vn -0.2436 -0.3037 0.9211
vn -0.3324 -0.3164 0.8885
vn -0.3825 -0.1542 0.9110
vn -0.5851 -0.1667 0.7936
vn -0.6759 0.0476 0.7354
vn -0.7292 -0.1680 0.6633
vn -0.1773 -0.6620 0.7282
vn -0.5042 -0.2851 0.8152
vn -0.3878 -0.2330 0.8918
vn -0.6040 -0.0597 0.7947
vn -0.1318 -0.3831 0.9143
vn -0.3456 -0.1637 0.9240
vn -0.1503 -0.5046 0.8502
vn -0.3347 -0.4900 0.8049
vn -0.5265 -0.4067 0.7466
vn -0.6287 -0.4096 0.6610
vn -0.8074 -0.3418 0.4809
vn -0.9694 -0.1660 0.1808
vn -0.9731 -0.2303 0.0028
vn -0.9984 0.0473 -0.0298
vn -0.9670 -0.0254 -0.2534
vn -0.8637 0.0696 -0.4992
vn -0.9405 -0.1503 0.3049
vn -0.8441 -0.4229 0.3295
vn -0.7660 -0.2657 0.5854
vn -0.6479 -0.5054 0.5699
vn -0.6343 -0.3064 0.7098
vn -0.4826 -0.5442 0.6862
vn -0.7413 -0.1311 -0.6583
vn -0.6993 -0.1902 -0.6891
vn -0.6566 -0.1744 -0.7338
vn -0.5974 -0.0579 -0.7999
vn -0.5499 0.1498 -0.8217
vn -0.5222 0.3287 -0.7869
vn -0.5473 0.3482 -0.7610
vn -0.6501 0.3598 -0.6693
vn -0.6911 0.2658 -0.6721
vn -0.6701 0.2502 -0.6989
vn -0.7268 0.0722 -0.6830
vn -0.7945 -0.0227 -0.6068
vn -0.8379 -0.0582 -0.5427
vn -0.8553 -0.0736 -0.5129
vn -0.8425 -0.1299 -0.5227
vn -0.7965 -0.1930 -0.5730
vn -0.7561 -0.1736 -0.6310
vn -0.7439 -0.0380 -0.6672
vn -0.7320 0.1257 -0.6697
vn -0.6862 0.2968 -0.6641
vn -0.6823 0.3240 -0.6554
vn -0.7015 -0.1905 -0.6867
vn -0.6448 -0.2324 -0.7281
vn -0.6020 -0.1602 -0.7823
vn -0.5849 0.0343 -0.8104
vn -0.5484 0.2472 -0.7988
vn -0.5203 0.3718 -0.7688
vn -0.5469 0.2772 -0.7900
vn -0.6108 0.1540 -0.7767
vn -0.6966 0.0572 -0.7152
vn -0.8745 0.4321 -0.2201
vn -0.8452 0.4628 -0.2674
vn -0.8375 0.4432 -0.3196
vn -0.7362 0.5834 -0.3430
vn -0.7517 0.5963 -0.2817
vn -0.7011 0.7013 -0.1289
vn -0.7164 0.6968 -0.0344
vn -0.8605 0.5073 -0.0466
vn -0.6464 0.3543 -0.6757
vn -0.6141 0.3982 -0.6814
vn -0.6185 0.2800 -0.7342
vn -0.5082 0.4538 -0.7320
vn -0.4710 0.5215 -0.7115
vn -0.4206 0.7551 -0.5029
vn -0.4360 0.8624 -0.2573
vn -0.6006 0.7266 -0.3336
vn -0.8054 -0.3471 -0.4805
vn -0.7425 -0.5879 -0.3210
vn -0.8067 -0.3302 -0.4900
vn -0.8086 -0.5222 -0.2710
vn -0.7889 -0.2553 -0.5590
vn -0.7601 -0.5742 -0.3042
vn -0.7934 -0.1056 -0.5995
vn -0.7538 -0.4817 -0.4469
vn -0.7741 0.0370 -0.6320
vn -0.7161 -0.3912 -0.5781
vn -0.7545 0.1755 -0.6324
vn -0.6852 -0.2529 -0.6830
vn -0.7771 0.0766 -0.6247
vn -0.7633 -0.2205 -0.6072
vn -0.6604 -0.7350 -0.1537
vn -0.7741 -0.3993 -0.4913
vn -0.0625 0.5986 -0.7986
vn -0.1980 0.0308 -0.9797
vn -0.4067 -0.0901 -0.9091
vn -0.1679 -0.1402 -0.9758
vn -0.1566 -0.3455 -0.9253
vn -0.2120 -0.5319 -0.8199
vn -0.2240 -0.7042 -0.6738
vn -0.2782 -0.6631 -0.6949
vn -0.2498 -0.6802 -0.6891
vn -0.2741 -0.5025 -0.8200
vn -0.1678 -0.3396 -0.9255
vn -0.1019 -0.1500 -0.9834
vn -0.2549 -0.9023 -0.3478
vn -0.0231 -0.9982 -0.0557
vn -0.0426 -0.9982 -0.0426
vn -0.0557 -0.9982 -0.0231
vn -0.0603 -0.9982 -0.0000
vn -0.0557 -0.9982 0.0231
vn -0.0426 -0.9982 0.0426
vn -0.0231 -0.9982 0.0557
vn -0.1679 0.8986 -0.4054
vn -0.3103 0.8986 -0.3103
vn -0.4054 0.8986 -0.1679
vn -0.4388 0.8986 -0.0000
vn -0.4054 0.8986 0.1679
vn -0.3103 0.8986 0.3103
vn -0.1679 0.8986 0.4054
vn -0.1222 0.9476 -0.2950
vn -0.2258 0.9476 -0.2258
vn -0.2950 0.9476 -0.1222
vn -0.3194 0.9476 -0.0000
vn -0.2950 0.9476 0.1222
vn -0.2258 0.9476 0.2258
vn -0.1222 0.9476 0.2950
vn -0.3500 -0.4042 -0.8450
vn -0.6468 -0.4042 -0.6468
vn -0.8450 -0.4042 -0.3500
vn -0.9147 -0.4042 -0.0000
vn -0.8450 -0.4042 0.3500
vn -0.6468 -0.4042 0.6468
vn -0.3500 -0.4042 0.8450
vn -0.3456 0.4294 -0.8343
vn -0.6385 0.4296 -0.6385
vn -0.8343 0.4296 -0.3456
vn -0.9030 0.4296 -0.0000
vn -0.8343 0.4296 0.3456
vn -0.6385 0.4296 0.6385
vn -0.3456 0.4296 0.8343
vn -0.3741 -0.2238 -0.9000
vn -0.6896 -0.2209 -0.6896
vn -0.9011 -0.2209 -0.3732
vn -0.9753 -0.2209 -0.0000
vn -0.9011 -0.2209 0.3732
vn -0.6896 -0.2209 0.6896
vn -0.3732 -0.2209 0.9011
vn -0.3810 -0.1776 -0.9074
vn -0.6968 -0.1701 -0.6968
vn -0.9104 -0.1701 -0.3771
vn -0.9854 -0.1701 -0.0000
vn -0.9104 -0.1701 0.3771
vn -0.6968 -0.1701 0.6968
vn -0.3771 -0.1701 0.9104
vn -0.1700 0.8983 -0.4051
vn -0.3114 0.8978 -0.3114
vn -0.4069 0.8978 -0.1685
vn -0.4404 0.8978 -0.0000
vn -0.4069 0.8978 0.1685
vn -0.3114 0.8978 0.3114
vn -0.1680 0.8978 0.4070
vn -0.1892 -0.8692 -0.4569
vn -0.3497 -0.8692 -0.3497
vn -0.1892 -0.8692 0.4569
vn -0.4569 -0.8692 -0.1892
vn -0.4945 -0.8692 -0.0000
vn -0.4569 -0.8692 0.1892
vn -0.3497 -0.8692 0.3497
vn -0.9221 0.0207 -0.3865
vn -0.6902 0.1338 -0.7111
vn -0.3752 0.2790 -0.8839
vn -0.4833 0.8522 -0.2002
vn -0.2032 0.8524 -0.4817
vn -0.3756 -0.9136 -0.1556
vn -0.3756 -0.9136 0.1556
vn -0.1556 -0.9136 -0.3756
vn -0.2875 -0.9136 0.2875
vn -0.3794 -0.1655 0.9103
vn -0.7085 -0.0779 0.7014
vn -0.9233 -0.0433 0.3816
vn -0.9997 -0.0223 -0.0047
vn -0.4833 0.8522 0.2002
vn -0.5231 0.8522 -0.0000
vn -0.4066 -0.9136 -0.0000
vn -0.3699 0.8522 -0.3699
vn -0.2000 0.8525 0.4829
vn -0.3699 0.8522 0.3699
vn -0.2875 -0.9136 -0.2875
vn -0.1556 -0.9136 0.3756
vn -0.6093 0.5075 0.6093
vn -0.3297 0.5075 0.7961
vn -0.3297 0.5075 -0.7961
vn -0.6093 0.5075 -0.6093
vn -0.7961 0.5075 -0.3297
vn -0.8617 0.5075 -0.0000
vn -0.7961 0.5075 0.3297
vn -0.8552 -0.3103 -0.4152
vn -0.6315 -0.1707 -0.7563
vn -0.4382 -0.4203 -0.7945
vn -0.3046 -0.7340 0.6070
vn -0.5250 -0.6885 0.5003
vn -0.7066 -0.6516 0.2760
vn -0.8799 -0.4694 -0.0732
vn -0.9744 0.1060 0.1985
vn -0.4671 -0.3221 0.8234
vn -0.7115 -0.3360 0.6172
vn -0.8991 -0.1171 0.4218
vn -0.9258 0.3713 0.0711
vn -0.5858 0.7976 0.1436
vn -0.2397 0.8999 0.3643
vn -0.0096 0.7977 0.6030
vn 0.0580 0.4866 0.8717
vn -0.0670 -0.0100 0.9977
vn -0.2227 0.7136 0.6642
vn -0.2740 0.5367 0.7981
vn -0.3580 0.2878 0.8883
vn -0.5693 0.0758 0.8187
vn -0.7272 0.0738 0.6824
vn -0.8498 0.1171 0.5139
vn -0.9136 0.2328 0.3334
vn -0.8756 0.4349 0.2100
vn -0.6060 0.7418 0.2872
vn -0.2646 0.8630 0.4304
vn -0.0820 0.5459 0.8338
vn -0.1259 0.3130 0.9414
vn -0.2761 0.0396 0.9603
vn -0.0917 0.7727 0.6281
vn -0.1247 0.9241 0.3611
vn -0.5623 0.8086 0.1729
vn -0.9335 0.3463 -0.0934
vn -0.9779 0.2090 0.0070
vn -0.9968 -0.0376 0.0704
vn -0.4489 -0.4710 0.7594
vn -0.7724 -0.4398 0.4582
vn -0.9175 -0.3120 0.2468
vn -0.8909 0.4537 0.0226
vn -0.4682 0.8831 0.0320
vn -0.1317 0.9520 0.2763
vn 0.0752 0.8486 0.5237
vn 0.1408 0.5986 0.7885
vn -0.0768 0.1171 0.9901
vn -0.8022 0.1012 0.5885
vn -0.4060 0.7599 0.5077
vn -0.8759 -0.3162 0.3644
vn -0.6930 -0.4862 0.5324
vn -0.5500 -0.4420 0.7086
vn -0.2858 -0.5150 0.8081
vn -0.9521 0.2818 -0.1189
vn -0.8723 -0.4052 0.2738
vn -0.9015 0.2935 -0.3181
vn -0.8270 -0.4487 0.3388
vn -0.5521 -0.2527 0.7946
vn -0.9600 0.0985 -0.2621
vn -0.7437 -0.2912 0.6017
vn -0.9777 0.0134 -0.2096
vn -0.7378 0.0027 0.6750
vn -0.9981 0.0319 -0.0529
vn -0.8813 0.1255 0.4556
vn -0.8718 0.2283 0.4335
vn -0.9399 -0.3400 0.0322
vn -0.9773 -0.2050 -0.0532
vn -0.9379 -0.3440 0.0454
vn -0.7906 0.3239 0.5196
vn -0.9203 -0.3043 0.2460
vn -0.7423 0.2799 0.6089
vn -0.7770 -0.3751 0.5055
vn -0.0116 -0.3141 0.9493
vn -0.5517 0.1112 0.8266
vn -0.2141 -0.0188 0.9766
vn -0.5553 -0.3687 0.7455
vn -0.0913 -0.3918 0.9155
vn -0.8485 -0.3004 0.4357
vn -0.9461 -0.3099 -0.0935
vn -0.7861 -0.3480 0.5108
vn -0.7649 -0.3648 0.5309
vn -0.8597 -0.2350 0.4535
vn -0.6673 -0.3829 0.6388
vn -0.5546 0.4829 0.6777
vn -0.7361 0.3784 0.5612
vn -0.7075 0.1862 0.6817
vn -0.9712 0.2059 0.1198
vn -0.5800 -0.0649 0.8120
vn 0.0219 0.0310 0.9993
vn -0.8815 -0.0202 0.4718
vn -0.9803 0.1973 -0.0060
vn -0.6315 0.0589 0.7731
vn -0.0061 0.0573 0.9983
vn -0.8604 0.0703 0.5048
vn -0.8175 0.2285 0.5287
vn -0.8690 -0.2385 0.4335
vn -0.9755 -0.2110 -0.0628
vn -0.5026 -0.5123 0.6964
vn -0.2421 -0.5864 0.7730
vn -0.2153 -0.8214 0.5281
vn -0.4795 -0.7507 0.4544
vn -0.7311 -0.6498 0.2082
vn -0.8272 -0.5616 -0.0185
vn -0.7789 -0.6057 -0.1626
vn -0.7274 -0.6748 -0.1245
vn -0.7129 -0.6989 0.0569
vn -0.9962 -0.0400 0.0770
vn -0.9263 0.0184 0.3762
vn -0.2706 -0.8437 0.4637
vn -0.4251 -0.8349 0.3495
vn -0.4004 -0.8952 0.1960
vn -0.3650 -0.9204 0.1400
vn -0.2534 -0.9337 0.2530
vn -0.1402 -0.6856 0.7143
vn -0.2237 -0.3137 0.9228
vn -0.1819 0.2185 0.9587
vn -0.3489 0.4921 0.7976
vn -0.2070 0.7622 0.6134
vn -0.2971 0.8441 0.4463
vn -0.1711 0.6419 0.7475
vn -0.3476 0.8045 0.4816
vn -0.3713 0.8299 0.4164
vn -0.8735 0.3882 0.2937
vn -0.9251 0.0972 0.3672
vn -0.9188 0.1356 0.3706
vn -0.8653 0.3960 0.3073
vn -0.6505 0.3152 0.6910
vn -0.4980 0.4341 0.7507
vn -0.3829 0.6258 0.6795
vn -0.5040 0.6455 0.5738
vn -0.4449 -0.8555 -0.2650
vn -0.5271 -0.8150 -0.2407
vn -0.9213 0.1212 0.3695
vn -0.7077 -0.6682 0.2296
vn -0.9467 0.0518 -0.3179
vn -0.8781 0.3207 -0.3550
vn -0.9571 0.2809 -0.0718
vn -0.9523 0.1708 0.2528
vn -0.9500 0.1920 0.2462
vn -0.9272 0.1876 0.3241
vn -0.6295 0.3492 0.6942
vn -0.6824 0.3499 0.6418
vn -0.9512 -0.0156 0.3082
vn -0.9953 0.0353 -0.0900
vn -0.6369 -0.5877 0.4990
vn -0.5326 -0.5121 0.6739
vn -0.6734 0.5435 0.5012
vn -0.7140 0.3759 0.5907
vn -0.6123 0.4266 0.6656
vn -0.5754 0.4372 0.6912
vn -0.9653 0.2244 -0.1335
vn -0.9864 0.1527 0.0610
vn -0.5736 -0.3702 0.7308
vn -0.9616 0.2322 0.1465
vn -0.5365 -0.4491 0.7145
vn -0.9255 0.3378 0.1716
vn -0.7965 -0.5424 0.2674
vn -0.9908 0.0271 0.1328
vn -0.9088 0.0521 -0.4140
vn -0.8947 0.2228 -0.3872
vn -0.9162 0.3455 -0.2030
vn -0.9096 0.4155 0.0055
vn -0.8669 0.4368 0.2402
vn -0.8618 0.3218 0.3921
vn -0.9172 0.2623 0.2999
vn -0.8562 0.4469 0.2593
vn -0.7881 0.4465 0.4236
vn -0.9719 0.0951 -0.2151
vn -0.9280 0.2500 0.2763
vn -0.9845 0.1754 -0.0046
vn -0.7788 -0.0134 0.6271
vn -0.3944 -0.5366 0.7460
vn -0.6824 -0.6887 0.2449
vn -0.7707 -0.6028 0.2066
vn -0.7120 0.5937 0.3749
vn -0.7561 -0.2496 0.6050
vn -0.3859 0.1899 0.9028
vn -0.6714 -0.5658 0.4787
vn -0.7386 0.6703 0.0715
vn -0.6732 0.6246 0.3958
vn -0.7006 0.3344 0.6303
vn -0.7195 -0.6922 -0.0573
vn -0.8935 -0.4123 0.1779
vn -0.8956 -0.3625 0.2579
vn -0.9478 -0.1130 0.2981
vn -0.9696 0.1567 0.1879
vn -0.9994 0.0068 0.0335
vn -0.9947 -0.0659 0.0795
vn -0.9941 0.0127 0.1075
vn -0.9529 0.2292 0.1987
vn -0.9458 0.0425 0.3218
vn -0.9626 -0.0680 0.2624
vn -0.9912 0.1212 0.0540
vn -0.9948 0.0976 0.0275
vn -0.9754 0.0864 -0.2028
vn -0.9105 -0.1744 -0.3749
vn -0.8671 -0.3984 -0.2990
vn -0.9866 0.1502 0.0642
vn -0.8268 -0.5622 -0.0182
vn -0.8112 -0.5646 -0.1519
vn -0.9967 -0.0638 0.0494
vn -0.8276 -0.5235 -0.2026
vn -0.9749 0.1044 -0.1964
vn -0.9149 0.3301 -0.2323
vn -0.8709 0.4639 -0.1623
vn -0.7334 0.6600 0.1631
vn -0.9775 -0.2105 0.0122
vn -0.8930 -0.4285 0.1377
vn -0.8289 -0.4456 0.3381
vn -0.8200 -0.1856 0.5414
vn -0.8267 0.0386 0.5613
vn -0.8771 0.1841 0.4436
vn -0.8870 0.3083 0.3439
vn -0.7884 0.5072 0.3479
vn -0.7113 0.6216 0.3280
vn -0.8730 0.0953 0.4783
vn -0.8718 0.3926 0.2930
vn -0.8698 0.4173 0.2632
vn -0.9678 0.1352 0.2124
vn -0.9455 0.1448 0.2917
vn -0.8986 0.1971 0.3919
vn -0.8378 0.2480 0.4864
vn -0.8206 0.2486 0.5146
vn -0.8334 0.3860 0.3955
vn -0.7865 0.4453 0.4280
vn -0.8160 0.4234 0.3935
vn -0.8096 0.4296 0.3999
vn -0.9375 0.3397 0.0760
vn -0.9762 0.2031 0.0766
vn -0.9500 0.2782 0.1416
vn -0.6639 -0.5043 0.5522
vn -0.7803 0.6153 -0.1119
vn -0.9621 0.2395 -0.1304
vn -0.6344 0.7729 -0.0125
vn -0.6363 0.7710 0.0255
vn -0.9748 0.2229 0.0031
vn -0.9570 0.2709 0.1038
vn -0.9088 0.3759 0.1811
vn -0.8731 0.4489 0.1902
vn -0.9697 0.0600 0.2369
vn -0.6101 0.7883 0.0790
vn -0.5394 0.8380 0.0826
vn -0.3923 0.9164 0.0795
vn -0.1287 0.9890 0.0723
vn -0.8733 0.2826 -0.3968
vn -0.9640 0.0529 -0.2606
vn -0.9928 -0.0337 -0.1147
vn -0.9601 -0.2382 0.1467
vn -0.9372 -0.1997 0.2859
vn -0.9543 -0.1071 0.2789
vn -0.9321 -0.0110 0.3619
vn -0.8974 0.2883 -0.3340
vn -0.9894 0.1140 -0.0901
vn -0.9858 -0.0497 0.1607
vn -0.9715 -0.0413 0.2334
vn -0.9797 0.0147 0.2001
vn -0.8516 0.3735 -0.3678
vn -0.9096 0.1583 -0.3841
vn -0.9468 0.0567 -0.3167
vn -0.9859 -0.0232 -0.1658
vn -0.9992 -0.0348 0.0173
vn -0.9897 -0.0013 0.1432
vn -0.9750 0.0636 0.2129
vn -0.9710 0.0680 0.2293
vn -0.9760 -0.2075 -0.0661
vn -0.9988 0.0359 0.0338
vn -0.9628 0.1764 0.2047
vn -0.6920 -0.6253 0.3607
vn -0.9818 0.0173 0.1891
vn -0.9545 -0.0000 0.2982
vn -0.9470 0.2472 0.2052
vn -0.8721 0.4362 0.2218
vn -0.9473 -0.0173 0.3200
vn -0.9729 -0.0253 0.2298
vn -0.9951 -0.0196 -0.0970
vn -0.9204 0.3131 0.2341
vn -0.9323 0.2654 0.2458
vn -0.9437 0.1607 0.2891
vn -0.9301 0.3640 -0.0498
vn -0.5919 0.7774 0.2128
vn -0.9429 0.1939 0.2709
vn -0.2780 0.9525 0.1241
vn -0.0384 0.9993 -0.0022
vn -0.1950 0.9798 0.0440
vn -0.0895 0.9960 0.0066
vn -0.3470 0.9377 -0.0165
vn -0.1930 0.9795 0.0568
vn -0.5114 0.8310 0.2189
vn -0.6469 0.7599 -0.0643
vn -0.8557 0.3947 0.3348
vn -0.8532 0.5143 -0.0870
vn -0.9294 0.1924 0.3149
vn -0.9669 0.2507 -0.0473
vn -0.9428 -0.0665 0.3266
vn -0.9943 0.0501 0.0937
vn -0.9990 0.0447 0.0080
vn -0.9469 -0.2314 0.2233
vn -0.9790 0.0054 0.2039
vn -0.9657 -0.0016 0.2595
vn -0.9219 0.0076 0.3874
vn -0.9219 0.0516 0.3840
vn -0.9661 0.1016 0.2372
vn -0.9476 0.1166 0.2973
vn -0.9272 0.1113 0.3577
vn -0.9150 0.1167 0.3862
vn -0.9192 0.0577 0.3895
vn -0.8407 0.3803 0.3854
vn -0.7376 0.5446 0.3993
vn -0.7775 0.5429 0.3174
vn -0.8748 0.3987 0.2752
vn -0.9119 0.2546 0.3219
vn -0.9364 0.1226 0.3289
vn -0.8741 -0.1016 0.4750
vn -0.9090 -0.0632 0.4120
vn -0.9962 0.0600 -0.0624
vn -0.9900 -0.1298 -0.0550
vn -0.9932 0.0455 -0.1073
vn -0.9755 0.2000 -0.0919
vn -0.9479 0.3174 0.0271
vn -0.8699 0.4509 0.2000
vn -0.8269 0.4780 0.2963
vn -0.7672 0.5191 0.3767
vn -0.9424 -0.2182 0.2536
vn -0.8355 -0.2600 0.4842
vn -0.8044 -0.0991 0.5857
vn -0.7633 -0.0754 0.6416
vn -0.6954 -0.0521 0.7167
vn -0.6678 0.0252 0.7439
vn -0.6985 0.3546 0.6215
vn -0.7032 -0.0628 0.7082
vn -0.9435 -0.0599 0.3260
vn -0.9822 0.0496 0.1813
vn -0.9527 0.2192 0.2105
vn -0.5714 0.0713 0.8176
vn -0.8585 0.2070 0.4691
vn -0.8915 -0.0870 0.4446
vn -0.8591 0.0146 0.5117
vn -0.8062 0.1422 0.5743
vn -0.8142 0.3699 0.4475
vn -0.8801 0.4226 0.2164
vn -0.9747 0.1690 0.1464
vn -0.9948 0.0665 0.0768
vn -0.8446 -0.4292 0.3200
vn -0.9729 -0.2019 0.1127
vn -0.5728 -0.0929 0.8144
vn -0.6170 -0.2377 0.7502
vn -0.6800 -0.3215 0.6589
vn -0.7495 -0.3345 0.5713
vn -0.5915 0.2008 0.7809
vn -0.6207 0.3522 0.7005
vn -0.7869 0.3533 0.5059
vn -0.9284 0.1592 0.3357
vn -0.9677 -0.0588 0.2451
vn -0.9957 0.0620 -0.0694
vn -0.8083 -0.3672 0.4602
vn -0.9746 -0.2167 -0.0568
vn -0.0448 0.9801 0.1936
vn -0.2361 0.9600 0.1503
vn -0.2146 0.9759 0.0401
vn 0.0353 0.9980 0.0527
vn 0.0812 0.9966 -0.0118
vn -0.1834 0.9829 0.0156
vn -0.1227 0.9920 0.0294
vn 0.1122 0.9932 -0.0306
vn -0.0625 0.9980 0.0121
vn 0.1010 0.9948 0.0116
vn -0.0691 0.9975 0.0162
vn 0.0328 0.9946 0.0983
vn -0.1643 0.9847 0.0577
vn -0.1002 0.9865 0.1296
vn -0.2214 0.9726 0.0708
vn -0.1442 0.9868 0.0736
vn -0.2530 0.9407 0.2262
vn -0.2822 0.9532 0.1085
vn -0.4104 0.7748 0.4809
vn -0.5212 0.6677 0.5315
vn -0.4965 0.8462 -0.1933
vn -0.4122 0.6113 0.6756
vn -0.2822 0.9476 0.1499
vn -0.4184 0.8847 0.2053
vn -0.7216 0.6232 0.3014
vn -0.4958 0.8369 0.2319
vn -0.8051 0.5030 0.3142
vn -0.5787 0.7792 0.2410
vn -0.7632 0.4884 -0.4229
vn -0.6704 0.2570 0.6961
vn -0.6555 0.7452 0.1225
vn -0.2537 0.9525 0.1684
vn -0.2237 0.9597 0.1699
vn -0.1588 0.9863 0.0439
vn -0.4818 0.8165 0.3181
vn -0.8032 0.3043 0.5121
vn -0.5957 0.7492 0.2897
vn -0.7022 0.7120 0.0062
vn -0.7202 0.6460 0.2530
vn -0.0768 0.9959 -0.0486
vn -0.1943 0.9599 0.2023
vn -0.1021 0.9885 0.1115
vn -0.0270 0.9995 0.0177
vn -0.5809 0.8092 0.0877
vn -0.5330 0.8461 -0.0067
vn 0.0606 0.9978 -0.0263
vn 0.0093 0.9971 -0.0760
vn -0.6651 0.7404 -0.0973
vn -0.5671 0.7881 -0.2392
vn 0.1000 0.9881 -0.1168
vn 0.0736 0.9932 -0.0900
vn -0.5002 0.8634 -0.0663
vn -0.3863 0.9139 -0.1246
vn -0.4427 0.7353 -0.5132
vn -0.8029 0.3458 -0.4856
vn -0.4295 0.8411 0.3287
vn -0.7728 0.4255 0.4709
vn -0.6944 0.2004 -0.6911
vn -0.3809 0.5095 -0.7716
vn 0.1816 0.9622 -0.2028
vn 0.2513 0.9311 -0.2645
vn -0.4303 0.8152 -0.3877
vn -0.7044 0.6185 0.3482
vn -0.3965 0.9112 0.1121
vn -0.3555 0.7843 -0.5083
vn 0.4945 0.7110 -0.4999
vn 0.5039 0.5708 -0.6483
vn -0.4479 -0.0530 -0.8925
vn 0.5752 0.0431 -0.8169
vn 0.5077 0.1173 -0.8535
vn -0.4149 0.6174 -0.6684
vn -0.6709 -0.0812 -0.7371
vn -0.2738 0.2758 -0.9214
vn -0.4755 0.2822 -0.8332
vn -0.3427 0.8694 -0.3560
vn -0.7094 0.6945 -0.1200
vn -0.8764 0.2189 0.4290
vn -0.9476 0.1111 0.2994
vn -0.9474 -0.1472 0.2842
vn -0.9673 -0.2453 0.0642
vn -0.9363 -0.3210 0.1424
vn -0.9984 0.0008 0.0563
vn -0.9970 0.0749 -0.0200
vn -0.8814 -0.0978 0.4621
vn -0.9889 -0.1198 0.0884
vn -0.6842 -0.0166 0.7291
vn -0.8966 -0.4321 0.0966
vn -0.8669 -0.2934 0.4030
vn -0.1272 -0.6945 -0.7081
vn -0.4516 -0.6929 -0.5621
vn -0.9697 -0.2343 -0.0687
vn -0.9858 -0.1663 -0.0231
vn -0.9599 -0.2745 0.0575
vn -0.9808 -0.1948 -0.0101
vn -0.8350 -0.3801 -0.3978
vn -0.5720 -0.6097 -0.5486
vn -0.7306 -0.5638 -0.3852
vn -0.9188 -0.3435 -0.1945
vn -0.9966 -0.0765 -0.0308
vn -0.9895 -0.1377 0.0439
vn -0.9946 -0.1033 0.0081
vn -0.9997 0.0258 0.0003
vn -0.9817 0.1897 0.0149
vn -0.9458 0.2944 -0.1370
vn -0.9600 -0.2102 -0.1852
vn -0.9796 0.0766 -0.1858
vn -0.9487 0.1708 -0.2662
vn -0.8013 0.4785 -0.3590
vn -0.9370 0.3157 0.1493
vn -0.8521 0.5233 -0.0070
vn -0.9767 -0.1461 -0.1573
vn -0.9989 0.0152 -0.0434
vn -0.9875 0.1414 0.0700
vn -0.6883 -0.5361 -0.4886
vn -0.7589 -0.6511 0.0134
vn -0.9413 -0.3280 0.0794
vn -0.9726 -0.2275 0.0487
vn -0.9781 -0.1922 0.0797
vn -0.3611 -0.0538 -0.9310
vn -0.2651 0.3891 -0.8822
vn -0.3869 0.7940 -0.4690
vn -0.7268 0.5716 0.3807
vn -0.5339 0.8414 0.0833
vn -0.9732 0.2036 0.1072
vn -0.9411 0.2686 0.2056
vn -0.9820 0.1558 0.1072
vn -0.7747 -0.5446 0.3213
vn -0.8112 0.2467 0.5302
vn -0.5129 -0.5451 -0.6631
vn 0.3066 -0.4922 -0.8147
vn -0.9556 -0.2436 -0.1658
vn -0.9948 -0.0573 0.0838
vn -0.9965 -0.0655 0.0515
vn -0.9724 -0.0439 0.2293
vn -0.8534 -0.1481 0.4998
vn -0.7217 -0.3658 -0.5877
vn -0.8117 -0.4658 -0.3524
vn -0.3703 -0.1066 -0.9228
vn -0.2945 0.3230 -0.8994
vn -0.7269 0.4271 -0.5378
vn -0.8439 0.5332 0.0595
vn -0.8188 0.5192 -0.2450
vn -0.8331 -0.5345 -0.1427
vn -0.8403 0.2390 0.4866
vn -0.8774 -0.2540 0.4070
vn -0.9355 0.3530 0.0151
vn -0.7781 0.5913 0.2119
vn -0.5816 0.6958 0.4215
vn -0.8221 -0.5549 0.1273
vn -0.5425 -0.7467 0.3848
vn -0.3765 -0.7318 0.5680
vn -0.1472 -0.5026 0.8519
vn -0.0339 -0.0772 0.9964
vn -0.3753 0.6144 0.6940
vn -0.1076 0.3039 0.9466
vn -0.8071 0.1227 -0.5775
vn -0.7739 -0.2773 -0.5693
vn -0.9052 0.4209 0.0584
vn -0.8203 0.4358 0.3704
vn -0.7346 0.4306 0.5243
vn -0.8150 -0.5539 0.1706
vn -0.6441 -0.5655 0.5151
vn -0.5587 -0.5529 0.6182
vn -0.3073 -0.4645 0.8305
vn 0.2613 -0.0126 0.9652
vn -0.5467 0.5165 0.6590
vn 0.1953 0.4244 0.8842
vn -0.6153 -0.6696 0.4160
vn -0.4270 -0.6438 0.6350
vn -0.9635 -0.2276 -0.1410
vn -0.9539 0.2341 -0.1879
vn -0.3491 0.5364 0.7684
vn -0.1831 0.2207 0.9580
vn -0.7521 -0.6309 0.1905
vn -0.4471 0.7751 0.4465
vn -0.1545 -0.0822 0.9846
vn -0.6108 0.7585 0.2273
vn -0.2678 -0.4245 0.8649
vn -0.8456 0.5280 -0.0781
vn -0.8885 -0.4577 0.0327
vn -0.9902 0.0577 -0.1271
vn -0.6678 -0.7005 -0.2516
vn -0.4291 -0.8207 -0.3774
vn -0.2113 -0.9656 -0.1513
vn -0.0687 -0.9932 0.0936
vn -0.0270 -0.9605 0.2768
vn -0.0442 -0.9139 0.4036
vn 0.0012 -0.7813 0.6242
vn -0.0422 -0.5684 0.8216
vn -0.2671 -0.4154 0.8695
vn -0.6441 -0.3474 0.6816
vn -0.8632 -0.3964 0.3128
vn -0.9088 -0.4160 0.0326
vn -0.9468 -0.3196 -0.0370
vn -0.9094 -0.3961 -0.1270
vn -0.9001 -0.3767 -0.2189
vn -0.9699 -0.1787 -0.1653
vn -0.9996 0.0076 0.0259
vn -0.2464 -0.7881 -0.5640
vn -0.1013 -0.7729 -0.6264
vn -0.1778 -0.9460 -0.2709
vn -0.1077 -0.9895 0.0968
vn -0.0598 -0.9442 0.3238
vn -0.0484 -0.8801 0.4723
vn -0.1073 -0.6913 0.7146
vn -0.1974 -0.3206 0.9264
vn -0.3978 0.0292 0.9170
vn -0.1627 -0.9433 -0.2894
vn -0.1614 -0.9861 0.0392
vn -0.0932 -0.9578 0.2720
vn -0.0612 -0.8622 0.5028
vn -0.1315 -0.5697 0.8113
vn -0.2130 -0.1189 0.9698
vn -0.2497 0.1248 0.9603
vn 0.1090 -0.2162 -0.9702
vn -0.6422 0.1613 -0.7494
vn -0.4221 0.7700 -0.4784
vn -0.7646 0.6280 -0.1447
vn -0.8191 0.1512 -0.5533
vn -0.5467 0.0296 -0.8368
vn -0.0951 -0.5765 -0.8115
vn -0.6590 -0.2285 -0.7166
vn -0.7351 0.0369 -0.6770
vn -0.6398 0.0908 -0.7631
vn -0.8392 0.0910 -0.5362
vn -0.7896 -0.4583 -0.4080
vn -0.4757 -0.1886 -0.8592
vn -0.8599 0.0096 -0.5104
vn -0.6785 0.0089 -0.7345
vn -0.7923 -0.0867 -0.6039
vn -0.9090 -0.0618 -0.4122
vn -0.9034 0.0037 -0.4287
vn -0.9996 -0.0194 -0.0221
vn -0.9964 -0.0238 0.0812
vn -0.9986 -0.0089 -0.0514
vn -0.9088 -0.2061 -0.3629
vn -0.9719 -0.2044 -0.1169
vn -0.9382 -0.3083 -0.1575
vn -0.9354 -0.2811 -0.2143
vn -0.9133 -0.1255 -0.3874
vn -0.7244 -0.0364 -0.6884
vn -0.8758 -0.0262 -0.4820
vn -0.7899 -0.5061 -0.3464
vn -0.5329 -0.3573 -0.7671
vn -0.9730 -0.2007 -0.1138
vn -0.9885 -0.1137 -0.0992
vn -0.9779 -0.0210 -0.2078
vn -0.7556 -0.0910 -0.6487
vn -0.8577 -0.0862 -0.5068
vn -0.8291 -0.4920 -0.2655
vn -0.5775 -0.4860 -0.6560
vn -0.9744 0.0774 -0.2110
vn -0.9664 0.1579 -0.2031
vn -0.9646 0.1570 -0.2121
vn -0.9415 0.1274 -0.3120
vn -0.8794 0.2512 -0.4044
vn -0.7960 0.4070 -0.4481
vn -0.8064 0.2905 -0.5152
vn -0.9989 0.0191 -0.0422
vn -0.9791 0.1941 -0.0613
vn -0.9578 0.2427 -0.1541
vn -0.9290 0.3262 -0.1748
vn -0.9151 0.3731 -0.1531
vn -0.9182 0.3742 -0.1302
vn -0.9671 0.2222 -0.1236
vn -0.9958 0.0581 -0.0713
vn -0.9837 0.1639 -0.0741
vn -0.9679 0.2321 -0.0968
vn -0.9485 0.2505 -0.1938
vn -0.8975 0.3130 -0.3108
vn -0.8006 0.4977 -0.3337
vn -0.8883 0.3255 -0.3240
vn -0.8742 0.2665 0.4059
vn -0.9822 0.0796 0.1703
vn -0.8304 0.4274 0.3575
vn -0.7792 0.4623 0.4232
vn -0.7593 0.4476 0.4724
vn -0.7924 0.3746 0.4815
vn -0.7429 0.2484 0.6216
vn -0.6302 0.3394 0.6983
vn -0.7971 -0.1533 0.5840
vn -0.9581 -0.0778 0.2758
vn -0.9365 0.1721 0.3055
vn -0.6349 0.2428 0.7335
vn -0.6378 0.3989 0.6589
vn -0.7214 0.4281 0.5443
vn -0.7486 0.4411 0.4950
vn -0.7488 0.4096 0.5211
vn -0.6493 0.1493 0.7457
vn -0.4906 0.0357 0.8707
vn -0.6597 0.3329 0.6738
vn -0.5649 0.4238 0.7081
vn -0.4831 0.4995 0.7190
vn -0.4995 0.4740 0.7251
vn -0.5305 0.4148 0.7392
vn -0.5491 0.4085 0.7291
vn -0.5951 0.4920 0.6355
vn -0.7314 0.2384 0.6390
vn -0.7207 0.3320 0.6086
vn -0.7174 0.4110 0.5625
vn -0.7161 0.4442 0.5383
vn -0.7478 0.4067 0.5248
vn -0.7779 0.3500 0.5219
vn -0.7268 0.4239 0.5404
vn -0.2874 0.3628 0.8865
vn -0.2039 0.5774 0.7906
vn -0.2537 0.5992 0.7594
vn -0.2917 0.5903 0.7526
vn -0.2763 0.4983 0.8218
vn -0.3289 -0.1490 0.9325
vn -0.3839 -0.2051 0.9003
vn -0.4319 -0.2441 0.8683
vn -0.3832 -0.4706 0.7948
vn -0.3536 -0.3401 0.8714
vn -0.3542 -0.2668 0.8963
vn -0.6689 -0.1710 0.7234
vn -0.3181 -0.2082 0.9249
vn -0.3775 -0.2347 0.8958
vn -0.5718 -0.4273 0.7003
vn -0.7189 -0.3785 0.5831
vn -0.9033 -0.2681 0.3350
vn -0.9913 -0.1108 0.0707
vn -0.7185 -0.1656 -0.6755
vn -0.6801 -0.1930 -0.7072
vn -0.6302 -0.1332 -0.7649
vn -0.5699 0.0389 -0.8208
vn -0.5332 0.2498 -0.8083
vn -0.5265 0.3641 -0.7683
vn -0.5776 0.2747 -0.7687
vn -0.8235 -0.1657 -0.5426
vn -0.7721 -0.1974 -0.6041
vn -0.7460 -0.1179 -0.6554
vn -0.7442 0.0444 -0.6665
vn -0.7076 0.2167 -0.6726
vn -0.6765 0.3368 -0.6549
vn -0.7030 0.2505 -0.6656
vn -0.7887 -0.5821 -0.1977
vn -0.8352 -0.5279 -0.1539
vn -0.7977 -0.5783 -0.1707
vn -0.7888 -0.5348 -0.3031
vn -0.7659 -0.4795 -0.4282
vn -0.7593 -0.3654 -0.5385
vn -0.8004 -0.3872 -0.4577
vn -0.7503 -0.5522 -0.3634
vn -0.5456 -0.6213 -0.5624
vn -0.5964 -0.5843 -0.5504
vn -0.5286 -0.6330 -0.5656
vn -0.5016 -0.4701 -0.7262
vn -0.4479 -0.3189 -0.8353
vn -0.4292 -0.1387 -0.8925
vn -0.5113 -0.0255 -0.8590
vn -0.7298 0.0436 -0.6823
vn -0.5901 0.7016 -0.3995
vn -0.7254 0.6870 -0.0432
vn -0.1717 0.9580 -0.2295
vn -0.7820 0.6192 0.0710
vn -0.4535 0.8770 -0.1589
vn -0.6137 -0.1880 -0.7669
vn -0.7825 -0.3469 -0.5171
vn -0.1997 0.0323 -0.9793
vn -0.8176 -0.4401 -0.3713
vn -0.5805 -0.1522 -0.7999
vn -0.5870 0.7425 -0.3226
vn -0.6444 0.7640 -0.0330
vn -0.1557 0.9409 -0.3008
vn -0.7088 0.7031 0.0563
vn -0.4084 0.8949 -0.1798
vn -0.6321 -0.1713 -0.7557
vn -0.7302 -0.3164 -0.6056
vn -0.1653 -0.0790 -0.9831
vn -0.7822 -0.4052 -0.4733
vn -0.4764 -0.1911 -0.8582
vn -0.6046 0.6770 -0.4196
vn -0.6983 0.6896 -0.1922
vn -0.1605 0.7764 -0.6094
vn -0.7593 0.6498 -0.0365
vn -0.4423 0.7675 -0.4641
vn -0.6571 -0.2889 -0.6963
vn -0.7667 -0.4102 -0.4939
vn -0.1465 -0.3004 -0.9425
vn -0.8127 -0.4793 -0.3312
vn -0.4711 -0.3472 -0.8109
vn -0.6489 0.5048 -0.5693
vn -0.7671 0.5458 -0.3371
vn -0.1681 0.5537 -0.8155
vn -0.8113 0.5609 -0.1652
vn -0.4877 0.5426 -0.6839
vn -0.6592 -0.4454 -0.6059
vn -0.7829 -0.5096 -0.3569
vn -0.1816 -0.5122 -0.8395
vn -0.8217 -0.5410 -0.1794
vn -0.5006 -0.5144 -0.6963
vn -0.6344 0.4157 -0.6517
vn -0.7409 0.5358 -0.4049
vn -0.2365 0.4496 -0.8614
vn -0.7772 0.5711 -0.2644
vn -0.5309 0.5038 -0.6814
vn -0.6896 -0.5389 -0.4837
vn -0.7550 -0.5980 -0.2690
vn -0.2097 -0.6946 -0.6882
vn -0.8216 -0.5587 -0.1132
vn -0.5068 -0.6797 -0.5303
vn -0.7290 0.2564 -0.6347
vn -0.8384 0.4082 -0.3613
vn -0.2904 0.2967 -0.9098
vn -0.8648 0.4441 -0.2342
vn -0.6377 0.3640 -0.6789
vn -0.7381 -0.5042 -0.4483
vn -0.7978 -0.5440 -0.2598
vn -0.2377 -0.7161 -0.6563
vn -0.8685 -0.4861 -0.0972
vn -0.5340 -0.6758 -0.5080
vn -0.7010 0.2904 -0.6514
vn -0.8070 0.4854 -0.3364
vn -0.3131 0.4632 -0.8291
vn -0.8503 0.4835 -0.2077
vn -0.6393 0.4814 -0.5997
vn -0.6771 -0.5391 -0.5010
vn -0.7280 -0.6124 -0.3082
vn -0.2363 -0.7177 -0.6550
vn -0.8110 -0.5678 -0.1411
vn -0.5010 -0.6929 -0.5186
vn -0.7563 0.3322 -0.5636
vn -0.8658 0.4039 -0.2954
vn -0.3278 0.4363 -0.8380
vn -0.7247 -0.4299 -0.5385
vn -0.7524 -0.5288 -0.3929
vn -0.8868 0.4484 -0.1119
vn -0.6386 0.4260 -0.6409
vn -0.2236 -0.6053 -0.7640
vn -0.8583 -0.4868 -0.1624
vn -0.4987 -0.5825 -0.6418
vn -0.8123 0.5733 -0.1067
vn -0.7135 0.5096 -0.4808
vn -0.2371 0.7032 -0.6702
vn -0.7016 -0.3940 -0.5938
vn -0.7461 -0.4891 -0.4518
vn -0.8301 0.5574 0.0155
vn -0.6108 0.6641 -0.4313
vn -0.1528 -0.4346 -0.8876
vn -0.8198 -0.5132 -0.2541
vn -0.4708 -0.4879 -0.7351
vn -0.7384 0.6741 -0.0183
vn -0.2765 0.9216 -0.2725
vn -0.1965 0.1457 -0.9696
vn -0.6621 -0.1952 -0.7235
vn -0.9031 0.2237 -0.3665
vn -0.5589 0.7146 -0.4208
vn -0.3246 0.5571 -0.7644
vn -0.0615 0.9347 -0.3501
vn -0.5776 0.8014 -0.1553
vn -0.5583 0.0349 -0.8289
vn -0.7917 -0.4345 -0.4293
vn -0.7034 -0.3425 -0.6228
vn -0.4130 -0.2047 -0.8874
vn -0.1122 -0.0933 -0.9893
vn -0.7384 0.6725 -0.0502
vn -0.3906 0.8584 -0.3326
vn -0.1143 0.8682 -0.4828
vn -0.6560 0.7359 -0.1675
vn -0.6166 0.6390 -0.4598
vn -0.9522 0.1475 -0.2675
vn -0.5151 0.4142 -0.7504
vn -0.6378 -0.2681 -0.7220
vn -0.1298 0.4790 -0.8681
vn -0.8434 0.2554 -0.4727
vn -0.6848 0.2552 -0.6825
vn -0.1027 -0.0616 -0.9928
vn -0.4033 -0.0850 -0.9111
vn -0.6922 -0.2533 -0.6758
vn -0.7683 -0.4063 -0.4947
vn -0.8215 0.5563 -0.1251
vn -0.1750 0.7414 -0.6479
vn -0.1303 0.4048 -0.9051
vn -0.5246 0.3206 -0.7887
vn -0.8457 0.1613 -0.5087
vn -0.9267 0.0875 -0.3655
vn -0.5440 0.6591 -0.5193
vn -0.7921 0.5716 -0.2140
vn -0.9131 0.1089 -0.3929
vn -0.7027 0.0992 -0.7045
vn -0.1679 0.3181 -0.9331
vn -0.6595 -0.3118 -0.6840
vn -0.7768 -0.3858 -0.4978
vn -0.9749 0.0460 -0.2179
vn -0.6070 0.2391 -0.7578
vn -0.6611 0.5325 -0.5286
vn -0.1047 -0.2151 -0.9710
vn -0.8205 -0.4636 -0.3345
vn -0.4681 -0.3162 -0.8252
vn -0.8293 0.5567 -0.0478
vn -0.1724 0.7701 -0.6142
vn -0.5365 0.7324 -0.4193
vn -0.7831 0.6023 -0.1548
vn -0.1241 0.8024 -0.5837
vn -0.7893 0.5240 -0.3201
vn -0.6424 0.6795 -0.3544
vn -0.0932 0.4568 -0.8847
vn -0.5699 0.2529 -0.7818
vn -0.5762 0.4355 -0.6916
vn -0.9168 0.3528 -0.1873
vn -0.4798 0.7268 -0.4915
vn -0.1506 0.9808 0.1237
vn -0.6498 0.6626 0.3723
vn -0.5577 0.8192 0.1338
vn -0.6795 0.1385 -0.7205
vn -0.3212 0.3705 -0.8715
vn -0.7145 0.5433 0.4408
vn -0.4515 0.8507 0.2692
vn -0.6662 0.4312 -0.6085
vn -0.6460 0.5800 -0.4962
vn -0.4990 0.8437 -0.1977
vn -0.9475 0.3176 -0.0362
vn -0.6282 0.6874 0.3644
vn -0.6939 0.5258 0.4920
vn -0.1703 0.9028 0.3950
vn -0.3958 0.6263 -0.6716
vn -0.7832 0.2523 -0.5683
vn -0.4473 0.7725 0.4507
vn -0.7782 0.3358 0.5307
vn -0.1997 0.9354 -0.2919
vn -0.1338 0.6253 0.7689
vn -0.5996 0.7266 -0.3355
vn -0.7591 0.4901 -0.4285
vn -0.6196 0.3065 0.7226
vn -0.5707 0.5383 0.6201
vn -0.9550 0.2554 0.1508
vn -0.5219 0.7744 -0.3576
vn -0.3790 0.4982 0.7799
vn -0.7913 0.3535 -0.4989
vn -0.7163 0.1661 0.6777
vn -0.1945 0.9036 0.3816
vn -0.4700 0.8340 0.2892
vn -0.5486 0.7969 0.2531
vn -0.6732 0.6697 0.3135
vn -0.7700 0.5921 0.2375
vn -0.8394 0.5307 0.1170
vn -0.8536 0.5202 -0.0284
vn -0.7933 0.5872 -0.1611
vn -0.6961 0.6556 -0.2925
vn -0.6352 0.6461 -0.4232
vn -0.6337 0.3907 -0.6677
vn -0.7210 0.2228 -0.6561
vn -0.8602 0.1970 -0.4703
vn -0.9043 0.1094 -0.4125
vn -0.9096 0.0494 -0.4126
vn -0.9330 -0.0087 -0.3597
vn -0.9351 -0.0438 -0.3516
vn -0.9121 -0.1149 -0.3935
vn -0.8764 -0.1654 -0.4523
vn -0.8526 -0.1293 -0.5064
vn -0.8527 0.0006 -0.5224
vn -0.8426 0.0998 -0.5292
vn -0.8011 0.2552 -0.5414
vn -0.7964 0.2849 -0.5335
vn -0.8227 -0.0205 -0.5681
vn -0.1986 -0.9753 -0.0964
vn -0.3258 0.8829 0.3382
vn -0.5057 0.8300 0.2351
vn -0.6148 0.7373 0.2799
vn -0.7259 0.6229 0.2916
vn -0.8040 0.5640 0.1883
vn -0.8608 0.5072 0.0421
vn -0.8277 0.5531 -0.0949
vn -0.7491 0.6227 -0.2259
vn -0.6496 0.6764 -0.3470
vn -0.6435 0.5288 -0.5535
vn -0.6485 0.2829 -0.7067
vn -0.7980 0.2091 -0.5652
vn -0.8988 0.1561 -0.4097
vn -0.9012 0.0742 -0.4270
vn -0.9222 0.0162 -0.3865
vn -0.9387 -0.0253 -0.3439
vn -0.9247 -0.0780 -0.3727
vn -0.8966 -0.1452 -0.4185
vn -0.8601 -0.1606 -0.4842
vn -0.8499 -0.0705 -0.5223
vn -0.8549 0.0520 -0.5162
vn -0.8200 0.1783 -0.5439
vn -0.7934 0.2923 -0.5339
vn -0.8152 0.2291 -0.5320
vn -0.6597 -0.5816 -0.4759
vn -0.1852 0.9045 0.3842
vn -0.4750 0.8330 0.2837
vn -0.5552 0.7973 0.2367
vn -0.6742 0.6832 0.2805
vn -0.7700 0.6015 0.2128
vn -0.8438 0.5285 0.0931
vn -0.8520 0.5234 -0.0138
vn -0.7911 0.5960 -0.1375
vn -0.6921 0.6709 -0.2661
vn -0.6336 0.6503 -0.4191
vn -0.6314 0.3956 -0.6669
vn -0.7182 0.1873 -0.6702
vn -0.8606 0.1640 -0.4822
vn -0.9045 0.1113 -0.4118
vn -0.9094 0.0388 -0.4142
vn -0.9331 -0.0159 -0.3593
vn -0.9351 -0.0416 -0.3518
vn -0.9121 -0.1110 -0.3946
vn -0.8761 -0.1590 -0.4552
vn -0.8523 -0.1275 -0.5073
vn -0.8533 -0.0024 -0.5215
vn -0.8430 0.1052 -0.5276
vn -0.8011 0.2575 -0.5404
vn -0.7963 0.2814 -0.5355
vn -0.8301 -0.0081 -0.5575
vn -0.2547 -0.5339 -0.8063
vn -0.8075 0.5687 0.1566
vn -0.6458 0.2655 -0.7158
vn -0.7972 0.1701 -0.5793
vn -0.8990 0.1415 -0.4145
vn -0.9225 0.0054 -0.3859
vn -0.3277 0.8831 0.3358
vn -0.5059 0.8311 0.2309
vn -0.6185 0.7435 0.2542
vn -0.7281 0.6332 0.2626
vn -0.8615 0.5064 0.0384
vn -0.8256 0.5593 -0.0741
vn -0.7462 0.6354 -0.1984
vn -0.6453 0.6885 -0.3308
vn -0.6419 0.5333 -0.5510
vn -0.9008 0.0740 -0.4279
vn -0.9387 -0.0270 -0.3437
vn -0.9247 -0.0748 -0.3733
vn -0.8965 -0.1395 -0.4206
vn -0.8597 -0.1562 -0.4863
vn -0.8500 -0.0718 -0.5218
vn -0.8554 0.0527 -0.5154
vn -0.8201 0.1833 -0.5420
vn -0.7934 0.2926 -0.5338
vn -0.8146 0.2184 -0.5373
vn -0.6014 -0.3127 -0.7353
vn -0.2056 -0.8408 0.5009
vn -0.3896 -0.7990 0.4581
vn -0.4454 -0.8484 0.2861
vn -0.4816 -0.8580 0.1785
vn -0.2715 -0.4703 0.8397
vn -0.1141 -0.0537 0.9920
vn -0.1028 0.6060 0.7888
vn -0.3596 0.6968 0.6205
vn -0.4139 -0.8939 0.1723
vn -0.4199 0.7539 0.5053
vn -0.4673 0.7390 0.4854
vn -0.2429 0.8357 0.4926
vn -0.2820 -0.8348 0.4729
vn -0.2707 0.3848 0.8824
vn -0.2913 0.6594 0.6930
vn -0.2523 -0.8528 0.4573
vn -0.4480 -0.8402 0.3055
vn -0.4556 -0.8647 0.2115
vn -0.4398 -0.8821 0.1688
vn -0.4192 -0.8660 0.2726
vn -0.2485 -0.6618 0.7073
vn -0.2258 -0.3159 0.9215
vn -0.1431 0.2391 0.9604
vn -0.3524 0.5254 0.7745
vn -0.2569 0.7719 0.5815
vn -0.4106 0.7679 0.4917
vn -0.1580 0.7049 0.6915
vn -0.4395 0.7196 0.5376
vn -0.4126 0.7999 0.4357
vn 0.1223 -0.9891 -0.0817
vn 0.1443 -0.9891 -0.0287
vn 0.1443 -0.9891 0.0287
vn 0.1223 -0.9891 0.0817
vn 0.0354 -0.9893 -0.1413
vn 0.0817 -0.9891 0.1223
vn 0.0817 -0.9891 -0.1223
vn 0.0615 0.9674 0.2458
vn 0.2108 0.9673 -0.1408
vn 0.2486 0.9673 -0.0495
vn 0.2486 0.9673 0.0495
vn 0.2108 0.9673 0.1408
vn 0.0615 0.9674 -0.2458
vn 0.1408 0.9673 0.2108
vn 0.1408 0.9673 -0.2108
vn 0.5544 0.0662 -0.8296
vn 0.2433 0.0643 0.9678
vn 0.8296 0.0662 -0.5544
vn 0.9786 0.0662 -0.1947
vn 0.9786 0.0662 0.1947
vn 0.8296 0.0662 0.5544
vn 0.2433 0.0643 -0.9678
vn 0.5544 0.0662 0.8296
vn 0.5445 0.1986 0.8149
vn 0.5445 0.1986 -0.8149
vn 0.2373 0.1997 0.9507
vn 0.8149 0.1986 -0.5445
vn 0.9612 0.1986 -0.1912
vn 0.9612 0.1986 0.1912
vn 0.8149 0.1986 0.5445
vn 0.2373 0.1997 -0.9507
vn 0.5532 0.0918 0.8280
vn 0.5533 0.0918 -0.8279
vn 0.2417 0.0913 0.9660
vn 0.8280 0.0918 -0.5532
vn 0.9766 0.0918 -0.1943
vn 0.9766 0.0918 0.1943
vn 0.8280 0.0918 0.5532
vn 0.2427 0.0883 -0.9661
vn 0.4970 -0.4470 0.7438
vn 0.4974 -0.4471 -0.7434
vn 0.2172 -0.4454 0.8686
vn 0.7438 -0.4470 -0.4970
vn 0.8774 -0.4470 -0.1745
vn 0.8774 -0.4470 0.1745
vn 0.7438 -0.4470 0.4970
vn 0.2196 -0.4668 -0.8566
vn 0.2120 0.5480 -0.8092
vn 0.4616 0.5563 0.6909
vn 0.4626 0.5564 -0.6902
vn 0.2002 0.5623 0.8024
vn 0.6909 0.5563 -0.4617
vn 0.8150 0.5563 -0.1621
vn 0.8150 0.5563 0.1621
vn 0.6909 0.5563 0.4617
vn 0.3247 -0.8114 -0.4860
vn 0.1413 -0.8129 0.5650
vn 0.4860 -0.8114 -0.3247
vn 0.5733 -0.8114 -0.1140
vn 0.5733 -0.8114 0.1140
vn 0.4860 -0.8114 0.3247
vn 0.1413 -0.8129 -0.5650
vn 0.3247 -0.8114 0.4860
vn 0.7433 -0.4482 0.4967
vn 0.4969 0.4472 -0.7437
vn 0.2159 0.4524 -0.8653
vn 0.2735 0.8704 0.4095
vn 0.1239 0.8719 -0.4738
vn 0.4094 0.8704 0.2736
vn 0.7437 0.4472 -0.4969
vn 0.7437 0.4472 0.4969
vn 0.4829 0.8704 -0.0961
vn 0.9808 -0.0000 0.1951
vn 0.1179 0.8713 0.4764
vn 0.8773 0.4472 0.1745
vn 0.8768 -0.4482 0.1744
vn 0.4094 0.8704 -0.2736
vn 0.2741 0.8704 -0.4090
vn 0.2158 -0.4534 0.8648
vn 0.4829 0.8704 0.0961
vn 0.4969 0.4472 0.7437
vn 0.2158 -0.4534 -0.8648
vn 0.4967 -0.4482 -0.7433
vn 0.7433 -0.4482 -0.4967
vn 0.2159 0.4524 0.8653
vn 0.8773 0.4472 -0.1745
vn 0.2425 -0.0000 0.9701
vn 0.1588 0.7644 0.6249
vn 0.5556 -0.0000 -0.8315
vn 0.8315 -0.0000 0.5556
vn 0.2425 -0.0000 -0.9701
vn 0.4501 0.8409 0.3005
vn 0.4967 -0.4482 0.7433
vn 0.2689 0.8767 -0.3987
vn 0.8768 -0.4482 -0.1744
vn 0.8315 -0.0000 -0.5556
vn 0.5556 -0.0000 0.8315
vn 0.9808 -0.0000 -0.1951
vn 0.5214 0.8469 -0.1039
vn 0.4196 0.8628 -0.2819
vn 0.5278 0.8428 0.1057
vn 0.1229 0.8706 -0.4764
vn 0.3194 0.8216 0.4723
vn 0.4483 0.5907 0.6709
vn 0.4483 0.5907 -0.6709
vn 0.1958 0.5901 0.7832
vn 0.6709 0.5907 -0.4483
vn 0.7914 0.5907 -0.1574
vn 0.7914 0.5907 0.1574
vn 0.6709 0.5907 0.4483
vn 0.1959 0.5900 -0.7833
vn 0.7130 -0.6830 -0.1586
vn 0.4647 -0.3986 -0.7907
vn 0.3222 -0.8118 0.4870
vn 0.2166 -0.6835 -0.6971
vn 0.5106 -0.7908 0.3376
vn 0.6448 -0.6136 -0.4558
vn 0.1289 -0.8469 0.5158
vn 0.6269 -0.7721 0.1042
vn 0.0032 -0.9999 0.0126
vn 0.0111 -0.9999 -0.0074
vn 0.0131 -0.9999 -0.0026
vn 0.0131 -0.9999 0.0026
vn 0.0111 -0.9999 0.0074
vn 0.0032 -0.9999 -0.0126
vn 0.0074 -0.9999 0.0111
vn 0.0074 -0.9999 -0.0111
vn 0.0354 -0.9893 0.1413
vn 0.6994 0.1700 0.6942
vn 0.7509 0.3343 0.5696
vn 0.8014 0.3222 0.5039
vn 0.7829 0.4814 0.3941
vn 0.5307 0.7219 0.4441
vn 0.3427 0.7346 0.5856
vn 0.2703 0.5946 0.7572
vn 0.3953 0.3028 0.8672
vn 0.5579 0.1567 0.8150
vn 0.5903 0.6125 0.5257
vn 0.1681 0.4070 0.8978
vn 0.0204 0.4078 0.9128
vn 0.3315 0.1806 0.9260
vn 0.1175 0.2217 0.9680
vn 0.1519 0.6698 0.7268
vn 0.0564 0.6675 0.7425
vn 0.1353 0.8417 0.5227
vn 0.0405 0.8662 0.4980
vn 0.1489 -0.3200 0.9356
vn 0.2660 0.9544 0.1356
vn 0.9893 0.1185 -0.0851
vn -0.0075 0.9243 0.3815
vn 0.8144 -0.4053 0.4154
vn -0.1919 0.7043 0.6834
vn 0.5919 -0.5282 0.6088
vn -0.1827 0.2627 0.9474
vn 0.9786 -0.1716 0.1137
vn 0.7454 0.6614 -0.0830
vn 0.9201 -0.2168 0.3263
vn 0.9127 0.3019 0.2753
vn 0.4810 0.8498 0.2155
vn 0.0187 0.8391 0.5436
vn 0.2369 0.5281 0.8155
vn 0.6346 -0.1970 0.7473
vn 0.7983 0.5854 0.1418
vn 0.9345 0.3312 0.1306
vn 0.9363 0.1182 0.3306
vn 0.8303 -0.1381 0.5400
vn 0.6670 -0.1438 0.7311
vn 0.4566 -0.1667 0.8739
vn 0.1390 -0.2506 0.9580
vn 0.9778 0.0858 0.1911
vn 0.9995 0.0118 0.0281
vn 0.2890 -0.0980 0.9523
vn 0.9928 -0.1072 0.0539
vn 0.9740 -0.0940 0.2059
vn 0.9675 -0.0508 0.2476
vn 0.9823 -0.1412 0.1229
vn 0.9825 -0.0650 0.1743
vn 0.9467 -0.0600 0.3164
vn 0.8713 -0.0178 0.4904
vn -0.1391 -0.5930 0.7931
vn 0.2115 -0.6184 0.7569
vn 0.8234 -0.4960 0.2757
vn 0.6517 -0.5373 0.5353
vn -0.3063 -0.1659 0.9374
vn 0.2012 -0.2499 0.9471
vn 0.9534 -0.1837 0.2394
vn 0.6713 -0.1911 0.7161
vn -0.2680 -0.0488 0.9622
vn 0.0415 0.3134 0.9487
vn 0.2140 -0.0802 0.9735
vn 0.9641 -0.0498 0.2609
vn 0.3489 0.4385 0.8283
vn 0.6049 -0.7524 0.2609
vn 0.5994 -0.0710 0.7973
vn 0.5695 0.5452 0.6151
vn 0.6247 0.5719 0.5316
vn 0.9801 -0.1374 0.1432
vn 0.9669 0.1104 0.2301
vn 0.6042 0.5541 0.5727
vn 0.4918 -0.4056 0.7705
vn 0.4919 -0.7608 0.4233
vn 0.4406 0.2690 0.8564
vn 0.5997 0.4884 0.6339
vn 0.8573 -0.4799 0.1862
vn 0.5839 0.4112 0.7000
vn 0.1120 0.0884 0.9898
vn 0.9038 0.3962 0.1619
vn 0.8817 0.3626 0.3020
vn -0.1810 -0.6933 0.6975
vn 0.9376 -0.1823 0.2959
vn 0.8765 0.2772 0.3936
vn 0.1615 -0.4315 0.8875
vn 0.3855 -0.3735 0.8437
vn 0.6929 -0.1984 0.6932
vn 0.1426 -0.7177 0.6817
vn 0.3492 -0.6696 0.6555
vn 0.6178 -0.5969 0.5119
vn 0.8313 -0.5108 0.2191
vn 0.8571 -0.5145 -0.0246
vn 0.8349 -0.5404 -0.1046
vn 0.8368 -0.5471 -0.0225
vn 0.1427 -0.0813 0.9864
vn 0.1611 -0.7377 0.6556
vn 0.4085 -0.6847 0.6036
vn 0.5520 -0.6920 0.4653
vn 0.5942 -0.7409 0.3130
vn -0.2616 0.2379 0.9354
vn 0.1823 0.4233 0.8875
vn 0.7629 -0.6359 0.1169
vn 0.8683 0.3484 0.3531
vn 0.5832 0.2979 0.7557
vn 0.7718 0.5224 0.3626
vn 0.4270 -0.5041 0.7507
vn 0.6925 -0.5968 0.4054
vn 0.3804 0.4003 0.8337
vn 0.5940 0.5024 0.6283
vn 0.7838 -0.6154 -0.0839
vn 0.8691 -0.2944 0.3975
vn 0.4503 0.5524 0.7015
vn 0.6314 0.4079 0.6595
vn 0.1209 -0.9162 0.3821
vn 0.3796 -0.8865 0.2645
vn 0.6905 0.0905 0.7177
vn 0.7472 0.4746 0.4652
vn 0.5243 0.4005 0.7515
vn 0.8333 -0.2332 0.5012
vn 0.6829 0.3899 0.6178
vn 0.7806 0.3445 0.5215
vn 0.6317 0.3140 0.7088
vn 0.9083 0.1553 -0.3884
vn 0.4352 0.5977 0.6733
vn 0.6496 0.3979 0.6478
vn 0.9601 0.1918 -0.2037
vn 0.9633 0.0338 0.2664
vn 0.9517 0.0860 0.2946
vn 0.9305 0.2393 0.2773
vn 0.8654 -0.1119 0.4884
vn 0.9602 0.2233 0.1676
vn 0.9380 -0.0781 0.3378
vn 0.8736 -0.0125 0.4866
vn 0.9094 0.2915 0.2968
vn 0.9095 0.4046 0.0952
vn 0.8881 0.1966 0.4154
vn 0.8216 0.4247 0.3802
vn 0.9178 -0.0321 -0.3958
vn 0.9936 0.0744 0.0852
vn 0.9492 0.1866 -0.2535
vn 0.8893 0.3617 0.2799
vn 0.9236 0.0833 -0.3743
vn 0.9370 0.0786 0.3404
vn 0.9565 0.2668 -0.1181
vn 0.8062 0.4270 0.4095
vn 0.9830 -0.0026 -0.1834
vn 0.9051 0.3252 0.2739
vn 0.9402 0.2238 -0.2569
vn 0.8827 0.3688 0.2912
vn 0.8953 0.3664 0.2533
vn 0.8982 0.3672 0.2414
vn 0.8789 -0.4684 0.0898
vn 0.9553 0.2749 -0.1087
vn 0.0632 -0.1055 0.9924
vn 0.5764 -0.2068 0.7906
vn 0.9201 -0.1586 0.3581
vn 0.7685 -0.1498 0.6221
vn 0.9860 -0.0676 0.1522
vn 0.9609 -0.0138 0.2766
vn 0.5887 0.7546 0.2897
vn 0.5798 -0.5643 0.5877
vn 0.4779 -0.1275 0.8691
vn -0.1717 0.5412 0.8232
vn 0.8905 -0.4477 0.0812
vn 0.0944 -0.1757 0.9799
vn 0.6995 -0.7059 0.1113
vn 0.9578 -0.0604 0.2811
vn 0.9497 -0.1466 0.2769
vn 0.9724 -0.0612 0.2253
vn 0.9802 0.1840 0.0737
vn 0.9745 0.2140 -0.0679
vn 0.9814 0.0406 -0.1878
vn 0.9692 -0.1773 -0.1711
vn 0.9803 -0.1199 0.1567
vn 0.9688 -0.2468 0.0217
vn 0.9487 -0.3077 -0.0733
vn 0.9537 -0.2901 -0.0789
vn 0.9490 0.1262 0.2889
vn 0.8961 -0.4353 0.0862
vn 0.9244 0.0961 0.3691
vn 0.9878 0.0077 -0.1557
vn 0.9428 0.2649 0.2023
vn 0.8196 -0.5452 0.1763
vn 0.9587 0.1860 0.2153
vn 0.8483 0.4423 0.2912
vn 0.9343 0.2075 -0.2900
vn 0.8283 -0.4166 0.3746
vn 0.7831 0.5930 0.1874
vn 0.9099 0.3674 -0.1924
vn 0.8747 -0.0877 0.4766
vn 0.9419 0.1066 0.3185
vn 0.8021 0.5971 0.0093
vn 0.7917 0.4857 0.3705
vn 0.9458 -0.1682 0.2777
vn 0.7352 0.5396 0.4104
vn 0.8661 -0.0602 0.4962
vn 0.8962 0.2848 0.3402
vn 0.8016 0.1029 0.5890
vn 0.8505 0.3060 0.4278
vn 0.9985 0.0482 0.0251
vn 0.8421 0.4045 0.3568
vn 0.9798 -0.1332 0.1492
vn 0.9658 0.2505 -0.0667
vn 0.8396 0.1488 0.5225
vn 0.9141 0.4052 -0.0139
vn 0.9312 0.2797 0.2338
vn 0.8243 0.3613 0.4359
vn 0.8317 0.3727 0.4115
vn 0.8531 0.3365 0.3987
vn 0.8385 0.5361 0.0978
vn 0.7801 0.5498 0.2985
vn 0.8872 -0.0995 0.4504
vn 0.8768 0.4612 -0.1363
vn 0.8251 0.5633 -0.0442
vn 0.8497 0.5258 -0.0386
vn 0.8500 0.5221 0.0704
vn 0.8047 0.5809 0.1226
vn 0.7025 0.6990 0.1340
vn 0.8222 0.3068 -0.4795
vn 0.8186 0.4641 -0.3383
vn 0.8491 0.2991 -0.4354
vn 0.9762 0.1019 -0.1912
vn 0.9912 -0.1267 0.0384
vn 0.9580 -0.1665 0.2334
vn 0.9611 -0.1064 0.2550
vn 0.9074 0.2806 -0.3127
vn 0.9456 0.1313 -0.2977
vn 0.9658 0.0358 -0.2570
vn 0.9581 0.0160 0.2861
vn 0.9653 0.1700 0.1982
vn 0.9780 0.1050 0.1803
vn 0.9986 0.0019 0.0521
vn 0.9959 -0.0526 -0.0739
vn 0.9274 0.2100 -0.3096
vn 0.9616 0.1433 -0.2341
vn 0.9995 0.0001 -0.0331
vn 0.9974 0.0697 -0.0161
vn 0.9954 0.0397 0.0867
vn 0.9745 0.0429 0.2203
vn 0.9740 0.0645 0.2171
vn 0.9020 -0.3327 0.2751
vn 0.9407 0.1354 0.3111
vn 0.9633 0.0700 0.2592
vn 0.9125 0.3764 0.1600
vn 0.9327 0.3262 0.1536
vn 0.9929 0.1042 0.0570
vn 0.9387 0.3307 0.0975
vn 0.9790 0.0776 0.1887
vn 0.9276 -0.1481 0.3429
vn 0.9708 -0.2378 0.0311
vn 0.9732 -0.1497 -0.1745
vn 0.9410 -0.1998 0.2733
vn 0.9382 0.2002 0.2822
vn 0.9020 0.3827 -0.1999
vn 0.9559 0.1729 -0.2375
vn 0.9644 0.2415 0.1077
vn 0.9317 0.2581 0.2554
vn 0.9442 0.2331 0.2328
vn 0.9289 0.3122 0.1993
vn 0.4563 0.8726 0.1743
vn 0.1469 0.9843 0.0983
vn 0.0257 0.9993 -0.0278
vn 0.0736 0.9968 -0.0326
vn 0.4279 0.9038 0.0008
vn 0.7761 0.6171 0.1301
vn 0.9214 0.3664 0.1295
vn 0.9727 0.1358 0.1882
vn 0.9856 -0.0454 0.1630
vn 0.9975 -0.0458 0.0546
vn 0.9795 -0.0024 0.2017
vn 0.9498 0.0260 0.3117
vn 0.9480 -0.0595 0.3126
vn 0.9302 0.0677 0.3607
vn 0.9476 0.1554 0.2791
vn 0.9155 0.0404 0.4003
vn 0.9179 0.0292 0.3957
vn 0.9125 0.0827 0.4006
vn 0.9248 0.0772 0.3726
vn 0.7418 0.5984 0.3028
vn 0.5397 0.7972 0.2704
vn 0.5378 0.8208 0.1927
vn 0.6913 0.7172 0.0878
vn 0.8560 0.5146 0.0498
vn 0.9514 0.3071 0.0237
vn 0.9920 0.1258 -0.0101
vn 0.9310 -0.0143 0.3649
vn 0.9997 0.0229 -0.0047
vn 0.9907 0.1058 0.0855
vn 0.9075 -0.2383 0.3458
vn 0.9731 0.0084 0.2301
vn 0.8564 0.1988 0.4765
vn 0.7747 -0.0319 0.6315
vn 0.8861 0.2964 0.3563
vn 0.7231 0.1303 0.6783
vn 0.8802 0.0986 0.4642
vn 0.8596 0.0941 0.5022
vn 0.9953 0.0809 0.0527
vn 0.8539 0.1682 0.4925
vn 0.8605 0.3211 0.3955
vn 0.8053 0.3238 0.4966
vn 0.9399 0.2828 0.1915
vn 0.9718 0.2189 0.0871
vn 0.9986 -0.0422 0.0311
vn 0.7786 0.1181 0.6163
vn 0.8617 -0.2525 0.4401
vn 0.8796 -0.2377 0.4120
vn 0.8719 0.1632 0.4618
vn 0.7857 -0.0959 0.6111
vn 0.9010 -0.0521 0.4307
vn 0.8421 0.0695 0.5348
vn 0.3455 0.2824 0.8949
vn 0.8845 0.0559 0.4632
vn 0.7917 0.5295 0.3048
vn 0.9869 -0.0371 -0.1567
vn 0.8669 0.0901 0.4902
vn 0.9667 -0.2320 0.1079
vn 0.9709 0.1471 -0.1892
vn 0.6094 -0.5550 0.5662
vn 0.8465 -0.0969 0.5235
vn 0.8112 0.5432 0.2165
vn 0.9128 0.4006 -0.0799
vn 0.8248 -0.5265 0.2061
vn 0.4706 0.5832 0.6621
vn 0.5228 0.0807 0.8486
vn 0.7361 -0.6137 0.2855
vn 0.5474 0.7189 0.4283
vn 0.5256 -0.1645 0.8347
vn 0.9523 -0.3001 0.0561
vn 0.7962 0.5737 0.1921
vn 0.5877 -0.3868 0.7106
vn 0.9713 0.2346 -0.0402
vn 0.3173 0.9147 0.2503
vn -0.0163 0.9619 0.2731
vn 0.2124 0.9428 0.2571
vn 0.4137 0.9069 0.0796
vn 0.1151 0.9888 0.0947
vn -0.1376 0.9851 0.1034
vn 0.3889 0.9212 0.0149
vn 0.0644 0.9977 0.0214
vn -0.1996 0.9797 0.0161
vn -0.2095 0.9772 -0.0352
vn 0.0035 0.9999 -0.0159
vn 0.3603 0.9317 0.0452
vn -0.0978 0.9952 0.0012
vn -0.0671 0.9977 -0.0078
vn 0.3141 0.9472 0.0638
vn -0.0753 0.9960 0.0484
vn -0.0403 0.9990 0.0173
vn 0.2392 0.9704 0.0333
vn -0.0316 0.9846 0.1717
vn 0.1494 0.9883 0.0303
vn 0.0893 0.9917 0.0929
vn 0.0489 0.9938 0.1003
vn 0.2008 0.9760 0.0848
vn 0.1224 0.9916 0.0424
vn 0.0775 0.9903 0.1154
vn 0.2363 0.9708 0.0403
vn 0.2233 0.9717 0.0773
vn 0.2172 0.8671 0.4482
vn 0.2828 0.7764 0.5632
vn 0.3039 0.7354 0.6056
vn 0.5192 0.7855 0.3368
vn 0.6741 0.6361 0.3754
vn 0.6610 0.6969 0.2783
vn 0.2815 0.9451 0.1657
vn 0.2446 0.9611 0.1283
vn 0.7581 0.5020 0.4162
vn 0.7621 0.5631 0.3195
vn 0.4690 0.8378 0.2796
vn 0.3143 0.9362 0.1576
vn 0.3105 0.9295 0.1992
vn 0.3481 0.9278 0.1338
vn 0.2480 0.9593 0.1354
vn 0.2669 0.9395 0.2147
vn 0.2874 0.9335 0.2144
vn 0.7093 0.5209 0.4748
vn 0.3250 0.9155 0.2373
vn 0.1225 0.9840 0.1290
vn 0.3702 0.9289 -0.0034
vn -0.0444 0.9990 0.0051
vn 0.3121 0.9457 0.0912
vn 0.3510 0.9341 -0.0647
vn -0.1821 0.9824 -0.0423
vn 0.2811 0.9593 0.0277
vn 0.2596 0.9639 -0.0600
vn -0.2734 0.9600 -0.0603
vn 0.2775 0.9530 -0.1218
vn 0.1995 0.9722 0.1225
vn 0.7935 0.5887 0.1543
vn 0.8861 0.4409 0.1427
vn 0.5675 0.8170 -0.1020
vn 0.5824 0.7333 0.3508
vn -0.0000 0.9256 0.3786
vn 0.1563 0.9089 -0.3865
vn 0.7751 0.5938 -0.2160
vn 0.8593 0.4907 -0.1445
vn 0.1219 0.7222 -0.6809
vn -0.0000 0.9692 -0.2461
vn 0.4160 0.8089 -0.4154
vn 0.1239 0.9588 -0.2555
vn -0.3218 0.9378 -0.1299
vn 0.2109 0.9713 -0.1101
vn 0.0497 0.9570 -0.2857
vn -0.5482 0.7692 -0.3282
vn -0.0537 0.5234 -0.8504
vn -0.8216 0.2201 -0.5258
vn 0.0654 0.7324 -0.6777
vn 0.7033 0.5661 -0.4300
vn 0.7661 0.5445 -0.3414
vn -0.0271 0.8427 -0.5377
vn -0.0162 0.4086 -0.9126
vn 0.3381 0.4622 -0.8198
vn 0.7779 0.5007 0.3798
vn 0.8564 0.2147 0.4696
vn 0.8694 0.3878 0.3061
vn 0.9038 0.0659 0.4229
vn 0.9082 -0.1689 0.3830
vn 0.8905 -0.3799 0.2505
vn 0.9871 0.1575 0.0286
vn 0.9941 -0.0069 0.1079
vn 0.9689 -0.1258 0.2130
vn 0.7330 -0.0555 0.6780
vn 0.8871 -0.2470 0.3899
vn 0.6417 -0.1448 0.7532
vn 0.6792 -0.6116 -0.4057
vn 0.9388 -0.2914 -0.1839
vn 0.9716 -0.2363 0.0102
vn 0.9353 -0.3516 0.0399
vn 0.0565 -0.3152 -0.9473
vn 0.9764 -0.1466 0.1583
vn 0.9843 -0.1629 0.0674
vn 0.3941 -0.7158 -0.5764
vn 0.8000 0.2328 -0.5531
vn 0.8790 -0.3748 -0.2947
vn 0.7227 0.6703 -0.1684
vn 0.9895 0.0841 0.1177
vn 0.8108 0.5845 -0.0303
vn 0.9598 -0.2289 -0.1622
vn 0.9984 -0.0567 -0.0058
vn 0.9036 0.3904 0.1761
vn 0.8711 0.4897 -0.0375
vn 0.9999 0.0113 -0.0040
vn 0.8088 -0.4148 -0.4169
vn 0.9976 0.0555 0.0412
vn 0.8945 0.4436 0.0545
vn 0.9753 0.1639 0.1479
vn 0.9854 0.1150 -0.1256
vn 0.9995 0.0202 0.0233
vn 0.9983 -0.0548 0.0208
vn 0.8708 -0.4797 -0.1075
vn 0.9449 0.2992 0.1328
vn 0.8119 -0.1936 -0.5507
vn 0.8949 -0.4450 0.0343
vn 0.5288 0.8235 -0.2055
vn 0.6615 0.1916 -0.7250
vn 0.9506 -0.3102 0.0159
vn 0.8867 0.3989 0.2336
vn 0.5351 0.5205 -0.6654
vn 0.9855 -0.1668 0.0313
vn 0.6955 0.6862 0.2130
vn 0.9793 0.1919 0.0642
vn 0.9872 -0.1505 0.0527
vn 0.9917 -0.0975 0.0842
vn 0.2403 -0.6503 -0.7207
vn 0.7819 -0.4089 -0.4705
vn 0.9830 -0.1775 0.0462
vn 0.9973 0.0131 0.0720
vn 0.9960 0.0360 0.0814
vn 0.8964 0.2433 0.3705
vn 0.8772 -0.4364 0.2002
vn 0.8523 -0.1295 0.5068
vn 0.7058 -0.7077 0.0309
vn 0.7459 0.4750 0.4670
vn 0.8217 -0.4412 0.3608
vn 0.5751 0.7794 -0.2484
vn 0.4741 -0.3417 -0.8115
vn 0.1955 0.1562 -0.9682
vn 0.7017 -0.6429 -0.3072
vn 0.6764 0.6982 0.2345
vn 0.3221 0.5775 -0.7502
vn 0.8543 0.0345 0.5186
vn 0.9803 0.0364 -0.1941
vn 0.7291 0.0127 -0.6843
vn 0.9088 -0.0007 -0.4173
vn 0.8832 -0.0319 -0.4680
vn 0.8565 0.0212 0.5158
vn 0.4846 0.2409 0.8409
vn 0.8014 0.0999 0.5897
vn 0.6798 0.0186 0.7332
vn 0.7141 -0.2311 0.6608
vn 0.7788 0.0974 0.6197
vn 0.7076 -0.2336 0.6668
vn 0.8615 -0.0094 0.5077
vn 0.6032 -0.0783 0.7937
vn 0.7061 -0.2445 0.6645
vn 0.8622 -0.0613 0.5028
vn -0.2734 -0.3511 0.8956
vn 0.5491 -0.8325 0.0740
vn -0.0945 0.6945 0.7132
vn 0.5176 0.8323 0.1984
vn 0.3295 0.8507 0.4096
vn 0.7976 -0.0989 -0.5951
vn 0.7527 -0.5003 -0.4281
vn -0.3708 0.2461 0.8955
vn 0.7889 0.3931 -0.4723
vn 0.3401 -0.8709 0.3547
vn 0.7273 0.6654 -0.1680
vn 0.0839 -0.7604 0.6440
vn 0.9774 -0.0597 0.2030
vn 0.7736 -0.0500 0.6318
vn 0.5054 -0.0035 0.8629
vn 0.7712 -0.0951 0.6294
vn 0.7869 -0.1158 0.6062
vn 0.5795 -0.5733 0.5792
vn 0.8113 -0.5713 0.1243
vn 0.5815 0.5668 0.5836
vn 0.2943 0.0520 0.9543
vn 0.7273 -0.5879 0.3542
vn 0.5946 0.6707 0.4434
vn 0.3264 -0.2457 0.9127
vn 0.9400 -0.3302 -0.0856
vn 0.7407 0.6636 0.1046
vn 0.4581 -0.4889 0.7423
vn 0.9298 0.3462 -0.1250
vn 0.9674 0.2035 -0.1509
vn 0.9791 -0.1336 -0.1535
vn 0.9938 0.0331 -0.1062
vn 0.6416 -0.7607 0.0990
vn 0.6333 -0.7155 -0.2948
vn 0.5387 -0.8315 -0.1357
vn 0.3913 -0.9170 0.0775
vn 0.3038 -0.9170 0.2583
vn 0.2951 -0.8789 0.3748
vn 0.1850 -0.8297 0.5267
vn 0.0949 -0.6494 0.7545
vn 0.1425 -0.5838 0.7993
vn 0.9569 -0.0838 -0.2780
vn 0.8387 -0.3586 -0.4098
vn 0.7699 -0.5607 -0.3048
vn 0.7716 -0.6037 -0.2007
vn 0.7450 -0.6569 -0.1160
vn 0.7075 -0.7042 0.0593
vn 0.5874 -0.6821 0.4355
vn 0.3261 -0.6202 0.7134
vn 0.9863 -0.1546 0.0573
vn 0.4598 -0.7388 -0.4927
vn 0.2476 -0.7367 -0.6292
vn 0.1344 -0.6182 -0.7745
vn 0.2337 -0.8953 -0.3791
vn 0.0429 -0.9974 -0.0576
vn -0.0022 -0.9797 0.2002
vn 0.0090 -0.9272 0.3744
vn 0.0485 -0.8576 0.5121
vn 0.0965 -0.5866 0.8041
vn 0.2603 -0.2988 0.9181
vn 0.1888 -0.8714 -0.4527
vn 0.2417 -0.9666 -0.0857
vn 0.1633 -0.9660 0.2002
vn 0.0881 -0.9150 0.3936
vn 0.0975 -0.7775 0.6213
vn 0.1871 -0.4067 0.8942
vn 0.3017 -0.0162 0.9533
vn 0.0427 -0.8849 -0.4638
vn 0.0241 -0.9920 -0.1239
vn 0.0316 -0.9874 0.1547
vn 0.0176 -0.9281 0.3719
vn 0.0803 -0.7234 0.6858
vn 0.1508 -0.2823 0.9474
vn 0.1352 0.0391 0.9900
vn 0.8139 0.2114 -0.5411
vn 0.1591 0.1177 -0.9802
vn 0.7655 0.3353 -0.5492
vn 0.1026 0.5258 -0.8444
vn -0.7177 -0.1769 -0.6735
vn 0.5566 0.2905 -0.7783
vn 0.4988 0.0760 -0.8634
vn 0.4618 0.0243 -0.8866
vn 0.0444 0.1978 -0.9792
vn -0.2309 -0.5718 -0.7873
vn 0.3088 -0.6570 -0.6877
vn 0.4430 -0.3511 -0.8249
vn 0.6900 0.1338 -0.7114
vn 0.9212 0.0951 -0.3774
vn 0.7239 0.0516 -0.6880
vn 0.5960 0.1101 -0.7954
vn 0.6171 0.0517 -0.7852
vn 0.7335 -0.3663 -0.5725
vn 0.8236 0.0076 -0.5671
vn 0.6832 0.0267 -0.7297
vn 0.9594 -0.1689 -0.2257
vn 0.9958 0.0794 -0.0444
vn 0.9744 0.0271 -0.2231
vn 0.9943 0.0294 0.1025
vn 0.9972 -0.0680 0.0315
vn 0.9588 -0.1013 -0.2654
vn 0.8426 -0.0295 -0.5377
vn 0.9707 -0.2272 -0.0782
vn 0.9110 0.0551 -0.4087
vn 0.9516 -0.0040 -0.3072
vn 0.7409 -0.0091 -0.6715
vn 0.7539 -0.0428 -0.6556
vn 0.9064 -0.2133 -0.3645
vn 0.9136 -0.3193 -0.2517
vn 0.9609 -0.2678 -0.0704
vn 0.9387 -0.2846 -0.1944
vn 0.9864 -0.1155 -0.1169
vn 0.8249 0.5185 -0.2251
vn 0.8928 0.1145 -0.4356
vn 0.7470 -0.0505 -0.6629
vn 0.8547 -0.0599 -0.5157
vn 0.8100 0.4803 -0.3365
vn 0.8036 0.4983 -0.3254
vn 0.8995 0.3643 -0.2410
vn 0.8303 0.3934 -0.3948
vn 0.9684 0.2106 -0.1333
vn 0.8846 0.2919 -0.3636
vn 0.9285 0.2228 -0.2970
vn 0.9732 0.2299 0.0078
vn 0.9635 0.2627 0.0509
vn 0.9637 0.1353 -0.2300
vn 0.9833 0.0476 -0.1758
vn 0.9775 0.2107 0.0021
vn 0.9980 0.0589 -0.0236
vn 0.9792 -0.1168 -0.1659
vn 0.9918 -0.1270 0.0167
vn 0.9946 -0.0488 0.0916
vn 0.9751 -0.0664 0.2117
vn 0.9676 0.2199 0.1242
vn 0.9278 0.3495 0.1307
vn 0.9252 0.3681 0.0921
vn 0.8920 0.4211 0.1640
vn 0.9107 0.3719 0.1800
vn 0.9043 0.2832 0.3194
vn 0.9890 0.1341 0.0632
vn 0.8847 -0.0154 0.4659
vn 0.8337 0.0422 0.5506
vn 0.5366 -0.0252 0.8434
vn 0.6409 0.4736 0.6041
vn 0.5811 0.4351 0.6878
vn 0.7866 0.3370 0.5174
vn 0.8173 0.3796 0.4336
vn 0.7102 0.4030 0.5772
vn 0.7587 0.2605 0.5971
vn 0.8243 0.3866 0.4135
vn 0.5786 0.3800 0.7217
vn 0.8344 0.3416 0.4325
vn 0.5846 0.4911 0.6457
vn 0.5425 0.4653 0.6994
vn 0.7970 0.3146 0.5155
vn 0.5461 0.4923 0.6778
vn 0.7356 0.2636 0.6241
vn 0.6618 0.3346 0.6709
vn 0.6682 0.3790 0.6403
vn 0.6453 0.3835 0.6607
vn 0.6079 0.4369 0.6630
vn 0.5762 0.4870 0.6563
vn 0.6051 0.4532 0.6546
vn 0.3818 0.4621 0.8004
vn 0.4404 0.5360 0.7202
vn 0.5030 0.5454 0.6704
vn 0.5198 0.5262 0.6730
vn 0.5114 0.2501 0.8222
vn 0.1869 0.5020 0.8444
vn 0.0969 0.6096 0.7867
vn 0.1385 0.6166 0.7750
vn 0.1453 0.5733 0.8064
vn 0.1451 0.2119 0.9664
vn 0.2523 0.2432 0.9366
vn 0.3775 0.1971 0.9048
vn 0.2037 -0.2263 0.9525
vn 0.5726 -0.0867 0.8153
vn 0.5963 0.0528 0.8010
vn 0.7336 0.0174 0.6794
vn 0.5965 -0.0599 0.8004
vn 0.1393 -0.3540 0.9248
vn 0.6024 -0.1353 0.7866
vn 0.1411 -0.2921 0.9459
vn 0.1410 -0.3742 0.9166
vn 0.1564 -0.5988 0.7855
vn 0.2963 -0.6085 0.7361
vn 0.9845 0.0097 -0.1751
vn 0.9382 0.0203 -0.3454
vn 0.9906 -0.0238 0.1348
vn 0.9212 -0.3507 0.1686
vn 0.8515 -0.2304 0.4710
vn 0.7462 -0.4716 0.4698
vn 0.6911 -0.2936 0.6604
vn 0.5679 -0.2942 0.7687
vn 0.4145 -0.4713 0.7785
vn 0.5427 -0.5321 0.6499
vn 0.6601 0.3476 -0.6659
vn 0.6540 0.3235 -0.6839
vn 0.6969 0.1592 -0.6993
vn 0.7591 0.0114 -0.6509
vn 0.8217 -0.0444 -0.5682
vn 0.8471 -0.0700 -0.5268
vn 0.8712 -0.0693 -0.4859
vn 0.7241 -0.1477 -0.6737
vn 0.6724 -0.2236 -0.7056
vn 0.6209 -0.2125 -0.7545
vn 0.5918 -0.0748 -0.8026
vn 0.5702 0.1447 -0.8087
vn 0.5296 0.3290 -0.7818
vn 0.5270 0.3567 -0.7714
vn 0.7417 0.1231 -0.6593
vn 0.5621 0.1551 -0.8124
vn 0.8841 0.0193 -0.4668
vn 0.8609 0.3593 -0.3602
vn 0.8436 -0.0257 -0.5363
vn 0.8269 0.4264 -0.3667
vn 0.8296 -0.0057 -0.5583
vn 0.8368 0.3582 -0.4140
vn 0.7912 0.1337 -0.5968
vn 0.7180 0.5080 -0.4757
vn 0.7713 0.2569 -0.5823
vn 0.7229 0.5355 -0.4366
vn 0.7241 0.4191 -0.5477
vn 0.6533 0.7038 -0.2790
vn 0.7153 0.4681 -0.5189
vn 0.6649 0.7378 -0.1165
vn 0.7883 0.2257 -0.5724
vn 0.8354 0.5327 -0.1352
vn 0.2568 0.8856 -0.3869
vn 0.1732 0.9472 -0.2697
vn 0.1663 0.8135 -0.5573
vn 0.1852 0.5823 -0.7916
vn 0.2301 0.4745 -0.8496
vn 0.2941 0.2818 -0.9133
vn 0.3045 0.4005 -0.8642
vn 0.3449 0.3730 -0.8614
vn 0.2611 0.6296 -0.7317
vn 0.2075 0.2153 -0.9542
vn 0.2090 -0.9774 -0.0313
vn 0.3172 -0.7981 -0.5123
vn 0.0144 -0.9982 -0.0575
vn 0.0335 -0.9982 -0.0501
vn 0.0501 -0.9982 -0.0335
vn 0.0591 -0.9982 -0.0118
vn 0.0591 -0.9982 0.0118
vn 0.0501 -0.9982 0.0335
vn 0.0335 -0.9982 0.0501
vn 0.0144 -0.9982 0.0575
vn 0.1056 0.9005 -0.4217
vn 0.2437 0.8986 -0.3647
vn 0.3647 0.8987 -0.2437
vn 0.4302 0.8986 -0.0856
vn 0.4302 0.8986 0.0856
vn 0.3647 0.8987 0.2437
vn 0.2437 0.8986 0.3647
vn 0.1056 0.9005 0.4217
vn 0.0563 -0.9891 0.1359
vn -0.0000 0.4404 0.8978
vn 0.1040 -0.9891 -0.1040
vn 0.8264 0.4470 -0.3423
vn 0.8945 0.4470 -0.0000
vn 0.8264 0.4470 0.3423
vn -0.0000 0.4404 -0.8978
vn 0.6325 0.4470 0.6325
vn 0.3423 0.4470 -0.8264
vn 0.0781 0.9466 -0.3127
vn 0.1775 0.9476 -0.2657
vn 0.2657 0.9476 -0.1775
vn 0.3134 0.9476 -0.0623
vn 0.3134 0.9476 0.0623
vn 0.2657 0.9476 0.1775
vn 0.1775 0.9476 0.2657
vn 0.0781 0.9466 0.3127
vn 0.0970 0.9673 0.2342
vn -0.0000 0.9683 0.2498
vn 0.1792 0.9673 -0.1792
vn 0.2342 0.9673 -0.0970
vn 0.2535 0.9673 -0.0000
vn 0.2342 0.9673 0.0970
vn -0.0000 0.9683 -0.2498
vn 0.1792 0.9673 0.1792
vn 0.0970 0.9673 -0.2342
vn 0.2210 -0.4084 -0.8856
vn 0.5081 -0.4044 -0.7605
vn 0.7605 -0.4044 -0.5081
vn 0.8970 -0.4044 -0.1784
vn 0.8970 -0.4044 0.1784
vn 0.7605 -0.4044 0.5081
vn 0.5081 -0.4044 0.7605
vn 0.2210 -0.4084 0.8856
vn 0.3818 0.0663 -0.9218
vn 0.4133 -0.8114 -0.4133
vn 0.3818 0.0663 0.9218
vn -0.0000 -0.8129 0.5824
vn 0.5400 -0.8114 -0.2237
vn 0.5845 -0.8114 -0.0000
vn 0.5400 -0.8114 0.2237
vn -0.0000 -0.8129 -0.5824
vn 0.4133 -0.8114 0.4133
vn 0.2199 0.4262 -0.8775
vn 0.5018 0.4294 -0.7509
vn 0.7509 0.4294 -0.5017
vn 0.8857 0.4294 -0.1762
vn 0.8857 0.4294 0.1762
vn 0.7509 0.4294 0.5017
vn 0.5017 0.4294 0.7509
vn 0.2195 0.4268 0.8773
vn 0.6930 0.1986 0.6930
vn 0.3088 0.5908 0.7454
vn 0.3751 0.1986 -0.9055
vn 0.5705 0.5907 -0.5705
vn -0.0000 0.5984 0.8012
vn 0.7454 0.5908 -0.3088
vn 0.8069 0.5908 -0.0000
vn 0.7454 0.5908 0.3088
vn -0.0000 0.5982 -0.8013
vn 0.2387 -0.2310 -0.9432
vn 0.5420 -0.2209 -0.8108
vn 0.8109 -0.2208 -0.5419
vn 0.9566 -0.2208 -0.1903
vn 0.9566 -0.2208 0.1903
vn 0.8109 -0.2208 0.5419
vn 0.5419 -0.2208 0.8109
vn 0.2368 -0.2196 0.9464
vn 0.7041 0.0919 0.7041
vn 0.3811 0.0919 0.9200
vn 0.3814 0.0911 -0.9199
vn 0.7041 0.0919 -0.7041
vn -0.0000 0.0945 0.9955
vn 0.9200 0.0919 -0.3811
vn 0.9958 0.0919 -0.0000
vn 0.9200 0.0919 0.3811
vn -0.0000 0.0887 -0.9961
vn 0.2463 -0.2024 -0.9478
vn 0.5483 -0.1703 -0.8187
vn 0.8193 -0.1702 -0.5475
vn 0.9665 -0.1702 -0.1922
vn 0.9665 -0.1702 0.1922
vn 0.8193 -0.1702 0.5475
vn 0.5475 -0.1702 0.8193
vn 0.2384 -0.1719 0.9558
vn 0.6325 -0.4471 0.6325
vn 0.3423 -0.4471 0.8264
vn 0.3437 -0.4525 -0.8228
vn 0.6325 -0.4471 -0.6325
vn -0.0000 -0.4563 0.8898
vn 0.8264 -0.4471 -0.3423
vn 0.8945 -0.4471 -0.0000
vn 0.8264 -0.4471 0.3423
vn -0.0000 -0.4988 -0.8667
vn 0.1094 0.9001 -0.4218
vn 0.2450 0.8978 -0.3659
vn 0.3662 0.8978 -0.2447
vn 0.4320 0.8978 -0.0859
vn 0.4320 0.8978 0.0859
vn 0.3662 0.8978 0.2447
vn 0.2446 0.8978 0.3663
vn 0.1056 0.8982 0.4268
vn -0.0000 0.5213 -0.8534
vn 0.1908 0.8708 -0.4530
vn 0.5877 0.5562 0.5877
vn 0.1879 0.8706 0.4546
vn 0.3481 0.8704 -0.3481
vn -0.0000 0.8757 0.4829
vn 0.4549 0.8704 -0.1884
vn 0.4924 0.8704 -0.0000
vn 0.4549 0.8704 0.1884
vn 0.2237 -0.8114 -0.5400
vn 0.7056 0.0663 -0.7056
vn 0.2237 -0.8114 0.5400
vn -0.0000 0.0699 0.9976
vn 0.9218 0.0663 -0.3818
vn 0.9978 0.0663 -0.0000
vn 0.9218 0.0663 0.3818
vn -0.0000 0.0699 -0.9976
vn 0.7056 0.0663 0.7056
vn 0.2748 -0.8691 -0.4112
vn 0.1202 -0.8685 0.4809
vn 0.4112 -0.8691 -0.2748
vn 0.4851 -0.8691 -0.0965
vn 0.4851 -0.8691 0.0965
vn 0.4112 -0.8691 0.2748
vn 0.1202 -0.8685 -0.4809
vn 0.2748 -0.8691 0.4112
vn 0.1471 -0.9891 -0.0000
vn 0.4350 0.8522 0.2907
vn 0.5131 0.8522 0.1021
vn 1.0000 -0.0000 -0.0000
vn -0.0000 -0.0000 -1.0000
vn 0.2913 0.8522 -0.4346
vn 0.1326 0.8528 -0.5052
vn 0.2906 0.8522 0.4350
vn 0.7678 0.5562 -0.3180
vn -0.0000 0.5522 0.8337
vn -0.0000 -0.0000 1.0000
vn 0.7071 -0.0000 0.7071
vn 0.3827 -0.0000 -0.9239
vn 0.3233 0.5531 -0.7678
vn -0.0000 0.8768 -0.4808
vn 0.3421 -0.4480 -0.8260
vn 0.6322 -0.4480 0.6322
vn -0.0000 -0.4413 0.8974
vn 0.2258 -0.9137 0.3379
vn 0.2258 -0.9137 -0.3379
vn 0.3827 -0.0000 0.9239
vn 0.7071 -0.0000 -0.7071
vn 0.4820 0.8530 -0.2003
vn -0.0000 0.7468 0.6650
vn 0.9239 -0.0000 0.3827
vn 0.9239 -0.0000 -0.3827
vn 0.1259 0.8534 0.5058
vn 0.4350 0.8522 -0.2907
vn 0.3379 -0.9137 0.2258
vn 0.0976 -0.9159 -0.3894
vn 0.5131 0.8522 -0.1021
vn 0.7678 0.5562 0.3180
vn 0.8311 0.5562 -0.0000
vn 0.8260 -0.4480 -0.3421
vn 0.8260 -0.4480 0.3421
vn 0.3180 0.5563 0.7677
vn 0.3481 0.8704 0.3481
vn 0.5877 0.5562 -0.5877
vn 0.3986 -0.9137 -0.0793
vn 0.3986 -0.9137 0.0793
vn 0.5363 0.8440 0.0002
vn -0.0000 -0.9891 -0.1476
vn 0.1359 -0.9891 0.0563
vn 0.1359 -0.9891 -0.0563
vn -0.0000 -0.9891 0.1476
vn 0.3423 0.4470 0.8264
vn 0.6325 0.4470 -0.6325
vn 0.1040 -0.9891 0.1040
vn 0.0563 -0.9891 -0.1359
vn 0.1918 0.8730 -0.4484
vn 0.3926 0.8333 0.3893
vn 0.4964 0.8433 0.2061
vn -0.0000 0.8869 -0.4619
vn 0.2317 0.8024 0.5499
vn 0.3441 0.8732 -0.3451
vn 0.8940 -0.4480 -0.0000
vn -0.0000 -0.4413 -0.8974
vn 0.6322 -0.4480 -0.6322
vn 0.3421 -0.4480 0.8260
vn 0.3379 -0.9137 -0.2258
vn 0.0976 -0.9159 0.3894
vn 0.5553 -0.1153 0.8236
vn 0.8310 -0.0502 0.5539
vn 0.2385 -0.2240 0.9449
vn 0.9805 -0.0389 0.1925
vn 0.9800 -0.0026 -0.1992
vn 0.5266 0.2600 -0.8094
vn 0.2511 0.2096 -0.9450
vn 0.8262 0.0543 -0.5608
vn 0.5705 0.5908 0.5705
vn 0.3751 0.1986 0.9055
vn 0.3088 0.5907 -0.7455
vn 0.6930 0.1986 -0.6930
vn -0.0000 0.1992 0.9800
vn 0.9055 0.1986 -0.3751
vn 0.9801 0.1986 -0.0000
vn 0.9055 0.1986 0.3751
vn -0.0000 0.1992 -0.9800
vn 0.4787 0.5075 0.7165
vn 0.4787 0.5075 -0.7165
vn 0.2088 0.5084 0.8354
vn 0.7165 0.5075 -0.4787
vn 0.8451 0.5075 -0.1681
vn 0.8451 0.5075 0.1681
vn 0.7165 0.5075 0.4787
vn 0.2088 0.5084 -0.8354
vn 0.4166 -0.7057 0.5731
vn 0.6219 -0.6715 0.4028
vn 0.1629 -0.7951 0.5842
vn 0.7784 -0.6161 0.1210
vn 0.8912 -0.3787 -0.2497
vn 0.5199 -0.1532 -0.8404
vn 0.2330 -0.5609 -0.7944
vn 0.7652 -0.2360 -0.5990
vn 0.6972 -0.6510 -0.3004
vn 0.6794 -0.7337 -0.0077
vn -0.0000 -0.7646 -0.6444
vn -0.0000 -0.8515 0.5244
vn 0.3345 -0.5128 -0.7907
vn 0.5677 -0.5302 -0.6297
vn 0.4243 -0.8018 0.4208
vn 0.2132 -0.8341 0.5087
vn 0.5732 -0.7866 0.2297
vn 0.0051 -0.9999 0.0124
vn -0.0000 -0.9999 0.0139
vn 0.0095 -0.9999 -0.0095
vn 0.0124 -0.9999 -0.0051
vn 0.0134 -0.9999 -0.0000
vn 0.0124 -0.9999 0.0051
vn -0.0000 -0.9999 -0.0139
vn 0.0095 -0.9999 0.0095
vn 0.0051 -0.9999 -0.0124
vn 0.9712 0.1994 0.1301
vn 0.8032 -0.2491 0.5411
vn 0.6237 -0.3692 0.6890
vn 0.9577 0.0127 0.2874
vn 0.8012 0.5942 0.0708
vn 0.3770 0.8922 0.2487
vn 0.1217 0.8740 0.4704
vn -0.0423 0.6743 0.7372
vn -0.0351 0.2354 0.9713
vn 0.4283 0.5756 0.6966
vn 0.2496 -0.1964 0.9482
vn 0.4796 0.4851 0.7312
vn 0.5760 0.3412 0.7428
vn 0.6632 0.3397 0.6669
vn 0.6335 0.4096 0.6564
vn 0.6448 0.4099 0.6452
vn 0.7362 0.3499 0.5793
vn 0.7912 0.3932 0.4685
vn 0.6694 0.5535 0.4956
vn 0.4994 0.6214 0.6036
vn 0.2178 0.7938 0.5679
vn 0.2501 0.6403 0.7263
vn 0.2991 0.4093 0.8620
vn 0.4602 0.1865 0.8680
vn 0.6689 0.0782 0.7392
vn 0.7886 0.0751 0.6103
vn 0.8924 0.1757 0.4157
vn 0.9103 0.3251 0.2562
vn 0.7827 0.5780 0.2307
vn 0.4101 0.8585 0.3079
vn 0.1589 0.5500 0.8199
vn 0.0246 0.5306 0.8473
vn -0.0000 0.4028 0.9153
vn -0.0000 0.2123 0.9772
vn 0.0854 0.4079 0.9090
vn 0.2061 0.2072 0.9563
vn 0.2247 0.2938 0.9291
vn 0.0616 0.3269 0.9430
vn 0.4217 0.0453 0.9056
vn 0.1462 0.0178 0.9891
vn -0.0000 0.6543 0.7563
vn -0.0000 0.8705 0.4922
vn 0.0965 0.6758 0.7307
vn 0.1351 0.7568 0.6396
vn 0.0610 0.7783 0.6250
vn 0.0843 0.8577 0.5073
vn 0.1853 0.9073 0.3775
vn 0.0279 0.9269 0.3743
vn 0.5713 0.7883 0.2285
vn 0.8941 0.4366 0.0993
vn 0.9492 0.2188 0.2262
vn 0.9867 0.1605 0.0251
vn 0.8548 -0.3700 0.3640
vn 0.6375 -0.4585 0.6192
vn 0.9674 -0.1928 0.1640
vn 0.6790 0.7328 0.0449
vn 0.2960 0.9409 0.1646
vn -0.0056 0.9060 0.4232
vn -0.1158 0.7548 0.6457
vn -0.0950 0.4053 0.9092
vn 0.3259 -0.2370 0.9152
vn 0.3944 -0.4821 0.7823
vn -0.0657 -0.0398 0.9970
vn 0.1119 0.9604 0.2551
vn 0.5021 0.8644 0.0263
vn 0.9214 0.3685 -0.1234
vn 0.9993 -0.0367 -0.0075
vn -0.1094 0.8392 0.5326
vn 0.9187 -0.2899 0.2684
vn 0.7118 -0.4849 0.5081
vn -0.2093 0.5150 0.8312
vn 0.2242 0.9017 0.3698
vn 0.8346 -0.2456 0.4931
vn 0.6412 0.4631 0.6119
vn 0.9582 0.0057 0.2860
vn 0.7307 0.6366 0.2465
vn 0.0693 0.7197 0.6909
vn 0.4681 0.2175 0.8565
vn 0.8137 0.5795 0.0462
vn 0.9604 0.2642 -0.0887
vn 0.8991 -0.0155 0.4376
vn 0.9610 0.0945 0.2598
vn 0.7654 -0.4656 0.4443
vn 0.7472 -0.1614 0.6447
vn 0.6289 -0.4573 0.6288
vn 0.5781 -0.1439 0.8032
vn 0.4437 -0.4719 0.7619
vn 0.2926 -0.2083 0.9333
vn -0.0000 -0.2919 0.9564
vn 0.1433 -0.5456 0.8257
vn 0.9710 0.2300 -0.0645
vn 0.8840 -0.3515 0.3083
vn 0.9922 0.0555 0.1118
vn 0.9317 0.3138 -0.1828
vn 0.8499 -0.4521 0.2707
vn 0.9995 -0.0304 -0.0032
vn 0.7477 0.3598 0.5581
vn 0.8552 -0.1476 0.4968
vn 0.8312 0.4385 0.3417
vn 0.2740 -0.0940 0.9571
vn 0.7843 0.3581 0.5065
vn 0.9783 -0.1346 0.1573
vn 0.9791 0.0332 -0.2009
vn 0.7178 -0.1305 0.6839
vn 0.9760 -0.0453 0.2131
vn 0.9947 -0.0011 -0.1028
vn 0.7796 0.0705 0.6222
vn 0.9745 -0.0400 0.2208
vn 0.8887 0.2087 0.4083
vn 0.9763 -0.1033 0.1902
vn 0.9974 -0.0292 -0.0662
vn 0.9360 -0.3512 0.0238
vn 0.9721 -0.0890 0.2169
vn 0.9437 -0.3305 0.0162
vn 0.8243 0.2683 0.4986
vn 0.9349 -0.3298 0.1309
vn 0.9131 -0.0080 0.4076
vn 0.7731 0.3275 0.5432
vn 0.8710 -0.3188 0.3738
vn 0.8008 -0.0924 0.5917
vn 0.9377 -0.3104 0.1563
vn 0.7745 0.6326 0.0045
vn 0.3870 0.0342 0.9215
vn 0.0934 -0.0491 0.9944
vn -0.0000 -0.6160 0.7878
vn 0.4962 -0.5176 0.6970
vn 0.2688 -0.6036 0.7506
vn 0.7494 -0.5883 0.3037
vn 0.7843 -0.6202 0.0147
vn 0.6759 -0.6033 0.4233
vn 0.5665 -0.5205 0.6389
vn 0.9302 0.1797 -0.3200
vn 0.3752 -0.3113 0.8731
vn 0.2310 0.2971 0.9265
vn 0.4763 0.4789 0.7374
vn 0.6073 0.4023 0.6851
vn 0.7947 0.5001 0.3439
vn -0.2957 -0.3527 0.8878
vn 0.1978 -0.3530 0.9145
vn 0.9375 -0.2862 0.1978
vn 0.6663 -0.3449 0.6611
vn 0.7008 -0.5568 0.4459
vn -0.0000 -0.0476 0.9989
vn 0.0153 0.4946 0.8690
vn 0.8001 -0.4113 0.4366
vn -0.0000 0.2185 0.9758
vn 0.5096 -0.5510 0.6609
vn -0.2579 0.0566 0.9645
vn 0.2486 -0.0337 0.9680
vn 0.9608 -0.0202 0.2764
vn 0.6212 -0.0064 0.7836
vn -0.0000 0.3136 0.9496
vn 0.6161 -0.0799 0.7836
vn -0.2812 0.0452 0.9586
vn 0.5657 0.3105 0.7640
vn 0.2247 0.0540 0.9729
vn 0.9647 0.0839 0.2498
vn 0.9956 0.0873 0.0336
vn 0.0116 -0.0737 0.9972
vn 0.8701 -0.0633 0.4887
vn 0.1323 0.3649 0.9216
vn 0.7937 0.1158 0.5972
vn 0.5662 0.0564 0.8223
vn 0.6769 0.2006 0.7082
vn 0.7607 0.4542 0.4637
vn 0.9552 0.2433 0.1686
vn 0.9334 0.1957 0.3008
vn 0.7997 -0.2944 0.5233
vn 0.7888 -0.4018 0.4652
vn 0.8437 -0.3934 0.3654
vn -0.0000 -0.1624 0.9867
vn 0.5556 -0.2365 0.7971
vn 0.0477 -0.2496 0.9672
vn 0.8699 -0.1889 0.4556
vn 0.9892 -0.1272 -0.0725
vn -0.2700 -0.2714 0.9238
vn 0.2670 -0.3106 0.9123
vn 0.9460 -0.2108 0.2463
vn 0.6462 -0.2450 0.7228
vn 0.9645 -0.2382 0.1137
vn 0.9194 -0.3112 0.2405
vn 0.6498 -0.4476 0.6143
vn 0.3584 -0.5575 0.7488
vn 0.1677 -0.6073 0.7766
vn 0.2468 -0.4149 0.8758
vn -0.0000 -0.4568 0.8895
vn 0.5431 -0.2998 0.7843
vn -0.0000 -0.7362 0.6768
vn -0.0000 -0.9167 0.3995
vn 0.2287 -0.6952 0.6815
vn 0.4808 -0.6387 0.6008
vn 0.7434 -0.5506 0.3797
vn 0.8628 -0.4996 0.0781
vn 0.1144 -0.8406 0.5294
vn 0.3489 -0.7883 0.5069
vn 0.6107 -0.7083 0.3541
vn 0.8057 -0.5894 0.0589
vn 0.8122 -0.5762 -0.0911
vn 0.8419 -0.5325 -0.0871
vn 0.7439 -0.6429 -0.1826
vn 0.8336 -0.5476 -0.0725
vn 0.8510 -0.5242 0.0301
vn 0.7214 -0.6916 -0.0365
vn 0.9353 -0.0008 0.3538
vn -0.0000 -0.7550 0.6557
vn 0.2782 -0.7171 0.6391
vn 0.4966 -0.6712 0.5503
vn 0.5792 -0.7217 0.3791
vn 0.6233 -0.7345 0.2685
vn 0.5492 -0.7807 0.2982
vn 0.4524 -0.6619 0.5977
vn 0.3649 -0.3224 0.8735
vn 0.3212 0.1339 0.9375
vn 0.5653 0.4076 0.7171
vn 0.6061 0.5360 0.5877
vn 0.6205 0.5675 0.5412
vn -0.0000 0.2722 0.9622
vn 0.1804 0.3678 0.9122
vn 0.4837 0.5049 0.7149
vn 0.6105 0.5654 0.5547
vn 0.1415 -0.0677 0.9876
vn 0.1822 -0.8550 0.4856
vn 0.3711 -0.8284 0.4196
vn 0.4204 -0.8707 0.2553
vn 0.3837 -0.9097 0.1589
vn 0.0396 0.5683 0.8218
vn 0.2998 0.7254 0.6196
vn 0.3289 -0.9312 0.1569
vn 0.3658 0.8246 0.4316
vn 0.3469 0.8372 0.4227
vn 0.2266 0.8338 0.5034
vn 0.2223 -0.4854 0.8455
vn 0.1530 -0.8733 0.4626
vn 0.2914 0.3554 0.8881
vn 0.2880 0.6310 0.7203
vn 0.4747 0.2066 0.8555
vn 0.2684 0.6901 0.6721
vn 0.4318 0.7392 0.5168
vn 0.3263 0.4560 0.8280
vn 0.9166 0.1698 0.3619
vn 0.9429 0.2101 0.2583
vn 0.9529 0.1773 0.2459
vn 0.9977 0.0325 0.0594
vn 0.9400 0.0245 0.3402
vn 0.9766 0.0427 -0.2107
vn 0.9069 0.2209 0.3588
vn 0.8479 -0.2753 0.4531
vn 0.5774 -0.5766 0.5780
vn 0.8451 -0.1736 0.5056
vn 0.6776 -0.6082 0.4134
vn 0.7314 -0.6819 -0.0108
vn 0.5130 -0.8368 0.1913
vn 0.4888 -0.8434 -0.2230
vn 0.2323 -0.9152 0.3293
vn 0.9219 0.2098 -0.3256
vn 0.9013 -0.3949 0.1781
vn 0.5850 0.4666 0.6634
vn 0.6974 0.1000 0.7097
vn 0.6418 0.1205 0.7573
vn 0.5824 0.3828 0.7171
vn 0.9251 0.3236 -0.1986
vn 0.8647 0.2469 -0.4375
vn 0.9483 0.1965 0.2491
vn 0.9215 0.0495 -0.3851
vn 0.4311 0.6523 0.6235
vn 0.7312 0.4314 0.5285
vn 0.6671 0.3709 0.6461
vn 0.5799 0.6228 0.5253
vn 0.8902 0.3054 0.3380
vn 0.9176 0.0730 0.3908
vn 0.8502 0.4419 0.2861
vn 0.6701 0.6282 0.3953
vn 0.7710 0.3349 0.5417
vn 0.7219 0.2672 0.6383
vn 0.8133 0.3775 0.4427
vn 0.6697 0.3465 0.6569
vn 0.5858 0.3329 0.7390
vn 0.4154 0.5456 0.7279
vn 0.6777 0.3372 0.6535
vn 0.9853 0.1464 -0.0882
vn 0.9566 0.0532 0.2866
vn 0.9451 0.1500 0.2904
vn 0.9106 0.3079 0.2757
vn 0.9399 0.3267 0.0992
vn 0.9529 0.0744 0.2941
vn 0.8852 -0.0300 0.4642
vn 0.5603 -0.4264 0.7101
vn 0.9719 0.2046 -0.1164
vn 0.9674 0.2247 0.1170
vn 0.5435 -0.4005 0.7377
vn 0.9334 0.3240 0.1541
vn 0.7357 -0.5288 0.4232
vn 0.8680 -0.0719 0.4914
vn 0.9634 -0.0828 0.2551
vn 0.9068 0.3748 0.1931
vn 0.9430 0.1220 0.3096
vn 0.9770 0.2072 -0.0508
vn 0.9100 0.1528 -0.3853
vn 0.9086 0.2992 -0.2913
vn 0.9882 -0.1516 -0.0212
vn 0.8684 0.4342 0.2395
vn 0.9687 0.2177 0.1189
vn 0.9218 0.2562 0.2909
vn 0.9825 0.1339 -0.1299
vn 0.8966 0.2839 0.3398
vn 0.9452 0.0697 -0.3190
vn 0.8287 0.4476 0.3359
vn 0.8658 0.4401 0.2382
vn 0.8289 0.3964 0.3947
vn 0.9192 0.1168 0.3761
vn 0.8509 0.3267 0.4114
vn 0.9638 0.2072 -0.1678
vn 0.8010 0.4357 0.4105
vn 0.8630 0.3983 0.3108
vn 0.9562 -0.0429 -0.2895
vn 0.9059 0.0275 -0.4226
vn 0.9976 0.0379 -0.0577
vn 0.9513 0.0570 0.3030
vn 0.9380 0.1569 -0.3091
vn 0.8984 0.3374 0.2811
vn 0.9298 0.3681 0.0030
vn 0.9499 0.2573 -0.1776
vn 0.8972 0.3633 0.2511
vn 0.8927 0.3722 0.2540
vn 0.9572 0.2885 0.0215
vn 0.9166 0.3771 -0.1330
vn 0.7077 -0.6911 0.1465
vn 0.7121 0.6346 0.3005
vn 0.8607 0.0058 0.5091
vn 0.9190 -0.0757 0.3870
vn -0.0000 -0.0950 0.9955
vn 0.8572 -0.1430 0.4947
vn 0.4079 -0.2295 0.8837
vn 0.8543 -0.1477 0.4983
vn 0.9950 -0.0724 0.0684
vn 0.0562 0.6763 0.7345
vn 0.7765 0.3086 0.5494
vn 0.9747 0.1111 0.1937
vn 0.6349 0.5006 0.5885
vn 0.9518 0.2449 0.1847
vn 0.0384 -0.7883 0.6141
vn 0.7286 -0.5182 0.4479
vn 0.9224 -0.3630 0.1320
vn 0.6181 -0.6532 0.4373
vn 0.9233 -0.3632 0.1245
vn 0.7508 -0.6463 0.1363
vn 0.6307 0.6400 0.4389
vn 0.0527 -0.6510 0.7572
vn 0.8285 0.2528 0.4996
vn 0.6068 0.6036 0.5171
vn 0.7851 -0.6125 -0.0925
vn 0.5336 0.3125 0.7859
vn -0.0000 -0.2980 0.9546
vn 0.6859 -0.6594 0.3077
vn 0.9331 -0.3219 0.1605
vn 0.8838 -0.4187 0.2087
vn 0.9170 -0.2708 0.2929
vn 0.9647 0.0556 0.2575
vn 0.9958 0.0853 0.0338
vn 0.9968 -0.0496 0.0621
vn 0.9976 -0.0386 0.0582
vn 0.9799 0.1099 0.1665
vn 0.9331 0.3106 0.1813
vn 0.9343 0.0750 0.3486
vn 0.9464 -0.0149 0.3227
vn 0.9853 0.0046 0.1705
vn 0.9778 0.2080 0.0254
vn 0.9849 0.1530 -0.0811
vn 0.9481 -0.0344 -0.3160
vn 0.8838 -0.2901 -0.3671
vn 0.9791 0.1694 0.1125
vn 0.9533 -0.1352 0.2702
vn 0.9569 -0.1157 0.2663
vn 0.9873 0.0664 0.1441
vn 0.9753 0.2207 0.0040
vn 0.9802 0.1472 -0.1324
vn 0.9753 -0.0749 -0.2077
vn 0.9632 -0.2456 -0.1089
vn 0.8271 -0.5539 0.0957
vn 0.8174 -0.5685 -0.0933
vn 0.9800 -0.1810 0.0832
vn 0.9557 -0.2918 -0.0373
vn 0.9953 -0.0700 0.0665
vn 0.8157 -0.5473 -0.1872
vn 0.9477 -0.3091 -0.0793
vn 0.8463 -0.4780 -0.2353
vn 0.9463 0.2228 -0.2341
vn 0.8875 0.4150 -0.2001
vn 0.7629 0.6457 0.0326
vn 0.9932 -0.0358 -0.1110
vn 0.9335 -0.3459 0.0942
vn 0.8626 -0.4631 0.2037
vn 0.8180 -0.3373 0.4659
vn 0.8159 -0.0474 0.5763
vn 0.8731 0.1334 0.4690
vn 0.8823 0.2525 0.3973
vn 0.8405 0.4475 0.3056
vn 0.7331 0.5742 0.3645
vn 0.7251 0.6448 0.2415
vn 0.8487 0.0826 0.5224
vn 0.8854 0.3478 0.3083
vn 0.9542 0.1587 0.2536
vn 0.9455 0.1069 0.3076
vn 0.8449 -0.5190 0.1294
vn 0.9710 -0.2390 -0.0034
vn 0.8979 0.0419 0.4383
vn 0.9368 0.1130 0.3313
vn 0.9592 0.1231 -0.2545
vn 0.9071 0.3358 0.2538
vn 0.9568 0.2178 0.1927
vn 0.8043 -0.5231 0.2818
vn 0.7952 0.5373 0.2810
vn 0.9288 0.2772 -0.2461
vn 0.8525 -0.2593 0.4539
vn 0.7811 0.6155 0.1050
vn 0.8951 0.4130 -0.1677
vn 0.8872 0.4572 0.0627
vn 0.9726 0.1705 0.1578
vn 0.9576 0.1341 0.2550
vn 0.9249 0.1671 0.3416
vn 0.8701 0.2239 0.4391
vn 0.8146 0.2626 0.5172
vn 0.7963 0.4442 0.4107
vn 0.7916 0.4353 0.4289
vn 0.8446 0.2190 0.4885
vn 0.8237 0.4085 0.3934
vn 0.7548 0.5180 0.4024
vn 0.8231 0.4437 0.3546
vn 0.9143 -0.1280 0.3844
vn 0.9646 -0.1699 0.2018
vn 0.9876 0.1532 -0.0335
vn 0.7491 0.5517 0.3667
vn 0.8294 0.0188 0.5583
vn 0.8129 0.1407 0.5652
vn 0.8320 0.3376 0.4402
vn 0.9944 -0.0559 0.0893
vn 0.8503 0.3675 0.3768
vn 0.9372 0.3435 -0.0606
vn 0.9566 0.2740 0.0989
vn 0.9160 0.3627 0.1714
vn 0.9104 0.2737 0.3102
vn 0.8252 0.3744 0.4229
vn 0.8393 0.3587 0.4085
vn 0.8771 0.3096 0.3673
vn 0.8426 0.4140 0.3443
vn 0.8042 0.5457 0.2355
vn 0.9646 0.2282 0.1319
vn 0.5920 -0.4800 0.6474
vn 0.8351 0.5372 -0.1179
vn 0.9082 -0.0846 0.4099
vn 0.8442 0.5304 -0.0778
vn 0.9407 0.2991 -0.1604
vn 0.6396 0.7677 0.0382
vn 0.6353 0.7723 -0.0077
vn 0.9750 0.2118 -0.0669
vn 0.9687 0.2417 0.0569
vn 0.9334 0.3217 0.1590
vn 0.8823 0.4310 0.1892
vn 0.9644 0.1788 0.1947
vn 0.6260 0.7768 0.0680
vn 0.5844 0.8070 0.0850
vn 0.4875 0.8693 0.0815
vn 0.2582 0.9628 0.0800
vn 0.8364 0.5449 -0.0595
vn 0.8543 0.5196 0.0144
vn 0.8371 0.5396 0.0898
vn 0.7569 0.6414 0.1252
vn 0.6107 0.7757 0.1593
vn 0.8508 0.3563 -0.3862
vn 0.9178 0.1733 -0.3572
vn 0.9828 -0.0224 -0.1832
vn 0.9718 -0.2354 0.0129
vn 0.9426 -0.2256 0.2463
vn 0.9400 -0.1570 0.3028
vn 0.9373 -0.1024 0.3330
vn 0.9358 0.0992 0.3384
vn 0.8156 0.3154 -0.4851
vn 0.8046 0.4100 -0.4295
vn 0.9635 0.1646 -0.2113
vn 0.9972 -0.0107 0.0738
vn 0.9720 -0.0522 0.2293
vn 0.9742 -0.0192 0.2249
vn 0.9768 0.0068 0.2140
vn 0.9740 -0.0158 -0.2261
vn 0.8620 0.3730 -0.3432
vn 0.8929 0.2500 -0.3744
vn 0.8614 0.3883 -0.3274
vn 0.9290 0.1923 -0.3163
vn 0.9948 0.0557 -0.0847
vn 0.9760 -0.1613 0.1464
vn 0.9554 -0.1501 0.2543
vn 0.9716 -0.0504 0.2311
vn 0.9399 0.1753 -0.2930
vn 0.9330 0.0956 -0.3470
vn 0.9626 0.0230 -0.2701
vn 0.9553 0.0967 -0.2793
vn 0.9839 -0.0331 -0.1756
vn 0.9976 -0.0458 -0.0521
vn 0.9972 -0.0206 0.0714
vn 0.9781 0.0416 0.2040
vn 0.9721 0.0713 0.2234
vn 0.9678 0.1562 0.1975
vn 0.9681 -0.0428 0.2469
vn 0.9686 0.1393 0.2061
vn 0.9918 0.0451 0.1196
vn 0.9995 -0.0315 -0.0000
vn 0.9425 0.1784 -0.2827
vn 0.9875 0.0998 -0.1223
vn 0.9864 -0.1270 -0.1039
vn 0.9974 0.0716 -0.0062
vn 0.9976 -0.0689 -0.0114
vn 0.9756 0.0603 0.2109
vn 0.9865 0.0244 0.1617
vn 0.9974 0.0581 0.0416
vn 0.9738 0.0592 0.2196
vn 0.8861 0.4361 0.1570
vn 0.6974 -0.6445 0.3134
vn 0.9635 -0.0135 0.2674
vn 0.9363 0.2536 0.2429
vn 0.8913 -0.3038 0.3367
vn 0.9540 0.1503 0.2596
vn 0.9773 0.0885 0.1923
vn 0.9105 0.3392 0.2365
vn 0.9072 0.3539 0.2276
vn 0.9703 -0.2225 -0.0952
vn 0.9579 -0.2218 0.1822
vn 0.9817 0.0372 0.1869
vn 0.9368 -0.0185 0.3495
vn 0.9965 -0.0251 0.0802
vn 0.9552 -0.0185 0.2954
vn 0.9325 -0.1768 0.3148
vn 0.9376 0.2586 0.2326
vn 0.9681 0.2403 -0.0708
vn 0.9450 0.2161 0.2453
vn 0.9791 0.0626 0.1933
vn 0.9221 0.3212 -0.2156
vn 0.9212 0.2880 0.2616
vn 0.9708 0.2287 0.0725
vn 0.9402 0.2196 0.2603
vn 0.9423 0.1752 0.2853
vn 0.9345 0.2810 0.2184
vn 0.9267 0.3720 -0.0542
vn 0.9302 0.3503 0.1101
vn 0.7442 0.6326 0.2145
vn 0.9581 0.1444 0.2475
vn 0.8616 0.4311 0.2681
vn 0.2890 0.9469 0.1409
vn 0.4105 0.8949 0.1747
vn 0.0490 0.9977 0.0460
vn 0.2167 0.9734 0.0750
vn 0.0683 0.9973 -0.0262
vn 0.2272 0.9736 0.0225
vn 0.1154 0.9925 0.0398
vn 0.3241 0.9407 0.1002
vn 0.5006 0.8645 -0.0443
vn 0.7517 0.5673 0.3363
vn 0.7600 0.6446 -0.0829
vn 0.0614 0.9975 0.0354
vn 0.0179 0.9990 -0.0403
vn 0.2253 0.9739 -0.0270
vn 0.6299 0.7716 0.0888
vn 0.8694 0.4758 0.1332
vn 0.9036 0.2894 0.3158
vn 0.9136 0.4015 -0.0641
vn 0.9393 0.0679 0.3363
vn 0.9874 0.1459 0.0609
vn 0.9979 0.0529 0.0362
vn 0.9439 -0.1596 0.2890
vn 0.9838 -0.1346 0.1182
vn 0.9994 0.0339 -0.0089
vn 0.9592 0.2521 0.1278
vn 0.9823 0.0107 0.1869
vn 0.9919 -0.0619 0.1107
vn 0.9682 0.0091 0.2500
vn 0.9770 0.0366 0.2102
vn 0.9608 0.0056 0.2772
vn 0.9479 -0.0176 0.3180
vn 0.9145 0.0343 0.4031
vn 0.9748 0.0572 0.2155
vn 0.9549 0.1227 0.2705
vn 0.9304 0.0384 0.3645
vn 0.9315 0.0015 0.3637
vn 0.9393 0.1099 0.3251
vn 0.9317 0.0918 0.3514
vn 0.9411 0.1079 0.3206
vn 0.9139 0.0280 0.4051
vn 0.9165 0.0634 0.3951
vn 0.9154 0.1142 0.3859
vn 0.9166 0.0833 0.3911
vn 0.9121 0.1101 0.3949
vn 0.9359 0.0601 0.3470
vn 0.8999 0.2834 0.3314
vn 0.6342 0.7070 0.3130
vn 0.7774 0.4700 0.4180
vn 0.7462 0.5641 0.3535
vn 0.5174 0.8229 0.2347
vn 0.6040 0.7856 0.1340
vn 0.8249 0.4863 0.2881
vn 0.7815 0.6214 0.0566
vn 0.9090 0.3010 0.2883
vn 0.9144 0.4029 0.0391
vn 0.9204 0.2104 0.3294
vn 0.9761 0.2131 0.0432
vn 0.8694 -0.1266 0.4775
vn 0.9890 0.0135 0.1470
vn 0.9144 -0.0090 0.4048
vn 0.9188 -0.1378 0.3700
vn 0.9845 0.1471 -0.0951
vn 0.9320 0.0034 0.3625
vn 0.9770 -0.1171 0.1783
vn 0.9951 0.0958 -0.0239
vn 0.9934 -0.0372 -0.1084
vn 0.9882 0.1128 -0.1033
vn 0.9539 0.2975 -0.0411
vn 0.9185 0.3896 0.0682
vn 0.8297 0.4737 0.2953
vn 0.8218 0.4857 0.2978
vn 0.9780 -0.1940 0.0765
vn 0.8846 -0.2485 0.3945
vn 0.8068 -0.1884 0.5600
vn 0.7653 -0.1170 0.6330
vn 0.7590 -0.0675 0.6476
vn 0.6524 0.0054 0.7579
vn 0.6869 0.1434 0.7124
vn 0.7206 0.4964 0.4840
vn 0.6981 -0.0074 0.7160
vn 0.9347 0.0611 0.3502
vn 0.9909 0.0029 0.1344
vn 0.8634 0.1552 0.4800
vn 0.8487 0.2073 0.4866
vn 0.7746 0.0524 0.6303
vn 0.7642 -0.0716 0.6410
vn 0.8896 0.2853 0.3566
vn 0.9080 0.3053 0.2871
vn 0.7746 0.2389 0.5855
vn 0.8611 0.1264 0.4925
vn 0.8218 0.0979 0.5613
vn 0.9867 0.1533 0.0546
vn 0.9987 0.0189 0.0465
vn 0.8109 0.3567 0.4639
vn 0.9595 0.2485 0.1324
vn 0.9758 0.0044 0.2188
vn 0.9770 0.0859 0.1953
vn 0.5837 0.1273 0.8019
vn 0.8739 0.1070 0.4741
vn 0.8938 -0.0692 0.4432
vn 0.8410 0.0898 0.5335
vn 0.7496 0.2614 0.6081
vn 0.8555 0.4198 0.3031
vn 0.9600 0.2517 0.1229
vn 0.9763 0.1735 0.1292
vn 0.8440 -0.4965 0.2029
vn 0.8795 -0.2805 0.3844
vn 0.9891 -0.1110 0.0963
vn 0.8653 -0.0646 0.4970
vn 0.8847 -0.1394 0.4448
vn 0.8280 -0.2273 0.5126
vn 0.9286 -0.2351 0.2871
vn 0.9510 0.2681 -0.1543
vn 0.8397 0.3745 0.3934
vn 0.8411 0.0690 0.5364
vn 0.7105 -0.3272 0.6230
vn 0.9025 0.0651 0.4257
vn 0.8504 0.1252 0.5111
vn 0.7793 0.5741 0.2513
vn 0.8543 0.0270 0.5191
vn 0.9794 0.0611 -0.1926
vn 0.9867 -0.1520 -0.0570
vn 0.5889 -0.1741 0.7892
vn 0.5670 -0.0092 0.8237
vn 0.8811 0.2298 0.4135
vn 0.8743 0.4788 0.0791
vn 0.5885 0.2792 0.7588
vn 0.6909 0.3839 0.6126
vn 0.8690 0.2713 0.4139
vn 0.9537 0.0728 0.2919
vn 0.6565 -0.6992 0.2831
vn 0.8318 -0.3470 0.4333
vn 0.7850 -0.3558 0.5071
vn 0.9045 -0.2224 0.3638
vn 0.6520 -0.2928 0.6994
vn 0.6680 -0.6112 0.4244
vn 0.5158 -0.5510 0.6560
vn 0.9585 -0.2452 -0.1456
vn 0.9545 0.2480 -0.1656
vn 0.4224 0.4338 0.7959
vn 0.4984 0.1503 0.8538
vn 0.7729 -0.5753 0.2676
vn 0.9921 -0.0983 -0.0779
vn 0.4915 0.6837 0.5395
vn 0.5170 -0.0408 0.8550
vn 0.6641 0.6815 0.3075
vn 0.5844 -0.2549 0.7704
vn 0.9176 0.3935 0.0558
vn 0.1081 0.9538 0.2802
vn 0.3492 0.9202 0.1770
vn 0.2730 0.9225 0.2730
vn -0.0000 0.9700 0.2430
vn -0.0935 0.9796 0.1779
vn 0.1646 0.9692 0.1829
vn -0.0000 0.9953 0.0967
vn 0.2311 0.9689 0.0879
vn 0.3928 0.9195 0.0181
vn -0.0103 0.9947 0.1025
vn 0.0859 0.9951 0.0485
vn -0.1659 0.9847 0.0539
vn -0.0000 0.9999 0.0110
vn -0.0565 0.9982 0.0181
vn 0.2021 0.9791 0.0243
vn 0.3815 0.9240 0.0247
vn 0.0364 0.9993 0.0010
vn -0.2216 0.9750 -0.0172
vn -0.0000 0.9994 -0.0337
vn 0.3340 0.9407 0.0598
vn -0.0328 0.9994 -0.0065
vn -0.1008 0.9943 -0.0337
vn -0.1669 0.9856 -0.0284
vn 0.1538 0.9880 0.0138
vn 0.2867 0.9566 0.0517
vn -0.0721 0.9974 -0.0006
vn -0.0549 0.9984 0.0150
vn -0.1126 0.9935 -0.0173
vn -0.0000 0.9998 0.0188
vn 0.0902 0.9955 0.0294
vn 0.1913 0.9812 0.0245
vn 0.0142 0.9984 0.0547
vn -0.0794 0.9898 0.1186
vn -0.0780 0.9960 0.0429
vn -0.0000 0.9991 0.0430
vn 0.0501 0.9987 0.0046
vn 0.1245 0.9913 0.0428
vn 0.1629 0.9820 0.0954
vn 0.0184 0.9884 0.1509
vn 0.0364 0.9891 0.1428
vn -0.0001 0.9822 0.1880
vn 0.1147 0.9926 0.0398
vn 0.1663 0.9855 0.0346
vn 0.2124 0.9742 0.0768
vn 0.0641 0.9953 0.0720
vn 0.1334 0.9867 0.0930
vn -0.0000 0.9939 0.1104
vn 0.1948 0.9786 0.0670
vn 0.1591 0.9822 0.0995
vn -0.0000 0.9933 0.1155
vn 0.1424 0.9538 0.2647
vn 0.2588 0.9635 0.0680
vn 0.2613 0.9611 0.0896
vn 0.2502 0.9603 0.1232
vn 0.3503 0.8468 0.4003
vn -0.0000 0.8810 0.4731
vn -0.0000 0.7961 0.6052
vn -0.0000 0.7844 0.6202
vn 0.4689 0.7392 0.4835
vn 0.5421 0.6427 0.5414
vn 0.2468 0.8096 0.5326
vn 0.3122 0.7319 0.6057
vn 0.2334 0.9548 -0.1840
vn 0.1504 0.6994 0.6988
vn 0.2866 0.9470 0.1449
vn 0.3886 0.8878 0.2465
vn 0.6034 0.7511 0.2679
vn 0.6183 0.6884 0.3792
vn 0.4546 0.8675 0.2020
vn 0.7577 0.5723 0.3138
vn 0.7269 0.5564 0.4025
vn 0.7196 0.6293 0.2935
vn 0.3063 0.9380 0.1622
vn 0.2370 0.9627 0.1302
vn 0.5349 0.8055 0.2552
vn 0.6775 0.7160 0.1683
vn 0.7265 0.6162 -0.3043
vn 0.8342 0.4361 0.3375
vn 0.6173 0.3981 0.6786
vn 0.7073 0.5973 0.3782
vn 0.6193 0.7603 0.1962
vn 0.2735 0.9503 0.1489
vn 0.2365 0.9539 0.1845
vn 0.2061 0.9713 0.1185
vn 0.3097 0.9337 0.1797
vn 0.3246 0.9284 0.1807
vn 0.3654 0.9288 0.0620
vn 0.2792 0.9444 0.1738
vn 0.4895 0.8039 0.3379
vn 0.8160 0.3028 0.4923
vn 0.2652 0.9414 0.2082
vn 0.5372 0.7945 0.2832
vn 0.3124 0.9191 0.2402
vn 0.7144 0.5343 0.4518
vn 0.1170 0.9930 -0.0168
vn 0.6462 0.7013 0.3009
vn 0.1870 0.9665 0.1755
vn 0.1460 0.9755 0.1648
vn 0.3260 0.9280 0.1801
vn 0.0332 0.9978 0.0565
vn 0.6862 0.7252 0.0566
vn 0.3664 0.9296 -0.0396
vn 0.0639 0.9964 0.0557
vn -0.1149 0.9931 -0.0255
vn 0.3048 0.9511 0.0508
vn 0.6269 0.7641 0.1520
vn 0.5502 0.8335 0.0506
vn -0.0202 0.9998 -0.0048
vn 0.0356 0.9973 -0.0649
vn 0.6930 0.7199 -0.0392
vn 0.3220 0.9415 -0.0994
vn -0.2387 0.9698 -0.0495
vn 0.2603 0.9654 -0.0130
vn 0.6189 0.7703 -0.1535
vn -0.0488 0.9957 -0.0790
vn -0.0713 0.9958 -0.0566
vn 0.5205 0.8520 -0.0569
vn 0.2544 0.9633 -0.0862
vn -0.2943 0.9521 -0.0827
vn 0.2136 0.9551 -0.2051
vn 0.4524 0.8893 -0.0673
vn -0.0000 0.9941 0.1089
vn 0.5213 0.8420 0.1388
vn 0.8955 0.4121 0.1681
vn 0.1516 0.8162 -0.5575
vn 0.7038 0.5256 -0.4778
vn 0.7887 0.5971 -0.1462
vn 0.8733 0.4289 0.2312
vn 0.6637 0.7081 0.2409
vn 0.7828 0.6214 0.0334
vn 0.6826 0.6157 0.3938
vn 0.1708 0.9268 0.3344
vn -0.0000 0.9179 -0.3968
vn 0.8908 0.4306 -0.1451
vn 0.4710 0.8197 -0.3260
vn 0.1064 0.5562 -0.8242
vn 0.6231 0.3199 -0.7138
vn 0.6585 0.6125 -0.4373
vn -0.1037 0.9855 -0.1341
vn -0.1701 0.9726 -0.1586
vn 0.5037 0.8077 -0.3066
vn 0.1594 0.9567 -0.2435
vn 0.8270 0.5528 -0.1030
vn 0.2233 0.8931 0.3904
vn 0.1199 0.9900 0.0742
vn 0.6496 0.7171 0.2525
vn 0.6319 0.7426 -0.2220
vn 0.0346 0.9318 -0.3614
vn -0.3936 0.8941 -0.2137
vn 0.1351 0.9767 -0.1668
vn 0.3422 0.9051 -0.2525
vn -0.3255 0.8923 -0.3128
vn -0.0266 0.8404 -0.5413
vn -0.3703 0.8169 -0.4423
vn -0.7317 0.5130 -0.4489
vn 0.4135 0.4363 -0.7992
vn -0.5844 0.4062 -0.7025
vn -0.5491 0.2919 -0.7831
vn -0.0160 0.0579 -0.9982
vn -0.8074 0.0046 -0.5900
vn 0.3995 0.7656 -0.5043
vn 0.8426 0.4553 -0.2877
vn 0.3626 0.7032 -0.6116
vn -0.0000 0.7304 -0.6830
vn 0.0472 0.2794 -0.9590
vn 0.5549 0.1203 -0.8231
vn 0.6014 0.3977 -0.6929
vn -0.0517 0.6423 -0.7647
vn 0.4370 0.4388 -0.7851
vn 0.0580 0.2435 -0.9682
vn 0.6343 0.7465 -0.2009
vn 0.0663 0.9206 -0.3848
vn 0.6870 0.7200 -0.0981
vn 0.6188 0.4581 -0.6381
vn 0.8392 0.2645 0.4752
vn 0.8269 0.4438 0.3454
vn 0.8834 0.1436 0.4460
vn 0.9033 0.1826 0.3883
vn 0.9231 0.2995 0.2412
vn 0.9188 -0.0396 0.3926
vn 0.9548 -0.0286 0.2957
vn 0.8929 -0.2899 0.3444
vn 0.9535 -0.2310 0.1934
vn 0.9216 -0.3250 0.2120
vn 0.9108 -0.3893 0.1372
vn 0.9955 0.0464 0.0831
vn 0.9945 0.1046 -0.0022
vn 0.8854 -0.0907 0.4560
vn 0.9987 -0.0499 0.0069
vn 0.6854 -0.0923 0.7223
vn 0.9496 -0.3006 0.0893
vn 0.9725 0.2305 -0.0335
vn 0.9981 0.0573 0.0241
vn 0.9991 -0.0104 0.0417
vn 0.9241 -0.2435 0.2945
vn 0.7102 0.0281 0.7034
vn 0.8819 -0.3037 0.3605
vn 0.8967 -0.4233 0.1298
vn 0.5386 -0.5822 -0.6090
vn 0.3045 -0.7020 -0.6438
vn -0.1052 -0.6351 -0.7653
vn 0.5199 -0.6964 -0.4948
vn 0.3143 -0.7039 -0.6370
vn 0.6487 -0.5775 -0.4956
vn 0.8432 -0.4402 -0.3087
vn 0.9352 -0.2736 -0.2248
vn 0.6420 -0.6092 -0.4655
vn 0.8306 -0.4655 -0.3056
vn 0.9714 -0.2300 -0.0593
vn 0.9833 -0.1667 0.0723
vn 0.9732 -0.2289 -0.0224
vn 0.9861 -0.1321 0.1011
vn 0.9505 -0.3033 0.0672
vn 0.9651 -0.2369 -0.1115
vn 0.9875 -0.1574 0.0085
vn 0.9564 -0.2906 0.0293
vn 0.9697 -0.2428 0.0275
vn 0.9926 -0.1158 0.0358
vn 0.9908 -0.1319 0.0313
vn 0.9987 -0.0504 -0.0109
vn 0.9944 0.1058 0.0012
vn 0.9651 0.2566 -0.0516
vn 0.9829 0.0347 -0.1808
vn 0.9909 -0.0261 -0.1323
vn 0.9675 0.1439 -0.2080
vn 0.8905 0.2781 -0.3601
vn 0.9668 -0.1805 -0.1810
vn 0.9926 -0.0721 -0.0981
vn 0.9968 0.0793 0.0081
vn 0.7970 0.5664 -0.2096
vn 0.9679 0.2173 0.1266
vn 0.8977 0.4251 0.1162
vn 0.8087 -0.1628 -0.5653
vn 0.7483 0.5603 -0.3552
vn 0.8337 -0.4096 -0.3704
vn 0.9239 -0.3081 -0.2271
vn 0.7641 0.6421 -0.0620
vn 0.9952 0.0346 0.0912
vn 0.9861 0.1180 0.1171
vn 0.8450 0.5335 -0.0362
vn 0.9864 -0.1411 -0.0838
vn 0.9988 0.0148 0.0461
vn 0.9008 0.4218 0.1031
vn 0.9369 0.2763 0.2143
vn 0.8872 0.4613 0.0013
vn 0.9893 0.0780 -0.1232
vn 0.9960 0.0832 -0.0310
vn 0.7347 -0.6536 -0.1817
vn 0.8678 -0.4863 0.1021
vn 0.9659 -0.2530 0.0543
vn 0.9761 -0.2119 0.0494
vn 0.5373 -0.3101 -0.7843
vn 0.2660 0.1858 -0.9459
vn 0.3072 0.6053 -0.7343
vn 0.9789 0.1763 0.1030
vn 0.9648 0.2274 0.1324
vn 0.4599 0.8678 -0.1881
vn 0.8689 0.3801 0.3169
vn 0.6176 0.7297 0.2934
vn 0.9810 -0.1894 0.0424
vn 0.9925 -0.1048 0.0623
vn 0.9598 0.2628 0.0983
vn 0.8667 -0.4987 -0.0139
vn 0.8697 -0.3722 -0.3241
vn 0.9251 0.3327 0.1830
vn 0.7251 0.0116 -0.6885
vn 0.9256 -0.3775 0.0264
vn 0.5913 0.8045 0.0554
vn 0.4914 0.7376 -0.4631
vn 0.6160 0.3189 -0.7203
vn 0.9711 -0.2369 0.0301
vn 0.8055 0.5311 0.2628
vn 0.9947 0.0965 0.0352
vn 0.9840 -0.1574 0.0838
vn 0.9980 0.0117 0.0620
vn 0.9762 0.0812 0.2009
vn 0.7760 0.4247 0.4664
vn 0.9059 0.0602 0.4192
vn 0.9026 -0.2706 0.3348
vn 0.4706 -0.4053 -0.7838
vn -0.4722 -0.2608 -0.8420
vn 0.9433 -0.2916 -0.1585
vn 0.9939 0.0572 0.0938
vn 0.9911 -0.1220 0.0537
vn 0.9738 -0.1661 0.1553
vn 0.1523 -0.5493 -0.8216
vn 0.7897 -0.4365 -0.4310
vn 0.9961 -0.0811 0.0355
vn 0.9953 -0.0784 0.0559
vn 0.9962 -0.0247 0.0830
vn 0.8370 0.0330 0.5463
vn 0.7419 -0.6515 0.1585
vn 0.8200 -0.3237 0.4721
vn 0.7861 -0.4184 -0.4551
vn 0.5994 -0.2589 -0.7574
vn 0.3975 0.1114 -0.9108
vn 0.5582 0.3692 -0.7430
vn 0.7965 0.4682 -0.3826
vn 0.8340 0.5438 -0.0933
vn 0.8833 0.4108 0.2259
vn 0.9281 -0.0225 0.3717
vn 0.8217 -0.5087 -0.2570
vn 0.8981 -0.4328 0.0780
vn 0.7379 -0.6490 0.1851
vn 0.7075 -0.6964 -0.1205
vn 0.8043 0.2897 0.5189
vn 0.7052 0.5998 0.3780
vn 0.8608 -0.1974 0.4691
vn 0.6318 0.7751 0.0046
vn 0.4856 0.7116 -0.5077
vn 0.2986 -0.0911 -0.9500
vn 0.6318 -0.5303 -0.5653
vn 0.2022 0.3850 -0.9005
vn 0.9176 0.0142 -0.3973
vn 0.8624 -0.0460 -0.5041
vn 0.8984 -0.0091 -0.4391
vn 0.6565 0.6726 0.3415
vn 0.9349 -0.3549 -0.0047
vn 0.4625 -0.7538 0.4668
vn 0.2704 -0.6599 0.7010
vn 0.0598 -0.2942 0.9539
vn 0.2264 0.4767 0.8494
vn 0.5070 0.6817 0.5274
vn 0.0427 0.1289 0.9907
vn 0.8808 0.4656 0.0856
vn 0.8325 0.0607 0.5507
vn 0.8609 0.0038 0.5087
vn 0.7887 -0.1735 0.5898
vn 0.8595 -0.0659 0.5069
vn 0.6272 -0.1095 0.7711
vn 0.6719 -0.2053 0.7116
vn 0.7894 0.1141 0.6032
vn 0.7375 0.0632 0.6724
vn 0.6303 -0.0305 0.7757
vn 0.6946 -0.2370 0.6792
vn 0.7166 -0.2429 0.6538
vn 0.8632 -0.0377 0.5035
vn 0.7044 -0.5813 0.4073
vn 0.8897 -0.0793 -0.4497
vn 0.9374 0.3061 -0.1658
vn 0.7648 0.4291 0.4806
vn 0.8962 -0.4217 -0.1377
vn 0.6117 -0.5571 0.5617
vn 0.4683 -0.5346 0.7035
vn 0.0881 -0.2806 0.9558
vn 0.2731 0.4893 0.8283
vn 0.6836 0.4660 0.5617
vn -0.0913 0.1907 0.9774
vn 0.8753 0.4314 0.2186
vn -0.3657 -0.0327 0.9302
vn -0.0952 -0.5922 0.8002
vn 0.4360 -0.8689 0.2343
vn 0.6834 -0.7077 -0.1792
vn 0.1442 0.8102 0.5681
vn -0.2899 0.4829 0.8263
vn 0.4331 0.8493 0.3017
vn 0.6329 0.7738 0.0274
vn 0.8054 0.1416 -0.5755
vn 0.7797 -0.2928 -0.5535
vn 0.7706 0.5468 -0.3272
vn 0.2254 -0.8426 0.4892
vn 0.8048 -0.0431 0.5920
vn 0.7659 -0.0724 0.6389
vn 0.7604 -0.1129 0.6396
vn 0.7817 -0.1102 0.6138
vn 0.6598 -0.5842 0.4727
vn 0.5969 -0.4717 0.6490
vn 0.9879 -0.1522 -0.0291
vn 0.9874 0.1349 -0.0823
vn 0.5305 0.4209 0.7358
vn 0.3057 0.1751 0.9359
vn 0.7677 -0.6072 0.2050
vn 0.5906 0.6266 0.5086
vn 0.2971 -0.0958 0.9500
vn 0.6990 0.6597 0.2761
vn 0.3884 -0.3722 0.8430
vn 0.8203 0.5715 -0.0218
vn 0.8873 -0.4607 0.0185
vn 0.2458 0.3442 0.9061
vn 0.5070 -0.6651 0.5483
vn 0.8081 -0.5750 0.1277
vn 0.4177 0.7041 0.5743
vn 0.1626 0.0891 0.9827
vn 0.7019 -0.6563 0.2768
vn 0.4983 0.7900 0.3571
vn 0.1848 -0.2570 0.9486
vn 0.9394 -0.3349 -0.0739
vn 0.6941 0.7183 0.0477
vn 0.3583 -0.5742 0.7362
vn 0.9395 0.3091 -0.1476
vn 0.9723 0.1572 -0.1731
vn 0.9843 -0.0776 -0.1587
vn 0.9904 0.0555 -0.1268
vn 0.7172 -0.6596 -0.2250
vn 0.5330 -0.7434 -0.4040
vn 0.6090 -0.7517 -0.2531
vn 0.5840 -0.7757 -0.2393
vn 0.3347 -0.9027 -0.2705
vn 0.4678 -0.8833 -0.0301
vn 0.1203 -0.9925 -0.0198
vn 0.0359 -0.9805 0.1934
vn 0.0412 -0.9388 0.3420
vn 0.0216 -0.8750 0.4837
vn 0.0009 -0.6520 0.7582
vn 0.1278 -0.5017 0.8556
vn 0.3371 -0.9262 0.1690
vn 0.2934 -0.9000 0.3225
vn 0.2569 -0.8537 0.4531
vn 0.1110 -0.7458 0.6568
vn 0.1187 -0.5946 0.7952
vn 0.2020 -0.5955 0.7776
vn 0.4568 -0.3570 0.8148
vn 0.7746 -0.3644 0.5169
vn 0.8956 -0.4271 0.1247
vn 0.9342 -0.3568 -0.0022
vn 0.9345 -0.3506 -0.0620
vn 0.8901 -0.4196 -0.1777
vn 0.9331 -0.2850 -0.2194
vn 0.9954 -0.0653 -0.0703
vn 0.9893 0.0261 -0.1438
vn 0.8973 -0.2330 -0.3750
vn 0.7944 -0.4794 -0.3729
vn 0.7668 -0.5928 -0.2460
vn 0.7666 -0.6206 -0.1647
vn 0.7218 -0.6899 -0.0558
vn 0.6685 -0.7024 0.2442
vn 0.4725 -0.6543 0.5905
vn 0.3559 -0.7446 -0.5648
vn 0.3370 -0.8055 -0.4875
vn 0.1791 -0.6852 -0.7060
vn 0.1569 -0.7815 -0.6038
vn -0.0000 -0.9398 -0.3417
vn -0.0000 -0.5922 -0.8058
vn 0.2757 -0.9154 -0.2934
vn 0.0711 -0.7599 -0.6461
vn 0.2106 -0.8741 -0.4377
vn 0.1396 -0.9879 -0.0671
vn 0.0828 -0.9725 0.2177
vn 0.0458 -0.9142 0.4026
vn 0.0713 -0.8173 0.5718
vn 0.1427 -0.5052 0.8511
vn 0.2801 -0.1278 0.9514
vn 0.1166 -0.9651 -0.2347
vn 0.0126 -0.9964 0.0833
vn -0.0031 -0.9538 0.3006
vn 0.0283 -0.9026 0.4295
vn 0.0683 -0.7506 0.6573
vn 0.1579 -0.4514 0.8782
vn 0.3838 -0.1582 0.9098
vn 0.1233 -0.8817 -0.4555
vn 0.1757 -0.9782 -0.1111
vn 0.1305 -0.9765 0.1714
vn 0.0638 -0.9248 0.3750
vn 0.0871 -0.7481 0.6578
vn 0.1793 -0.3211 0.9299
vn 0.2375 -0.9298 -0.2812
vn 0.2041 -0.9761 0.0748
vn 0.1261 -0.9441 0.3045
vn 0.0744 -0.8673 0.4922
vn 0.1355 -0.6266 0.7675
vn 0.2519 -0.1944 0.9480
vn 0.2251 0.0283 0.9739
vn 0.3401 0.1075 0.9342
vn -0.0000 -0.8808 -0.4735
vn -0.0000 -0.9923 -0.1237
vn -0.0000 -0.9885 0.1514
vn -0.0000 -0.9274 0.3742
vn -0.0000 -0.7095 0.7047
vn -0.0000 -0.2697 0.9629
vn -0.0000 0.0427 0.9991
vn 0.0194 -0.9550 -0.2961
vn 0.0354 -0.9991 0.0253
vn 0.0215 -0.9659 0.2581
vn 0.0363 -0.8538 0.5193
vn 0.1254 -0.5263 0.8410
vn 0.1509 -0.0990 0.9836
vn 0.1659 0.1489 0.9748
vn 0.3123 0.0646 -0.9478
vn 0.7410 0.0946 -0.6648
vn 0.5496 0.1849 -0.8147
vn 0.8786 0.2300 -0.4186
vn -0.3972 -0.0648 -0.9154
vn 0.4302 0.4694 -0.7711
vn -0.0000 0.5399 -0.8417
vn -0.5267 -0.3782 -0.7613
vn 0.6184 0.3893 -0.6827
vn 0.6814 0.4072 -0.6082
vn 0.7458 0.1580 -0.6472
vn 0.6304 0.1114 -0.7682
vn 0.3978 -0.1061 -0.9113
vn 0.8037 0.3595 -0.4741
vn 0.6975 0.6690 -0.2568
vn 0.1104 0.8319 -0.5438
vn -0.0166 -0.4513 -0.8922
vn 0.0288 -0.6673 -0.7442
vn 0.3836 -0.5307 -0.7558
vn 0.5627 -0.5377 -0.6279
vn 0.5781 -0.0611 -0.8137
vn 0.7162 0.0076 -0.6979
vn 0.6018 0.1001 -0.7923
vn 0.7116 0.1028 -0.6950
vn 0.8384 0.1311 -0.5290
vn 0.8209 -0.0719 -0.5666
vn 0.7557 -0.3362 -0.5621
vn 0.8476 0.2242 -0.4810
vn 0.7321 0.0176 -0.6810
vn 0.6616 0.0459 -0.7484
vn 0.8478 0.0439 -0.5284
vn 0.6544 0.0649 -0.7533
vn 0.9096 0.0132 -0.4152
vn 0.8762 -0.2281 -0.4245
vn 0.7552 0.0035 -0.6554
vn 0.7104 -0.0235 -0.7034
vn 0.8102 -0.1084 -0.5760
vn 0.8286 0.0170 -0.5596
vn 0.9874 -0.1503 -0.0494
vn 0.9959 -0.0236 0.0871
vn 0.9775 -0.0333 -0.2083
vn 0.9994 0.0131 0.0315
vn 0.9966 0.0374 0.0734
vn 0.9991 0.0341 -0.0237
vn 0.9668 -0.0042 -0.2554
vn 0.9965 -0.0009 0.0838
vn 0.9064 -0.0712 -0.4164
vn 0.9386 -0.2311 -0.2563
vn 0.9879 -0.1520 -0.0302
vn 0.9914 -0.1013 -0.0830
vn 0.8622 -0.1548 -0.4824
vn 0.9482 -0.2796 -0.1511
vn 0.9574 -0.2742 -0.0908
vn 0.9152 -0.3292 -0.2326
vn 0.9537 -0.2020 -0.2230
vn 0.8063 -0.0677 -0.5876
vn 0.7476 -0.0261 -0.6636
vn 0.8364 -0.1982 -0.5110
vn 0.7654 -0.4269 -0.4815
vn 0.9610 0.0153 -0.2762
vn 0.6304 0.1487 -0.7619
vn 0.8706 -0.0133 -0.4917
vn 0.7002 -0.0146 -0.7138
vn 0.8549 -0.1078 -0.5075
vn 0.9092 -0.2996 -0.2890
vn 0.9505 -0.2805 -0.1338
vn 0.9797 -0.1966 -0.0381
vn 0.9682 -0.2042 -0.1444
vn 0.9983 -0.0265 -0.0517
vn 0.9638 -0.2052 -0.1701
vn 0.9588 -0.0722 -0.2747
vn 0.7480 -0.0543 -0.6614
vn 0.7390 -0.0976 -0.6666
vn 0.8409 -0.2579 -0.4758
vn 0.7867 -0.4698 -0.4005
vn 0.8317 0.5483 -0.0873
vn 0.6080 0.5623 -0.5605
vn 0.8705 -0.0453 -0.4901
vn 0.8773 -0.0629 -0.4758
vn 0.9800 0.0275 -0.1970
vn 0.9693 0.1260 -0.2111
vn 0.9659 0.1646 -0.1997
vn 0.9585 0.1291 -0.2544
vn 0.9155 0.1682 -0.3656
vn 0.8364 0.3401 -0.4299
vn 0.7745 0.4162 -0.4765
vn 0.9900 -0.1098 -0.0880
vn 0.9907 0.1269 -0.0487
vn 0.9687 0.2231 -0.1090
vn 0.9439 0.2805 -0.1740
vn 0.9176 0.3621 -0.1640
vn 0.9121 0.3789 -0.1563
vn 0.9264 0.3301 -0.1811
vn 0.9091 0.3107 -0.2775
vn 0.9966 -0.0246 -0.0780
vn 0.9898 0.1228 -0.0725
vn 0.9777 0.1954 -0.0763
vn 0.9594 0.2467 -0.1367
vn 0.9291 0.2648 -0.2581
vn 0.8570 0.3912 -0.3354
vn 0.8691 0.3227 -0.3749
vn 0.7867 0.5256 -0.3239
vn 0.7967 0.4719 -0.3777
vn 0.8386 0.4692 -0.2768
vn 0.9420 0.2704 -0.1989
vn 0.8582 0.3356 -0.3884
vn 0.9773 0.2038 -0.0584
vn 0.9081 0.2593 -0.3288
vn 0.9472 0.1783 -0.2667
vn 0.9646 0.2594 0.0476
vn 0.9676 0.2509 0.0270
vn 0.9761 0.0948 -0.1954
vn 0.9864 -0.0286 -0.1620
vn 0.9898 0.1417 -0.0135
vn 0.9976 -0.0510 0.0475
vn 0.9301 0.0115 0.3670
vn 0.9878 -0.0797 0.1337
vn 0.9884 0.1055 0.1095
vn 0.9630 0.1551 0.2203
vn 0.9372 0.3095 0.1609
vn 0.8462 0.4006 0.3515
vn 0.9317 0.3512 0.0929
vn 0.8055 0.4495 0.3861
vn 0.7611 0.4625 0.4548
vn 0.7804 0.4162 0.4666
vn 0.9097 0.3974 0.1204
vn 0.8906 0.4126 0.1914
vn 0.7655 0.3293 0.5528
vn 0.6478 0.3042 0.6984
vn 0.9163 0.3465 0.2009
vn 0.8103 -0.0078 0.5859
vn 0.9960 0.0490 0.0751
vn 0.9561 0.2551 0.1442
vn 0.8906 0.1576 0.4267
vn 0.9571 0.0322 0.2879
vn 0.8752 -0.1371 0.4639
vn 0.7897 0.1728 0.5887
vn 0.7070 0.0432 0.7059
vn 0.5019 0.1576 0.8504
vn 0.6028 0.3514 0.7164
vn 0.6844 0.4185 0.5970
vn 0.7412 0.4368 0.5098
vn 0.7492 0.4359 0.4987
vn 0.7379 0.3142 0.5973
vn 0.5345 0.0396 0.8442
vn 0.6172 0.3262 0.7160
vn 0.6136 0.3754 0.6947
vn 0.5164 0.4759 0.7119
vn 0.4816 0.4985 0.7208
vn 0.5186 0.4410 0.7326
vn 0.5377 0.3982 0.7432
vn 0.5727 0.4478 0.6867
vn 0.7003 0.2844 0.6548
vn 0.7235 0.2732 0.6340
vn 0.7183 0.3762 0.5853
vn 0.7147 0.4378 0.5455
vn 0.7276 0.4351 0.5303
vn 0.7684 0.3738 0.5195
vn 0.7636 0.3629 0.5341
vn 0.6575 0.4549 0.6007
vn 0.7275 0.3810 0.5706
vn 0.5833 0.4911 0.6470
vn 0.5899 0.4035 0.6994
vn 0.5632 0.4652 0.6830
vn 0.8085 0.3587 0.4666
vn 0.7610 0.3031 0.5736
vn 0.8207 0.3891 0.4184
vn 0.6493 0.4470 0.6154
vn 0.7351 0.3588 0.5753
vn 0.7388 0.2325 0.6325
vn 0.8289 0.3695 0.4199
vn 0.5555 0.4162 0.7198
vn 0.8296 0.3158 0.4604
vn 0.5458 0.5042 0.6693
vn 0.6351 0.3904 0.6665
vn 0.6639 0.3589 0.6560
vn 0.6261 0.4188 0.6577
vn 0.5859 0.4704 0.6599
vn 0.5830 0.4788 0.6564
vn 0.2626 0.3683 0.8918
vn -0.0000 0.5021 0.8648
vn -0.0000 0.6146 0.7889
vn -0.0000 0.6225 0.7827
vn -0.0000 0.5729 0.8196
vn -0.0000 0.1944 0.9809
vn 0.1052 0.5812 0.8069
vn 0.1239 0.6188 0.7757
vn 0.1441 0.6049 0.7832
vn 0.1174 0.4853 0.8665
vn 0.3889 -0.0571 0.9195
vn 0.4067 0.3406 0.8477
vn 0.3983 0.5239 0.7529
vn 0.4778 0.5426 0.6909
vn 0.5163 0.5416 0.6634
vn 0.5164 0.4778 0.7107
vn 0.3953 -0.0647 0.9163
vn 0.2385 0.5091 0.8270
vn 0.2200 0.5927 0.7748
vn 0.2788 0.5990 0.7507
vn 0.2938 0.5662 0.7702
vn 0.2820 0.2227 0.9332
vn 0.2927 0.2166 0.9313
vn -0.0000 0.2747 0.9615
vn -0.0000 -0.1117 0.9937
vn 0.3635 -0.2361 0.9012
vn 0.1612 -0.2860 0.9446
vn 0.5760 -0.0820 0.8133
vn -0.0000 -0.3962 0.9182
vn -0.0000 -0.6882 0.7255
vn 0.4025 -0.1847 0.8966
vn 0.4270 -0.3628 0.8283
vn 0.2436 -0.3037 0.9211
vn 0.3324 -0.3164 0.8885
vn 0.3825 -0.1542 0.9110
vn 0.5851 -0.1667 0.7936
vn 0.6759 0.0476 0.7354
vn 0.7292 -0.1680 0.6633
vn 0.1773 -0.6620 0.7282
vn 0.5042 -0.2851 0.8152
vn 0.3878 -0.2330 0.8918
vn 0.6040 -0.0597 0.7947
vn 0.1318 -0.3831 0.9143
vn 0.3456 -0.1637 0.9240
vn 0.1503 -0.5046 0.8502
vn 0.3347 -0.4900 0.8049
vn 0.5265 -0.4067 0.7466
vn 0.6287 -0.4096 0.6610
vn 0.8074 -0.3418 0.4809
vn 0.9694 -0.1660 0.1808
vn 0.9731 -0.2303 0.0028
vn 0.9984 0.0473 -0.0298
vn 0.9670 -0.0254 -0.2534
vn 0.8637 0.0696 -0.4992
vn 0.9405 -0.1503 0.3049
vn 0.8441 -0.4229 0.3295
vn 0.7660 -0.2657 0.5854
vn 0.6479 -0.5054 0.5699
vn 0.6343 -0.3064 0.7098
vn 0.4826 -0.5442 0.6862
vn 0.7413 -0.1311 -0.6583
vn 0.6993 -0.1902 -0.6891
vn 0.6566 -0.1744 -0.7338
vn 0.5974 -0.0579 -0.7999
vn 0.5499 0.1498 -0.8217
vn 0.5222 0.3287 -0.7869
vn 0.5473 0.3482 -0.7610
vn 0.6501 0.3598 -0.6693
vn 0.6911 0.2658 -0.6721
vn 0.6701 0.2502 -0.6989
vn 0.7268 0.0722 -0.6830
vn 0.7945 -0.0227 -0.6068
vn 0.8379 -0.0582 -0.5427
vn 0.8553 -0.0736 -0.5129
vn 0.8425 -0.1299 -0.5227
vn 0.7965 -0.1930 -0.5730
vn 0.7561 -0.1736 -0.6310
vn 0.7439 -0.0380 -0.6672
vn 0.7320 0.1257 -0.6697
vn 0.6862 0.2968 -0.6641
vn 0.6823 0.3240 -0.6554
vn 0.7015 -0.1905 -0.6867
vn 0.6448 -0.2324 -0.7281
vn 0.6020 -0.1602 -0.7823
vn 0.5849 0.0343 -0.8104
vn 0.5484 0.2472 -0.7988
vn 0.5203 0.3718 -0.7688
vn 0.5469 0.2772 -0.7900
vn 0.6108 0.1540 -0.7767
vn 0.6966 0.0572 -0.7152
vn 0.8745 0.4321 -0.2201
vn 0.8452 0.4628 -0.2674
vn 0.8375 0.4432 -0.3196
vn 0.7362 0.5834 -0.3430
vn 0.7517 0.5963 -0.2817
vn 0.7011 0.7013 -0.1289
vn 0.7164 0.6968 -0.0344
vn 0.8605 0.5073 -0.0466
vn 0.6464 0.3543 -0.6757
vn 0.6141 0.3982 -0.6814
vn 0.6184 0.2800 -0.7342
vn 0.5082 0.4538 -0.7320
vn 0.4710 0.5215 -0.7115
vn 0.4206 0.7551 -0.5029
vn 0.4360 0.8624 -0.2573
vn 0.6006 0.7266 -0.3336
vn 0.8054 -0.3471 -0.4805
vn 0.7425 -0.5879 -0.3210
vn 0.8067 -0.3302 -0.4900
vn 0.8086 -0.5222 -0.2710
vn 0.7889 -0.2553 -0.5590
vn 0.7601 -0.5742 -0.3042
vn 0.7934 -0.1056 -0.5995
vn 0.7538 -0.4817 -0.4469
vn 0.7741 0.0370 -0.6320
vn 0.7161 -0.3912 -0.5781
vn 0.7545 0.1755 -0.6324
vn 0.6852 -0.2529 -0.6830
vn 0.7771 0.0766 -0.6247
vn 0.7633 -0.2205 -0.6072
vn 0.6604 -0.7350 -0.1537
vn 0.7741 -0.3993 -0.4913
vn 0.0625 0.5986 -0.7986
vn -0.0000 0.2317 -0.9728
vn -0.0000 0.6394 -0.7689
vn -0.0000 0.4015 -0.9158
vn -0.0000 0.3762 -0.9266
vn -0.0000 0.2851 -0.9585
vn -0.0000 0.4757 -0.8796
vn -0.0000 0.5869 -0.8097
vn -0.0000 0.8297 -0.5583
vn -0.0000 0.9646 -0.2637
vn -0.0000 0.9227 -0.3856
vn 0.1980 0.0308 -0.9797
vn 0.4067 -0.0901 -0.9091
vn 0.1679 -0.1402 -0.9758
vn 0.1566 -0.3455 -0.9253
vn 0.2120 -0.5319 -0.8199
vn 0.2240 -0.7042 -0.6738
vn 0.2782 -0.6631 -0.6949
vn 0.2498 -0.6802 -0.6891
vn 0.2741 -0.5025 -0.8200
vn 0.1678 -0.3396 -0.9255
vn 0.1019 -0.1500 -0.9834
vn 0.2549 -0.9023 -0.3478
vn -0.0000 -0.9990 -0.0451
vn -0.0000 -0.8662 -0.4997
vn -0.0000 -0.9981 -0.0612
vn 0.0231 -0.9982 -0.0557
vn 0.0426 -0.9982 -0.0426
vn 0.0557 -0.9982 -0.0231
vn 0.0603 -0.9982 -0.0000
vn 0.0557 -0.9982 0.0231
vn 0.0426 -0.9982 0.0426
vn 0.0231 -0.9982 0.0557
vn -0.0000 -0.9981 0.0612
vn -0.0000 0.8976 -0.4409
vn 0.1679 0.8986 -0.4054
vn 0.3103 0.8986 -0.3103
vn 0.4054 0.8986 -0.1679
vn 0.4388 0.8986 -0.0000
vn 0.4054 0.8986 0.1679
vn 0.3103 0.8986 0.3103
vn 0.1679 0.8986 0.4054
vn -0.0000 0.8976 0.4409
vn -0.0000 0.9511 -0.3090
vn 0.1222 0.9476 -0.2950
vn 0.2258 0.9476 -0.2258
vn 0.2950 0.9476 -0.1222
vn 0.3194 0.9476 -0.0000
vn 0.2950 0.9476 0.1222
vn 0.2258 0.9476 0.2258
vn 0.1222 0.9476 0.2950
vn -0.0000 0.9511 0.3090
vn -0.0000 -0.4002 -0.9164
vn 0.3500 -0.4042 -0.8450
vn 0.6468 -0.4042 -0.6468
vn 0.8450 -0.4042 -0.3500
vn 0.9147 -0.4042 -0.0000
vn 0.8450 -0.4042 0.3500
vn 0.6468 -0.4042 0.6468
vn 0.3500 -0.4042 0.8450
vn -0.0000 -0.4002 0.9164
vn -0.0000 0.4394 -0.8983
vn 0.3456 0.4294 -0.8343
vn 0.6385 0.4296 -0.6385
vn 0.8343 0.4296 -0.3456
vn 0.9030 0.4296 -0.0000
vn 0.8343 0.4296 0.3456
vn 0.6385 0.4296 0.6385
vn 0.3456 0.4296 0.8343
vn -0.0000 0.4406 0.8977
vn -0.0000 -0.2500 -0.9682
vn 0.3741 -0.2238 -0.9000
vn 0.6896 -0.2209 -0.6896
vn 0.9011 -0.2209 -0.3732
vn 0.9753 -0.2209 -0.0000
vn 0.9011 -0.2209 0.3732
vn 0.6896 -0.2209 0.6896
vn 0.3732 -0.2209 0.9011
vn -0.0000 -0.2269 0.9739
vn -0.0000 -0.2271 -0.9739
vn 0.3810 -0.1776 -0.9074
vn 0.6968 -0.1701 -0.6968
vn 0.9104 -0.1701 -0.3771
vn 0.9854 -0.1701 -0.0000
vn 0.9104 -0.1701 0.3771
vn 0.6968 -0.1701 0.6968
vn 0.3771 -0.1701 0.9104
vn -0.0000 -0.1688 0.9857
vn -0.0000 0.9036 -0.4284
vn 0.1700 0.8983 -0.4051
vn 0.3114 0.8978 -0.3114
vn 0.4069 0.8978 -0.1685
vn 0.4404 0.8978 -0.0000
vn 0.4069 0.8978 0.1685
vn 0.3114 0.8978 0.3114
vn 0.1680 0.8978 0.4070
vn -0.0000 0.9002 0.4354
vn 0.1892 -0.8692 -0.4569
vn 0.3497 -0.8692 -0.3497
vn 0.1892 -0.8692 0.4569
vn -0.0000 -0.8739 0.4861
vn 0.4569 -0.8692 -0.1892
vn 0.4945 -0.8692 -0.0000
vn 0.4569 -0.8692 0.1892
vn -0.0000 -0.8739 -0.4861
vn 0.3497 -0.8692 0.3497
vn 0.9221 0.0207 -0.3865
vn 0.6902 0.1338 -0.7111
vn 0.3752 0.2790 -0.8839
vn -0.0000 0.1993 -0.9799
vn 0.4833 0.8522 -0.2002
vn -0.0000 0.8584 0.5130
vn 0.2032 0.8524 -0.4817
vn -0.0000 0.8573 -0.5148
vn 0.3756 -0.9136 -0.1556
vn 0.3756 -0.9136 0.1556
vn 0.1556 -0.9136 -0.3756
vn 0.2875 -0.9136 0.2875
vn -0.0000 -0.9116 0.4111
vn 0.3794 -0.1655 0.9103
vn 0.7085 -0.0779 0.7014
vn 0.9233 -0.0433 0.3816
vn 0.9997 -0.0223 -0.0047
vn 0.4833 0.8522 0.2002
vn 0.5231 0.8522 -0.0000
vn -0.0000 -0.9116 -0.4111
vn 0.4066 -0.9136 -0.0000
vn 0.3699 0.8522 -0.3699
vn 0.2000 0.8525 0.4829
vn 0.3699 0.8522 0.3699
vn 0.2875 -0.9136 -0.2875
vn 0.1556 -0.9136 0.3756
vn -0.0000 -0.3071 0.9517
vn 0.6093 0.5075 0.6093
vn 0.3297 0.5075 0.7961
vn 0.3297 0.5075 -0.7961
vn 0.6093 0.5075 -0.6093
vn -0.0000 0.5117 0.8592
vn 0.7961 0.5075 -0.3297
vn 0.8617 0.5075 -0.0000
vn 0.7961 0.5075 0.3297
vn -0.0000 0.5117 -0.8592
vn 0.8552 -0.3103 -0.4152
vn 0.6315 -0.1707 -0.7563
vn 0.4382 -0.4203 -0.7945
vn -0.0000 -0.5095 -0.8605
vn 0.3046 -0.7340 0.6070
vn 0.5250 -0.6885 0.5003
vn 0.7066 -0.6516 0.2760
vn 0.8799 -0.4694 -0.0732
vn -0.0000 -0.7925 0.6099
vn 0.9744 0.1060 0.1985
vn 0.4671 -0.3221 0.8234
vn 0.7115 -0.3360 0.6172
vn 0.8991 -0.1172 0.4218
vn 0.9258 0.3713 0.0711
vn 0.5858 0.7976 0.1436
vn 0.2397 0.8999 0.3643
vn 0.0096 0.7977 0.6030
vn -0.0580 0.4866 0.8717
vn 0.0670 -0.0100 0.9977
vn 0.2227 0.7136 0.6642
vn 0.2741 0.5367 0.7981
vn 0.3580 0.2878 0.8883
vn 0.5693 0.0758 0.8187
vn 0.7272 0.0738 0.6824
vn 0.8498 0.1171 0.5139
vn 0.9136 0.2328 0.3334
vn 0.8756 0.4349 0.2100
vn 0.6060 0.7418 0.2872
vn 0.2646 0.8630 0.4304
vn 0.0820 0.5459 0.8338
vn -0.0000 0.5145 0.8575
vn -0.0000 0.3348 0.9423
vn -0.0000 -0.0165 0.9999
vn 0.1259 0.3130 0.9414
vn 0.2761 0.0396 0.9603
vn -0.0000 0.7755 0.6313
vn -0.0000 0.9318 0.3629
vn 0.0917 0.7727 0.6281
vn 0.1247 0.9241 0.3611
vn 0.5623 0.8086 0.1729
vn 0.9335 0.3463 -0.0934
vn 0.9779 0.2090 0.0070
vn 0.9968 -0.0376 0.0704
vn 0.4489 -0.4710 0.7594
vn 0.7724 -0.4398 0.4582
vn 0.9175 -0.3120 0.2468
vn 0.8909 0.4537 0.0226
vn 0.4682 0.8831 0.0320
vn 0.1317 0.9520 0.2763
vn -0.0752 0.8486 0.5237
vn -0.1408 0.5986 0.7885
vn 0.0768 0.1171 0.9901
vn 0.8022 0.1012 0.5885
vn 0.4060 0.7599 0.5077
vn 0.8759 -0.3162 0.3644
vn 0.6930 -0.4862 0.5324
vn 0.5500 -0.4420 0.7086
vn 0.2858 -0.5150 0.8081
vn -0.0000 -0.5771 0.8167
vn 0.9521 0.2818 -0.1189
vn 0.8722 -0.4052 0.2738
vn 0.9015 0.2935 -0.3181
vn 0.8270 -0.4487 0.3388
vn -0.0000 -0.3148 0.9492
vn 0.5521 -0.2527 0.7946
vn 0.9600 0.0985 -0.2621
vn 0.7437 -0.2912 0.6017
vn 0.9777 0.0134 -0.2096
vn 0.7378 0.0027 0.6750
vn 0.9981 0.0319 -0.0529
vn 0.8813 0.1255 0.4556
vn 0.8718 0.2283 0.4335
vn 0.9399 -0.3400 0.0322
vn 0.9773 -0.2050 -0.0532
vn 0.9379 -0.3440 0.0454
vn 0.7906 0.3239 0.5196
vn 0.9203 -0.3043 0.2460
vn 0.7423 0.2799 0.6089
vn 0.7770 -0.3751 0.5055
vn 0.0116 -0.3141 0.9493
vn 0.5517 0.1112 0.8266
vn 0.2141 -0.0188 0.9766
vn -0.0000 -0.0960 0.9954
vn -0.0000 -0.3166 0.9485
vn 0.5553 -0.3687 0.7455
vn 0.0913 -0.3918 0.9155
vn 0.8485 -0.3004 0.4357
vn 0.9461 -0.3099 -0.0935
vn 0.7861 -0.3480 0.5108
vn 0.7649 -0.3648 0.5309
vn 0.8597 -0.2350 0.4535
vn 0.6673 -0.3829 0.6388
vn 0.5546 0.4829 0.6777
vn 0.7361 0.3784 0.5612
vn 0.7075 0.1862 0.6817
vn 0.9712 0.2059 0.1198
vn -0.0000 0.0751 0.9972
vn -0.0000 0.0436 0.9991
vn 0.5800 -0.0649 0.8120
vn -0.0219 0.0310 0.9993
vn 0.8815 -0.0202 0.4718
vn 0.9803 0.1973 -0.0060
vn 0.6315 0.0589 0.7731
vn 0.0061 0.0573 0.9983
vn 0.8604 0.0703 0.5048
vn 0.8174 0.2285 0.5287
vn 0.8690 -0.2385 0.4335
vn 0.9755 -0.2110 -0.0628
vn 0.5026 -0.5123 0.6964
vn 0.2421 -0.5864 0.7730
vn -0.0000 -0.6289 0.7775
vn -0.0000 -0.8517 0.5241
vn 0.2153 -0.8214 0.5281
vn 0.4795 -0.7507 0.4544
vn 0.7311 -0.6498 0.2082
vn 0.8272 -0.5616 -0.0185
vn 0.7789 -0.6057 -0.1626
vn 0.7274 -0.6748 -0.1245
vn 0.7129 -0.6989 0.0569
vn 0.9962 -0.0400 0.0770
vn 0.9263 0.0184 0.3762
vn -0.0000 -0.8722 0.4891
vn 0.2706 -0.8437 0.4637
vn 0.4251 -0.8349 0.3495
vn 0.4003 -0.8952 0.1960
vn 0.3650 -0.9204 0.1400
vn 0.2534 -0.9337 0.2530
vn 0.1402 -0.6856 0.7143
vn 0.2237 -0.3137 0.9228
vn 0.1819 0.2185 0.9587
vn 0.3489 0.4921 0.7976
vn 0.2070 0.7622 0.6134
vn 0.2971 0.8441 0.4463
vn -0.0000 0.5018 0.8650
vn 0.1711 0.6419 0.7475
vn 0.3476 0.8045 0.4816
vn 0.3713 0.8299 0.4164
vn 0.8735 0.3882 0.2937
vn 0.9251 0.0972 0.3672
vn 0.9188 0.1356 0.3706
vn 0.8653 0.3960 0.3073
vn 0.6505 0.3152 0.6910
vn 0.4980 0.4341 0.7507
vn 0.3829 0.6258 0.6795
vn 0.5040 0.6455 0.5738
vn 0.4449 -0.8555 -0.2650
vn 0.5271 -0.8150 -0.2407
vn 0.9213 0.1212 0.3695
vn 0.7077 -0.6682 0.2295
vn 0.9467 0.0518 -0.3179
vn 0.8781 0.3207 -0.3550
vn 0.9571 0.2809 -0.0718
vn 0.9523 0.1708 0.2528
vn 0.9500 0.1920 0.2462
vn 0.9272 0.1876 0.3241
vn 0.6294 0.3492 0.6942
vn 0.6824 0.3499 0.6418
vn 0.9512 -0.0156 0.3082
vn 0.9953 0.0353 -0.0900
vn 0.6369 -0.5877 0.4990
vn 0.5326 -0.5121 0.6739
vn 0.6734 0.5435 0.5012
vn 0.7140 0.3759 0.5907
vn 0.6123 0.4266 0.6656
vn 0.5754 0.4372 0.6912
vn 0.9653 0.2244 -0.1335
vn 0.9864 0.1527 0.0610
vn 0.5736 -0.3702 0.7308
vn 0.9616 0.2322 0.1465
vn 0.5365 -0.4491 0.7145
vn 0.9255 0.3378 0.1716
vn 0.7965 -0.5424 0.2674
vn 0.9908 0.0271 0.1328
vn 0.9088 0.0521 -0.4140
vn 0.8947 0.2228 -0.3872
vn 0.9162 0.3455 -0.2030
vn 0.9096 0.4155 0.0055
vn 0.8669 0.4368 0.2402
vn 0.8618 0.3218 0.3921
vn 0.9172 0.2623 0.2999
vn 0.8562 0.4469 0.2593
vn 0.7881 0.4465 0.4236
vn 0.9719 0.0951 -0.2151
vn 0.9280 0.2500 0.2763
vn 0.9845 0.1754 -0.0046
vn -0.0000 0.1024 0.9947
vn 0.7788 -0.0134 0.6271
vn 0.3944 -0.5366 0.7460
vn 0.6824 -0.6887 0.2449
vn 0.7707 -0.6028 0.2066
vn 0.7121 0.5936 0.3749
vn -0.0000 -0.1303 0.9915
vn 0.7561 -0.2496 0.6050
vn 0.3859 0.1899 0.9028
vn 0.6714 -0.5658 0.4787
vn 0.7386 0.6703 0.0715
vn 0.6732 0.6246 0.3958
vn 0.7006 0.3344 0.6303
vn 0.7195 -0.6922 -0.0573
vn 0.8935 -0.4123 0.1779
vn 0.8956 -0.3625 0.2579
vn 0.9478 -0.1130 0.2981
vn 0.9696 0.1567 0.1879
vn 0.9994 0.0068 0.0335
vn 0.9947 -0.0659 0.0795
vn 0.9941 0.0127 0.1075
vn 0.9529 0.2292 0.1987
vn 0.9458 0.0425 0.3218
vn 0.9626 -0.0680 0.2624
vn 0.9912 0.1212 0.0540
vn 0.9948 0.0976 0.0275
vn 0.9754 0.0864 -0.2028
vn 0.9105 -0.1744 -0.3749
vn 0.8671 -0.3984 -0.2990
vn 0.9866 0.1502 0.0642
vn 0.8268 -0.5622 -0.0182
vn 0.8112 -0.5646 -0.1519
vn 0.9967 -0.0638 0.0494
vn 0.8276 -0.5235 -0.2026
vn 0.9749 0.1044 -0.1964
vn 0.9149 0.3301 -0.2323
vn 0.8709 0.4639 -0.1623
vn 0.7334 0.6600 0.1631
vn 0.9775 -0.2105 0.0122
vn 0.8930 -0.4285 0.1377
vn 0.8289 -0.4456 0.3381
vn 0.8200 -0.1856 0.5414
vn 0.8267 0.0386 0.5613
vn 0.8771 0.1841 0.4436
vn 0.8870 0.3083 0.3439
vn 0.7884 0.5073 0.3480
vn 0.7113 0.6216 0.3280
vn 0.8730 0.0953 0.4782
vn 0.8718 0.3926 0.2930
vn 0.8698 0.4173 0.2632
vn 0.9678 0.1352 0.2124
vn 0.9455 0.1448 0.2917
vn 0.8986 0.1971 0.3919
vn 0.8378 0.2480 0.4864
vn 0.8206 0.2486 0.5146
vn 0.8334 0.3860 0.3955
vn 0.7865 0.4453 0.4280
vn 0.8160 0.4234 0.3935
vn 0.8096 0.4296 0.3999
vn 0.9375 0.3397 0.0760
vn 0.9762 0.2031 0.0766
vn 0.9500 0.2782 0.1416
vn 0.6639 -0.5043 0.5522
vn 0.7803 0.6153 -0.1119
vn 0.9621 0.2395 -0.1304
vn 0.6344 0.7729 -0.0125
vn 0.6363 0.7710 0.0255
vn 0.9748 0.2229 0.0031
vn 0.9570 0.2709 0.1038
vn 0.9088 0.3759 0.1811
vn 0.8731 0.4489 0.1902
vn 0.9697 0.0600 0.2369
vn 0.6101 0.7883 0.0790
vn 0.5394 0.8380 0.0826
vn 0.3923 0.9164 0.0795
vn 0.1287 0.9890 0.0723
vn 0.8733 0.2826 -0.3968
vn 0.9640 0.0529 -0.2606
vn 0.9928 -0.0337 -0.1147
vn 0.9601 -0.2382 0.1467
vn 0.9372 -0.1997 0.2859
vn 0.9543 -0.1071 0.2789
vn 0.9321 -0.0110 0.3619
vn 0.8974 0.2883 -0.3340
vn 0.9894 0.1140 -0.0901
vn 0.9858 -0.0497 0.1607
vn 0.9715 -0.0413 0.2334
vn 0.9797 0.0147 0.2001
vn 0.8516 0.3735 -0.3678
vn 0.9096 0.1583 -0.3841
vn 0.9468 0.0567 -0.3167
vn 0.9859 -0.0232 -0.1658
vn 0.9992 -0.0348 0.0173
vn 0.9897 -0.0013 0.1432
vn 0.9750 0.0636 0.2129
vn 0.9710 0.0680 0.2293
vn 0.9760 -0.2075 -0.0661
vn 0.9988 0.0359 0.0338
vn 0.9628 0.1764 0.2047
vn 0.6920 -0.6253 0.3607
vn 0.9818 0.0173 0.1891
vn 0.9545 -0.0000 0.2982
vn 0.9470 0.2472 0.2052
vn 0.8721 0.4362 0.2218
vn 0.9473 -0.0173 0.3200
vn 0.9729 -0.0253 0.2298
vn 0.9951 -0.0196 -0.0970
vn 0.9204 0.3131 0.2341
vn 0.9323 0.2654 0.2458
vn 0.9437 0.1607 0.2891
vn 0.9301 0.3640 -0.0498
vn 0.5919 0.7774 0.2128
vn 0.9429 0.1939 0.2709
vn 0.2780 0.9525 0.1241
vn 0.0384 0.9993 -0.0022
vn 0.1950 0.9798 0.0440
vn 0.0895 0.9960 0.0066
vn 0.3470 0.9377 -0.0165
vn 0.1930 0.9795 0.0568
vn 0.5114 0.8310 0.2189
vn 0.6469 0.7599 -0.0643
vn 0.8557 0.3947 0.3348
vn 0.8532 0.5143 -0.0870
vn 0.9294 0.1924 0.3149
vn 0.9669 0.2507 -0.0473
vn 0.9428 -0.0665 0.3266
vn 0.9943 0.0501 0.0937
vn 0.9990 0.0447 0.0080
vn 0.9469 -0.2314 0.2233
vn 0.9790 0.0054 0.2039
vn 0.9657 -0.0016 0.2595
vn 0.9219 0.0076 0.3874
vn 0.9219 0.0516 0.3840
vn 0.9661 0.1016 0.2372
vn 0.9476 0.1166 0.2973
vn 0.9272 0.1113 0.3577
vn 0.9150 0.1167 0.3862
vn 0.9192 0.0577 0.3895
vn 0.8407 0.3803 0.3854
vn 0.7376 0.5446 0.3993
vn 0.7775 0.5429 0.3174
vn 0.8748 0.3987 0.2752
vn 0.9119 0.2546 0.3219
vn 0.9364 0.1226 0.3289
vn 0.8741 -0.1016 0.4750
vn 0.9090 -0.0632 0.4120
vn 0.9962 0.0600 -0.0624
vn 0.9900 -0.1298 -0.0550
vn 0.9932 0.0455 -0.1073
vn 0.9755 0.2000 -0.0919
vn 0.9479 0.3174 0.0271
vn 0.8699 0.4509 0.2000
vn 0.8269 0.4780 0.2963
vn 0.7672 0.5191 0.3768
vn 0.9424 -0.2182 0.2536
vn 0.8355 -0.2600 0.4842
vn 0.8044 -0.0991 0.5857
vn 0.7633 -0.0754 0.6416
vn 0.6954 -0.0521 0.7167
vn 0.6678 0.0252 0.7439
vn 0.6985 0.3546 0.6215
vn 0.7032 -0.0628 0.7082
vn 0.9435 -0.0599 0.3260
vn 0.9822 0.0496 0.1813
vn 0.9527 0.2193 0.2105
vn 0.5714 0.0713 0.8176
vn 0.8585 0.2070 0.4691
vn 0.8915 -0.0870 0.4445
vn 0.8591 0.0146 0.5117
vn 0.8062 0.1422 0.5743
vn 0.8142 0.3699 0.4475
vn 0.8801 0.4227 0.2164
vn 0.9747 0.1690 0.1464
vn 0.9948 0.0665 0.0768
vn 0.8446 -0.4292 0.3200
vn 0.9729 -0.2019 0.1127
vn 0.5728 -0.0929 0.8144
vn 0.6170 -0.2377 0.7502
vn 0.6800 -0.3215 0.6589
vn 0.7495 -0.3345 0.5713
vn 0.5915 0.2008 0.7809
vn 0.6207 0.3522 0.7005
vn 0.7869 0.3533 0.5059
vn 0.9284 0.1592 0.3357
vn 0.9677 -0.0588 0.2451
vn 0.9957 0.0620 -0.0694
vn 0.8083 -0.3672 0.4602
vn 0.9746 -0.2167 -0.0568
vn 0.0448 0.9801 0.1936
vn 0.2361 0.9600 0.1503
vn -0.0000 0.9873 0.1590
vn -0.0000 0.9987 0.0502
vn 0.2146 0.9759 0.0401
vn -0.0353 0.9980 0.0527
vn -0.0000 0.9998 -0.0211
vn -0.0812 0.9966 -0.0118
vn 0.1834 0.9829 0.0156
vn -0.0000 0.9998 -0.0192
vn 0.1227 0.9920 0.0294
vn -0.1122 0.9932 -0.0306
vn 0.0625 0.9980 0.0121
vn -0.1010 0.9948 0.0116
vn -0.0000 0.9999 0.0129
vn 0.0691 0.9975 0.0162
vn -0.0328 0.9946 0.0983
vn -0.0000 0.9923 0.1239
vn 0.1643 0.9847 0.0577
vn 0.1002 0.9865 0.1296
vn -0.0000 0.9860 0.1666
vn 0.2214 0.9726 0.0708
vn 0.1442 0.9868 0.0736
vn -0.0000 0.9971 0.0761
vn 0.2529 0.9407 0.2262
vn -0.0000 0.9614 0.2751
vn 0.2822 0.9532 0.1085
vn 0.4104 0.7748 0.4809
vn -0.0000 0.8292 0.5589
vn -0.0000 0.7700 0.6381
vn -0.0000 0.9886 -0.1504
vn -0.0000 0.7230 0.6909
vn 0.5212 0.6677 0.5315
vn 0.4965 0.8462 -0.1933
vn 0.4122 0.6113 0.6756
vn 0.2822 0.9476 0.1499
vn 0.4184 0.8847 0.2053
vn 0.7217 0.6232 0.3014
vn 0.4958 0.8369 0.2319
vn 0.8051 0.5030 0.3142
vn 0.5787 0.7791 0.2410
vn 0.7632 0.4884 -0.4229
vn 0.6704 0.2570 0.6961
vn 0.6555 0.7452 0.1225
vn 0.2537 0.9525 0.1684
vn 0.2237 0.9597 0.1699
vn 0.1588 0.9863 0.0439
vn 0.4818 0.8165 0.3181
vn 0.8032 0.3043 0.5121
vn 0.5957 0.7492 0.2897
vn 0.7022 0.7120 0.0062
vn 0.7202 0.6460 0.2529
vn 0.0768 0.9959 -0.0486
vn 0.1944 0.9599 0.2023
vn 0.1021 0.9885 0.1115
vn 0.0270 0.9995 0.0177
vn 0.5809 0.8092 0.0877
vn 0.5329 0.8461 -0.0067
vn -0.0606 0.9978 -0.0263
vn -0.0093 0.9971 -0.0760
vn 0.6651 0.7404 -0.0973
vn 0.5671 0.7881 -0.2392
vn -0.1000 0.9881 -0.1168
vn -0.0736 0.9932 -0.0900
vn 0.5002 0.8634 -0.0663
vn 0.3863 0.9139 -0.1246
vn -0.0000 0.8227 -0.5684
vn -0.0000 0.9311 0.3647
vn 0.4427 0.7353 -0.5132
vn 0.8029 0.3458 -0.4856
vn 0.4295 0.8411 0.3287
vn 0.7728 0.4255 0.4709
vn -0.0000 0.5546 -0.8321
vn 0.6944 0.2004 -0.6911
vn 0.3809 0.5095 -0.7715
vn -0.1816 0.9622 -0.2028
vn -0.2513 0.9311 -0.2645
vn 0.4303 0.8152 -0.3877
vn 0.7044 0.6185 0.3482
vn 0.3965 0.9112 0.1121
vn -0.0000 0.9924 0.1227
vn 0.3555 0.7843 -0.5083
vn -0.4945 0.7110 -0.4999
vn -0.5039 0.5708 -0.6483
vn 0.4479 -0.0530 -0.8925
vn -0.5752 0.0431 -0.8169
vn -0.5077 0.1173 -0.8535
vn 0.4149 0.6174 -0.6684
vn 0.6709 -0.0812 -0.7371
vn 0.2738 0.2758 -0.9214
vn -0.0000 0.2628 -0.9649
vn 0.4755 0.2822 -0.8332
vn 0.3427 0.8694 -0.3560
vn -0.0000 0.9325 -0.3613
vn 0.7094 0.6945 -0.1200
vn 0.8764 0.2189 0.4290
vn 0.9476 0.1111 0.2994
vn 0.9474 -0.1472 0.2842
vn 0.9673 -0.2453 0.0642
vn 0.9363 -0.3210 0.1424
vn 0.9984 0.0008 0.0563
vn 0.9970 0.0749 -0.0200
vn 0.8814 -0.0978 0.4621
vn 0.9889 -0.1198 0.0884
vn 0.6842 -0.0166 0.7291
vn 0.8966 -0.4321 0.0966
vn 0.8669 -0.2934 0.4030
vn 0.1272 -0.6945 -0.7081
vn 0.4516 -0.6929 -0.5621
vn 0.9697 -0.2343 -0.0687
vn 0.9858 -0.1663 -0.0231
vn 0.9599 -0.2745 0.0575
vn 0.9808 -0.1948 -0.0101
vn 0.8350 -0.3801 -0.3978
vn 0.5720 -0.6097 -0.5487
vn 0.7306 -0.5638 -0.3852
vn 0.9188 -0.3435 -0.1945
vn 0.9966 -0.0765 -0.0308
vn 0.9895 -0.1377 0.0439
vn 0.9946 -0.1033 0.0081
vn 0.9997 0.0258 0.0003
vn 0.9817 0.1897 0.0149
vn 0.9458 0.2944 -0.1370
vn 0.9600 -0.2102 -0.1852
vn 0.9796 0.0766 -0.1858
vn 0.9487 0.1708 -0.2662
vn 0.8013 0.4785 -0.3590
vn 0.9370 0.3157 0.1493
vn 0.8521 0.5233 -0.0070
vn 0.9767 -0.1461 -0.1573
vn 0.9989 0.0152 -0.0434
vn 0.9875 0.1414 0.0700
vn 0.6883 -0.5361 -0.4886
vn 0.7589 -0.6511 0.0134
vn 0.9413 -0.3280 0.0794
vn 0.9726 -0.2275 0.0487
vn 0.9781 -0.1922 0.0797
vn 0.3611 -0.0538 -0.9310
vn 0.2651 0.3891 -0.8822
vn 0.3869 0.7940 -0.4690
vn 0.7268 0.5716 0.3807
vn 0.5339 0.8414 0.0833
vn 0.9732 0.2036 0.1072
vn 0.9411 0.2686 0.2056
vn 0.9820 0.1558 0.1072
vn 0.7747 -0.5446 0.3213
vn 0.8112 0.2467 0.5302
vn 0.5129 -0.5451 -0.6632
vn -0.3066 -0.4922 -0.8147
vn 0.9556 -0.2436 -0.1658
vn 0.9948 -0.0573 0.0838
vn 0.9965 -0.0655 0.0515
vn 0.9724 -0.0439 0.2293
vn 0.8534 -0.1481 0.4998
vn 0.7217 -0.3658 -0.5877
vn 0.8117 -0.4658 -0.3524
vn 0.3703 -0.1066 -0.9228
vn 0.2945 0.3230 -0.8994
vn 0.7269 0.4271 -0.5378
vn 0.8439 0.5332 0.0595
vn 0.8188 0.5192 -0.2450
vn 0.8331 -0.5345 -0.1427
vn 0.8403 0.2389 0.4866
vn 0.8774 -0.2540 0.4070
vn 0.9355 0.3530 0.0151
vn 0.7781 0.5913 0.2119
vn 0.5816 0.6958 0.4215
vn 0.8221 -0.5549 0.1273
vn 0.5425 -0.7467 0.3848
vn 0.3765 -0.7318 0.5680
vn 0.1472 -0.5026 0.8519
vn 0.0339 -0.0772 0.9964
vn 0.3754 0.6144 0.6940
vn 0.1076 0.3039 0.9466
vn 0.8071 0.1227 -0.5775
vn 0.7739 -0.2773 -0.5693
vn 0.9052 0.4209 0.0584
vn 0.8203 0.4358 0.3704
vn 0.7346 0.4306 0.5243
vn 0.8150 -0.5538 0.1706
vn 0.6442 -0.5655 0.5151
vn 0.5587 -0.5529 0.6182
vn 0.3073 -0.4645 0.8305
vn -0.2613 -0.0126 0.9652
vn 0.5467 0.5165 0.6590
vn -0.1953 0.4244 0.8842
vn 0.6153 -0.6696 0.4160
vn 0.4270 -0.6438 0.6350
vn 0.9635 -0.2276 -0.1410
vn 0.9539 0.2341 -0.1879
vn 0.3491 0.5364 0.7684
vn 0.1831 0.2207 0.9580
vn 0.7521 -0.6309 0.1905
vn 0.4471 0.7751 0.4465
vn 0.1545 -0.0822 0.9846
vn 0.6108 0.7585 0.2273
vn 0.2678 -0.4245 0.8649
vn 0.8456 0.5280 -0.0781
vn 0.8885 -0.4577 0.0327
vn 0.9902 0.0577 -0.1271
vn 0.6678 -0.7005 -0.2516
vn 0.4291 -0.8207 -0.3774
vn 0.2113 -0.9656 -0.1513
vn 0.0687 -0.9932 0.0936
vn 0.0270 -0.9605 0.2768
vn 0.0442 -0.9139 0.4036
vn -0.0012 -0.7813 0.6242
vn 0.0422 -0.5684 0.8216
vn 0.2671 -0.4154 0.8695
vn 0.6441 -0.3474 0.6816
vn 0.8632 -0.3964 0.3128
vn 0.9088 -0.4160 0.0326
vn 0.9468 -0.3196 -0.0370
vn 0.9094 -0.3961 -0.1270
vn 0.9001 -0.3767 -0.2189
vn 0.9699 -0.1787 -0.1653
vn 0.9996 0.0076 0.0259
vn 0.2464 -0.7881 -0.5640
vn 0.1013 -0.7729 -0.6264
vn -0.0000 -0.7476 -0.6642
vn 0.1778 -0.9460 -0.2709
vn 0.1077 -0.9895 0.0968
vn 0.0598 -0.9442 0.3238
vn 0.0484 -0.8801 0.4723
vn 0.1073 -0.6913 0.7146
vn 0.1974 -0.3206 0.9264
vn 0.3978 0.0292 0.9170
vn 0.1627 -0.9433 -0.2894
vn 0.1614 -0.9861 0.0392
vn 0.0932 -0.9578 0.2720
vn 0.0612 -0.8622 0.5028
vn 0.1315 -0.5697 0.8113
vn 0.2130 -0.1189 0.9698
vn 0.2497 0.1248 0.9603
vn -0.0000 -0.9545 -0.2983
vn -0.0000 -0.9997 0.0249
vn -0.0000 -0.9662 0.2577
vn -0.0000 -0.8472 0.5312
vn -0.0000 -0.5074 0.8617
vn -0.0000 -0.1000 0.9950
vn -0.0000 0.1739 0.9848
vn -0.1090 -0.2162 -0.9702
vn 0.6422 0.1613 -0.7494
vn -0.0000 0.8540 -0.5203
vn 0.4221 0.7700 -0.4784
vn 0.7646 0.6280 -0.1447
vn 0.8191 0.1512 -0.5533
vn 0.5467 0.0296 -0.8368
vn 0.0951 -0.5765 -0.8115
vn 0.6590 -0.2285 -0.7166
vn 0.7351 0.0369 -0.6770
vn 0.6398 0.0908 -0.7631
vn 0.8392 0.0910 -0.5362
vn 0.7896 -0.4583 -0.4080
vn 0.4757 -0.1886 -0.8592
vn 0.8599 0.0096 -0.5104
vn 0.6785 0.0089 -0.7345
vn 0.7923 -0.0867 -0.6039
vn 0.9090 -0.0618 -0.4122
vn 0.9034 0.0037 -0.4287
vn 0.9996 -0.0194 -0.0221
vn 0.9964 -0.0238 0.0812
vn 0.9986 -0.0089 -0.0514
vn 0.9088 -0.2061 -0.3629
vn 0.9719 -0.2044 -0.1169
vn 0.9382 -0.3083 -0.1575
vn 0.9354 -0.2811 -0.2143
vn 0.9133 -0.1255 -0.3874
vn 0.7244 -0.0364 -0.6884
vn 0.8758 -0.0262 -0.4820
vn 0.7899 -0.5061 -0.3464
vn 0.5329 -0.3573 -0.7671
vn 0.9730 -0.2007 -0.1138
vn 0.9885 -0.1137 -0.0992
vn 0.9779 -0.0210 -0.2078
vn 0.7556 -0.0910 -0.6487
vn 0.8577 -0.0862 -0.5068
vn 0.8291 -0.4920 -0.2655
vn 0.5775 -0.4860 -0.6560
vn 0.9744 0.0774 -0.2110
vn 0.9664 0.1579 -0.2031
vn 0.9646 0.1570 -0.2121
vn 0.9415 0.1274 -0.3120
vn 0.8794 0.2512 -0.4044
vn 0.7960 0.4070 -0.4481
vn 0.8064 0.2905 -0.5152
vn 0.9989 0.0191 -0.0422
vn 0.9791 0.1941 -0.0613
vn 0.9578 0.2427 -0.1541
vn 0.9290 0.3262 -0.1748
vn 0.9151 0.3731 -0.1531
vn 0.9182 0.3742 -0.1302
vn 0.9671 0.2222 -0.1236
vn 0.9958 0.0581 -0.0713
vn 0.9837 0.1639 -0.0742
vn 0.9679 0.2321 -0.0968
vn 0.9485 0.2505 -0.1938
vn 0.8975 0.3130 -0.3108
vn 0.8006 0.4977 -0.3337
vn 0.8883 0.3255 -0.3240
vn 0.8742 0.2665 0.4059
vn 0.9822 0.0796 0.1703
vn 0.8304 0.4274 0.3575
vn 0.7792 0.4623 0.4232
vn 0.7593 0.4476 0.4724
vn 0.7924 0.3746 0.4815
vn 0.7429 0.2484 0.6216
vn 0.6302 0.3394 0.6983
vn 0.7971 -0.1533 0.5840
vn 0.9581 -0.0778 0.2758
vn 0.9365 0.1721 0.3055
vn 0.6349 0.2428 0.7335
vn 0.6378 0.3989 0.6589
vn 0.7214 0.4281 0.5443
vn 0.7486 0.4411 0.4950
vn 0.7488 0.4096 0.5211
vn 0.6493 0.1493 0.7457
vn 0.4906 0.0357 0.8707
vn 0.6597 0.3329 0.6738
vn 0.5649 0.4238 0.7081
vn 0.4831 0.4995 0.7190
vn 0.4995 0.4740 0.7251
vn 0.5305 0.4148 0.7392
vn 0.5491 0.4085 0.7291
vn 0.5951 0.4920 0.6355
vn 0.7314 0.2384 0.6390
vn 0.7207 0.3320 0.6086
vn 0.7174 0.4110 0.5625
vn 0.7161 0.4442 0.5383
vn 0.7478 0.4067 0.5248
vn 0.7779 0.3500 0.5219
vn 0.7268 0.4239 0.5404
vn -0.0000 0.3864 0.9223
vn -0.0000 0.5779 0.8161
vn -0.0000 0.6258 0.7800
vn -0.0000 0.6093 0.7929
vn -0.0000 0.4676 0.8840
vn -0.0000 -0.0110 0.9999
vn 0.2874 0.3628 0.8865
vn 0.2039 0.5774 0.7906
vn 0.2537 0.5992 0.7594
vn 0.2917 0.5903 0.7526
vn 0.2763 0.4983 0.8218
vn 0.3289 -0.1490 0.9325
vn -0.0000 -0.1821 0.9833
vn 0.3839 -0.2051 0.9003
vn -0.0000 -0.5748 0.8183
vn 0.4319 -0.2441 0.8683
vn 0.3832 -0.4707 0.7948
vn 0.3536 -0.3401 0.8714
vn 0.3542 -0.2668 0.8963
vn 0.6689 -0.1710 0.7234
vn 0.3181 -0.2082 0.9249
vn 0.3775 -0.2347 0.8958
vn 0.5718 -0.4273 0.7003
vn 0.7189 -0.3785 0.5831
vn 0.9033 -0.2681 0.3350
vn 0.9913 -0.1108 0.0707
vn 0.7185 -0.1656 -0.6755
vn 0.6801 -0.1930 -0.7072
vn 0.6302 -0.1332 -0.7649
vn 0.5699 0.0389 -0.8208
vn 0.5332 0.2498 -0.8083
vn 0.5265 0.3641 -0.7683
vn 0.5776 0.2747 -0.7687
vn 0.8235 -0.1657 -0.5426
vn 0.7721 -0.1974 -0.6040
vn 0.7460 -0.1179 -0.6554
vn 0.7442 0.0444 -0.6665
vn 0.7076 0.2167 -0.6726
vn 0.6765 0.3368 -0.6549
vn 0.7030 0.2505 -0.6656
vn 0.7887 -0.5821 -0.1977
vn 0.8352 -0.5279 -0.1539
vn 0.7977 -0.5783 -0.1707
vn 0.7888 -0.5348 -0.3031
vn 0.7659 -0.4795 -0.4282
vn 0.7593 -0.3654 -0.5385
vn 0.8004 -0.3872 -0.4577
vn 0.7503 -0.5522 -0.3634
vn 0.5456 -0.6213 -0.5624
vn 0.5964 -0.5843 -0.5504
vn 0.5286 -0.6330 -0.5656
vn 0.5016 -0.4701 -0.7262
vn 0.4479 -0.3189 -0.8353
vn 0.4292 -0.1387 -0.8925
vn 0.5113 -0.0255 -0.8590
vn 0.7298 0.0436 -0.6823
vn -0.0000 -0.1331 -0.9911
vn -0.0000 -0.3351 -0.9422
vn -0.0000 -0.4934 -0.8698
vn -0.0000 -0.6679 -0.7442
vn -0.0000 -0.6765 -0.7364
vn -0.0000 -0.7166 -0.6975
vn -0.0000 -0.5457 -0.8380
vn -0.0000 -0.3418 -0.9398
vn -0.0000 -0.1314 -0.9913
vn -0.0000 0.0668 -0.9978
vn -0.0000 -0.0689 -0.9976
vn -0.0000 -0.9391 -0.3437
vn 0.5901 0.7016 -0.3995
vn 0.7254 0.6870 -0.0432
vn 0.1717 0.9580 -0.2295
vn 0.7820 0.6192 0.0710
vn 0.4535 0.8770 -0.1589
vn 0.6137 -0.1880 -0.7669
vn 0.7825 -0.3469 -0.5171
vn -0.0000 0.9715 -0.2371
vn 0.1997 0.0323 -0.9793
vn 0.8176 -0.4401 -0.3713
vn 0.5805 -0.1522 -0.7999
vn -0.0000 0.0441 -0.9990
vn 0.5870 0.7425 -0.3226
vn 0.6444 0.7640 -0.0330
vn 0.1557 0.9409 -0.3008
vn 0.7088 0.7031 0.0563
vn 0.4084 0.8949 -0.1798
vn 0.6321 -0.1713 -0.7557
vn 0.7302 -0.3164 -0.6056
vn -0.0000 0.9520 -0.3060
vn 0.1653 -0.0790 -0.9831
vn 0.7822 -0.4052 -0.4733
vn 0.4764 -0.1911 -0.8582
vn -0.0000 -0.0821 -0.9966
vn 0.6046 0.6770 -0.4196
vn 0.6983 0.6896 -0.1922
vn 0.1605 0.7764 -0.6094
vn 0.7593 0.6498 -0.0365
vn 0.4423 0.7675 -0.4641
vn 0.6571 -0.2889 -0.6963
vn 0.7667 -0.4102 -0.4939
vn -0.0000 0.7882 -0.6154
vn 0.1465 -0.3004 -0.9425
vn 0.8127 -0.4793 -0.3312
vn 0.4711 -0.3472 -0.8109
vn -0.0000 -0.3128 -0.9498
vn 0.6489 0.5048 -0.5693
vn 0.7671 0.5458 -0.3371
vn 0.1681 0.5537 -0.8155
vn 0.8113 0.5609 -0.1652
vn 0.4877 0.5426 -0.6839
vn 0.6592 -0.4454 -0.6059
vn 0.7829 -0.5096 -0.3569
vn -0.0000 0.5682 -0.8229
vn 0.1816 -0.5122 -0.8395
vn 0.8217 -0.5410 -0.1794
vn 0.5006 -0.5144 -0.6963
vn -0.0000 -0.5446 -0.8387
vn 0.6344 0.4157 -0.6517
vn 0.7409 0.5358 -0.4049
vn 0.2365 0.4496 -0.8614
vn 0.7772 0.5711 -0.2644
vn 0.5309 0.5038 -0.6814
vn 0.6896 -0.5389 -0.4837
vn 0.7550 -0.5980 -0.2690
vn -0.0000 0.4599 -0.8880
vn 0.2097 -0.6946 -0.6882
vn 0.8216 -0.5587 -0.1132
vn 0.5068 -0.6797 -0.5303
vn -0.0000 -0.7225 -0.6914
vn 0.7290 0.2564 -0.6347
vn 0.8384 0.4082 -0.3613
vn 0.2904 0.2967 -0.9098
vn 0.8648 0.4441 -0.2342
vn 0.6377 0.3640 -0.6789
vn 0.7381 -0.5042 -0.4483
vn 0.7978 -0.5440 -0.2598
vn -0.0000 0.3146 -0.9492
vn 0.2377 -0.7161 -0.6563
vn 0.8685 -0.4861 -0.0972
vn 0.5340 -0.6758 -0.5080
vn -0.0000 -0.7446 -0.6675
vn 0.7010 0.2904 -0.6514
vn 0.8070 0.4854 -0.3364
vn 0.3131 0.4632 -0.8291
vn 0.8503 0.4835 -0.2077
vn 0.6393 0.4814 -0.5997
vn 0.6771 -0.5391 -0.5010
vn 0.7280 -0.6124 -0.3082
vn -0.0000 0.4736 -0.8808
vn 0.2363 -0.7177 -0.6550
vn 0.8110 -0.5678 -0.1411
vn 0.5010 -0.6929 -0.5186
vn -0.0000 -0.7344 -0.6787
vn 0.7563 0.3322 -0.5636
vn 0.8658 0.4039 -0.2954
vn 0.3278 0.4363 -0.8380
vn 0.7247 -0.4299 -0.5385
vn 0.7524 -0.5288 -0.3929
vn 0.8868 0.4484 -0.1119
vn 0.6386 0.4260 -0.6409
vn -0.0000 0.4575 -0.8892
vn 0.2236 -0.6053 -0.7640
vn 0.8583 -0.4868 -0.1624
vn 0.4987 -0.5825 -0.6418
vn -0.0000 -0.6144 -0.7890
vn 0.8123 0.5733 -0.1067
vn 0.7135 0.5096 -0.4808
vn 0.2371 0.7032 -0.6702
vn 0.7016 -0.3940 -0.5938
vn 0.7461 -0.4891 -0.4518
vn 0.8301 0.5574 0.0155
vn 0.6108 0.6641 -0.4313
vn -0.0000 0.7208 -0.6931
vn 0.1528 -0.4346 -0.8876
vn 0.8198 -0.5132 -0.2541
vn 0.4708 -0.4879 -0.7351
vn -0.0000 -0.4065 -0.9137
vn 0.7384 0.6741 -0.0183
vn -0.0000 0.9299 -0.3678
vn 0.2765 0.9216 -0.2725
vn -0.0000 0.2133 -0.9770
vn 0.1965 0.1457 -0.9696
vn 0.6621 -0.1952 -0.7235
vn 0.9031 0.2237 -0.3665
vn 0.5589 0.7146 -0.4208
vn -0.0000 0.5984 -0.8012
vn 0.3246 0.5571 -0.7644
vn 0.0615 0.9347 -0.3501
vn 0.5776 0.8014 -0.1553
vn 0.5583 0.0349 -0.8289
vn 0.7917 -0.4345 -0.4293
vn 0.7034 -0.3425 -0.6228
vn 0.4130 -0.2047 -0.8874
vn -0.0000 -0.0758 -0.9971
vn 0.1122 -0.0933 -0.9893
vn 0.7384 0.6725 -0.0502
vn 0.3906 0.8584 -0.3326
vn -0.0000 0.8569 -0.5156
vn 0.1143 0.8682 -0.4828
vn 0.6560 0.7359 -0.1675
vn 0.6166 0.6390 -0.4598
vn 0.9522 0.1475 -0.2675
vn 0.5151 0.4142 -0.7504
vn -0.0000 0.4740 -0.8805
vn 0.6378 -0.2681 -0.7220
vn 0.1298 0.4790 -0.8681
vn 0.8434 0.2554 -0.4727
vn 0.6848 0.2552 -0.6825
vn 0.1027 -0.0616 -0.9928
vn -0.0000 -0.0708 -0.9975
vn 0.4033 -0.0850 -0.9111
vn 0.6922 -0.2533 -0.6758
vn 0.7683 -0.4063 -0.4947
vn 0.8215 0.5563 -0.1251
vn 0.1750 0.7414 -0.6479
vn 0.1303 0.4048 -0.9051
vn -0.0000 0.4155 -0.9096
vn 0.5246 0.3206 -0.7887
vn 0.8457 0.1613 -0.5087
vn 0.9267 0.0875 -0.3655
vn -0.0000 0.7725 -0.6350
vn 0.5440 0.6591 -0.5193
vn 0.7921 0.5716 -0.2140
vn 0.9131 0.1089 -0.3929
vn 0.7027 0.0992 -0.7045
vn 0.1679 0.3181 -0.9331
vn 0.6595 -0.3118 -0.6840
vn 0.7768 -0.3858 -0.4978
vn 0.9749 0.0460 -0.2179
vn 0.6070 0.2391 -0.7578
vn 0.6611 0.5325 -0.5286
vn -0.0000 0.3376 -0.9413
vn 0.1047 -0.2151 -0.9710
vn 0.8205 -0.4636 -0.3345
vn 0.4681 -0.3162 -0.8252
vn -0.0000 -0.1891 -0.9820
vn 0.8293 0.5567 -0.0478
vn 0.1724 0.7701 -0.6142
vn -0.0000 0.7710 -0.6368
vn 0.5365 0.7324 -0.4193
vn 0.7831 0.6023 -0.1548
vn 0.1241 0.8024 -0.5837
vn 0.7893 0.5240 -0.3201
vn 0.6424 0.6795 -0.3544
vn 0.0932 0.4568 -0.8847
vn 0.5699 0.2529 -0.7818
vn 0.5762 0.4355 -0.6916
vn 0.9168 0.3528 -0.1873
vn 0.4798 0.7268 -0.4915
vn -0.0000 0.7961 -0.6052
vn 0.1506 0.9808 0.1237
vn 0.6498 0.6626 0.3723
vn 0.5577 0.8192 0.1338
vn -0.0000 0.4641 -0.8858
vn 0.6795 0.1385 -0.7205
vn 0.3212 0.3705 -0.8715
vn 0.7145 0.5433 0.4408
vn 0.4515 0.8507 0.2692
vn -0.0000 0.9960 0.0899
vn 0.6662 0.4312 -0.6085
vn 0.6460 0.5800 -0.4962
vn 0.4990 0.8437 -0.1977
vn 0.9475 0.3176 -0.0362
vn 0.6282 0.6874 0.3644
vn 0.6939 0.5258 0.4920
vn 0.1703 0.9028 0.3950
vn -0.0000 0.7350 -0.6781
vn -0.0000 0.9239 0.3827
vn 0.3958 0.6263 -0.6716
vn 0.7832 0.2523 -0.5683
vn 0.4473 0.7725 0.4507
vn 0.7782 0.3358 0.5307
vn 0.1997 0.9354 -0.2919
vn 0.1338 0.6253 0.7689
vn 0.5996 0.7266 -0.3355
vn 0.7591 0.4901 -0.4285
vn 0.6196 0.3065 0.7226
vn 0.5707 0.5383 0.6201
vn 0.9550 0.2554 0.1508
vn -0.0000 0.9472 -0.3207
vn -0.0000 0.6444 0.7647
vn 0.5219 0.7744 -0.3576
vn 0.3790 0.4982 0.7799
vn 0.7913 0.3535 -0.4989
vn 0.7163 0.1661 0.6777
vn 0.1946 0.9036 0.3816
vn 0.4700 0.8340 0.2892
vn 0.5486 0.7969 0.2531
vn 0.6732 0.6697 0.3135
vn 0.7701 0.5921 0.2375
vn 0.8394 0.5307 0.1170
vn 0.8536 0.5202 -0.0284
vn 0.7933 0.5871 -0.1611
vn 0.6961 0.6556 -0.2925
vn 0.6352 0.6460 -0.4232
vn 0.6337 0.3907 -0.6677
vn 0.7210 0.2228 -0.6561
vn 0.8602 0.1970 -0.4703
vn 0.9043 0.1094 -0.4125
vn 0.9096 0.0494 -0.4126
vn 0.9330 -0.0087 -0.3597
vn 0.9351 -0.0438 -0.3516
vn 0.9121 -0.1149 -0.3935
vn 0.8764 -0.1654 -0.4523
vn 0.8526 -0.1293 -0.5064
vn 0.8527 0.0006 -0.5224
vn 0.8426 0.0998 -0.5292
vn 0.8011 0.2552 -0.5414
vn 0.7964 0.2849 -0.5335
vn 0.8227 -0.0205 -0.5681
vn 0.1986 -0.9753 -0.0964
vn 0.3258 0.8829 0.3382
vn -0.0000 0.9121 0.4100
vn 0.5057 0.8300 0.2351
vn 0.6148 0.7373 0.2799
vn 0.7259 0.6229 0.2916
vn 0.8040 0.5640 0.1883
vn 0.8608 0.5072 0.0421
vn 0.8277 0.5531 -0.0949
vn 0.7491 0.6227 -0.2259
vn 0.6496 0.6764 -0.3470
vn 0.6435 0.5288 -0.5535
vn 0.6485 0.2829 -0.7067
vn 0.7980 0.2091 -0.5652
vn 0.8988 0.1561 -0.4097
vn 0.9012 0.0742 -0.4270
vn 0.9222 0.0162 -0.3865
vn 0.9387 -0.0253 -0.3439
vn 0.9247 -0.0780 -0.3727
vn 0.8966 -0.1452 -0.4185
vn 0.8601 -0.1606 -0.4842
vn 0.8499 -0.0705 -0.5223
vn 0.8549 0.0520 -0.5162
vn 0.8200 0.1783 -0.5439
vn 0.7934 0.2923 -0.5339
vn 0.8152 0.2291 -0.5320
vn 0.6597 -0.5816 -0.4759
vn -0.0000 -0.9979 -0.0653
vn 0.1852 0.9045 0.3842
vn 0.4749 0.8330 0.2837
vn 0.5553 0.7973 0.2367
vn 0.6742 0.6832 0.2805
vn 0.7700 0.6015 0.2128
vn 0.8438 0.5285 0.0931
vn 0.8520 0.5234 -0.0138
vn 0.7911 0.5960 -0.1375
vn 0.6921 0.6709 -0.2661
vn 0.6336 0.6503 -0.4191
vn 0.6314 0.3956 -0.6669
vn 0.7182 0.1873 -0.6702
vn 0.8606 0.1640 -0.4822
vn 0.9045 0.1113 -0.4118
vn 0.9094 0.0388 -0.4142
vn 0.9331 -0.0159 -0.3593
vn 0.9351 -0.0416 -0.3518
vn 0.9121 -0.1110 -0.3946
vn 0.8761 -0.1590 -0.4552
vn 0.8523 -0.1275 -0.5072
vn 0.8533 -0.0024 -0.5215
vn 0.8430 0.1052 -0.5276
vn 0.8011 0.2575 -0.5404
vn 0.7963 0.2814 -0.5355
vn 0.8301 -0.0081 -0.5575
vn 0.2547 -0.5339 -0.8063
vn 0.8075 0.5687 0.1566
vn 0.6458 0.2655 -0.7158
vn 0.7972 0.1701 -0.5793
vn 0.8990 0.1415 -0.4145
vn 0.9225 0.0054 -0.3859
vn 0.3277 0.8831 0.3358
vn -0.0000 0.9106 0.4133
vn 0.5059 0.8311 0.2309
vn 0.6185 0.7435 0.2542
vn 0.7281 0.6332 0.2626
vn 0.8615 0.5064 0.0384
vn 0.8256 0.5593 -0.0741
vn 0.7462 0.6354 -0.1984
vn 0.6454 0.6885 -0.3308
vn 0.6419 0.5333 -0.5510
vn 0.9008 0.0740 -0.4279
vn 0.9387 -0.0270 -0.3437
vn 0.9247 -0.0748 -0.3733
vn 0.8965 -0.1395 -0.4206
vn 0.8597 -0.1562 -0.4863
vn 0.8500 -0.0718 -0.5218
vn 0.8554 0.0527 -0.5154
vn 0.8201 0.1833 -0.5420
vn 0.7934 0.2926 -0.5338
vn 0.8146 0.2184 -0.5373
vn 0.6014 -0.3127 -0.7353
vn -0.0000 -0.5069 -0.8620
vn 0.2056 -0.8408 0.5009
vn 0.3896 -0.7990 0.4581
vn 0.4454 -0.8484 0.2861
vn 0.4816 -0.8580 0.1785
vn 0.2716 -0.4703 0.8397
vn 0.1141 -0.0537 0.9920
vn 0.1028 0.6060 0.7888
vn 0.3596 0.6968 0.6205
vn 0.4139 -0.8939 0.1723
vn 0.4199 0.7539 0.5053
vn 0.4673 0.7389 0.4854
vn 0.2429 0.8357 0.4926
vn 0.2820 -0.8348 0.4729
vn 0.2707 0.3848 0.8824
vn 0.2913 0.6594 0.6930
vn -0.0000 -0.7833 0.6217
vn 0.2523 -0.8528 0.4573
vn 0.4480 -0.8402 0.3055
vn 0.4556 -0.8647 0.2115
vn 0.4398 -0.8821 0.1688
vn 0.4192 -0.8660 0.2726
vn 0.2485 -0.6618 0.7073
vn 0.2258 -0.3159 0.9215
vn 0.1431 0.2391 0.9604
vn 0.3524 0.5254 0.7745
vn 0.2569 0.7719 0.5815
vn 0.4106 0.7679 0.4917
vn -0.0000 0.4708 0.8822
vn 0.1580 0.7049 0.6915
vn 0.4395 0.7196 0.5376
vn 0.4126 0.7999 0.4357
s 1
usemtl white
f 1070//1038 895//878 1//1
f 1//1 2588//2520 880//863
f 1//1 2589//2521 1048//1025
f 1048//1025 1070//1038 1//1
f 1042//1021 1048//1025 2//2
f 2//2 2589//2521 881//864
f 2//2 2590//2522 1006//989
f 1006//989 1042//1021 2//2
f 1043//1022 1006//989 3//3
f 3//3 2590//2522 882//865
f 3//3 2591//2523 1047//1024
f 1047//1024 1043//1022 3//3
f 1032//1011 1047//1024 4//4
f 4//4 2591//2523 883//866
f 4//4 2592//2524 1053//1028
f 1053//1028 1032//1011 4//4
f 5//5 2587//2519 1054//1029
f 1054//1029 1033//1012 5//5
f 1033//1012 4795//4672 5//5
f 5//5 6415//6240 878//861
f 6//6 2593//2525 894//877
f 894//877 1021//1002 6//6
f 1021//1002 1053//1028 6//6
f 6//6 2592//2524 884//867
f 1022//1003 1054//1029 7//7
f 7//7 2587//2519 879//862
f 7//7 2588//2520 895//878
f 895//878 1022//1003 7//7
f 8//8 2607//2539 909//892
f 909//892 893//876 8//8
f 893//876 4638//4521 8//8
f 8//8 6441//6266 908//891
f 888//871 911//894 9//9
f 9//9 2603//2535 903//886
f 9//9 2602//2534 910//893
f 910//893 888//871 9//9
f 889//872 912//895 10//10
f 10//10 2604//2536 904//887
f 10//10 2603//2535 911//894
f 911//894 889//872 10//10
f 890//873 913//896 11//11
f 11//11 2605//2537 905//888
f 11//11 2604//2536 912//895
f 912//895 890//873 11//11
f 891//874 914//897 12//12
f 12//12 2606//2538 906//889
f 12//12 2605//2537 913//896
f 913//896 891//874 12//12
f 886//869 915//898 13//13
f 13//13 2601//2533 901//884
f 13//13 6433//6258 4643//4526
f 4643//4526 886//869 13//13
f 892//875 909//892 14//14
f 14//14 2607//2539 907//890
f 14//14 2606//2538 914//897
f 914//897 892//875 14//14
f 15//15 2601//2533 915//898
f 915//898 887//870 15//15
f 887//870 910//893 15//15
f 15//15 2602//2534 902//885
f 998//981 924//907 16//16
f 924//907 902//885 16//16
f 902//885 992//975 16//16
f 992//975 998//981 16//16
f 908//891 4734//4617 17//17
f 4734//4617 999//982 17//17
f 999//982 926//909 17//17
f 926//909 908//891 17//17
f 903//886 994//977 18//18
f 994//977 1000//983 18//18
f 1000//983 992//975 18//18
f 992//975 903//886 18//18
f 904//887 995//978 19//19
f 995//978 1001//984 19//19
f 1001//984 994//977 19//19
f 994//977 904//887 19//19
f 905//888 996//979 20//20
f 996//979 1002//985 20//20
f 1002//985 995//978 20//20
f 995//978 905//888 20//20
f 906//889 997//980 21//21
f 997//980 1003//986 21//21
f 1003//986 996//979 21//21
f 996//979 906//889 21//21
f 901//884 924//907 22//22
f 924//907 1004//987 22//22
f 1004//987 4738//4621 22//22
f 4738//4621 901//884 22//22
f 907//890 926//909 23//23
f 926//909 1005//988 23//23
f 1005//988 997//980 23//23
f 997//980 907//890 23//23
f 24//24 2614//2546 1082//1049
f 24//24 2686//2604 1088//1055
f 24//24 2685//2603 939//922
f 24//24 2613//2545 922//905
f 25//25 2609//2541 1084//1051
f 25//25 2688//2606 1089//1056
f 25//25 2687//2605 941//924
f 25//25 2608//2540 917//900
f 26//26 2686//2604 1082//1049
f 26//26 2614//2546 923//906
f 26//26 6450//6275 4837//4704
f 26//26 6545//6352 1090//1057
f 27//27 2610//2542 1085//1052
f 27//27 2689//2607 1091//1058
f 27//27 2688//2606 1084//1051
f 27//27 2609//2541 918//901
f 28//28 2611//2543 1086//1053
f 28//28 2690//2608 1092//1059
f 28//28 2689//2607 1085//1052
f 28//28 2610//2542 919//902
f 29//29 2612//2544 1087//1054
f 29//29 2691//2609 1093//1060
f 29//29 2690//2608 1086//1053
f 29//29 2611//2543 920//903
f 30//30 2613//2545 939//922
f 30//30 2685//2603 1094//1061
f 30//30 2691//2609 1087//1054
f 30//30 2612//2544 921//904
f 31//31 2608//2540 941//924
f 31//31 2687//2605 1095//1062
f 31//31 6549//6356 4841//4708
f 31//31 6442//6267 916//899
f 937//920 955//938 32//32
f 955//938 952//935 32//32
f 952//935 954//937 32//32
f 954//937 937//920 32//32
f 932//915 957//940 33//33
f 957//940 947//930 33//33
f 947//930 956//939 33//33
f 956//939 932//915 33//33
f 938//921 4692//4575 34//34
f 4692//4575 953//936 34//34
f 953//936 955//938 34//34
f 955//938 938//921 34//34
f 933//916 958//941 35//35
f 958//941 948//931 35//35
f 948//931 957//940 35//35
f 957//940 933//916 35//35
f 934//917 959//942 36//36
f 959//942 949//932 36//36
f 949//932 958//941 36//36
f 958//941 934//917 36//36
f 935//918 960//943 37//37
f 960//943 950//933 37//37
f 950//933 959//942 37//37
f 959//942 935//918 37//37
f 936//919 954//937 38//38
f 954//937 951//934 38//38
f 951//934 960//943 38//38
f 960//943 936//919 38//38
f 931//914 956//939 39//39
f 39//39 2622//2554 946//929
f 946//929 4696//4579 39//39
f 4696//4579 931//914 39//39
f 40//40 2628//2560 970//953
f 970//953 967//950 40//40
f 967//950 969//952 40//40
f 40//40 2627//2559 952//935
f 962//945 971//954 41//41
f 41//41 2622//2554 947//930
f 41//41 2623//2555 972//955
f 972//955 962//945 41//41
f 42//42 6468//6293 4709//4592
f 4709//4592 968//951 42//42
f 968//951 970//953 42//42
f 42//42 2628//2560 953//936
f 43//43 2624//2556 973//956
f 973//956 963//946 43//43
f 963//946 972//955 43//43
f 43//43 2623//2555 948//931
f 44//44 2625//2557 974//957
f 974//957 964//947 44//44
f 964//947 973//956 44//44
f 44//44 2624//2556 949//932
f 965//948 974//957 45//45
f 45//45 2625//2557 950//933
f 45//45 2626//2558 975//958
f 975//958 965//948 45//45
f 966//949 975//958 46//46
f 46//46 2626//2558 951//934
f 46//46 2627//2559 969//952
f 969//952 966//949 46//46
f 961//944 4713//4596 47//47
f 47//47 6460//6285 946//929
f 946//929 971//954 47//47
f 47//47 2629//2561 961//944
f 961//944 1018//999 48//48
f 1018//999 1013//994 48//48
f 48//48 6504//6328 4722//4605
f 4722//4605 961//944 48//48
f 49//49 2675//2600 985//968
f 985//968 967//950 49//49
f 967//950 1039//1018 49//49
f 49//49 2674//2599 1014//995
f 962//945 1041//1020 50//50
f 50//50 2673//2598 1012//993
f 50//50 2655//2586 1018//999
f 50//50 2629//2561 962//945
f 51//51 2674//2599 1039//1018
f 1039//1018 968//951 51//51
f 968//951 4759//4640 51//51
f 51//51 6502//6326 1030//1009
f 52//52 2673//2598 1041//1020
f 1041//1020 963//946 52//52
f 963//946 1015//996 52//52
f 52//52 2654//2585 1031//1010
f 964//947 1036//1015 53//53
f 53//53 2671//2596 1034//1013
f 53//53 2654//2585 1015//996
f 1015//996 964//947 53//53
f 965//948 1035//1014 54//54
f 54//54 2670//2595 1008//991
f 54//54 2671//2596 1036//1015
f 1036//1015 965//948 54//54
f 966//949 985//968 55//55
f 55//55 2675//2600 1007//990
f 55//55 2670//2595 1035//1014
f 1035//1014 966//949 55//55
f 56//56 2644//2576 925//908
f 925//908 917//900 56//56
f 917//900 991//974 56//56
f 56//56 2643//2575 998//981
f 57//57 6490//6315 4657//4540
f 4657//4540 923//906 57//57
f 923//906 993//976 57//57
f 57//57 2645//2577 999//982
f 918//901 925//908 58//58
f 58//58 2644//2576 1000//983
f 58//58 2646//2578 927//910
f 927//910 918//901 58//58
f 59//59 2647//2579 928//911
f 928//911 919//902 59//59
f 919//902 927//910 59//59
f 59//59 2646//2578 1001//984
f 920//903 928//911 60//60
f 60//60 2647//2579 1002//985
f 60//60 2648//2580 929//912
f 929//912 920//903 60//60
f 921//904 929//912 61//61
f 61//61 2648//2580 1003//986
f 61//61 2649//2581 930//913
f 930//913 921//904 61//61
f 916//899 4661//4544 62//62
f 62//62 6494//6319 1004//987
f 62//62 2643//2575 991//974
f 991//974 916//899 62//62
f 922//905 930//913 63//63
f 63//63 2649//2581 1005//988
f 63//63 2645//2577 993//976
f 993//976 922//905 63//63
f 64//64 2662//2590 1020//1001
f 64//64 2664//997 1058//90
f 1058//90 1038//1017 64//64
f 64//64 2657//2588 1032//1011
f 65//65 2659//1005 1050//1027
f 65//65 2595//2527 887//870
f 65//65 2594//2526 900//883
f 900//883 1023//89 65//65
f 66//66 2679//998 900//883
f 66//66 2594//2526 886//869
f 66//66 6424//6249 4626//4509
f 4626//4509 1010//91 66//66
f 1014//995 986//969 67//67
f 986//969 982//965 67//67
f 67//67 2641//2573 1040//1019
f 1040//1019 1014//995 67//67
f 68//68 2655//2586 984//967
f 984//967 976//959 68//68
f 68//68 6478//6303 4764//4645
f 4764//4645 1013//994 68//68
f 1007//990 1040//1019 69//69
f 69//69 2641//2573 981//964
f 69//69 2640//2572 990//973
f 990//973 1007//990 69//69
f 1051//96 896//879 70//70
f 70//70 2596//2528 888//871
f 70//70 2595//2527 1050//1027
f 1050//1027 1051//96 70//70
f 71//71 2680//997 899//882
f 71//71 2599//2531 891//874
f 71//71 2598//2530 898//881
f 898//881 1009//90 71//71
f 72//72 2638//2570 988//971
f 988//971 1034//1013 72//72
f 1034//1013 989//972 72//72
f 72//72 2639//2571 979//962
f 1059//73 1028//1007 73//73
f 73//73 2678//1007 1061//73
f 1061//73 1011//992 73//73
f 1011//992 1059//73 73//73
f 74//74 2642//2574 986//969
f 986//969 1030//1009 74//74
f 1030//1009 4727//4610 74//74
f 74//74 6486//6311 983//966
f 75//75 2678//1007 898//881
f 75//75 2598//2530 890//873
f 75//75 2597//2529 897//880
f 897//880 1061//73 75//75
f 76//76 2657//2588 1038//1017
f 76//76 2683//1007 1059//73
f 1059//73 1067//1035 76//76
f 76//76 2672//2597 1043//1022
f 1031//1010 988//971 77//77
f 77//77 2638//2570 978//961
f 77//77 2637//2569 987//970
f 987//970 1031//1010 77//77
f 78//78 2636//2568 984//967
f 984//967 1012//993 78//78
f 1012//993 987//970 78//78
f 78//78 2637//2569 977//960
f 79//79 6513//6333 4767//4648
f 4767//4648 1060//87 79//79
f 1060//87 1069//1037 79//79
f 79//79 2677//2602 1071//1039
f 1008//991 990//973 80//80
f 80//80 2640//2572 980//963
f 80//80 2639//2571 989//972
f 989//972 1008//991 80//80
f 1024//97 1049//1026 81//81
f 81//81 2600//2532 892//875
f 81//81 2599//2531 899//882
f 899//882 1024//97 81//81
f 82//82 2661//2589 1019//1000
f 82//82 2665//998 1072//91
f 1072//91 4819//4687 82//82
f 82//82 6525//6340 1033//1012
f 83//83 2676//2601 1068//1036
f 83//83 2682//1005 1066//89
f 1066//89 1019//1000 83//83
f 83//83 2661//2589 1022//1003
f 84//84 2656//2587 1037//1016
f 1037//1016 1065//96 84//84
f 1065//96 1068//1036 84//84
f 84//84 2676//2601 1070//1038
f 1052//87 4621//4504 85//85
f 85//85 6432//6257 893//876
f 85//85 2600//2532 1049//1026
f 1049//1026 1052//87 85//85
f 1062//98 897//880 86//86
f 86//86 2597//2529 889//872
f 86//86 2596//2528 896//879
f 896//879 1062//98 86//86
f 1060//87 4760//4641 87//87
f 4760//4641 1052//87 87//87
f 1052//87 1025//1004 87//87
f 1025//1004 1060//87 87//87
f 88//88 2666//2591 1063//1033
f 1063//1033 983//966 88//88
f 983//966 4775//4654 88//88
f 4775//4654 1075//1042 88//88
f 89//89 2682//1005 1026//1005
f 89//89 2659//1005 1023//89
f 1023//89 1017//998 89//89
f 1017//998 1066//89 89//89
f 90//90 2664//997 1016//997
f 90//90 2680//997 1009//90
f 1009//90 1028//1007 90//90
f 1028//1007 1058//90 90//90
f 1072//91 1017//998 91//91
f 91//91 2679//998 1010//91
f 1010//91 4754//4635 91//91
f 4754//4635 1072//91 91//91
f 981//964 1056//1031 92//92
f 1056//1031 1074//1041 92//92
f 1074//1041 1057//1032 92//92
f 1057//1032 981//964 92//92
f 93//93 2677//2602 1069//1037
f 1069//1037 1046//97 93//93
f 1046//97 1020//1001 93//93
f 93//93 2662//2590 1021//1002
f 1078//1045 1055//1030 94//94
f 1055//1030 977//960 94//94
f 977//960 1064//1034 94//94
f 94//94 2652//2583 1078//1045
f 95//95 2672//2597 1067//1035
f 1067//1035 1045//98 95//95
f 1045//98 1037//1016 95//95
f 95//95 2656//2587 1042//1021
f 1065//96 1029//1008 96//96
f 1029//1008 1051//96 96//96
f 1051//96 1026//1005 96//96
f 1026//1005 1065//96 96//96
f 1046//97 1025//1004 97//97
f 1025//1004 1024//97 97//97
f 1024//97 1016//997 97//97
f 1016//997 1046//97 97//97
f 1045//98 1011//992 98//98
f 1011//992 1062//98 98//98
f 1062//98 1029//1008 98//98
f 1029//1008 1045//98 98//98
f 1077//1044 1027//1006 99//99
f 1027//1006 979//962 99//99
f 979//962 1044//1023 99//99
f 99//99 2669//2594 1077//1044
f 978//961 1027//1006 100//100
f 100//100 2651//2582 1080//1047
f 1080//1047 1064//1034 100//100
f 1064//1034 978//961 100//100
f 1076//1043 1044//1023 101//101
f 1044//1023 980//963 101//101
f 980//963 1057//1032 101//101
f 101//101 2668//2593 1076//1043
f 102//102 2636//2568 1055//1030
f 102//102 2653//2584 1079//1046
f 1079//1046 4808//4683 102//102
f 4808//4683 976//959 102//102
f 103//103 2642//2574 1063//1033
f 1063//1033 1073//1040 103//103
f 103//103 2667//2592 1056//1031
f 1056//1031 982//965 103//103
f 1088//1055 940//923 104//104
f 104//104 2621//2553 937//920
f 104//104 2620//2552 1081//1048
f 1081//1048 1088//1055 104//104
f 105//105 2615//2547 1083//1050
f 1083//1050 1089//1056 105//105
f 1089//1056 942//925 105//105
f 105//105 2616//2548 932//915
f 106//106 2621//2553 940//923
f 940//923 1090//1057 106//106
f 1090//1057 4675//4558 106//106
f 106//106 6459//6284 938//921
f 1091//1058 943//926 107//107
f 107//107 2617//2549 933//916
f 107//107 2616//2548 942//925
f 942//925 1091//1058 107//107
f 108//108 2617//2549 943//926
f 943//926 1092//1059 108//108
f 1092//1059 944//927 108//108
f 108//108 2618//2550 934//917
f 1093//1060 945//928 109//109
f 109//109 2619//2551 935//918
f 109//109 2618//2550 944//927
f 944//927 1093//1060 109//109
f 1094//1061 1081//1048 110//110
f 110//110 2620//2552 936//919
f 110//110 2619//2551 945//928
f 945//928 1094//1061 110//110
f 1095//1062 1083//1050 111//111
f 111//111 2615//2547 931//914
f 111//111 6451//6276 4679//4562
f 4679//4562 1095//1062 111//111
f 1100//1067 1104//1071 112//112
f 112//112 2651//2582 1077//1044
f 1077//1044 1105//1072 112//112
f 112//112 2698//2616 1100//1067
f 1101//1068 1106//1073 113//113
f 113//113 2653//2584 1078//1045
f 1078//1045 1107//1074 113//113
f 113//113 2693//2611 1101//1068
f 1096//1063 1108//1075 114//114
f 1108//1075 1073//1040 114//114
f 114//114 2666//2591 1109//1076
f 1109//1076 1096//1063 114//114
f 1102//1069 4860//4727 115//115
f 115//115 6500//6324 1079//1046
f 1079//1046 1106//1073 115//115
f 115//115 2694//2612 1102//1069
f 116//116 2697//2615 1110//1077
f 116//116 2668//2593 1074//1041
f 116//116 2667//2592 1108//1075
f 1108//1075 1097//1064 116//116
f 1103//1070 1107//1074 117//117
f 117//117 2652//2583 1080//1047
f 1080//1047 1104//1071 117//117
f 117//117 2692//2610 1103//1070
f 118//118 2695//2613 1109//1076
f 1109//1076 1075//1042 118//118
f 118//118 6538//6347 4861//4728
f 4861//4728 1098//1065 118//118
f 119//119 2698//2616 1105//1072
f 119//119 2669//2594 1076//1043
f 1076//1043 1110//1077 119//119
f 1110//1077 1099//1066 119//119
f 120//120 6567//128 4876//4735
f 4876//4735 885//868 120//120
f 885//868 1119//1078 120//120
f 120//120 2705//128 1118//128
f 121//121 2701//128 1121//1080
f 1121//1080 880//863 121//121
f 880//863 1120//1079 121//121
f 121//121 2700//128 1113//128
f 881//864 1121//1080 122//122
f 122//122 2701//128 1114//128
f 122//122 2702//128 1122//1081
f 1122//1081 881//864 122//122
f 882//865 1122//1081 123//123
f 123//123 2702//128 1115//128
f 123//123 2703//128 1123//1082
f 1123//1082 882//865 123//123
f 883//866 1123//1082 124//124
f 124//124 2703//128 1116//128
f 124//124 2704//128 1124//1083
f 1124//1083 883//866 124//124
f 125//125 2699//128 1125//1084
f 1125//1084 878//861 125//125
f 878//861 4881//4740 125//125
f 125//125 6559//128 1111//128
f 126//126 2705//128 1119//1078
f 1119//1078 884//867 126//126
f 884//867 1124//1083 126//126
f 126//126 2704//128 1117//128
f 879//862 1125//1084 127//127
f 127//127 2699//128 1112//128
f 127//127 2700//128 1120//1079
f 1120//1079 879//862 127//127
f 1113//128 1134//128 128//128
f 128//128 2707//128 1128//128
f 1128//128 1135//128 128//128
f 1135//128 1113//128 128//128
f 1114//128 1135//128 129//128
f 129//128 2708//128 1129//128
f 129//128 2709//128 1136//128
f 1136//128 1114//128 129//128
f 130//128 2710//128 1137//128
f 1137//128 1115//128 130//128
f 1115//128 1136//128 130//128
f 130//128 2709//128 1130//128
f 131//128 2711//128 1138//128
f 1138//128 1116//128 131//128
f 1116//128 1137//128 131//128
f 1137//128 1131//128 131//128
f 1126//128 1139//128 132//128
f 1139//128 1111//128 132//128
f 1111//128 4897//128 132//128
f 132//128 6568//128 1126//128
f 1132//128 1140//128 133//128
f 1140//128 1117//128 133//128
f 1117//128 1138//128 133//128
f 133//128 2711//128 1132//128
f 1112//128 1139//128 134//128
f 1139//128 1127//128 134//128
f 134//128 2707//128 1134//128
f 1134//128 1112//128 134//128
f 135//128 6576//128 4894//128
f 4894//128 1118//128 135//128
f 1118//128 1140//128 135//128
f 1140//128 1133//128 135//128
f 136//128 2713//128 1147//128
f 1147//128 1151//128 136//128
f 136//128 6577//128 1145//128
f 1145//128 1144//128 136//128
f 1146//128 1143//128 137//128
f 137//128 2712//128 1132//128
f 1132//128 1149//128 137//128
f 137//128 2714//128 1146//128
f 138//129 6423//6248 4798//4675
f 4798//4675 1071//1039 138//129
f 1071//1039 894//877 138//129
f 138//129 2593//2525 885//868
f 1141//128 1130//128 139//128
f 1130//128 1129//128 139//128
f 1129//128 1142//128 139//128
f 139//128 2713//128 1141//128
f 1152//128 1127//128 140//128
f 140//128 2706//128 1150//128
f 1150//128 1148//128 140//128
f 140//128 2715//128 1152//128
f 4913//128 1150//128 141//128
f 141//128 2706//128 1126//128
f 141//128 6568//128 4913//128
f 4914//128 1151//128 142//128
f 142//128 2715//128 1148//128
f 142//128 6578//128 4914//128
f 143//128 6580//128 1146//128
f 143//128 2714//128 1145//128
f 1145//128 4915//128 143//128
f 1147//128 1142//128 144//128
f 144//128 2708//128 1128//128
f 1128//128 1152//128 144//128
f 144//128 2715//128 1147//128
f 145//128 2714//128 1149//128
f 1149//128 1131//128 145//128
f 145//128 2710//128 1141//128
f 1141//128 1144//128 145//128
f 1143//128 4916//128 146//128
f 146//128 6576//128 1133//128
f 146//128 2712//128 1143//128
f 147//130 2847//2748 1395//1327
f 147//130 2718//2619 1154//1086
f 147//130 2719//2620 1411//1343
f 1411//1343 1397//1329 147//130
f 148//131 2856//2757 1411//1343
f 1411//1343 1156//1088 148//131
f 148//131 2716//2617 1410//1342
f 1410//1342 1394//1326 148//131
f 149//132 2855//2756 1410//1342
f 1410//1342 1153//1085 149//132
f 149//132 2720//2621 1412//1344
f 1412//1344 1404//1336 149//132
f 1403//1335 1412//1344 150//133
f 150//133 2720//2621 1157//1089
f 1157//1089 1409//1341 150//133
f 150//133 2853//2754 1403//1335
f 1405//1337 1409//1341 151//134
f 151//134 2721//2622 1158//1090
f 1158//1090 1375//1307 151//134
f 151//134 2836//2737 1405//1337
f 1402//1334 1375//1307 152//135
f 152//135 2722//2623 1159//1091
f 152//135 2723//2624 1374//1306
f 1374//1306 1402//1334 152//135
f 153//136 2835//2736 1374//1306
f 1374//1306 1160//1092 153//136
f 153//136 2724//2625 1376//1308
f 1376//1308 1415//1347 153//136
f 1414//1346 1376//1308 154//137
f 1376//1308 1161//1093 154//137
f 154//137 2725//2626 1373//1305
f 154//137 2833//2734 1414//1346
f 1416//1348 1373//1305 155//138
f 1373//1305 1163//1095 155//138
f 1163//1095 1396//1328 155//138
f 155//138 2848//2749 1416//1348
f 1413//1345 1172//1104 156//139
f 1172//1104 1182//1114 156//139
f 1182//1114 1171//1103 156//139
f 156//139 2848//2749 1413//1345
f 157//140 2736//2637 1183//1115
f 1183//1115 1175//1107 157//140
f 1175//1107 1187//1119 157//140
f 1187//1119 1185//1117 157//140
f 1184//1116 1185//1117 158//141
f 158//141 2737//2638 1188//1120
f 1188//1120 4949//4775 158//141
f 158//141 6604//6387 1184//1116
f 1186//1118 1187//1119 159//142
f 159//142 2728//2629 1176//1108
f 1176//1108 1189//1121 159//142
f 159//142 2738//2639 1186//1118
f 160//143 6605//6388 1188//1120
f 1188//1120 1186//1118 160//143
f 1186//1118 1190//1122 160//143
f 1190//1122 4950//4776 160//143
f 161//144 2739//2640 1192//1124
f 1192//1124 1174//1106 161//144
f 161//144 2727//2628 1183//1115
f 1183//1115 1191//1123 161//144
f 1193//1125 1191//1123 162//145
f 162//145 2736//2637 1184//1116
f 1184//1116 4957//4783 162//145
f 162//145 6609//6392 1193//1125
f 163//146 2726//2627 1192//1124
f 1192//1124 1194//1126 163//146
f 163//146 2740//2641 1195//1127
f 1195//1127 1173//1105 163//146
f 164//147 2739//2640 1193//1125
f 1193//1125 4958//4784 164//147
f 164//147 6610//6393 1196//1128
f 1196//1128 1194//1126 164//147
f 165//148 2753//2654 1209//1141
f 165//148 2745//2646 1210//1142
f 1210//1142 1163//1095 165//148
f 165//148 2725//2626 1211//1143
f 166//149 2749//2650 1205//1137
f 1205//1137 1212//1144 166//149
f 166//149 2722//2623 1158//1090
f 1158//1090 1213//1145 166//149
f 167//150 2744//2645 1200//1132
f 1200//1132 1214//1146 167//150
f 167//150 2720//2621 1153//1085
f 1153//1085 1215//1147 167//150
f 168//151 2750//2651 1206//1138
f 168//151 2751//2652 1216//1148
f 1216//1148 1159//1091 168//151
f 1159//1091 1212//1144 168//151
f 1218//1150 1201//1133 169//152
f 169//152 2747//2648 1217//1149
f 169//152 2719//2620 1154//1086
f 1154//1086 1218//1150 169//152
f 1216//1148 1207//1139 170//153
f 170//153 2752//2653 1219//1151
f 1219//1151 1160//1092 170//153
f 170//153 2723//2624 1216//1148
f 171//154 2718//2619 1155//1087
f 1155//1087 1210//1142 171//154
f 171//154 2745//2646 1202//1134
f 171//154 2746//2647 1218//1150
f 172//155 2752//2653 1208//1140
f 1208//1140 1211//1143 172//155
f 1211//1143 1161//1093 172//155
f 172//155 2724//2625 1219//1151
f 173//156 2747//2648 1203//1135
f 173//156 2744//2645 1215//1147
f 1215//1147 1156//1088 173//156
f 1156//1088 1217//1149 173//156
f 174//157 2748//2649 1204//1136
f 174//157 2749//2650 1213//1145
f 174//157 2721//2622 1157//1089
f 1157//1089 1214//1146 174//157
f 175//158 2746//2647 1221//1153
f 175//158 2754//2655 1223//1155
f 1223//1155 1203//1135 175//158
f 175//158 2747//2648 1201//1133
f 176//159 2744//2645 1223//1155
f 1223//1155 1222//1154 176//159
f 176//159 2755//2656 1224//1156
f 1224//1156 1200//1132 176//159
f 177//160 2748//2649 1224//1156
f 1224//1156 1220//1152 177//160
f 177//160 2750//2651 1205//1137
f 177//160 2749//2650 1204//1136
f 1206//1138 1220//1152 178//161
f 178//161 2755//2656 1225//1157
f 1225//1157 1207//1139 178//161
f 178//161 2751//2652 1206//1138
f 179//162 2752//2653 1225//1157
f 1225//1157 1222//1154 179//162
f 179//162 2754//2655 1226//1158
f 179//162 2753//2654 1208//1140
f 180//163 2754//2655 1221//1153
f 1221//1153 1202//1134 180//163
f 1202//1134 1209//1141 180//163
f 1209//1141 1226//1158 180//163
f 1227//1159 1198//1130 181//164
f 181//164 2733//2634 1181//1113
f 1181//1113 1197//1129 181//164
f 181//164 2741//2642 1227//1159
f 182//165 2743//2644 1199//1131
f 1199//1131 1180//1112 182//165
f 182//165 2733//2634 1198//1130
f 1198//1130 1228//1160 182//165
f 183//166 2756//2657 1229//1161
f 1229//1161 1179//1111 183//166
f 183//166 2732//2633 1199//1131
f 1199//1131 1230//1162 183//166
f 184//167 2757//2658 1232//1164
f 1232//1164 1178//1110 184//167
f 184//167 2731//2632 1229//1161
f 1229//1161 1231//1163 184//167
f 185//168 2758//2659 1234//1166
f 1234//1166 1177//1109 185//168
f 185//168 2730//2631 1232//1164
f 1232//1164 1233//1165 185//168
f 186//169 2729//2630 1234//1166
f 186//169 2758//2659 1235//1167
f 1235//1167 1236//1168 186//169
f 186//169 2738//2639 1189//1121
f 1237//1169 5005//4831 187//170
f 187//170 6606//6389 1190//1122
f 1190//1122 1236//1168 187//170
f 187//170 2759//2660 1237//1169
f 1230//1162 1238//1170 188//171
f 188//171 2760//2661 1240//1172
f 188//171 2761//2662 1239//1171
f 1239//1171 1230//1162 188//171
f 189//172 2760//2661 1241//1173
f 1241//1173 1243//1175 189//172
f 1243//1175 1242//1174 189//172
f 189//172 2761//2662 1240//1172
f 190//173 2821//2722 1350//1282
f 1350//1282 1251//1183 190//173
f 190//173 2768//2669 1351//1283
f 1351//1283 1358//1290 190//173
f 1243//1175 1278//1210 191//174
f 191//174 2765//2666 1249//1181
f 1249//1181 1312//1244 191//174
f 191//174 2763//2664 1243//1175
f 1249//1181 1250//1182 192//175
f 192//175 2767//2668 1252//1184
f 1252//1184 1251//1183 192//175
f 192//175 2766//2667 1249//1181
f 1252//1184 1253//1185 193//176
f 1253//1185 1255//1187 193//176
f 1255//1187 1254//1186 193//176
f 193//176 2768//2669 1252//1184
f 194//177 2769//2670 1258//1190
f 1258//1190 1259//1191 194//177
f 194//177 2772//2673 1257//1189
f 1257//1189 1255//1187 194//177
f 1256//1188 1257//1189 195//178
f 1257//1189 1261//1193 195//178
f 195//178 2774//2675 1260//1192
f 1260//1192 1256//1188 195//178
f 1264//1196 1262//1194 196//179
f 196//179 2771//2672 1260//1192
f 1260//1192 1263//1195 196//179
f 196//179 2776//2677 1264//1196
f 1267//1199 1265//1197 197//180
f 197//180 2775//2676 1264//1196
f 1264//1196 1266//1198 197//180
f 197//180 2778//2679 1267//1199
f 1359//1291 3711//3612 3696//3597
f 198//181 2782//2683 1284//1216
f 1284//1216 5041//4867 198//181
f 3696//3597 6695//6478 1359//1291
f 3697//3598 2816//2717 3712//3613
f 199//182 2783//2684 1285//1217
f 199//182 2782//2683 1272//1204
f 3711//3612 1360//1292 3697//3598
f 3698//3599 2817//2718 3713//3614
f 1274//1206 1286//1218 200//183
f 1286//1218 1273//1205 200//183
f 3712//3613 1361//1293 3698//3599
f 3699//3600 2818//2719 3714//3615
f 1275//1207 1287//1219 201//184
f 1287//1219 1274//1206 201//184
f 3713//3614 1362//1294 3699//3600
f 1318//1250 5087//4913 202//185
f 202//185 6657//6440 1284//1216
f 1284//1216 1314//1246 202//185
f 202//185 2764//2665 1318//1250
f 203//186 2764//2665 1314//1246
f 1314//1246 1285//1217 203//186
f 1285//1217 1315//1247 203//186
f 203//186 2779//2680 1319//1251
f 1320//1252 1315//1247 204//187
f 204//187 2783//2684 1286//1218
f 204//187 2784//2685 1316//1248
f 1316//1248 1320//1252 204//187
f 1321//1253 1316//1248 205//188
f 205//188 2784//2685 1287//1219
f 1287//1219 1317//1249 205//188
f 205//188 2803//2704 1321//1253
f 206//189 6670//6453 1292//1224
f 1292//1224 1296//1228 206//189
f 206//189 2798//2699 1297//1229
f 1297//1229 5059//4885 206//189
f 1363//1295 1355//1287 207//190
f 207//190 2781//2682 1271//1203
f 1271//1203 5133//4959 207//190
f 207//190 6707//6490 1363//1295
f 208//191 2798//2699 1296//1228
f 1296//1228 1293//1225 208//191
f 1293//1225 1302//1234 208//191
f 208//191 2799//2700 1299//1231
f 1300//1232 1302//1234 209//192
f 209//192 2795//2696 1294//1226
f 209//192 2796//2697 1303//1235
f 1303//1235 1300//1232 209//192
f 1364//1296 1356//1288 210//193
f 210//193 2780//2681 1270//1202
f 1270//1202 1355//1287 210//193
f 210//193 2826//2727 1364//1296
f 211//194 2818//2719 1347//1279
f 211//194 2756//2657 1239//1171
f 211//194 2761//2662 1348//1280
f 1348//1280 1365//1297 211//194
f 1306//1238 1303//1235 212//195
f 212//195 2796//2697 1295//1227
f 1295//1227 1301//1233 212//195
f 212//195 2793//2694 1306//1238
f 1366//1298 1357//1289 213//196
f 213//196 2777//2678 1307//1239
f 1307//1239 1356//1288 213//196
f 213//196 2827//2728 1366//1298
f 1367//1299 1354//1286 214//197
f 214//197 2775//2676 1265//1197
f 1265//1197 1357//1289 214//197
f 214//197 2828//2729 1367//1299
f 215//198 2803//2704 1317//1249
f 1317//1249 1268//1200 215//198
f 1268//1200 1245//1177 215//198
f 215//198 2788//2689 1322//1254
f 216//199 2797//2698 1309//1241
f 1309//1241 1305//1237 216//199
f 216//199 2792//2693 1310//1242
f 1310//1242 1301//1233 216//199
f 217//200 2824//2725 1353//1285
f 1353//1285 1262//1194 217//200
f 1262//1194 1354//1286 217//200
f 1354//1286 1368//1300 217//200
f 3716//3617 1369//1301 3700//3601
f 3700//3601 2821//2722 3717//3618
f 1279//1211 1311//1243 218//201
f 218//201 2787//2688 1277//1209
f 219//202 2819//2720 1348//1280
f 1348//1280 1242//1174 219//202
f 219//202 2763//2664 1349//1281
f 1349//1281 1370//1302 219//202
f 1371//1303 1351//1283 220//203
f 1351//1283 1254//1186 220//203
f 220//203 2770//2671 1352//1284
f 220//203 2823//2724 1371//1303
f 1372//1304 1352//1284 221//204
f 1352//1284 1256//1188 221//204
f 1256//1188 1353//1285 221//204
f 1353//1285 1372//1304 221//204
f 1484//1416 1320//1252 222//205
f 222//205 2802//2703 1485//1417
f 1485//1417 1479//1411 222//205
f 222//205 2878//2779 1484//1416
f 223//206 2884//2785 1475//1407
f 1475//1407 1269//1201 223//206
f 223//206 2797//2698 1295//1227
f 1295//1227 1290//1222 223//206
f 1291//1223 1319//1251 224//207
f 1319//1251 1484//1416 224//207
f 224//207 2878//2779 1478//1410
f 224//207 2877//2778 1291//1223
f 1483//1415 1309//1241 225//208
f 1309//1241 1269//1201 225//208
f 225//208 2885//2786 1476//1408
f 225//208 2886//2787 1483//1415
f 226//209 2883//2784 1474//1406
f 1474//1406 1290//1222 226//209
f 226//209 2796//2697 1294//1226
f 1294//1226 1289//1221 226//209
f 227//210 6637//6420 1318//1250
f 227//210 2764//2665 1291//1223
f 1291//1223 1477//1409 227//210
f 227//210 6759//6542 5062//4888
f 1311//1243 1323//1255 228//211
f 228//211 2788//2689 1245//1177
f 1245//1177 1313//1245 228//211
f 228//211 2787//2688 1311//1243
f 229//212 2801//2702 1246//1178
f 1246//1178 1244//1176 229//212
f 229//212 2791//2692 1248//1180
f 1248//1180 1305//1237 229//212
f 1271//1203 1327//1259 230//213
f 230//213 2805//2706 1326//1258
f 1326//1258 5102//4928 230//213
f 230//213 6656//6439 1271//1203
f 231//214 2780//2681 1328//1260
f 1328//1260 1325//1257 231//214
f 1325//1257 1327//1259 231//214
f 231//214 2781//2682 1270//1202
f 1328//1260 1307//1239 232//215
f 232//215 2777//2678 1267//1199
f 1267//1199 1324//1256 232//215
f 232//215 2804//2705 1328//1260
f 1326//1258 1329//1261 233//216
f 233//216 2806//2707 1333//1265
f 1333//1265 5104//4930 233//216
f 233//216 6684//6467 1326//1258
f 1325//1257 1330//1262 234//217
f 234//217 2807//2708 1334//1266
f 1334//1266 1329//1261 234//217
f 234//217 2805//2706 1325//1257
f 235//218 2778//2679 1331//1263
f 1331//1263 1335//1267 235//218
f 235//218 2807//2708 1330//1262
f 1330//1262 1324//1256 235//218
f 236//219 2776//2677 1332//1264
f 1332//1264 1336//1268 236//219
f 236//219 2808//2709 1331//1263
f 1331//1263 1266//1198 236//219
f 237//220 2774//2675 1338//1270
f 237//220 2810//2711 1337//1269
f 237//220 2809//2710 1332//1264
f 1332//1264 1263//1195 237//220
f 1261//1193 1340//1272 238//221
f 238//221 2811//2712 1339//1271
f 1339//1271 1338//1270 238//221
f 1338//1270 1261//1193 238//221
f 1342//1274 1340//1272 239//222
f 1340//1272 1259//1191 239//222
f 239//222 2773//2674 1341//1273
f 1341//1273 1342//1274 239//222
f 240//223 2789//2690 1279//1211
f 3717//3618 1358//1290 3701//3602
f 3701//3602 2822//2723 3718//3619
f 1280//1212 1247//1179 240//223
f 1237//1169 1344//1276 241//224
f 241//224 2815//2716 1359//1291
f 1359//1291 5121//4947 241//224
f 241//224 6632//6415 1237//1169
f 242//225 2758//2659 1345//1277
f 1345//1277 1360//1292 242//225
f 1360//1292 1344//1276 242//225
f 242//225 2759//2660 1235//1167
f 243//226 2757//2658 1346//1278
f 1346//1278 1361//1293 243//226
f 243//226 2816//2717 1345//1277
f 1345//1277 1233//1165 243//226
f 1231//1163 1347//1279 244//227
f 1347//1279 1362//1294 244//227
f 244//227 2817//2718 1346//1278
f 1346//1278 1231//1163 244//227
f 1297//1229 1298//1230 245//228
f 3702//3603 2826//2727 1363//1295
f 1363//1295 7696//7479 3702//3603
f 5068//4894 1297//1229 245//228
f 246//229 2799//2700 1304//1236
f 3703//3604 2827//2728 1364//1296
f 1364//1296 3722//3623 3703//3604
f 246//229 2798//2699 1299//1231
f 247//230 2785//2686 1275//1207
f 3714//3615 1365//1297 3704//3605
f 3704//3605 2819//2720 3715//3616
f 247//230 2786//2687 1268//1200
f 1300//1232 1308//1240 248//231
f 3724//3625 1366//1298 3705//3606
f 3705//3606 2827//2728 3723//3624
f 248//231 2799//2700 1300//1232
f 1306//1238 1283//1215 249//232
f 3721//3622 1367//1299 3706//3607
f 3706//3607 2828//2729 3724//3625
f 1308//1240 1306//1238 249//232
f 250//233 2792//2693 1282//1214
f 3720//3621 1368//1300 3707//3608
f 3707//3608 2825//2726 3721//3622
f 250//233 2793//2694 1310//1242
f 1349//1281 1312//1244 251//234
f 251//234 2766//2667 1350//1282
f 1350//1282 1369//1301 251//234
f 251//234 2820//2721 1349//1281
f 252//235 2786//2687 1276//1208
f 3715//3616 1370//1302 3708//3609
f 3708//3609 2820//2721 3716//3617
f 1277//1209 1313//1245 252//235
f 253//236 2790//2691 1280//1212
f 3709//3610 2822//2723 1371//1303
f 3709//3610 2823//2724 3719//3620
f 1281//1213 1244//1176 253//236
f 1248//1180 1281//1213 254//237
f 3719//3620 1372//1304 3710//3611
f 3710//3611 2824//2725 3720//3621
f 254//237 2792//2693 1248//1180
f 255//238 3244//3145 1388//1320
f 1388//1320 1336//1268 255//238
f 255//238 2809//2710 1337//1269
f 1337//1269 2208//2140 255//238
f 1387//1319 1655//1587 256//239
f 1655//1587 1343//1275 256//239
f 256//239 2814//2715 1384//1316
f 256//239 2851//2752 1387//1319
f 257//240 2726//2627 1162//1094
f 1162//1094 1394//1326 257//240
f 257//240 2855//2756 1164//1096
f 1164//1096 1174//1106 257//240
f 258//241 2730//2631 1167//1099
f 258//241 2836//2737 1402//1334
f 1402//1334 1168//1100 258//241
f 1168//1100 1178//1110 258//241
f 259//242 6685//6468 1333//1265
f 1333//1265 1391//1323 259//242
f 1390//1322 1391//1323 260//243
f 260//243 2806//2707 1334//1266
f 260//243 2807//2708 1389//1321
f 260//243 2838//2739 1390//1322
f 1155//1087 1395//1327 261//244
f 261//244 2847//2748 1413//1345
f 1413//1345 1396//1328 261//244
f 261//244 2717//2618 1155//1087
f 1181//1113 1170//1102 262//245
f 262//245 2833//2734 1416//1348
f 1416//1348 1171//1103 262//245
f 262//245 2734//2635 1181//1113
f 263//246 2727//2628 1164//1096
f 1164//1096 1404//1336 263//246
f 263//246 2854//2755 1165//1097
f 263//246 2728//2629 1175//1107
f 264//247 2852//2753 1385//1317
f 1385//1317 1384//1316 264//247
f 1384//1316 1407//1339 264//247
f 1407//1339 1386//1318 264//247
f 265//248 2731//2632 1168//1100
f 1168//1100 1415//1347 265//248
f 265//248 2834//2735 1169//1101
f 1169//1101 1179//1111 265//248
f 266//249 2732//2633 1169//1101
f 266//249 2834//2735 1414//1346
f 1414//1346 1170//1102 266//249
f 266//249 2733//2634 1180//1112
f 1176//1108 1165//1097 267//250
f 267//250 2854//2755 1403//1335
f 1403//1335 1166//1098 267//250
f 267//250 2729//2630 1176//1108
f 1250//1182 1399//1331 268//251
f 268//251 2842//2743 1392//1324
f 1392//1324 1401//1333 268//251
f 268//251 2767//2668 1250//1182
f 269//252 2735//2636 1172//1104
f 1172//1104 1397//1329 269//252
f 269//252 2856//2757 1162//1094
f 1162//1094 1173//1105 269//252
f 1177//1109 1166//1098 270//253
f 270//253 2853//2754 1405//1337
f 1405//1337 1167//1099 270//253
f 1167//1099 1177//1109 270//253
f 271//254 2843//2744 1417//1349
f 1417//1349 1382//1314 271//254
f 271//254 2841//2742 1392//1324
f 1392//1324 1398//1330 271//254
f 272//255 2844//2745 1418//1350
f 1418//1350 1653//1585 272//255
f 272//255 2975//2876 1670//1602
f 1670//1602 1656//1588 272//255
f 273//256 2849//2750 1418//1350
f 1418//1350 1379//1311 273//256
f 273//256 2845//2746 1419//1351
f 1419//1351 1381//1313 273//256
f 274//257 2830//2731 1419//1351
f 1419//1351 1378//1310 274//257
f 274//257 2846//2747 1420//1352
f 1420//1352 1383//1315 274//257
f 1423//1355 1424//1356 275//258
f 1424//1356 1386//1318 275//258
f 275//258 2831//2732 1422//1354
f 1422//1354 1423//1355 275//258
f 276//259 2858//2759 1422//1354
f 1422//1354 1406//1338 276//259
f 276//259 2832//2733 1421//1353
f 1421//1353 1425//1357 276//259
f 1429//1361 1585//1517 277//260
f 277//260 2936//2837 1428//1360
f 1428//1360 1431//1363 277//260
f 1431//1363 1429//1361 277//260
f 1423//1355 1426//1358 278//261
f 278//261 2860//2761 1430//1362
f 1430//1362 1427//1359 278//261
f 278//261 2859//2760 1423//1355
f 279//262 2829//2730 1420//1352
f 1420//1352 1377//1309 279//262
f 279//262 2839//2740 1433//1365
f 1433//1365 1432//1364 279//262
f 280//263 2857//2758 1421//1353
f 1421//1353 1408//1340 280//263
f 1408//1340 1432//1364 280//263
f 1432//1364 1434//1366 280//263
f 281//264 2870//2771 1442//1374
f 1442//1374 1447//1379 281//264
f 281//264 2830//2731 1383//1315
f 1383//1315 1448//1380 281//264
f 1451//1383 1444//1376 282//265
f 282//265 2873//2774 1450//1382
f 1450//1382 1406//1338 282//265
f 282//265 2831//2732 1451//1383
f 1453//1385 1401//1333 283//266
f 283//266 2841//2742 1452//1384
f 1452//1384 1443//1375 283//266
f 283//266 2865//2766 1453//1385
f 1657//1589 1439//1371 284//267
f 284//267 2876//2777 1454//1386
f 1454//1386 1380//1312 284//267
f 284//267 2975//2876 1657//1589
f 285//268 2866//2767 1436//1368
f 1436//1368 1449//1381 285//268
f 285//268 2773//2674 1258//1190
f 1258//1190 1456//1388 285//268
f 1457//1389 1445//1377 286//269
f 286//269 2872//2773 1451//1383
f 1451//1383 1407//1339 286//269
f 286//269 2814//2715 1457//1389
f 287//270 2865//2766 1435//1367
f 287//270 2866//2767 1456//1388
f 287//270 2769//2670 1253//1185
f 287//270 2767//2668 1453//1385
f 1447//1379 1440//1372 288//271
f 288//271 2875//2776 1455//1387
f 1455//1387 1381//1313 288//271
f 1381//1313 1447//1379 288//271
f 1441//1373 1462//1394 289//272
f 289//272 2868//2769 1463//1395
f 1463//1395 1459//1391 289//272
f 289//272 2874//2775 1441//1373
f 290//273 2873//2774 1446//1378
f 1446//1378 1448//1380 290//273
f 290//273 2829//2730 1408//1340
f 1408//1340 1450//1382 290//273
f 1454//1386 1441//1373 291//274
f 291//274 2874//2775 1452//1384
f 1452//1384 1382//1314 291//274
f 291//274 2850//2751 1454//1386
f 1658//1590 1438//1370 292//275
f 292//275 2869//2770 1457//1389
f 1457//1389 1343//1275 292//275
f 292//275 2976//2877 1658//1590
f 293//276 2865//2766 1443//1375
f 1443//1375 1459//1391 293//276
f 293//276 2867//2768 1436//1368
f 1436//1368 1435//1367 293//276
f 294//277 2870//2771 1446//1378
f 1446//1378 1444//1376 294//277
f 294//277 2872//2773 1460//1392
f 1460//1392 1442//1374 294//277
f 295//278 2871//2772 1460//1392
f 1460//1392 1445//1377 295//278
f 295//278 2869//2770 1461//1393
f 1461//1393 1440//1372 295//278
f 296//279 2978//2879 1659//1591
f 296//279 2977//2878 1654//1586
f 1654//1586 1461//1393 296//279
f 1461//1393 1438//1370 296//279
f 1341//1273 1437//1369 297//280
f 297//280 2813//2714 1393//1325
f 1393//1325 1464//1396 297//280
f 297//280 2812//2713 1341//1273
f 298//281 2867//2768 1463//1395
f 1463//1395 1458//1390 298//281
f 298//281 2813//2714 1437//1369
f 1437//1369 1449//1381 298//281
f 299//282 6765//6548 5247//5073
f 299//282 6759//6542 1477//1409
f 299//282 2877//2778 1468//1400
f 299//282 2882//2783 1472//1404
f 1473//1405 1468//1400 300//283
f 1468//1400 1478//1410 300//283
f 300//283 2878//2779 1469//1401
f 300//283 2883//2784 1473//1405
f 1474//1406 1469//1401 301//284
f 1469//1401 1479//1411 301//284
f 301//284 2887//2788 1470//1402
f 301//284 2884//2785 1474//1406
f 1475//1407 1470//1402 302//285
f 302//285 2887//2788 1480//1412
f 1480//1412 1471//1403 302//285
f 302//285 2885//2786 1475//1407
f 1476//1408 1471//1403 303//286
f 1471//1403 1481//1413 303//286
f 1481//1413 1467//1399 303//286
f 1467//1399 1476//1408 303//286
f 304//287 2880//2781 1466//1398
f 304//287 2881//2782 1465//1397
f 1465//1397 1467//1399 304//287
f 304//287 2879//2780 1482//1414
f 1486//1418 1246//1178 305//288
f 1246//1178 1483//1415 305//288
f 1483//1415 1465//1397 305//288
f 305//288 2881//2782 1486//1418
f 306//289 2802//2703 1321//1253
f 1321//1253 1487//1419 306//289
f 1487//1419 1480//1412 306//289
f 306//289 2887//2788 1485//1417
f 1288//1220 1247//1179 307//290
f 307//290 2790//2691 1486//1418
f 1486//1418 1466//1398 307//290
f 1466//1398 1288//1220 307//290
f 308//291 6765//6548 1472//1404
f 1472//1404 1488//1420 308//291
f 308//291 2794//2695 1292//1224
f 308//291 6670//6453 5269//5095
f 1487//1419 1322//1254 309//292
f 1322//1254 1489//1421 309//292
f 309//292 2879//2780 1481//1413
f 309//292 2888//2789 1487//1419
f 310//293 2882//2783 1473//1405
f 310//293 2883//2784 1289//1221
f 310//293 2795//2696 1293//1225
f 1293//1225 1488//1420 310//293
f 311//294 2788//2689 1323//1255
f 1323//1255 1288//1220 311//294
f 311//294 2880//2781 1482//1414
f 1482//1414 1489//1421 311//294
f 1433//1365 1499//1431 312//295
f 312//295 2897//2798 1507//1439
f 1507//1439 1490//1422 312//295
f 312//295 2864//2765 1433//1365
f 313//296 2889//2790 1507//1439
f 1507//1439 1500//1432 313//296
f 313//296 2898//2799 1508//1440
f 313//296 2890//2791 1491//1423
f 1492//1424 1508//1440 314//297
f 314//297 2898//2799 1501//1433
f 1501//1433 1509//1441 314//297
f 314//297 2891//2792 1492//1424
f 1493//1425 1509//1441 315//298
f 315//298 2899//2800 1502//1434
f 1502//1434 1510//1442 315//298
f 315//298 2892//2793 1493//1425
f 1506//1438 1510//1442 316//299
f 1510//1442 1503//1435 316//299
f 316//299 2901//2802 1511//1443
f 1511//1443 1506//1438 316//299
f 317//300 2904//2805 1511//1443
f 1511//1443 1504//1436 317//300
f 317//300 2902//2803 1512//1444
f 1512//1444 1494//1426 317//300
f 318//301 2893//2794 1512//1444
f 1512//1444 1505//1437 318//301
f 318//301 2903//2804 1513//1445
f 1513//1445 1495//1427 318//301
f 1431//1363 1498//1430 319//302
f 319//302 2896//2797 1516//1448
f 1516//1448 1514//1446 319//302
f 319//302 2863//2764 1431//1363
f 320//303 2895//2796 1517//1449
f 1517//1449 1515//1447 320//303
f 320//303 2905//2806 1516//1448
f 1516//1448 1497//1429 320//303
f 321//304 2907//2808 1520//1452
f 1520//1452 1519//1451 321//304
f 321//304 2906//2807 1517//1449
f 1517//1449 1496//1428 321//304
f 1520//1452 1518//1450 322//305
f 322//305 2894//2795 1513//1445
f 1513//1445 1521//1453 322//305
f 322//305 2908//2809 1520//1452
f 1538//1470 1495//1427 323//306
f 323//306 2894//2795 1537//1469
f 1537//1469 1531//1463 323//306
f 323//306 2918//2819 1538//1470
f 1540//1472 1490//1422 324//307
f 324//307 2889//2790 1539//1471
f 1539//1471 1526//1458 324//307
f 324//307 2913//2814 1540//1472
f 325//308 2922//2823 1535//1467
f 1535//1467 1541//1473 325//308
f 325//308 2892//2793 1506//1438
f 325//308 2904//2805 1542//1474
f 1543//1475 1434//1366 326//309
f 326//309 2864//2765 1540//1472
f 1540//1472 1525//1457 326//309
f 1525//1457 1543//1475 326//309
f 1545//1477 1496//1428 327//310
f 327//310 2895//2796 1544//1476
f 1544//1476 1532//1464 327//310
f 327//310 2923//2824 1545//1477
f 1539//1471 1491//1423 328//311
f 328//311 2890//2791 1546//1478
f 1546//1478 1527//1459 328//311
f 328//311 2914//2815 1539//1471
f 1545//1477 1536//1468 329//312
f 329//312 2919//2820 1537//1469
f 1537//1469 1518//1450 329//312
f 329//312 2907//2808 1545//1477
f 1544//1476 1497//1429 330//313
f 330//313 2896//2797 1547//1479
f 1547//1479 1533//1465 330//313
f 330//313 2920//2821 1544//1476
f 331//314 2909//2810 1522//1454
f 1522//1454 1548//1480 331//314
f 1548//1480 1425//1357 331//314
f 331//314 2857//2758 1543//1475
f 332//315 2890//2791 1492//1424
f 1492//1424 1549//1481 332//315
f 332//315 2916//2817 1528//1460
f 1528//1460 1546//1478 332//315
f 333//316 2912//2813 1534//1466
f 1534//1466 1547//1479 333//316
f 333//316 2896//2797 1498//1430
f 1498//1430 1550//1482 333//316
f 334//317 2910//2811 1523//1455
f 1523//1455 1551//1483 334//317
f 334//317 2860//2761 1426//1358
f 1426//1358 1548//1480 334//317
f 335//318 2891//2792 1493//1425
f 1493//1425 1541//1473 335//318
f 335//318 2917//2818 1529//1461
f 1529//1461 1549//1481 335//318
f 1542//1474 1494//1426 336//319
f 336//319 2893//2794 1538//1470
f 1538//1470 1530//1462 336//319
f 336//319 2922//2823 1542//1474
f 337//320 2938//2839 1524//1456
f 1524//1456 1550//1482 337//320
f 337//320 2862//2763 1428//1360
f 1428//1360 1586//1518 337//320
f 1563//1495 1532//1464 338//321
f 338//321 2920//2821 1562//1494
f 1562//1494 1558//1490 338//321
f 338//321 2933//2834 1563//1495
f 1565//1497 1527//1459 339//322
f 339//322 2915//2816 1564//1496
f 1564//1496 1555//1487 339//322
f 339//322 2926//2827 1565//1497
f 1562//1494 1533//1465 340//323
f 340//323 2921//2822 1567//1499
f 1567//1499 1559//1491 340//323
f 340//323 2931//2832 1562//1494
f 1564//1496 1528//1460 341//324
f 1528//1460 1568//1500 341//324
f 1568//1500 1556//1488 341//324
f 341//324 2927//2828 1564//1496
f 342//325 2924//2825 1576//1508
f 342//325 2925//2826 1554//1486
f 1554//1486 1579//1511 342//325
f 1579//1511 1580//1512 342//325
f 343//326 2916//2817 1529//1461
f 1529//1461 1569//1501 343//326
f 1569//1501 1557//1489 343//326
f 343//326 2928//2829 1568//1500
f 1560//1492 1531//1463 344//327
f 344//327 2919//2820 1572//1504
f 344//327 2930//2831 1570//1502
f 1570//1502 1560//1492 344//327
f 345//328 2909//2810 1525//1457
f 345//328 2913//2814 1571//1503
f 345//328 2925//2826 1553//1485
f 1553//1485 1566//1498 345//328
f 1563//1495 1561//1493 346//329
f 346//329 2930//2831 1572//1504
f 1572//1504 1536//1468 346//329
f 346//329 2923//2824 1563//1495
f 1571//1503 1526//1458 347//330
f 347//330 2914//2815 1565//1497
f 1565//1497 1554//1486 347//330
f 347//330 2925//2826 1571//1503
f 1522//1454 1566//1498 348//331
f 348//331 2935//2836 1574//1506
f 1574//1506 1573//1505 348//331
f 348//331 2910//2811 1522//1454
f 349//332 2922//2823 1530//1462
f 1530//1462 1560//1492 349//332
f 349//332 2929//2830 1569//1501
f 1569//1501 1535//1467 349//332
f 1523//1455 1573//1505 350//333
f 350//333 2934//2835 1575//1507
f 1575//1507 1552//1484 350//333
f 350//333 2911//2812 1523//1455
f 351//334 2934//2835 1574//1506
f 351//334 2935//2836 1553//1485
f 1553//1485 1576//1508 351//334
f 1576//1508 1575//1507 351//334
f 352//335 2933//2834 1577//1509
f 1577//1509 1557//1489 352//335
f 352//335 2929//2830 1570//1502
f 1570//1502 1561//1493 352//335
f 353//336 2931//2832 1578//1510
f 1578//1510 1556//1488 353//336
f 353//336 2928//2829 1577//1509
f 1577//1509 1558//1490 353//336
f 354//337 2932//2833 1579//1511
f 1579//1511 1555//1487 354//337
f 354//337 2927//2828 1578//1510
f 1578//1510 1559//1491 354//337
f 1552//1484 1581//1513 355//338
f 355//338 2912//2813 1524//1456
f 1524//1456 1584//1516 355//338
f 1584//1516 1552//1484 355//338
f 1581//1513 1580//1512 356//339
f 356//339 2932//2833 1567//1499
f 1567//1499 1534//1466 356//339
f 356//339 2912//2813 1581//1513
f 357//340 2861//2762 1430//1362
f 1430//1362 1582//1514 357//340
f 357//340 2936//2837 1585//1517
f 1585//1517 1583//1515 357//340
f 358//341 2911//2812 1584//1516
f 358//341 2938//2839 1586//1518
f 358//341 2936//2837 1582//1514
f 1582//1514 1551//1483 358//341
f 1227//1159 1588//1520 359//342
f 359//342 2940//2841 1599//1531
f 1599//1531 1587//1519 359//342
f 359//342 2742//2643 1227//1159
f 360//343 2939//2840 1599//1531
f 1599//1531 1589//1521 360//343
f 360//343 2941//2842 1600//1532
f 1600//1532 1590//1522 360//343
f 361//344 2942//2843 1600//1532
f 1600//1532 1595//1527 361//344
f 361//344 2947//2848 1601//1533
f 1601//1533 1591//1523 361//344
f 362//345 2943//2844 1601//1533
f 1601//1533 1596//1528 362//345
f 1596//1528 1602//1534 362//345
f 362//345 2944//2845 1592//1524
f 1593//1525 1602//1534 363//346
f 363//346 2948//2849 1597//1529
f 1597//1529 1603//1535 363//346
f 363//346 2945//2846 1593//1525
f 1278//1210 1612//1544 364//347
f 364//347 2951//2852 1604//1536
f 1604//1536 1399//1331 364//347
f 364//347 2765//2666 1278//1210
f 1241//1173 1622//1554 365//348
f 365//348 2963//2864 1620//1552
f 1620//1552 1613//1545 365//348
f 365//348 2762//2663 1241//1173
f 1605//1537 1612//1544 366//349
f 1612//1544 1613//1545 366//349
f 366//349 2958//2859 1623//1555
f 1623//1555 1605//1537 366//349
f 367//350 2952//2853 1623//1555
f 1623//1555 1614//1546 367//350
f 367//350 2959//2860 1624//1556
f 1624//1556 1606//1538 367//350
f 368//351 2971//2872 1646//1578
f 1646//1578 1615//1547 368//351
f 368//351 2960//2861 1625//1557
f 1625//1557 1607//1539 368//351
f 369//352 2954//2855 1625//1557
f 1625//1557 1616//1548 369//352
f 369//352 2961//2862 1626//1558
f 1626//1558 1608//1540 369//352
f 370//353 2955//2856 1626//1558
f 1626//1558 1617//1549 370//353
f 370//353 2962//2863 1627//1559
f 1627//1559 1609//1541 370//353
f 371//354 2743//2644 1628//1560
f 371//354 2964//2865 1621//1553
f 1621//1553 1622//1554 371//354
f 371//354 2760//2661 1238//1170
f 372//355 2742//2643 1631//1563
f 1631//1563 1629//1561 372//355
f 372//355 2964//2865 1628//1560
f 1628//1560 1228//1160 372//355
f 373//356 2965//2866 1631//1563
f 1631//1563 1587//1519 373//356
f 373//356 2939//2840 1632//1564
f 1632//1564 1630//1562 373//356
f 1711//1643 1709//1641 374//357
f 374//357 2946//2847 1680//1612
f 1680//1612 1710//1642 374//357
f 374//357 3004//2905 1711//1643
f 1636//1568 1639//1571 375//358
f 375//358 2944//2845 1593//1525
f 1593//1525 1637//1569 375//358
f 375//358 2970//2871 1636//1568
f 376//359 2968//2869 1640//1572
f 1640//1572 1592//1524 376//359
f 376//359 2944//2845 1639//1571
f 1639//1571 1635//1567 376//359
f 377//360 2967//2868 1641//1573
f 377//360 2942//2843 1591//1523
f 377//360 2943//2844 1640//1572
f 1640//1572 1634//1566 377//360
f 378//361 2966//2867 1632//1564
f 1632//1564 1590//1522 378//361
f 378//361 2942//2843 1641//1573
f 1641//1573 1633//1565 378//361
f 379//362 2965//2866 1642//1574
f 1642//1574 1620//1552 379//362
f 379//362 2963//2864 1621//1553
f 1621//1553 1629//1561 379//362
f 380//363 2958//2859 1642//1574
f 1642//1574 1630//1562 380//363
f 380//363 2966//2867 1643//1575
f 1643//1575 1614//1546 380//363
f 381//364 2953//2854 1624//1556
f 1624//1556 1645//1577 381//364
f 381//364 2972//2873 1646//1578
f 1646//1578 1644//1576 381//364
f 382//365 2959//2860 1643//1575
f 1643//1575 1633//1565 382//365
f 382//365 2967//2868 1649//1581
f 1649//1581 1645//1577 382//365
f 383//366 2972//2873 1649//1581
f 1649//1581 1634//1566 383//366
f 383//366 2968//2869 1648//1580
f 1648//1580 1615//1547 383//366
f 384//367 2960//2861 1648//1580
f 1648//1580 1635//1567 384//367
f 384//367 2969//2870 1650//1582
f 1650//1582 1616//1548 384//367
f 385//368 2961//2862 1650//1582
f 1650//1582 1636//1568 385//368
f 385//368 2970//2871 1647//1579
f 1647//1579 1617//1549 385//368
f 386//369 2840//2741 1393//1325
f 1393//1325 1618//1550 386//369
f 1618//1550 1655//1587 386//369
f 386//369 2974//2875 1652//1584
f 387//370 2983//2884 1675//1607
f 1675//1607 1663//1595 387//370
f 387//370 2957//2858 1611//1543
f 1611//1543 1674//1606 387//370
f 1455//1387 1654//1586 388//371
f 388//371 2977//2878 1657//1589
f 1657//1589 1653//1585 388//371
f 388//371 2849//2750 1455//1387
f 389//372 2868//2769 1651//1583
f 389//372 2978//2879 1658//1590
f 1658//1590 1618//1550 389//372
f 1618//1550 1458//1390 389//372
f 1651//1583 1462//1394 390//373
f 390//373 2876//2777 1439//1371
f 390//373 2977//2878 1659//1591
f 1659//1591 1651//1583 390//373
f 391//374 2973//2874 1670//1602
f 1670//1602 1380//1312 391//374
f 391//374 2850//2751 1417//1349
f 1417//1349 1673//1605 391//374
f 392//375 2982//2883 1676//1608
f 1676//1608 1673//1605 392//375
f 392//375 2843//2744 1677//1609
f 392//375 2985//2886 1678//1610
f 393//376 2970//2871 1637//1569
f 1637//1569 1594//1526 393//376
f 393//376 2946//2847 1662//1594
f 1662//1594 1647//1579 393//376
f 394//377 2979//2880 1666//1598
f 1666//1598 1609//1541 394//377
f 394//377 2956//2857 1610//1542
f 1610//1542 1663//1595 394//377
f 395//378 2981//2882 1660//1592
f 1660//1592 1607//1539 395//378
f 395//378 2954//2855 1661//1593
f 1661//1593 1664//1596 395//378
f 396//379 2981//2882 1619//1551
f 1619//1551 1606//1538 396//379
f 396//379 2953//2854 1644//1576
f 1644//1576 1660//1592 396//379
f 397//380 2980//2881 1661//1593
f 1661//1593 1608//1540 397//380
f 397//380 2955//2856 1666//1598
f 1666//1598 1665//1597 397//380
f 398//381 2982//2883 1669//1601
f 1669//1601 1665//1597 398//381
f 398//381 2979//2880 1675//1607
f 1675//1607 1672//1604 398//381
f 399//382 2842//2743 1604//1536
f 1604//1536 1671//1603 399//382
f 399//382 2985//2886 1677//1609
f 1677//1609 1398//1330 399//382
f 1668//1600 1671//1603 400//383
f 400//383 2951//2852 1605//1537
f 400//383 2952//2853 1619//1551
f 400//383 2981//2882 1668//1600
f 401//384 2980//2881 1669//1601
f 401//384 2982//2883 1678//1610
f 1678//1610 1668//1600 401//384
f 1668//1600 1664//1596 401//384
f 402//385 2973//2874 1676//1608
f 1676//1608 1672//1604 402//385
f 402//385 2983//2884 1667//1599
f 1667//1599 1656//1588 402//385
f 403//386 2844//2745 1667//1599
f 1667//1599 1674//1606 403//386
f 403//386 2984//2885 1400//1332
f 1400//1332 1379//1311 403//386
f 404//387 2945//2846 1679//1611
f 1679//1611 1681//1613 404//387
f 404//387 2987//2888 1680//1612
f 1680//1612 1594//1526 404//387
f 1679//1611 1603//1535 405//388
f 405//388 2949//2850 1598//1530
f 1598//1530 1682//1614 405//388
f 405//388 2986//2887 1679//1611
f 406//389 2950//2851 1684//1616
f 1684//1616 1693//1625 406//389
f 406//389 2988//2889 1683//1615
f 1683//1615 1682//1614 406//389
f 1685//1617 1693//1625 407//390
f 407//390 2989//2890 1686//1618
f 1686//1618 1694//1626 407//390
f 407//390 2990//2891 1685//1617
f 1687//1619 1694//1626 408//391
f 408//391 2991//2892 1688//1620
f 1688//1620 1695//1627 408//391
f 408//391 2992//2893 1687//1619
f 1690//1622 1695//1627 409//392
f 409//392 2993//2894 1689//1621
f 1689//1621 1696//1628 409//392
f 409//392 2995//2896 1690//1622
f 1692//1624 1696//1628 410//393
f 410//393 2994//2895 1691//1623
f 1691//1623 1697//1629 410//393
f 410//393 2997//2898 1692//1624
f 1697//1629 1698//1630 411//394
f 411//394 2998//2899 1706//1638
f 1706//1638 1699//1631 411//394
f 1699//1631 1697//1629 411//394
f 1701//1633 1706//1638 412//395
f 412//395 2998//2899 1700//1632
f 1700//1632 1707//1639 412//395
f 412//395 3001//2902 1701//1633
f 1702//1634 1707//1639 413//396
f 413//396 3000//2901 1703//1635
f 1703//1635 1708//1640 413//396
f 413//396 3002//2903 1702//1634
f 414//397 3145//3046 1705//1637
f 1705//1637 1708//1640 414//397
f 414//397 3003//2904 1704//1636
f 1704//1636 2007//1939 414//397
f 415//398 3005//2906 1638//1570
f 1638//1570 1627//1559 415//398
f 415//398 2962//2863 1662//1594
f 1662//1594 1709//1641 415//398
f 1716//1648 1712//1644 416//399
f 416//399 3005//2906 1711//1643
f 1711//1643 1714//1646 416//399
f 416//399 3008//2909 1716//1648
f 1610//1542 1638//1570 417//400
f 1638//1570 1712//1644 417//400
f 1712//1644 1717//1649 417//400
f 417//400 2957//2858 1610//1542
f 1713//1645 1718//1650 418//401
f 418//401 2984//2885 1611//1543
f 1611//1543 1717//1649 418//401
f 418//401 3006//2907 1713//1645
f 419//402 2845//2746 1400//1332
f 1400//1332 1718//1650 419//402
f 419//402 3007//2908 1719//1651
f 1719//1651 1378//1310 419//402
f 420//403 3006//2907 1716//1648
f 1716//1648 1715//1647 420//403
f 420//403 3009//2910 1721//1653
f 1721//1653 1713//1645 420//403
f 421//404 3010//2911 1722//1654
f 1722//1654 1719//1651 421//404
f 421//404 3007//2908 1721//1653
f 1721//1653 1720//1652 421//404
f 422//405 2846//2747 1722//1654
f 1722//1654 1723//1655 422//405
f 422//405 3011//2912 1724//1656
f 1724//1656 1377//1309 422//405
f 423//406 2839//2740 1724//1656
f 1724//1656 1725//1657 423//406
f 423//406 3012//2913 1726//1658
f 1726//1658 1499//1431 423//406
f 424//407 2986//2887 1683//1615
f 1683//1615 1728//1660 424//407
f 424//407 3013//2914 1727//1659
f 1727//1659 1681//1613 424//407
f 1729//1661 1728//1660 425//408
f 425//408 2988//2889 1685//1617
f 1685//1617 1731//1663 425//408
f 425//408 3014//2915 1729//1661
f 1730//1662 1731//1663 426//409
f 426//409 2990//2891 1687//1619
f 1687//1619 1732//1664 426//409
f 426//409 3015//2916 1730//1662
f 1733//1665 1732//1664 427//410
f 427//410 2992//2893 1690//1622
f 427//410 2995//2896 1734//1666
f 427//410 3016//2917 1733//1665
f 1735//1667 1734//1666 428//411
f 1734//1666 1692//1624 428//411
f 428//411 2997//2898 1736//1668
f 428//411 3017//2918 1735//1667
f 1737//1669 1736//1668 429//412
f 429//412 2997//2898 1699//1631
f 1699//1631 1738//1670 429//412
f 429//412 3018//2919 1737//1669
f 430//413 3021//2922 1743//1675
f 1743//1675 1701//1633 430//413
f 430//413 3001//2902 1702//1634
f 1702//1634 1746//1678 430//413
f 431//414 2897//2798 1726//1658
f 1726//1658 1741//1673 431//414
f 431//414 3019//2920 1742//1674
f 1742//1674 1500//1432 431//414
f 2008//1940 2003//1935 432//415
f 2003//1935 1746//1678 432//415
f 432//415 3002//2903 1705//1637
f 1705//1637 2008//1940 432//415
f 1744//1676 1738//1670 433//416
f 1738//1670 1743//1675 433//416
f 433//416 3021//2922 1740//1672
f 433//416 3020//2921 1744//1676
f 434//417 3146//3047 2009//1941
f 2009//1941 1745//1677 434//417
f 434//417 2898//2799 1742//1674
f 1742//1674 1739//1671 434//417
f 435//418 2987//2888 1727//1659
f 1727//1659 1762//1694 435//418
f 435//418 3029//2930 1753//1685
f 1753//1685 1763//1695 435//418
f 436//419 3015//2916 1733//1665
f 1733//1665 1764//1696 436//419
f 436//419 3032//2933 1756//1688
f 1756//1688 1765//1697 436//419
f 1767//1699 1761//1693 437//420
f 437//420 3034//2935 1766//1698
f 437//420 3018//2919 1744//1676
f 1744//1676 1767//1699 437//420
f 1769//1701 1751//1683 438//421
f 438//421 3027//2928 1768//1700
f 1768//1700 1723//1655 438//421
f 438//421 3010//2911 1769//1701
f 2010//1942 1739//1671 439//422
f 439//422 3019//2920 1770//1702
f 1770//1702 1759//1691 439//422
f 439//422 3148//3049 2010//1942
f 440//423 3013//2914 1729//1661
f 1729//1661 1771//1703 440//423
f 1771//1703 1754//1686 440//423
f 1754//1686 1762//1694 440//423
f 441//424 3016//2917 1735//1667
f 1735//1667 1772//1704 441//424
f 1772//1704 1757//1689 441//424
f 441//424 3032//2933 1764//1696
f 442//425 3023//2924 1748//1680
f 1748//1680 1773//1705 442//425
f 1773//1705 1714//1646 442//425
f 1714//1646 1774//1706 442//425
f 443//426 3014//2915 1730//1662
f 1730//1662 1765//1697 443//426
f 1765//1697 1755//1687 443//426
f 443//426 3030//2931 1771//1703
f 1768//1700 1752//1684 444//427
f 444//427 3028//2929 1775//1707
f 1775//1707 1725//1657 444//427
f 444//427 3011//2912 1768//1700
f 1775//1707 1760//1692 445//428
f 445//428 3035//2936 1770//1702
f 1770//1702 1741//1673 445//428
f 445//428 3012//2913 1775//1707
f 1776//1708 1750//1682 446//429
f 446//429 3026//2927 1769//1701
f 1769//1701 1720//1652 446//429
f 446//429 3009//2910 1776//1708
f 447//430 3024//2925 1749//1681
f 447//430 3025//2926 1776//1708
f 1776//1708 1715//1647 447//430
f 447//430 3008//2909 1773//1705
f 448//431 3022//2923 1747//1679
f 1747//1679 1774//1706 448//431
f 448//431 3004//2905 1710//1642
f 1710//1642 1763//1695 448//431
f 449//432 3017//2918 1737//1669
f 1737//1669 1766//1698 449//432
f 1766//1698 1758//1690 449//432
f 449//432 3033//2934 1772//1704
f 2011//1943 1759//1691 450//433
f 450//433 3035//2936 1790//1722
f 1790//1722 1787//1719 450//433
f 450//433 3149//3050 2011//1943
f 451//434 3029//2930 1754//1686
f 451//434 3030//2931 1792//1724
f 451//434 3044//2945 1782//1714
f 1782//1714 1793//1725 451//434
f 1795//1727 1788//1720 452//435
f 452//435 3049//2950 1790//1722
f 1790//1722 1760//1692 452//435
f 452//435 3028//2929 1795//1727
f 1792//1724 1755//1687 453//436
f 453//436 3031//2932 1796//1728
f 453//436 3045//2946 1783//1715
f 453//436 3044//2945 1792//1724
f 454//437 3050//2951 1789//1721
f 454//437 3048//2949 1798//1730
f 1798//1730 1761//1693 454//437
f 454//437 3036//2937 1791//1723
f 455//438 3031//2932 1756//1688
f 1756//1688 1799//1731 455//438
f 1799//1731 1784//1716 455//438
f 1784//1716 1796//1728 455//438
f 456//439 3235//3136 2193//2125
f 2193//2125 1821//1753 456//439
f 456//439 3055//2956 1779//1711
f 1779//1711 2185//2117 456//439
f 457//440 3032//2933 1757//1689
f 457//440 3033//2934 1801//1733
f 457//440 3047//2948 1785//1717
f 1785//1717 1799//1731 457//440
f 1800//1732 1780//1712 458//441
f 458//441 3042//2943 1795//1727
f 1795//1727 1752//1684 458//441
f 458//441 3027//2928 1800//1732
f 459//442 3037//2938 1777//1709
f 1777//1709 1802//1734 459//442
f 459//442 3023//2924 1747//1679
f 1747//1679 1803//1735 459//442
f 1801//1733 1758//1690 460//443
f 460//443 3034//2935 1798//1730
f 1798//1730 1786//1718 460//443
f 1786//1718 1801//1733 460//443
f 461//444 3022//2923 1753//1685
f 1753//1685 1793//1725 461//444
f 461//444 3043//2944 1781//1713
f 1781//1713 1803//1735 461//444
f 462//445 3038//2939 1778//1710
f 1778//1710 1794//1726 462//445
f 462//445 3024//2925 1748//1680
f 1748//1680 1802//1734 462//445
f 2181//2113 2194//2126 463//446
f 463//446 3230//3131 1817//1749
f 1817//1749 1780//1712 463//446
f 463//446 3041//2942 2181//2113
f 464//447 3040//2941 1779//1711
f 1779//1711 2142//2074 464//447
f 464//447 3211//3112 2132//2064
f 2132//2064 2143//2075 464//447
f 1807//1739 1806//1738 465//448
f 465//448 3041//2942 1800//1732
f 1800//1732 1751//1683 465//448
f 465//448 3026//2927 1807//1739
f 1749//1681 1794//1726 466//449
f 466//449 3039//2940 1807//1739
f 1807//1739 1750//1682 466//449
f 466//449 3025//2926 1749//1681
f 467//450 3242//3143 2195//2127
f 2195//2127 1823//1755 467//450
f 467//450 3061//2962 1813//1745
f 1813//1745 2012//1944 467//450
f 468//451 3234//3135 2196//2128
f 2196//2128 1825//1757 468//451
f 1825//1757 1808//1740 468//451
f 468//451 3055//2956 1821//1753
f 469//452 3235//3136 2197//2129
f 2197//2129 1826//1758 469//452
f 469//452 3038//2939 1777//1709
f 1777//1709 1822//1754 469//452
f 1817//1749 2198//2130 470//453
f 470//453 3236//3137 2186//2118
f 2186//2118 1788//1720 470//453
f 470//453 3042//2943 1817//1749
f 471//454 3237//3138 2199//2131
f 2199//2131 1827//1759 471//454
f 471//454 3057//2958 1809//1741
f 471//454 3056//2957 1825//1757
f 472//455 3238//3139 2200//2132
f 472//455 3240//3141 1828//1760
f 472//455 3039//2940 1778//1710
f 1778//1710 1826//1758 472//455
f 473//456 3232//3133 2201//2133
f 2201//2133 2012//1944 473//456
f 473//456 3150//3051 1815//1747
f 1815//1747 2182//2114 473//456
f 474//457 3239//3140 2202//2134
f 474//457 3241//3142 1829//1761
f 1829//1761 1810//1742 474//457
f 1810//1742 1827//1759 474//457
f 1828//1760 2203//2135 475//458
f 475//458 3231//3132 2181//2113
f 2181//2113 1806//1738 475//458
f 475//458 3039//2940 1828//1760
f 1829//1761 2204//2136 476//459
f 476//459 3233//3134 2183//2115
f 2183//2115 1811//1743 476//459
f 476//459 3058//2959 1829//1761
f 1832//1764 1197//1129 477//460
f 477//460 2734//2635 1182//1114
f 477//460 2735//2636 1195//1127
f 1195//1127 1832//1764 477//460
f 478//461 6610//6393 5614//5440
f 5614//5440 1833//1765 478//461
f 478//461 3063//2964 1830//1762
f 478//461 2740//2641 1196//1128
f 1831//1763 1832//1764 479//462
f 1832//1764 1830//1762 479//462
f 479//462 3063//2964 1834//1766
f 479//462 3064//2965 1831//1763
f 1588//1520 1831//1763 480//463
f 480//463 3064//2965 1835//1767
f 1835//1767 1836//1768 480//463
f 480//463 2940//2841 1588//1520
f 481//464 3063//2964 1837//1769
f 1837//1769 1838//1770 481//464
f 481//464 3065//2966 1835//1767
f 481//464 3064//2965 1834//1766
f 482//465 3066//2967 1837//1769
f 1837//1769 1833//1765 482//465
f 482//465 6949//6732 5617//5443
f 5617//5443 1839//1771 482//465
f 483//466 2940//2841 1836//1768
f 483//466 3065//2966 1841//1773
f 483//466 3068//2969 1842//1774
f 1842//1774 1589//1521 483//466
f 1843//1775 1841//1773 484//467
f 1841//1773 1838//1770 484//467
f 484//467 3066//2967 1840//1772
f 484//467 3067//2968 1843//1775
f 485//468 6950//6733 5623//5449
f 5623//5449 1844//1776 485//468
f 485//468 3067//2968 1840//1772
f 1840//1772 1839//1771 485//468
f 486//469 6953//6736 5629//5455
f 5629//5455 1848//1780 486//469
f 486//469 3070//2971 1847//1779
f 1847//1779 1844//1776 486//469
f 1843//1775 1847//1779 487//470
f 487//470 3070//2971 1846//1778
f 1846//1778 1849//1781 487//470
f 487//470 3068//2969 1843//1775
f 488//471 2941//2842 1842//1774
f 1842//1774 1849//1781 488//471
f 488//471 3069//2970 1845//1777
f 1845//1777 1595//1527 488//471
f 489//472 3072//2973 1853//1785
f 1853//1785 1848//1780 489//472
f 489//472 6956//6739 5639//5465
f 489//472 6961//6744 1852//1784
f 490//473 3071//2972 1854//1786
f 1854//1786 1846//1778 490//473
f 490//473 3070//2971 1853//1785
f 1853//1785 1851//1783 490//473
f 491//474 2947//2848 1845//1777
f 1845//1777 1854//1786 491//474
f 1854//1786 1850//1782 491//474
f 491//474 2948//2849 1596//1528
f 1857//1789 1858//1790 492//475
f 492//475 3072//2973 1852//1784
f 1852//1784 5645//5471 492//475
f 492//475 6964//6747 1857//1789
f 1856//1788 1859//1791 493//476
f 1859//1791 1851//1783 493//476
f 1851//1783 1858//1790 493//476
f 493//476 3074//2975 1856//1788
f 1597//1529 1850//1782 494//477
f 494//477 3071//2972 1859//1791
f 1859//1791 1855//1787 494//477
f 494//477 2949//2850 1597//1529
f 1862//1794 1863//1795 495//478
f 495//478 3074//2975 1857//1789
f 1857//1789 5651//5477 495//478
f 495//478 6967//6750 1862//1794
f 1598//1530 1855//1787 496//479
f 496//479 3073//2974 1864//1796
f 1864//1796 1860//1792 496//479
f 496//479 2950//2851 1598//1530
f 1861//1793 1864//1796 497//480
f 497//480 3073//2974 1856//1788
f 1856//1788 1863//1795 497//480
f 497//480 3076//2977 1861//1793
f 1867//1799 1868//1800 498//481
f 498//481 3076//2977 1862//1794
f 1862//1794 5657//5483 498//481
f 498//481 6970//6753 1867//1799
f 1866//1798 1869//1801 499//482
f 499//482 3075//2976 1861//1793
f 1861//1793 1868//1800 499//482
f 499//482 3078//2979 1866//1798
f 1684//1616 1860//1792 500//483
f 500//483 3075//2976 1869//1801
f 1869//1801 1865//1797 500//483
f 500//483 2989//2890 1684//1616
f 1871//1803 1870//1802 501//484
f 501//484 3078//2979 1867//1799
f 1867//1799 5660//5486 501//484
f 501//484 6972//6755 1871//1803
f 1686//1618 1865//1797 502//485
f 1865//1797 1872//1804 502//485
f 502//485 3080//2981 1873//1805
f 502//485 2991//2892 1686//1618
f 503//486 3080//2981 1872//1804
f 503//486 3077//2978 1866//1798
f 1866//1798 1870//1802 503//486
f 1870//1802 1874//1806 503//486
f 1878//1810 1875//1807 504//487
f 3645//3546 3079//2980 1871//1803
f 1871//1803 7648//7431 3645//3546
f 504//487 6975//6758 1878//1810
f 505//488 3081//2982 1878//1810
f 505//488 6975//6758 5667//5493
f 5667//5493 1879//1811 505//488
f 505//488 3082//2983 1876//1808
f 1877//1809 1879//1811 506//489
f 506//489 6976//6759 5668//5494
f 5668//5494 1880//1812 506//489
f 506//489 3083//2984 1877//1809
f 1894//1826 3590//3491 3586//3487
f 3092//2993 3588//3489 3593//3494
f 514//497 3585//3486 1945//1877
f 1881//1813 7558//7341 6978//6761
f 3646//3547 3086//2987 1883//1815
f 1883//1815 3676//3577 3646//3547
f 507//490 3081//2982 1885//1817
f 1885//1817 1884//1816 507//490
f 508//491 3087//2988 1885//1817
f 1885//1817 1876//1808 508//491
f 1876//1808 1888//1820 508//491
f 1888//1820 1887//1819 508//491
f 3678//3579 1886//1818 3647//3548
f 1886//1818 3677//3578 3647//3548
f 509//492 3087//2988 1887//1819
f 509//492 3089//2990 1889//1821
f 510//493 3079//2980 1883//1815
f 1883//1815 1890//1822 510//493
f 1890//1822 1882//1814 510//493
f 510//493 3080//2981 1874//1806
f 1688//1620 1873//1805 511//494
f 1873//1805 1882//1814 511//494
f 511//494 3085//2986 1891//1823
f 1891//1823 1688//1620 511//494
f 1895//1827 1888//1820 512//495
f 512//495 3082//2983 1877//1809
f 1877//1809 1894//1826 512//495
f 512//495 3091//2992 1895//1827
f 3648//3549 3090//2991 1892//1824
f 3648//3549 3088//2989 3678//3579
f 513//496 3089//2990 1895//1827
f 1895//1827 1893//1825 513//496
f 3671//3572 1898//1830 3649//3550
f 1898//1830 3679//3580 3649//3550
f 1894//1826 3592//3493 3091//2992
f 3092//2993 3587//3488 1896//1828
f 3583//3484 3083//2984 1880//1812
f 3091//2992 3585//3486 1893//1825
f 1896//1828 3591//3492 3084//2985
f 7557//7340 1880//1812 6977//6760
f 1899//1831 1890//1822 515//498
f 515//498 3086//2987 1886//1818
f 1886//1818 1902//1834 515//498
f 515//498 3094//2995 1899//1831
f 1900//1832 1902//1834 516//499
f 516//499 3088//2989 1892//1824
f 1892//1824 1903//1835 516//499
f 1903//1835 1900//1832 516//499
f 1901//1833 1903//1835 517//500
f 517//500 3090//2991 1898//1830
f 517//500 3093//2994 1904//1836
f 1904//1836 1901//1833 517//500
f 518//501 2993//2894 1891//1823
f 1891//1823 1899//1831 518//501
f 1899//1831 1905//1837 518//501
f 1905//1837 1689//1621 518//501
f 1906//1838 1905//1837 519//502
f 519//502 3094//2995 1900//1832
f 1900//1832 1908//1840 519//502
f 519//502 3097//2998 1906//1838
f 1909//1841 1908//1840 520//503
f 1908//1840 1914//1846 520//503
f 520//503 3103//3004 1910//1842
f 520//503 3099//3000 1909//1841
f 1691//1623 1906//1838 521//504
f 521//504 3097//2998 1911//1843
f 521//504 3098//2999 1907//1839
f 521//504 2996//2897 1691//1623
f 522//505 3103//3004 1915//1847
f 522//505 3104//3005 1916//1848
f 522//505 3101//3002 1913//1845
f 1913//1845 1910//1842 522//505
f 523//506 3103//3004 1914//1846
f 1914//1846 1901//1833 523//506
f 523//506 3096//2997 1917//1849
f 1917//1849 1915//1847 523//506
f 1904//1836 1918//1850 524//507
f 524//507 3100//3001 1919//1851
f 1919//1851 1912//1844 524//507
f 524//507 3096//2997 1904//1836
f 525//508 3104//3005 1917//1849
f 1917//1849 1912//1844 525//508
f 525//508 3102//3003 1921//1853
f 1921//1853 1920//1852 525//508
f 1922//1854 1923//1855 526//509
f 1923//1855 1916//1848 526//509
f 1916//1848 1920//1852 526//509
f 526//509 3105//3006 1922//1854
f 1928//1860 1926//1858 527//510
f 527//510 3102//3003 1919//1851
f 1919//1851 1927//1859 527//510
f 527//510 3110//3011 1928//1860
f 1921//1853 1926//1858 528//511
f 528//511 3109//3010 1929//1861
f 1929//1861 1925//1857 528//511
f 528//511 3105//3006 1921//1853
f 1922//1854 1925//1857 529//512
f 529//512 3108//3009 1930//1862
f 1930//1862 1924//1856 529//512
f 529//512 3106//3007 1922//1854
f 1935//1867 1934//1866 530//513
f 530//513 3107//3008 1930//1862
f 1930//1862 1933//1865 530//513
f 530//513 3113//3014 1935//1867
f 1936//1868 1933//1865 531//514
f 531//514 3108//3009 1929//1861
f 1929//1861 1932//1864 531//514
f 531//514 3112//3013 1936//1868
f 532//515 3112//3013 1932//1864
f 532//515 3109//3010 1928//1860
f 1928//1860 1931//1863 532//515
f 1931//1863 1937//1869 532//515
f 533//516 6978//6761 5733//5558
f 533//516 7013//6796 1941//1873
f 1941//1873 1939//1871 533//516
f 1939//1871 1881//1813 533//516
f 534//517 3084//2985 1939//1871
f 534//517 3116//3017 1942//1874
f 1942//1874 1940//1872 534//517
f 1940//1872 1896//1828 534//517
f 535//518 3092//2993 1940//1872
f 535//518 3117//3018 1943//1875
f 3680//3581 1918//1850 3650//3551
f 3650//3551 3093//2994 3671//3572
f 3651//3552 3100//3001 3680//3581
f 3119//3020 3577//3478 1947//1879
f 536//519 3573//3474 1987//1919
f 3681//3582 1927//1859 3651//3552
f 3579//3480 1942//1874 3116//3017
f 1947//1879 3581//3482 3118//3019
f 541//524 3116//3017 1941//1873
f 3576//3477 3119//3020 1946//1878
f 7544//7327 1941//1873 7013//6796
f 3117//3018 3573//3474 1943//1875
f 3118//3019 3578//3479 1948//1880
f 3576//3477 536//519 1987//1919
f 1948//1880 5744//5569 538//521
f 538//521 7019//6802 1951//1883
f 1951//1883 1950//1882 538//521
f 538//521 3118//3019 1948//1880
f 1947//1879 1950//1882 539//522
f 539//522 3121//3022 1952//1884
f 1952//1884 1949//1881 539//522
f 539//522 3119//3020 1947//1879
f 3652//3553 3110//3011 3681//3582
f 1946//1878 1949//1881 540//523
f 540//523 3120//3021 1953//1885
f 3682//3583 1931//1863 3652//3553
f 3571//3472 1960//1892 3126//3027
f 1952//1884 3568//3469 3120//3021
f 3567//3468 3125//3026 1962//1894
f 3560//3461 3121//3022 1951//1883
f 7531//7314 1951//1883 7019//6802
f 3566//3467 3126//3027 1961//1893
f 3120//3021 3562//3463 1953//1885
f 3567//3468 542//525 3559//3460
f 3683//3584 1956//1888 3653//3554
f 3653//3554 3111//3012 3682//3583
f 3570//3471 1961//1893 3125//3026
f 7536//7319 1960//1892 3565//3466
f 1937//1869 1956//1888 543//526
f 543//526 3124//3025 1963//1895
f 1963//1895 1955//1887 543//526
f 543//526 3112//3013 1937//1869
f 1936//1868 1955//1887 544//527
f 544//527 3123//3024 1964//1896
f 1964//1896 1954//1886 544//527
f 544//527 3113//3014 1936//1868
f 1935//1867 1954//1886 545//528
f 545//528 3122//3023 1965//1897
f 1965//1897 1938//1870 545//528
f 545//528 3114//3015 1935//1867
f 1968//1900 1966//1898 546//529
f 546//529 3115//3016 1965//1897
f 1965//1897 1967//1899 546//529
f 546//529 3128//3029 1968//1900
f 1970//1902 1967//1899 547//530
f 547//530 3122//3023 1964//1896
f 1964//1896 1969//1901 547//530
f 547//530 3129//3030 1970//1902
f 548//531 3130//3031 1971//1903
f 1971//1903 1968//1900 548//531
f 1968//1900 1972//1904 548//531
f 548//531 3131//3032 1974//1906
f 549//532 3131//3032 1972//1904
f 549//532 3128//3029 1970//1902
f 1970//1902 1973//1905 549//532
f 1973//1905 1975//1907 549//532
f 1979//1911 1978//1910 550//533
f 550//533 3126//3027 1960//1892
f 1960//1892 5775//5600 550//533
f 550//533 7037//6820 1979//1911
f 1980//1912 1977//1909 551//534
f 551//534 3125//3026 1961//1893
f 1961//1893 1978//1910 551//534
f 551//534 3135//3036 1980//1912
f 3654//3555 3133//3034 1976//1908
f 1976//1908 3683//3584 3654//3555
f 1962//1894 1977//1909 552//535
f 552//535 3134//3035 1981//1913
f 1982//1914 1969//1901 553//536
f 553//536 3123//3024 1963//1895
f 1963//1895 1976//1908 553//536
f 553//536 3133//3034 1982//1914
f 554//537 3129//3030 1982//1914
f 554//537 3133//3034 1983//1915
f 1983//1915 1984//1916 554//537
f 554//537 3132//3033 1973//1905
f 7037//6820 721//704 1979//1911
f 555//538 3514//3415 2290//2222
f 1979//1911 3507//3408 3135//3036
f 3134//3035 3514//3415 1981//1913
f 3512//3413 7040//6823 1986//1918
f 3138//3039 3510//3411 3505//3406
f 3506//3407 1986//1918 3137//3038
f 3135//3036 720//703 1980//1912
f 3672//3573 1983//1915 3655//3556
f 3655//3556 3133//3034 3684//3585
f 3510//3411 555//538 2290//2222
f 3513//3414 3137//3038 1985//1917
f 556//539 3098//2999 1911//1843
f 556//539 3097//2998 1909//1841
f 1909//1841 1990//1922 556//539
f 556//539 3139//3040 1989//1921
f 557//540 2996//2897 1907//1839
f 557//540 3098//2999 1989//1921
f 557//540 3139//3040 1991//1923
f 1991//1923 1698//1630 557//540
f 1992//1924 1990//1922 558//541
f 558//541 3099//3000 1913//1845
f 1913//1845 1993//1925 558//541
f 558//541 3140//3041 1992//1924
f 559//542 2998//2899 1991//1923
f 1991//1923 1992//1924 559//542
f 559//542 3140//3041 1994//1926
f 1994//1926 1700//1632 559//542
f 560//543 3000//2901 1994//1926
f 1994//1926 1995//1927 560//543
f 560//543 3141//3042 1996//1928
f 1996//1928 1703//1635 560//543
f 1999//1931 1998//1930 561//544
f 561//544 3003//2904 1996//1928
f 1996//1928 1997//1929 561//544
f 561//544 3142//3043 1999//1931
f 562//545 2899//2800 2001//1933
f 2001//1933 2007//1939 562//545
f 562//545 3144//3045 2000//1932
f 2000//1932 1502//1434 562//545
f 1501//1433 1745//1677 563//546
f 563//546 3147//3048 2008//1940
f 2008//1940 2001//1933 563//546
f 563//546 2899//2800 1501//1433
f 564//547 3020//2921 1740//1672
f 1740//1672 2003//1935 564//547
f 564//547 3147//3048 2009//1941
f 2009//1941 2002//1934 564//547
f 1767//1699 2002//1934 565//548
f 565//548 3146//3047 2010//1942
f 2010//1942 2004//1936 565//548
f 565//548 3036//2937 1767//1699
f 566//549 3036//2937 2004//1936
f 566//549 3148//3049 2011//1943
f 566//549 3149//3050 2005//1937
f 2005//1937 1791//1723 566//549
f 2145//2077 1811//1743 567//550
f 567//550 3059//2960 2144//2076
f 2144//2076 2135//2067 567//550
f 567//550 3214//3115 2145//2077
f 2016//1948 2018//1950 568//551
f 2018//1950 2019//1951 568//551
f 2019//1951 2022//1954 568//551
f 568//551 3159//3060 2016//1948
f 569//552 3157//3058 2020//1952
f 2020//1952 2023//1955 569//552
f 569//552 3154//3055 2028//1960
f 2028//1960 2019//1951 569//552
f 570//553 3156//3057 2029//1961
f 2029//1961 2023//1955 570//553
f 570//553 3153//3054 2031//1963
f 2031//1963 2030//1962 570//553
f 1999//1931 2025//1957 571//554
f 571//554 3156//3057 2030//1962
f 2030//1962 2027//1959 571//554
f 571//554 3143//3044 1999//1931
f 2100//2032 2094//2026 572//555
f 2094//2026 1974//1906 572//555
f 572//555 3131//3032 2095//2027
f 2095//2027 2100//2032 572//555
f 573//556 2900//2801 2000//1932
f 2000//1932 1704//1636 573//556
f 1704//1636 1998//1930 573//556
f 573//556 3143//3044 2026//1958
f 574//557 3296//3197 2323//2255
f 2323//2255 2026//1958 574//557
f 574//557 3143//3044 2027//1959
f 2027//1959 2024//1956 574//557
f 575//558 3151//3052 2017//1949
f 575//558 3152//3053 2016//1948
f 2016//1948 2021//1953 575//558
f 575//558 3158//3059 2014//1946
f 576//559 3127//3028 1971//1903
f 1971//1903 2047//1979 576//559
f 576//559 3167//3068 2037//1969
f 2037//1969 2048//1980 576//559
f 2050//1982 2042//1974 577//560
f 577//560 3173//3074 2049//1981
f 2049//1981 2021//1953 577//560
f 577//560 3159//3060 2050//1982
f 578//561 3115//3016 1966//1898
f 1966//1898 2048//1980 578//561
f 578//561 3166//3067 2036//1968
f 2036//1968 2051//1983 578//561
f 579//562 3168//3069 2039//1971
f 2039//1971 2052//1984 579//562
f 579//562 3141//3042 1995//1927
f 1995//1927 2053//1985 579//562
f 2054//1986 1938//1870 580//563
f 1938//1870 2051//1983 580//563
f 580//563 3165//3066 2035//1967
f 2035//1967 2054//1986 580//563
f 2055//1987 2043//1975 581//564
f 581//564 3174//3075 2050//1982
f 2050//1982 2022//1954 581//564
f 581//564 3160//3061 2055//1987
f 2056//1988 2045//1977 582//565
f 582//565 3175//3076 2055//1987
f 2055//1987 2028//1960 582//565
f 582//565 3154//3055 2056//1988
f 2058//1990 1923//1855 583//566
f 583//566 3106//3007 2057//1989
f 2057//1989 2032//1964 583//566
f 2032//1964 2058//1990 583//566
f 2059//1991 1934//1866 584//567
f 584//567 3114//3015 2054//1986
f 2054//1986 2034//1966 584//567
f 584//567 3163//3064 2059//1991
f 585//568 3169//3070 2040//1972
f 2040//1972 2060//1992 585//568
f 585//568 3142//3043 1997//1929
f 1997//1929 2052//1984 585//568
f 2101//2033 2013//1945 586//569
f 586//569 3158//3059 2049//1981
f 2049//1981 2041//1973 586//569
f 586//569 3193//3094 2101//2033
f 587//570 3172//3073 2046//1978
f 587//570 3171//3072 2056//1988
f 587//570 3154//3055 2029//1961
f 2029//1961 2061//1993 587//570
f 2057//1989 1924//1856 588//571
f 588//571 3107//3008 2059//1991
f 2059//1991 2033//1965 588//571
f 588//571 3162//3063 2057//1989
f 589//572 3161//3062 2038//1970
f 589//572 3168//3069 2053//1985
f 2053//1985 1993//1925 589//572
f 589//572 3101//3002 2058//1990
f 590//573 3170//3071 2044//1976
f 2044//1976 2061//1993 590//573
f 590//573 3156//3057 2025//1957
f 2025//1957 2060//1992 590//573
f 591//574 3194//3095 2102//2034
f 2102//2034 2041//1973 591//574
f 591//574 3173//3074 2087//2019
f 2087//2019 2097//2029 591//574
f 2074//2006 2075//2007 592//575
f 592//575 3165//3066 2036//1968
f 592//575 3166//3067 2037//1969
f 2037//1969 2074//2006 592//575
f 593//576 3161//3062 2032//1964
f 593//576 3162//3063 2077//2009
f 593//576 3177//3078 2062//1994
f 2062//1994 2078//2010 593//576
f 2079//2011 2070//2002 594//577
f 594//577 3186//3087 2076//2008
f 2076//2008 2043//1975 594//577
f 594//577 3175//3076 2079//2011
f 595//578 3176//3077 2066//1998
f 2066//1998 2080//2012 595//578
f 595//578 3168//3069 2038//1970
f 2038//1970 2078//2010 595//578
f 2077//2009 2033//1965 596//579
f 596//579 3163//3064 2081//2013
f 2081//2013 2063//1995 596//579
f 596//579 3177//3078 2077//2009
f 2083//2015 2071//2003 597//580
f 597//580 3185//3086 2082//2014
f 597//580 3172//3073 2044//1976
f 2044//1976 2083//2015 597//580
f 598//581 3181//3082 2067//1999
f 598//581 3182//3083 2084//2016
f 598//581 3169//3070 2039//1971
f 2039//1971 2080//2012 598//581
f 2081//2013 2034//1966 599//582
f 599//582 3164//3065 2085//2017
f 2085//2017 2064//1996 599//582
f 599//582 3178//3079 2081//2013
f 2086//2018 2072//2004 600//583
f 600//583 3187//3088 2079//2011
f 2079//2011 2045//1977 600//583
f 600//583 3171//3072 2086//2018
f 601//584 3182//3083 2068//2000
f 2068//2000 2083//2015 601//584
f 601//584 3170//3071 2040//1972
f 2040//1972 2084//2016 601//584
f 602//585 3164//3065 2035//1967
f 2035//1967 2075//2007 602//585
f 602//585 3180//3081 2065//1997
f 2065//1997 2085//2017 602//585
f 2082//2014 2073//2005 603//586
f 603//586 3184//3085 2086//2018
f 2086//2018 2046//1978 603//586
f 603//586 3172//3073 2082//2014
f 604//587 3174//3075 2076//2008
f 2076//2008 2069//2001 604//587
f 604//587 3188//3089 2087//2019
f 2087//2019 2042//1974 604//587
f 2103//2035 2098//2030 605//588
f 605//588 3179//3080 2065//1997
f 2065//1997 2088//2020 605//588
f 605//588 3194//3095 2103//2035
f 606//589 3196//3097 2099//2031
f 2099//2031 2064//1996 606//589
f 2064//1996 2098//2030 606//589
f 606//589 3195//3096 2104//2036
f 2014//1946 2013//1945 607//590
f 607//590 3191//3092 2100//2032
f 607//590 3192//3093 2015//1947
f 2015//1947 2014//1946 607//590
f 2047//1979 2094//2026 608//591
f 608//591 3191//3092 2101//2033
f 2101//2033 2096//2028 608//591
f 608//591 3167//3068 2047//1979
f 609//592 3180//3081 2074//2006
f 2074//2006 2096//2028 609//592
f 609//592 3193//3094 2102//2034
f 2102//2034 2088//2020 609//592
f 2069//2001 2089//2021 610//593
f 610//593 3195//3096 2103//2035
f 2103//2035 2097//2029 610//593
f 610//593 3188//3089 2069//2001
f 2070//2002 2090//2022 611//594
f 2090//2022 2104//2036 611//594
f 2104//2036 2089//2021 611//594
f 611//594 3186//3087 2070//2002
f 2072//2004 2091//2023 612//595
f 612//595 3190//3091 2092//2024
f 2092//2024 2090//2022 612//595
f 612//595 3187//3088 2072//2004
f 613//596 3189//3090 2106//2038
f 2106//2038 2063//1995 613//596
f 613//596 3178//3079 2099//2031
f 2099//2031 2093//2025 613//596
f 614//597 3189//3090 2093//2025
f 2093//2025 2092//2024 614//597
f 614//597 3190//3091 2105//2037
f 2105//2037 2107//2039 614//597
f 615//598 3177//3078 2106//2038
f 2106//2038 2118//2050 615//598
f 615//598 3205//3106 2116//2048
f 2116//2048 2119//2051 615//598
f 2121//2053 2114//2046 616//599
f 616//599 3206//3107 2120//2052
f 2120//2052 2091//2023 616//599
f 616//599 3184//3085 2121//2053
f 617//600 3189//3090 2107//2039
f 617//600 3197//3098 2122//2054
f 617//600 3207//3108 2117//2049
f 2117//2049 2118//2050 617//600
f 2124//2056 2112//2044 618//601
f 618//601 3204//3105 2123//2055
f 2123//2055 2071//2003 618//601
f 618//601 3183//3084 2124//2056
f 619//602 3198//3099 2109//2041
f 2109//2041 2125//2057 619//602
f 619//602 3181//3082 2066//1998
f 2066//1998 2126//2058 619//602
f 620//603 3200//3101 2110//2042
f 620//603 3201//3102 2127//2059
f 2127//2059 2067//1999 620//603
f 2067//1999 2125//2057 620//603
f 621//604 3176//3077 2062//1994
f 2062//1994 2119//2051 621//604
f 621//604 3199//3100 2108//2040
f 2108//2040 2126//2058 621//604
f 2123//2055 2113//2045 622//605
f 622//605 3203//3104 2121//2053
f 2121//2053 2073//2005 622//605
f 622//605 3185//3086 2123//2055
f 623//606 3201//3102 2111//2043
f 623//606 3202//3103 2124//2056
f 2124//2056 2068//2000 623//606
f 623//606 3182//3083 2127//2059
f 624//607 3206//3107 2115//2047
f 624//607 3207//3108 2122//2054
f 624//607 3197//3098 2105//2037
f 2105//2037 2120//2052 624//607
f 2114//2046 2128//2060 625//608
f 2128//2060 2117//2049 625//608
f 2117//2049 2115//2047 625//608
f 2115//2047 2114//2046 625//608
f 2109//2041 2129//2061 626//609
f 2129//2061 2111//2043 626//609
f 626//609 3201//3102 2110//2042
f 626//609 3200//3101 2109//2041
f 627//610 3204//3105 2130//2062
f 2130//2062 2116//2048 627//610
f 627//610 3205//3106 2128//2060
f 2128//2060 2113//2045 627//610
f 628//611 3202//3103 2129//2061
f 628//611 3198//3099 2108//2040
f 628//611 3199//3100 2130//2062
f 2130//2062 2112//2044 628//611
f 629//612 3208//3109 2139//2071
f 2139//2071 2140//2072 629//612
f 629//612 3053//2954 1816//1748
f 1816//1748 2141//2073 629//612
f 630//613 3037//2938 1781//1713
f 1781//1713 2184//2116 630//613
f 630//613 3234//3135 2193//2125
f 2193//2125 1822//1754 630//613
f 631//614 3209//3110 2131//2063
f 2131//2063 2146//2078 631//614
f 631//614 3054//2955 1797//1729
f 1797//1729 2140//2072 631//614
f 632//615 3150//3051 1813//1745
f 1813//1745 2147//2079 632//615
f 632//615 3216//3117 2136//2068
f 2136//2068 2148//2080 632//615
f 2142//2074 1808//1740 633//616
f 633//616 3056//2957 2149//2081
f 2149//2081 1812//1744 633//616
f 633//616 3211//3112 2142//2074
f 634//617 3210//3111 2137//2069
f 2137//2069 2147//2079 634//617
f 2147//2079 1814//1746 634//617
f 634//617 3054//2955 2146//2078
f 2149//2081 1809//1741 635//618
f 635//618 3057//2958 2150//2082
f 2150//2082 2133//2065 635//618
f 635//618 3212//3113 2149//2081
f 636//619 3060//2961 2006//1938
f 2006//1938 2141//2073 636//619
f 636//619 3052//2953 1804//1736
f 1804//1736 2151//2083 636//619
f 637//620 3217//3118 2138//2070
f 637//620 3215//3116 2144//2076
f 2144//2076 1815//1747 637//620
f 1815//1747 2148//2080 637//620
f 2150//2082 1810//1742 638//621
f 638//621 3058//2959 2145//2077
f 2145//2077 2134//2066 638//621
f 638//621 3213//3114 2150//2082
f 639//622 3062//2963 1824//1756
f 1824//1756 2151//2083 639//622
f 639//622 3051//2952 1805//1737
f 1805//1737 2143//2075 639//622
f 2165//2097 2135//2067 640//623
f 640//623 3215//3116 2164//2096
f 2164//2096 2159//2091 640//623
f 640//623 3226//3127 2165//2097
f 641//624 3211//3112 1812//1744
f 1812//1744 2166//2098 641//624
f 641//624 3224//3125 2152//2084
f 2152//2084 2167//2099 641//624
f 2169//2101 2136//2068 642//625
f 642//625 3216//3117 2168//2100
f 642//625 3228//3129 2160//2092
f 642//625 3229//3130 2169//2101
f 2171//2103 2155//2087 643//626
f 2155//2087 2170//2102 643//626
f 643//626 3210//3111 2131//2063
f 2131//2063 2171//2103 643//626
f 644//627 3222//3123 2161//2093
f 2161//2093 2168//2100 644//627
f 2168//2100 2137//2069 644//627
f 2137//2069 2170//2102 644//627
f 645//628 3219//3120 2153//2085
f 645//628 3218//3119 2172//2104
f 645//628 3060//2961 1824//1756
f 1824//1756 2173//2105 645//628
f 646//629 3062//2963 2132//2064
f 2132//2064 2167//2099 646//629
f 646//629 3223//3124 2156//2088
f 2156//2088 2173//2105 646//629
f 647//630 3229//3130 2162//2094
f 647//630 3227//3128 2164//2096
f 2164//2096 2138//2070 647//630
f 647//630 3217//3118 2169//2101
f 648//631 3218//3119 2154//2086
f 648//631 3220//3121 2174//2106
f 648//631 3208//3109 2006//1938
f 2006//1938 2172//2104 648//631
f 649//632 3212//3113 2133//2065
f 2133//2065 2175//2107 649//632
f 649//632 3225//3126 2157//2089
f 2157//2089 2166//2098 649//632
f 2174//2106 2163//2095 650//633
f 650//633 3221//3122 2171//2103
f 650//633 3209//3110 2139//2071
f 2139//2071 2174//2106 650//633
f 2175//2107 2134//2066 651//634
f 651//634 3214//3115 2165//2097
f 2165//2097 2158//2090 651//634
f 651//634 3225//3126 2175//2107
f 652//635 3219//3120 2156//2088
f 2156//2088 2176//2108 652//635
f 2176//2108 2154//2086 652//635
f 652//635 3218//3119 2153//2085
f 653//636 3220//3121 2176//2108
f 653//636 3223//3124 2152//2084
f 2152//2084 2177//2109 653//636
f 2177//2109 2163//2095 653//636
f 2160//2092 2178//2110 654//637
f 2178//2110 2159//2091 654//637
f 654//637 3227//3128 2162//2094
f 654//637 3229//3130 2160//2092
f 655//638 3221//3122 2177//2109
f 655//638 3224//3125 2157//2089
f 2157//2089 2179//2111 655//638
f 655//638 3222//3123 2155//2087
f 2161//2093 2179//2111 656//639
f 2179//2111 2158//2090 656//639
f 656//639 3226//3127 2178//2110
f 656//639 3228//3129 2161//2093
f 1818//1750 1797//1729 657//640
f 657//640 3054//2955 2180//2112
f 2180//2112 2194//2126 657//640
f 657//640 3231//3132 1818//1750
f 658//641 3149//3050 1787//1719
f 658//641 3049//2950 2186//2118
f 658//641 3236//3137 2195//2127
f 2195//2127 2192//2124 658//641
f 659//642 3043//2944 1782//1714
f 1782//1714 2187//2119 659//642
f 659//642 3237//3138 2196//2128
f 2196//2128 2184//2116 659//642
f 660//643 3040//2941 1805//1737
f 1805//1737 2188//2120 660//643
f 660//643 3238//3139 2197//2129
f 2197//2129 2185//2117 660//643
f 2180//2112 1814//1746 661//644
f 661//644 3061//2962 1823//1755
f 1823//1755 2198//2130 661//644
f 661//644 3230//3131 2180//2112
f 662//645 3044//2945 1783//1715
f 1783//1715 2189//2121 662//645
f 662//645 3239//3140 2199//2131
f 2199//2131 2187//2119 662//645
f 663//646 3051//2952 1804//1736
f 663//646 3052//2953 2190//2122
f 2190//2122 2200//2132 663//646
f 2200//2132 2188//2120 663//646
f 664//647 3050//2951 2005//1937
f 2005//1937 2192//2124 664//647
f 664//647 3242//3143 2201//2133
f 2201//2133 1819//1751 664//647
f 665//648 3045//2946 1784//1716
f 665//648 3046//2947 2191//2123
f 2191//2123 2202//2134 665//648
f 665//648 3239//3140 2189//2121
f 2190//2122 1816//1748 666//649
f 666//649 3053//2954 1818//1750
f 1818//1750 2203//2135 666//649
f 666//649 3240//3141 2190//2122
f 2191//2123 1785//1717 667//650
f 667//650 3047//2948 1820//1752
f 1820//1752 2204//2136 667//650
f 667//650 3241//3142 2191//2123
f 668//651 3233//3134 1820//1752
f 1820//1752 1786//1718 668//651
f 668//651 3048//2949 2207//2139
f 2207//2139 2205//2137 668//651
f 1789//1721 1819//1751 669//652
f 669//652 3232//3133 2206//2138
f 2206//2138 2207//2139 669//652
f 669//652 3048//2949 1789//1721
f 670//653 3243//3144 2206//2138
f 2206//2138 2182//2114 670//653
f 670//653 3059//2960 2183//2115
f 2183//2115 2205//2137 670//653
f 671//654 2838//2739 1389//1321
f 1389//1321 1335//1267 671//654
f 671//654 2808//2709 1388//1320
f 1388//1320 2210//2142 671//654
f 2209//2141 2208//2140 672//655
f 672//655 2810//2711 1339//1271
f 1339//1271 2211//2143 672//655
f 672//655 3245//3146 2209//2141
f 2212//2144 2211//2143 673//656
f 673//656 2811//2712 1342//1274
f 1342//1274 2213//2145 673//656
f 673//656 3246//3147 2212//2144
f 2214//2146 2213//2145 674//657
f 674//657 2812//2713 1464//1396
f 674//657 2840//2741 2220//2152
f 674//657 3247//3148 2214//2146
f 1652//1584 2221//2153 675//658
f 675//658 3248//3149 2215//2147
f 2215//2147 2220//2152 675//658
f 675//658 2840//2741 1652//1584
f 2216//2148 2221//2153 676//659
f 676//659 2974//2875 1387//1319
f 1387//1319 2222//2154 676//659
f 2222//2154 2216//2148 676//659
f 677//660 3249//3150 2222//2154
f 2222//2154 1385//1317 677//660
f 1385//1317 2223//2155 677//660
f 2223//2155 2217//2149 677//660
f 2218//2150 2223//2155 678//661
f 678//661 2852//2753 1424//1356
f 1424//1356 2224//2156 678//661
f 678//661 3251//3152 2218//2150
f 2219//2151 2224//2156 679//662
f 679//662 2859//2760 1427//1359
f 679//662 2861//2762 2225//2157
f 679//662 3252//3153 2219//2151
f 680//663 2901//2802 2234//2166
f 2234//2166 2233//2165 680//663
f 680//663 3259//3160 2235//2167
f 2235//2167 1504//1436 680//663
f 681//664 2902//2803 2235//2167
f 2235//2167 2232//2164 681//664
f 681//664 3258//3159 2236//2168
f 681//664 2903//2804 1505//1437
f 1521//1453 2236//2168 682//665
f 2236//2168 2231//2163 682//665
f 682//665 3257//3158 2237//2169
f 682//665 2908//2809 1521//1453
f 2230//2162 2238//2170 683//666
f 2238//2170 1519//1451 683//666
f 683//666 2908//2809 2237//2169
f 2237//2169 2230//2162 683//666
f 684//667 3255//3156 2239//2171
f 2239//2171 1515//1447 684//667
f 684//667 2906//2807 2238//2170
f 2238//2170 2229//2161 684//667
f 2228//2160 2240//2172 685//668
f 2240//2172 1514//1446 685//668
f 685//668 2905//2806 2239//2171
f 685//668 3255//3156 2228//2160
f 2227//2159 2241//2173 686//669
f 686//669 2937//2838 1429//1361
f 686//669 2863//2764 2240//2172
f 686//669 3254//3155 2227//2159
f 1583//1515 2241//2173 687//670
f 687//670 3253//3154 2226//2158
f 2226//2158 2225//2157 687//670
f 687//670 2861//2762 1583//1515
f 688//671 3295//3196 2321//2253
f 2321//2253 2024//1956 688//671
f 688//671 3155//3056 2031//1963
f 2031//1963 2320//2252 688//671
f 2242//2174 2210//2142 689//672
f 689//672 3244//3145 2209//2141
f 2209//2141 2243//2175 689//672
f 689//672 3261//3162 2242//2174
f 690//673 2838//2739 2242//2174
f 2242//2174 2245//2177 690//673
f 690//673 3262//3163 2244//2176
f 2244//2176 1390//1322 690//673
f 691//674 2837//2738 2244//2176
f 2244//2176 2247//2179 691//674
f 691//674 7166//6949 6044//5869
f 2248//2180 2243//2175 692//675
f 692//675 3245//3146 2212//2144
f 2212//2144 2255//2187 692//675
f 692//675 3263//3164 2248//2180
f 2249//2181 2255//2187 693//676
f 693//676 3246//3147 2214//2146
f 693//676 3247//3148 2256//2188
f 2256//2188 2249//2181 693//676
f 694//677 3264//3165 2256//2188
f 2256//2188 2215//2147 694//677
f 694//677 3248//3149 2257//2189
f 2257//2189 2250//2182 694//677
f 695//678 3265//3166 2257//2189
f 2257//2189 2216//2148 695//678
f 695//678 3249//3150 2258//2190
f 2258//2190 2251//2183 695//678
f 696//679 3266//3167 2258//2190
f 2258//2190 2217//2149 696//679
f 696//679 3250//3151 2259//2191
f 2259//2191 2252//2184 696//679
f 697//680 3267//3168 2259//2191
f 2259//2191 2218//2150 697//680
f 2218//2150 2260//2192 697//680
f 697//680 3268//3169 2253//2185
f 2254//2186 2260//2192 698//681
f 698//681 3251//3152 2219//2151
f 2219//2151 2261//2193 698//681
f 698//681 3269//3170 2254//2186
f 699//682 3261//3162 2248//2180
f 2248//2180 2268//2200 699//682
f 699//682 3270//3171 2262//2194
f 2262//2194 2245//2177 699//682
f 2263//2195 2268//2200 700//683
f 700//683 3263//3164 2249//2181
f 2249//2181 2269//2201 700//683
f 700//683 3271//3172 2263//2195
f 2264//2196 2269//2201 701//684
f 2269//2201 2250//2182 701//684
f 701//684 3265//3166 2270//2202
f 2270//2202 2264//2196 701//684
f 702//685 3272//3173 2270//2202
f 2270//2202 2251//2183 702//685
f 702//685 3266//3167 2271//2203
f 2271//2203 2265//2197 702//685
f 2266//2198 2271//2203 703//686
f 2271//2203 2252//2184 703//686
f 703//686 3267//3168 2272//2204
f 703//686 3274//3175 2266//2198
f 704//687 3274//3175 2272//2204
f 2272//2204 2253//2185 704//687
f 704//687 3268//3169 2273//2205
f 2273//2205 2267//2199 704//687
f 705//688 3275//3176 2273//2205
f 2273//2205 2254//2186 705//688
f 705//688 3269//3170 2275//2207
f 2275//2207 2274//2206 705//688
f 706//689 3262//3163 2262//2194
f 2262//2194 2276//2208 706//689
f 706//689 7181//6964 6075//5900
f 6075//5900 2247//2179 706//689
f 6076//5901 2276//2208 707//690
f 707//690 3270//3171 2263//2195
f 2263//2195 2277//2209 707//690
f 707//690 7182//6965 6076//5901
f 6077//5902 2277//2209 708//691
f 708//691 3271//3172 2264//2196
f 708//691 3272//3173 2278//2210
f 2278//2210 6077//5902 708//691
f 6078//5903 2278//2210 709//692
f 709//692 3272//3173 2265//2197
f 2265//2197 2279//2211 709//692
f 709//692 7184//6967 6078//5903
f 6079//5904 2279//2211 710//693
f 710//693 3273//3174 2266//2198
f 2266//2198 2280//2212 710//693
f 710//693 7185//6968 6079//5904
f 711//694 7185//6968 2280//2212
f 2280//2212 2267//2199 711//694
f 711//694 3275//3176 2281//2213
f 2281//2213 6080//5905 711//694
f 712//695 7186//6969 2281//2213
f 2281//2213 2274//2206 712//695
f 712//695 3276//3177 2282//2214
f 2282//2214 6081//5906 712//695
f 3656//3557 3278//3179 2285//2217
f 2285//2217 3672//3573 3656//3557
f 1988//1920 2286//2218 713//696
f 2287//2219 1984//1916 714//697
f 714//697 3136//3037 2285//2217
f 2285//2217 2283//2215 714//697
f 714//697 3277//3178 2287//2219
f 715//698 3138//3039 1985//1917
f 1985//1917 2288//2220 715//698
f 716//699 3137//3038 1986//1918
f 1986//1918 6095//5920 716//699
f 717//700 3192//3093 2095//2027
f 2095//2027 1975//1907 717//700
f 717//700 3132//3033 2287//2219
f 2287//2219 2289//2221 717//700
f 2296//2228 3519//3420 3522//3423
f 3657//3558 3281//3182 2292//2224
f 2292//2224 3673//3574 3657//3558
f 719//702 3282//3183 2294//2226
f 2294//2226 2283//2215 719//702
f 719//702 3278//3179 2292//2224
f 2292//2224 2293//2225 719//702
f 3523//3424 718//701 3529//3430
f 2296//2228 3520//3421 3279//3180
f 3515//3416 3532//3433 3516//3417
f 3532//3433 3517//3418 3516//3417
f 2015//1947 2289//2221 722//705
f 722//705 3277//3178 2298//2230
f 2298//2230 2299//2231 722//705
f 722//705 3151//3052 2015//1947
f 2300//2232 2301//2233 723//706
f 723//706 3152//3053 2017//1949
f 2017//1949 2299//2231 723//706
f 723//706 3283//3184 2300//2232
f 724//707 3283//3184 2298//2230
f 2298//2230 2294//2226 724//707
f 2294//2226 2302//2234 724//707
f 724//707 3284//3185 2300//2232
f 725//708 3281//3182 2306//2238
f 2306//2238 2305//2237 725//708
f 725//708 3286//3187 2304//2236
f 2304//2236 2293//2225 725//708
f 3658//3559 3287//3188 2306//2238
f 2306//2238 3674//3575 3658//3559
f 3549//3450 728//711 3543//3444
f 3549//3450 3534//3435 2309//2241
f 727//710 3291//3192 2311//2243
f 2311//2243 2305//2237 727//710
f 2305//2237 2312//2244 727//710
f 727//710 3290//3191 2310//2242
f 3675//3576 2312//2244 3659//3560
f 3659//3560 3287//3188 3685//3586
f 2585//2517 7513//7296 3550//3451
f 729//712 3282//3183 2304//2236
f 2304//2236 2313//2245 729//712
f 729//712 3285//3186 2303//2235
f 2303//2235 2302//2234 729//712
f 2318//2250 2315//2247 730//713
f 730//713 3157//3058 2018//1950
f 2018//1950 2301//2233 730//713
f 730//713 3284//3185 2318//2250
f 731//714 3293//3194 2318//2250
f 2318//2250 2303//2235 731//714
f 731//714 3285//3186 2319//2251
f 2319//2251 2314//2246 731//714
f 2316//2248 2313//2245 732//715
f 732//715 3286//3187 2311//2243
f 2311//2243 2317//2249 732//715
f 732//715 3292//3193 2316//2248
f 2322//2254 2320//2252 733//716
f 733//716 3153//3054 2020//1952
f 2020//1952 2315//2247 733//716
f 733//716 3293//3194 2322//2254
f 1503//1435 2323//2255 734//717
f 734//717 3296//3197 2324//2256
f 2324//2256 2234//2166 734//717
f 734//717 2901//2802 1503//1435
f 735//718 3295//3196 2322//2254
f 2322//2254 2314//2246 735//718
f 735//718 3294//3195 2326//2258
f 2326//2258 2325//2257 735//718
f 2321//2253 2325//2257 736//719
f 736//719 3297//3198 2327//2259
f 2327//2259 2324//2256 736//719
f 736//719 3296//3197 2321//2253
f 737//720 3299//3200 2330//2262
f 2330//2262 2233//2165 737//720
f 737//720 3260//3161 2327//2259
f 2327//2259 2331//2263 737//720
f 2326//2258 2328//2260 738//721
f 738//721 3298//3199 2329//2261
f 2329//2261 2331//2263 738//721
f 738//721 3297//3198 2326//2258
f 739//722 3294//3195 2319//2251
f 2319//2251 2316//2248 739//722
f 739//722 3292//3193 2332//2264
f 2332//2264 2328//2260 739//722
f 740//723 3300//3201 2334//2266
f 2334//2266 2232//2164 740//723
f 740//723 3259//3160 2330//2262
f 2330//2262 2333//2265 740//723
f 2340//2272 2341//2273 741//724
f 741//724 3306//3207 2340//2272
f 742//725 3305//3206 2339//2271
f 3686//3587 2343//2275 3660//3561
f 3660//3561 3290//3191 3675//3576
f 2310//2242 2343//2275 743//726
f 743//726 3304//3205 2338//2270
f 2338//2270 2344//2276 743//726
f 743//726 3291//3192 2310//2242
f 744//727 3291//3192 2344//2276
f 744//727 3303//3204 2337//2269
f 2337//2269 2345//2277 744//727
f 2345//2277 2317//2249 744//727
f 745//728 3292//3193 2345//2277
f 745//728 3302//3203 2336//2268
f 2336//2268 2346//2278 745//728
f 745//728 3298//3199 2332//2264
f 2329//2261 2346//2278 746//729
f 746//729 3301//3202 2335//2267
f 2335//2267 2333//2265 746//729
f 746//729 3299//3200 2329//2261
f 747//730 3307//3208 2348//2280
f 2348//2280 2231//2163 747//730
f 747//730 3258//3159 2334//2266
f 2334//2266 2347//2279 747//730
f 2351//2283 2347//2279 748//731
f 748//731 3300//3201 2335//2267
f 2335//2267 2349//2281 748//731
f 748//731 3308//3209 2351//2283
f 2350//2282 2349//2281 749//732
f 749//732 3301//3202 2336//2268
f 2336//2268 2352//2284 749//732
f 749//732 3309//3210 2350//2282
f 2356//2288 2357//2289 750//733
f 750//733 3500//3401 3495//3396
f 2339//2271 3496//3397 751//734
f 750//733 3313//3214 2356//2288
f 3687//3588 2359//2291 3661//3562
f 3661//3562 3304//3205 3686//3587
f 7450//7233 874//857 3497//3398
f 751//734 3312//3213 2355//2287
f 2354//2286 2353//2285 752//735
f 752//735 3303//3204 2338//2270
f 2338//2270 2359//2291 752//735
f 752//735 3311//3212 2354//2286
f 2360//2292 2352//2284 753//736
f 753//736 3302//3203 2337//2269
f 2337//2269 2353//2285 753//736
f 753//736 3310//3211 2360//2292
f 754//737 3333//3234 2383//2315
f 2383//2315 2375//2307 754//737
f 754//737 3327//3228 2374//2306
f 2374//2306 2384//2316 754//737
f 2385//2317 2367//2299 755//738
f 755//738 3320//3221 2382//2314
f 2382//2314 2383//2315 755//738
f 2383//2315 2385//2317 755//738
f 756//739 3318//3219 2366//2298
f 2366//2298 2385//2317 756//739
f 756//739 3333//3234 2381//2313
f 2381//2313 2386//2318 756//739
f 757//740 3332//3233 2381//2313
f 2381//2313 2384//2316 757//740
f 757//740 3326//3227 2373//2305
f 2373//2305 2387//2319 757//740
f 758//741 3317//3218 2365//2297
f 2365//2297 2386//2318 758//741
f 758//741 3332//3233 2380//2312
f 2380//2312 2388//2320 758//741
f 759//742 3331//3232 2380//2312
f 2380//2312 2387//2319 759//742
f 759//742 3325//3226 2372//2304
f 2372//2304 2389//2321 759//742
f 760//743 3330//3231 2379//2311
f 2379//2311 2389//2321 760//743
f 760//743 3324//3225 2371//2303
f 2371//2303 2390//2322 760//743
f 761//744 3316//3217 2364//2296
f 2364//2296 2388//2320 761//744
f 761//744 3331//3232 2379//2311
f 2379//2311 2391//2323 761//744
f 2392//2324 2363//2295 762//745
f 2363//2295 2391//2323 762//745
f 762//745 3330//3231 2378//2310
f 762//745 3329//3230 2392//2324
f 2393//2325 2378//2310 763//746
f 763//746 3330//3231 2390//2322
f 763//746 3323//3224 2370//2302
f 763//746 3322//3223 2393//2325
f 2394//2326 2377//2309 764//747
f 764//747 3329//3230 2393//2325
f 2393//2325 2369//2301 764//747
f 764//747 3321//3222 2394//2326
f 2395//2327 2362//2294 765//748
f 765//748 3315//3216 2392//2324
f 2392//2324 2377//2309 765//748
f 765//748 3328//3229 2395//2327
f 2395//2327 2376//2308 766//749
f 766//749 3308//3209 2350//2282
f 2350//2282 2361//2293 766//749
f 766//749 3314//3215 2395//2327
f 2394//2326 2368//2300 767//750
f 767//750 3307//3208 2351//2283
f 2351//2283 2376//2308 767//750
f 767//750 3328//3229 2394//2326
f 2368//2300 2396//2328 768//751
f 768//751 3256//3157 2230//2162
f 768//751 3257//3158 2348//2280
f 2348//2280 2368//2300 768//751
f 2399//2331 2398//2330 769//752
f 769//752 3255//3156 2229//2161
f 2229//2161 2396//2328 769//752
f 769//752 3321//3222 2399//2331
f 2400//2332 2397//2329 770//753
f 770//753 3254//3155 2228//2160
f 2228//2160 2398//2330 770//753
f 770//753 3336//3237 2400//2332
f 771//754 3336//3237 2399//2331
f 2399//2331 2369//2301 771//754
f 771//754 3322//3223 2401//2333
f 2401//2333 2400//2332 771//754
f 2402//2334 2401//2333 772//755
f 772//755 3322//3223 2370//2302
f 2370//2302 2403//2335 772//755
f 772//755 3337//3238 2402//2334
f 2404//2336 2403//2335 773//756
f 773//756 3323//3224 2371//2303
f 2371//2303 2407//2339 773//756
f 773//756 3338//3239 2404//2336
f 2405//2337 2407//2339 774//757
f 774//757 3324//3225 2372//2304
f 2372//2304 2408//2340 774//757
f 774//757 3339//3240 2405//2337
f 2406//2338 2408//2340 775//758
f 775//758 3325//3226 2373//2305
f 2373//2305 2411//2343 775//758
f 775//758 3340//3241 2406//2338
f 776//759 3340//3241 2411//2343
f 2411//2343 2414//2346 776//759
f 776//759 3345//3246 2415//2347
f 2415//2347 2409//2341 776//759
f 2416//2348 2414//2346 777//760
f 777//760 3326//3227 2374//2306
f 2374//2306 2413//2345 777//760
f 777//760 3344//3245 2416//2348
f 2412//2344 2415//2347 778//761
f 778//761 3345//3246 2416//2348
f 2416//2348 2417//2349 778//761
f 778//761 3343//3244 2412//2344
f 2418//2350 2419//2351 779//762
f 779//762 3253//3154 2227//2159
f 2227//2159 2397//2329 779//762
f 779//762 3335//3236 2418//2350
f 780//763 3269//3170 2261//2193
f 780//763 3252//3153 2226//2158
f 2226//2158 2419//2351 780//763
f 2419//2351 2420//2352 780//763
f 781//764 3359//3260 2443//2375
f 2443//2375 2427//2359 781//764
f 781//764 3352//3253 2442//2374
f 781//764 3366//3267 2441//2373
f 782//765 3339//3240 2406//2338
f 2406//2338 2444//2376 782//765
f 782//765 3357//3258 2431//2363
f 2431//2363 2445//2377 782//765
f 783//766 3361//3262 2436//2368
f 2436//2368 2446//2378 783//766
f 783//766 3348//3249 2422//2354
f 2422//2354 2447//2379 783//766
f 784//767 3362//3263 2437//2369
f 2437//2369 2448//2380 784//767
f 2448//2380 2423//2355 784//767
f 2423//2355 2446//2378 784//767
f 2450//2382 2402//2334 785//768
f 2402//2334 2449//2381 785//768
f 2449//2381 2428//2360 785//768
f 785//768 3353//3254 2450//2382
f 2450//2382 2434//2366 786//769
f 786//769 3360//3261 2451//2383
f 2451//2383 2418//2350 786//769
f 786//769 3335//3236 2450//2382
f 2448//2380 2438//2370 787//770
f 787//770 3364//3265 2452//2384
f 2452//2384 2424//2356 787//770
f 787//770 3349//3250 2448//2380
f 788//771 3340//3241 2409//2341
f 2409//2341 2453//2385 788//771
f 788//771 3358//3259 2432//2364
f 2432//2364 2444//2376 788//771
f 2452//2384 2439//2371 789//772
f 789//772 3365//3266 2454//2386
f 2454//2386 2425//2357 789//772
f 789//772 3350//3251 2452//2384
f 790//773 3337//3238 2404//2336
f 2404//2336 2455//2387 790//773
f 790//773 3355//3256 2429//2361
f 2429//2361 2449//2381 790//773
f 791//774 3358//3259 2453//2385
f 2453//2385 2410//2342 791//774
f 791//774 3342//3243 2443//2375
f 791//774 3359//3260 2433//2365
f 2454//2386 2440//2372 792//775
f 792//775 3366//3267 2442//2374
f 2442//2374 2426//2358 792//775
f 792//775 3351//3252 2454//2386
f 793//776 3338//3239 2405//2337
f 2405//2337 2445//2377 793//776
f 793//776 3356//3257 2430//2362
f 2430//2362 2455//2387 793//776
f 794//777 3360//3261 2435//2367
f 2435//2367 2447//2379 794//777
f 794//777 3347//3248 2421//2353
f 2421//2353 2451//2383 794//777
f 2435//2367 2434//2366 795//778
f 795//778 3353//3254 2428//2360
f 2428//2360 2456//2388 795//778
f 795//778 3361//3262 2435//2367
f 2457//2389 2433//2365 796//779
f 796//779 3359//3260 2441//2373
f 796//779 3366//3267 2440//2372
f 2440//2372 2457//2389 796//779
f 797//780 3364//3265 2458//2390
f 797//780 3357//3258 2432//2364
f 797//780 3358//3259 2457//2389
f 2457//2389 2439//2371 797//780
f 2436//2368 2456//2388 798//781
f 798//781 3354//3255 2429//2361
f 2429//2361 2459//2391 798//781
f 798//781 3362//3263 2436//2368
f 2437//2369 2459//2391 799//782
f 799//782 3355//3256 2430//2362
f 2430//2362 2460//2392 799//782
f 799//782 3363//3264 2437//2369
f 2438//2370 2460//2392 800//783
f 800//783 3356//3257 2431//2363
f 2431//2363 2458//2390 800//783
f 800//783 3364//3265 2438//2370
f 801//784 3367//3268 2467//2399
f 2467//2399 2421//2353 801//784
f 801//784 3347//3248 2468//2400
f 2468//2400 2473//2405 801//784
f 802//785 3368//3269 2468//2400
f 2468//2400 2422//2354 802//785
f 802//785 3348//3249 2469//2401
f 2469//2401 2474//2406 802//785
f 803//786 3369//3270 2469//2401
f 2469//2401 2423//2355 803//786
f 803//786 3349//3250 2470//2402
f 2470//2402 2475//2407 803//786
f 804//787 3370//3271 2470//2402
f 2470//2402 2424//2356 804//787
f 804//787 3350//3251 2471//2403
f 2471//2403 2476//2408 804//787
f 805//788 3371//3272 2471//2403
f 2471//2403 2425//2357 805//788
f 2425//2357 2472//2404 805//788
f 805//788 3372//3273 2477//2409
f 806//789 7279//7062 2461//2393
f 2461//2393 2473//2405 806//789
f 806//789 3368//3269 2462//2394
f 2462//2394 6269//6094 806//789
f 807//790 7280//7063 2462//2394
f 2462//2394 2474//2406 807//790
f 807//790 3369//3270 2463//2395
f 2463//2395 6270//6095 807//790
f 808//791 7281//7064 2463//2395
f 2463//2395 2475//2407 808//791
f 808//791 3370//3271 2464//2396
f 2464//2396 6271//6096 808//791
f 809//792 7282//7065 2464//2396
f 2464//2396 2476//2408 809//792
f 809//792 3371//3272 2465//2397
f 2465//2397 6272//6097 809//792
f 810//793 7283//7066 2465//2397
f 2465//2397 2477//2409 810//793
f 810//793 3372//3273 2466//2398
f 2466//2398 6273//6098 810//793
f 2282//2214 2478//2410 811//794
f 811//794 3367//3268 2461//2393
f 2461//2393 6291//6116 811//794
f 811//794 7187//6970 2282//2214
f 2275//2207 2420//2352 812//795
f 812//795 3346//3247 2467//2399
f 2467//2399 2478//2410 812//795
f 812//795 3276//3177 2275//2207
f 2479//2411 2472//2404 813//796
f 813//796 3351//3252 2426//2358
f 2426//2358 2480//2412 813//796
f 813//796 3373//3274 2479//2411
f 2466//2398 2479//2411 814//797
f 814//797 3373//3274 2481//2413
f 2481//2413 6292//6117 814//797
f 814//797 7284//7067 2466//2398
f 2488//2420 2487//2419 815//798
f 815//798 3377//3278 2486//2418
f 2486//2418 2427//2359 815//798
f 815//798 3342//3243 2488//2420
f 2412//2344 2489//2421 816//799
f 816//799 3378//3279 2488//2420
f 2488//2420 2410//2342 816//799
f 816//799 3341//3242 2412//2344
f 817//800 3374//3275 2482//2414
f 2482//2414 2481//2413 817//800
f 817//800 3373//3274 2492//2424
f 2492//2424 2493//2425 817//800
f 818//801 3352//3253 2486//2418
f 2486//2418 2494//2426 818//801
f 818//801 3380//3281 2492//2424
f 2492//2424 2480//2412 818//801
f 2483//2415 2493//2425 819//802
f 819//802 3380//3281 2495//2427
f 2495//2427 2491//2423 819//802
f 819//802 3375//3276 2483//2415
f 820//803 3379//3280 2495//2427
f 2495//2427 2494//2426 820//803
f 820//803 3377//3278 2485//2417
f 820//803 3376//3277 2484//2416
f 6296//6121 2482//2414 821//804
f 821//804 3374//3275 2496//2428
f 2496//2428 6296//6121 821//804
f 822//805 3375//3276 2490//2422
f 2490//2422 6297//6122 822//805
f 822//805 7293//7076 2496//2428
f 2496//2428 2483//2415 822//805
f 1098//1065 2490//2422 823//806
f 823//806 3375//3276 2491//2423
f 823//806 3379//3280 2497//2429
f 2497//2429 1098//1065 823//806
f 2375//2307 2504//2436 824//807
f 824//807 2698//2616 2502//2434
f 2502//2434 2503//2435 824//807
f 2503//2435 2375//2307 824//807
f 825//808 3334//3235 2382//2314
f 2382//2314 2505//2437 825//808
f 825//808 2692//2610 1100//1067
f 1100//1067 2504//2436 825//808
f 826//809 3384//3285 2501//2433
f 826//809 3383//3284 2506//2438
f 2506//2438 2413//2345 826//809
f 826//809 3327//3228 2503//2435
f 2507//2439 2501//2433 827//810
f 827//810 3384//3285 2502//2434
f 2502//2434 1099//1066 827//810
f 827//810 2697//2615 2507//2439
f 828//811 3382//3283 2508//2440
f 2508//2440 2417//2349 828//811
f 828//811 3344//3245 2506//2438
f 2506//2438 2500//2432 828//811
f 829//812 2696//2614 2509//2441
f 2509//2441 2500//2432 829//812
f 829//812 3383//3284 2507//2439
f 2507//2439 1097//1064 829//812
f 2508//2440 2499//2431 830//813
f 830//813 3381//3282 2510//2442
f 2510//2442 2489//2421 830//813
f 830//813 3343//3244 2508//2440
f 831//814 3376//3277 2485//2417
f 2485//2417 2487//2419 831//814
f 831//814 3378//3279 2510//2442
f 2510//2442 2498//2430 831//814
f 832//815 2695//2613 2497//2429
f 832//815 3379//3280 2484//2416
f 832//815 3376//3277 2498//2430
f 2498//2430 2511//2443 832//815
f 1096//1063 2511//2443 833//816
f 833//816 3381//3282 2499//2431
f 2499//2431 2509//2441 833//816
f 833//816 2696//2614 1096//1063
f 834//817 3319//3220 2519//2451
f 2519//2451 2518//2450 834//817
f 834//817 3391//3292 2520//2452
f 2520//2452 2367//2299 834//817
f 2366//2298 2521//2453 835//818
f 835//818 3389//3290 2517//2449
f 835//818 3390//3291 2519//2451
f 2519//2451 2366//2298 835//818
f 2365//2297 2522//2454 836//819
f 836//819 3388//3289 2516//2448
f 2516//2448 2521//2453 836//819
f 836//819 3318//3219 2365//2297
f 2364//2296 2523//2455 837//820
f 2523//2455 2515//2447 837//820
f 2515//2447 2522//2454 837//820
f 837//820 3317//3218 2364//2296
f 838//821 3315//3216 2524//2456
f 2524//2456 2514//2446 838//821
f 838//821 3387//3288 2523//2455
f 2523//2455 2363//2295 838//821
f 839//822 3314//3215 2525//2457
f 2525//2457 2513//2445 839//822
f 839//822 3386//3287 2524//2456
f 2524//2456 2362//2294 839//822
f 2525//2457 2361//2293 840//823
f 840//823 3309//3210 2360//2292
f 2360//2292 2512//2444 840//823
f 840//823 3385//3286 2525//2457
f 2533//2465 2512//2444 841//824
f 841//824 3310//3211 2354//2286
f 2354//2286 2526//2458 841//824
f 841//824 3392//3293 2533//2465
f 842//825 3385//3286 2533//2465
f 2533//2465 2527//2459 842//825
f 842//825 3393//3294 2534//2466
f 2534//2466 2513//2445 842//825
f 843//826 3386//3287 2534//2466
f 2534//2466 2528//2460 843//826
f 843//826 3394//3295 2535//2467
f 2535//2467 2514//2446 843//826
f 844//827 3387//3288 2535//2467
f 2535//2467 2529//2461 844//827
f 844//827 3395//3296 2536//2468
f 2536//2468 2515//2447 844//827
f 2516//2448 2536//2468 845//828
f 845//828 3395//3296 2530//2462
f 2530//2462 2537//2469 845//828
f 845//828 3389//3290 2516//2448
f 2517//2449 2537//2469 846//829
f 846//829 3396//3297 2531//2463
f 2531//2463 2538//2470 846//829
f 846//829 3390//3291 2517//2449
f 847//830 3390//3291 2538//2470
f 847//830 3397//3298 2532//2464
f 2532//2464 2539//2471 847//830
f 2539//2471 2518//2450 847//830
f 1103//1070 2505//2437 848//831
f 848//831 3320//3221 2520//2452
f 2520//2452 2540//2472 848//831
f 848//831 2693//2611 1103//1070
f 1101//1068 2540//2472 849//832
f 849//832 3391//3292 2539//2471
f 2539//2471 2541//2473 849//832
f 2541//2473 1101//1068 849//832
f 3688//3589 2526//2458 3662//3563
f 3662//3563 3311//3212 3687//3588
f 3491//3392 851//834 3486//3387
f 850//833 3399//3300 2558//2490
f 2559//2491 2542//2474 851//834
f 3312//3213 3489//3390 3493//3394
f 2550//2482 3487//3388 873//856
f 851//834 3407//3308 2559//2491
f 3663//3564 3392//3293 3688//3589
f 3399//3300 3481//3382 3483//3384
f 852//835 3400//3301 2560//2492
f 3689//3590 2527//2459 3663//3564
f 2551//2483 3477//3378 872//855
f 3399//3300 3480//3381 2558//2490
f 853//836 3408//3309 2561//2493
f 2561//2493 2543//2475 853//836
f 3664//3565 3393//3294 3689//3590
f 3408//3309 3472//3373 3474//3375
f 854//837 3401//3302 2562//2494
f 3690//3591 2528//2460 3664//3565
f 7414//7197 871//854 3467//3368
f 2560//2492 3465//3366 854//837
f 855//838 3409//3310 2563//2495
f 2563//2495 2544//2476 855//838
f 3665//3566 3394//3295 3690//3591
f 3459//3360 857//840 3456//3357
f 856//839 3402//3303 2564//2496
f 3691//3592 2529//2461 3665//3566
f 3401//3302 3461//3362 3463//3364
f 7402//7185 870//853 3457//3358
f 857//840 3410//3311 2565//2497
f 2565//2497 2545//2477 857//840
f 2530//2462 3691//3592 3666//3567
f 3402//3303 3450//3351 2564//2496
f 2546//2478 2566//2498 858//841
f 3666//3567 3396//3297 2530//2462
f 7390//7173 869//852 3447//3348
f 859//842 3448//3349 3446//3347
f 859//842 3411//3312 2567//2499
f 859//842 3403//3304 2546//2478
f 2531//2463 3692//3593 3667//3568
f 2567//2499 3444//3345 3441//3342
f 2547//2479 2568//2500 860//843
f 3667//3568 3397//3298 2531//2463
f 2567//2499 3443//3344 3403//3304
f 2555//2487 3437//3338 868//851
f 2555//2487 2569//2501 861//844
f 861//844 3404//3305 2547//2479
f 2532//2464 3693//3594 3668//3569
f 7366//7149 867//850 3427//3328
f 2548//2480 2570//2502 862//845
f 3668//3569 3398//3299 2532//2464
f 3429//3330 863//846 3426//3327
f 2569//2501 3433//3334 3404//3305
f 2556//2488 2571//2503 863//846
f 863//846 3405//3306 2548//2480
f 2549//2481 2572//2504 864//847
f 3695//3596 2541//2473 3669//3570
f 2541//2473 3694//3595 3669//3570
f 2549//2481 3416//3317 865//848
f 3413//3314 3422//3323 3424//3325
f 2575//2507 7358//7141 3422//3323
f 2557//2489 2573//2505 865//848
f 865//848 3406//3307 2549//2481
f 2557//2489 3417//3318 866//849
f 3419//3320 865//848 3416//3317
f 6400//6225 2576//2508 866//849
f 866//849 3414//3315 2557//2489
f 3404//3305 3430//3331 2568//2500
f 2577//2509 7370//7153 3432//3333
f 6399//6224 2575//2507 867//850
f 867//850 3413//3314 2556//2488
f 3403//3304 3440//3341 2566//2498
f 861//844 3438//3339 3436//3337
f 868//851 7343//7126 2577//2509
f 2577//2509 2555//2487 868//851
f 2565//2497 3454//3355 3451//3352
f 2579//2511 7394//7177 3452//3353
f 869//852 7342//7125 2578//2510
f 2578//2510 2554//2486 869//852
f 3401//3302 3460//3361 2562//2494
f 857//840 3458//3359 3456//3357
f 870//853 7341//7124 2579//2511
f 2579//2511 2553//2485 870//853
f 3400//3301 3470//3371 2560//2492
f 3469//3370 855//838 3466//3367
f 871//854 7340//7123 2580//2512
f 2580//2512 2552//2484 871//854
f 2543//2475 3476//3377 853//836
f 7426//7209 872//855 3477//3378
f 872//855 7339//7122 2581//2513
f 2581//2513 2551//2483 872//855
f 3312//3213 3488//3389 2355//2287
f 2583//2515 7442//7225 3492//3393
f 873//856 7338//7121 2582//2514
f 2582//2514 2550//2482 873//856
f 3305//3206 3499//3400 3503//3404
f 3305//3206 3498//3399 2339//2271
f 874//857 7337//7120 2583//2515
f 2583//2515 2358//2290 874//857
f 875//858 7336//7119 2584//2516
f 2584//2516 2342//2274 875//858
f 3289//3190 3550//3451 3552//3453
f 3540//3441 3554//3455 3535//3436
f 1102//1069 3695//3596 3670//3571
f 876//859 3406//3307 2586//2518
f 2586//2518 6413//6238 876//859
f 3670//3571 6553//6360 1102//1069
f 877//860 7346//7129 2586//2518
f 2586//2518 2573//2505 877//860
f 877//860 3414//3315 2576//2508
f 2576//2508 6414//6239 877//860
f 3415//3316 3423//3324 3418//3319
f 3418//3319 3421//3322 3416//3317
f 3416//3317 3424//3325 3419//3320
f 3419//3320 3422//3323 3417//3318
f 3417//3318 7358//7141 7354//7137
f 3405//3306 3420//3321 2570//2502
f 864//847 3420//3321 3415//3316
f 3415//3316 2549//2481 864//847
f 3405//3306 3421//3322 3423//3324
f 7354//7137 866//849 3417//3318
f 2571//2503 3424//3325 3421//3322
f 3425//3326 3433//3334 3428//3329
f 3428//3329 3431//3332 3426//3327
f 3426//3327 3434//3335 3429//3330
f 3429//3330 3432//3333 3427//3328
f 3427//3328 7370//7153 7366//7149
f 862//845 3430//3331 3425//3326
f 2569//2501 3434//3335 3431//3332
f 3425//3326 2548//2480 862//845
f 2548//2480 3426//3327 863//846
f 2556//2488 3427//3328 867//850
f 3412//3313 3432//3333 3434//3335
f 3435//3336 3443//3344 3438//3339
f 3438//3339 3441//3342 3436//3337
f 3441//3342 3439//3340 3436//3337
f 3437//3338 3444//3345 3442//3343
f 3442//3343 7378//7161 3437//3338
f 3411//3312 3442//3343 3444//3345
f 3439//3340 861//844 3436//3337
f 860//843 3440//3341 3435//3336
f 2578//2510 7382//7165 3442//3343
f 3435//3336 2547//2479 860//843
f 7378//7161 868//851 3437//3338
f 3445//3346 3453//3354 3448//3349
f 3448//3349 3451//3352 3446//3347
f 3451//3352 3449//3350 3446//3347
f 3449//3350 3452//3353 3447//3348
f 3452//3353 7390//7173 3447//3348
f 2554//2486 3447//3348 869//852
f 3449//3350 859//842 3446//3347
f 2564//2496 3445//3346 858//841
f 3410//3311 3452//3353 3454//3355
f 2565//2497 3453//3354 3402//3303
f 3445//3346 2546//2478 858//841
f 3460//3361 3458//3359 3455//3356
f 3456//3357 3463//3364 3461//3362
f 3461//3362 3459//3360 3456//3357
f 3457//3358 3464//3365 3462//3363
f 3462//3363 7402//7185 3457//3358
f 2562//2494 3455//3356 856//839
f 3409//3310 3462//3363 3464//3365
f 2563//2495 3464//3365 3461//3362
f 2553//2485 3457//3358 870//853
f 3455//3356 2545//2477 856//839
f 2580//2512 7406//7189 3462//3363
f 3470//3371 3468//3369 3465//3366
f 3466//3367 3473//3374 3471//3372
f 3471//3372 3469//3370 3466//3367
f 3467//3368 3474//3375 3472//3373
f 3472//3373 7414//7197 3467//3368
f 3400//3301 3471//3372 3473//3374
f 3465//3366 2544//2476 854//837
f 2581//2513 7418//7201 3472//3373
f 855//838 3468//3369 3466//3367
f 2561//2493 3474//3375 3471//3372
f 2552//2484 3467//3368 871//854
f 3480//3381 3478//3379 3475//3376
f 3476//3377 3483//3384 3481//3382
f 3481//3382 3479//3380 3476//3377
f 3477//3378 3484//3385 3482//3383
f 3482//3383 7426//7209 3477//3378
f 3407//3308 3482//3383 3484//3385
f 2559//2491 3484//3385 3481//3382
f 3479//3380 853//836 3476//3377
f 2582//2514 7430//7213 3482//3383
f 2558//2490 3475//3376 852//835
f 3475//3376 2543//2475 852//835
f 3488//3389 3490//3391 3485//3386
f 3486//3387 3493//3394 3489//3390
f 3489//3390 3491//3392 3486//3387
f 3487//3388 3494//3395 3492//3393
f 3492//3393 7438//7221 3487//3388
f 2355//2287 3485//3386 850//833
f 2356//2288 3494//3395 3489//3390
f 3485//3386 2542//2474 850//833
f 7438//7221 873//856 3487//3388
f 3313//3214 3492//3393 3494//3395
f 851//834 3490//3391 3486//3387
f 3495//3396 3503//3404 3499//3400
f 3499//3400 3501//3402 3495//3396
f 3498//3399 3500//3401 3496//3397
f 3497//3398 3504//3405 3502//3403
f 3502//3403 7450//7233 3497//3398
f 2340//2272 3504//3405 3499//3400
f 3496//3397 2357//2289 751//734
f 3306//3207 3502//3403 3504//3405
f 2358//2290 3497//3398 874//857
f 3501//3402 750//733 3495//3396
f 2584//2516 7454//7237 3502//3403
f 716//699 7487//7270 3530//3431
f 3533//3434 3526//3427 2284//2216
f 715//698 3531//3432 3532//3433
f 3280//3181 3523//3424 3519//3420
f 2297//2229 3520//3421 3521//3422
f 3530//3431 2288//2220 716//699
f 3517//3418 3530//3431 3518//3419
f 3532//3433 2286//2218 715//698
f 7494//7277 2297//2229 7190//6973
f 2585//2517 3537//3438 3536//3437
f 7335//7118 3536//3437 7494//7277
f 3536//3437 3279//3180 2297//2229
f 3538//3439 3288//3189 3539//3440
f 718//701 3526//3427 3529//3430
f 2286//2218 2284//2216 713//696
f 3537//3438 2308//2240 3538//3439
f 3538//3439 3280//3181 2296//2228
f 3537//3438 2296//2228 3279//3180
f 875//858 3540//3441 3535//3436
f 3539//3440 2307//2239 726//709
f 2308//2240 3552//3453 3546//3447
f 726//709 3280//3181 3539//3440
f 728//711 3545//3446 3543//3444
f 3541//3442 3553//3454 3556//3457
f 741//724 3534//3435 3541//3442
f 3535//3436 6391//6216 875//858
f 3541//3442 2342//2274 741//724
f 2308//2240 3551//3452 3288//3189
f 2309//2241 2341//2273 742//725
f 259//242 2837//2738 2246//2178
f 3555//3456 3541//3442 3556//3457
f 6044//5869 2246//2178 691//674
f 3547//3448 3546//3447 3542//3443
f 3546//3447 3548//3449 3542//3443
f 3545//3446 3547//3448 3543//3444
f 3544//3445 3552//3453 3550//3451
f 3550//3451 7509//7292 3544//3445
f 3544//3445 7516//7299 3554//3455
f 3542//3443 3555//3456 3556//3457
f 3554//3455 3548//3449 3544//3445
f 3556//3457 3547//3448 3542//3443
f 3543//3444 3553//3454 3549//3450
f 7516//7299 3535//3436 3554//3455
f 3288//3189 3545//3446 2307//2239
f 3524//3425 3523//3424 3529//3430
f 3528//3429 3519//3420 3524//3425
f 3525//3426 3522//3423 3528//3429
f 3521//3422 3525//3426 3527//3428
f 3527//3428 7475//7258 3521//3422
f 3518//3419 3525//3426 3517//3418
f 3516//3417 3524//3425 3515//3416
f 3518//3419 7481//7264 3527//3428
f 3528//3429 3517//3418 3525//3426
f 3529//3430 3515//3416 3524//3425
f 3530//3431 7471//7254 3518//3419
f 7190//6973 3521//3422 7475//7258
f 3512//3413 3511//3412 2574//2506
f 2574//2506 3507//3408 721//704
f 2574//2506 7458//7241 7463//7246
f 2574//2506 7456//7239 3512//3413
f 3513//3414 3509//3410 2291//2223
f 2291//2223 3508//3409 720//703
f 720//703 3511//3412 2291//2223
f 2291//2223 3506//3407 3513//3414
f 3514//3415 3509//3410 2290//2222
f 2290//2222 3505//3406 3510//3411
f 3505//3406 1985//1917 3138//3039
f 1980//1912 3508//3409 3134//3035
f 3560//3461 7527//7310 3557//3458
f 3557//3458 7536//7319 3565//3466
f 3565//3466 3564//3465 3557//3458
f 3557//3458 3569//3470 3560//3461
f 3566//3467 3563//3464 3558//3459
f 3558//3459 3568//3469 3561//3462
f 3561//3462 3564//3465 3558//3459
f 3558//3459 3571//3472 3566//3467
f 3562//3463 3563//3464 3559//3460
f 3559//3460 3570//3471 3567//3468
f 542//525 3562//3463 3559//3460
f 1952//1884 3569//3470 3561//3462
f 3573//3474 3575//3476 1987//1919
f 1987//1919 3582//3483 3576//3477
f 3572//3473 3574//3475 1958//1890
f 1958//1890 3581//3482 3577//3478
f 3577//3478 3575//3476 1958//1890
f 1958//1890 3580//3481 3572//3473
f 1957//1889 3579//3480 541//524
f 541//524 4267//4150 1957//1889
f 1957//1889 7545//7328 3578//3479
f 3578//3479 3574//3475 1957//1889
f 3572//3473 3117//3018 1942//1874
f 1948//1880 7545//7328 7014//6797
f 537//520 3583//3484 1959//1891
f 1959//1891 7557//7340 4262//4145
f 4262//4145 3584//3485 1959//1891
f 1959//1891 3591//3492 537//520
f 1945//1877 3592//3493 3589//3490
f 3589//3490 3588//3489 1945//1877
f 3589//3490 3586//3487 1944//1876
f 1944//1876 3590//3491 537//520
f 537//520 3587//3488 1944//1876
f 1944//1876 3593//3494 3589//3490
f 3084//2985 3584//3485 1881//1813
f 3588//3489 514//497 1945//1877
f 504//487 3620//3521 3594//3495
f 3594//3495 5666//5492 504//487
f 507//490 3621//3522 3595//3496
f 3595//3496 1875//1807 507//490
f 509//492 3622//3523 3596//3497
f 3596//3497 1884//1816 509//492
f 513//496 3623//3524 3597//3498
f 3597//3498 1889//1821 513//496
f 514//497 3624//3525 3598//3499
f 3598//3499 1893//1825 514//497
f 1943//1875 3599//3500 535//518
f 535//518 3624//3525 1897//1829
f 536//519 3625//3526 1943//1875
f 1946//1878 3600//3501 536//519
f 540//523 3626//3527 1946//1878
f 1953//1885 3601//3502 540//523
f 1962//1894 3602//3503 542//525
f 542//525 3627//3528 1953//1885
f 552//535 3629//3530 3603//3504
f 552//535 3628//3529 1962//1894
f 555//538 3630//3531 3604//3505
f 3604//3505 1981//1913 555//538
f 713//696 3631//3532 3605//3506
f 3605//3506 1988//1920 713//696
f 718//701 3632//3533 3606//3507
f 3606//3507 2284//2216 718//701
f 726//709 3633//3534 3607//3508
f 3607//3508 2295//2227 726//709
f 2309//2241 3608//3509 728//711
f 3608//3509 2307//2239 728//711
f 2339//2271 3609//3510 742//725
f 742//725 3634//3535 2309//2241
f 2355//2287 3610//3511 751//734
f 751//734 3635//3536 2339//2271
f 2558//2490 3611//3512 850//833
f 850//833 3636//3537 2355//2287
f 852//835 3637//3538 2558//2490
f 2560//2492 3612//3513 852//835
f 854//837 3638//3539 2560//2492
f 2562//2494 3613//3514 854//837
f 856//839 3639//3540 2562//2494
f 2564//2496 3614//3515 856//839
f 3615//3516 2564//2496 858//841
f 858//841 3641//3542 3615//3516
f 3616//3517 2566//2498 860//843
f 860//843 3642//3543 3616//3517
f 3617//3518 2568//2500 862//845
f 862//845 3643//3544 3617//3518
f 864//847 3644//3545 3618//3519
f 3618//3519 2570//2502 864//847
f 3619//3520 2572//2504 876//859
f 876//859 7615//7398 3619//3520
f 3594//3495 3676//3577 3645//3546
f 3645//3546 7590//7373 3594//3495
f 3595//3496 3677//3578 3646//3547
f 3646//3547 3620//3521 3595//3496
f 3622//3523 3647//3548 3596//3497
f 3647//3548 3621//3522 3596//3497
f 3597//3498 3679//3580 3648//3549
f 3648//3549 3622//3523 3597//3498
f 3598//3499 3671//3572 3649//3550
f 3649//3550 3623//3524 3598//3499
f 3625//3526 3650//3551 3599//3500
f 3599//3500 3671//3572 3624//3525
f 3600//3501 3680//3581 3625//3526
f 3626//3527 3651//3552 3600//3501
f 3601//3502 3681//3582 3626//3527
f 3627//3528 3652//3553 3601//3502
f 3628//3529 3653//3554 3602//3503
f 3602//3503 3682//3583 3627//3528
f 3603//3504 3684//3585 3654//3555
f 3603//3504 3683//3584 3628//3529
f 3604//3505 3672//3573 3655//3556
f 3604//3505 3684//3585 3629//3530
f 3605//3506 3673//3574 3656//3557
f 3656//3557 3630//3531 3605//3506
f 3606//3507 3674//3575 3657//3558
f 3657//3558 3631//3532 3606//3507
f 3607//3508 3685//3586 3658//3559
f 3658//3559 3632//3533 3607//3508
f 3634//3535 3659//3560 3608//3509
f 3659//3560 3633//3534 3608//3509
f 3635//3536 3660//3561 3609//3510
f 3609//3510 3675//3576 3634//3535
f 3636//3537 3661//3562 3610//3511
f 3610//3511 3686//3587 3635//3536
f 3637//3538 3662//3563 3611//3512
f 3611//3512 3687//3588 3636//3537
f 3612//3513 3688//3589 3637//3538
f 3638//3539 3663//3564 3612//3513
f 3613//3514 3689//3590 3638//3539
f 3639//3540 3664//3565 3613//3514
f 3614//3515 3690//3591 3639//3540
f 3640//3541 3665//3566 3614//3515
f 3666//3567 3640//3541 3615//3516
f 3615//3516 3692//3593 3666//3567
f 3667//3568 3641//3542 3616//3517
f 3616//3517 3693//3594 3667//3568
f 3668//3569 3642//3543 3617//3518
f 3617//3518 3694//3595 3668//3569
f 3618//3519 3695//3596 3669//3570
f 3669//3570 3643//3544 3618//3519
f 3670//3571 3644//3545 3619//3520
f 3619//3520 7668//7451 3670//3571
f 2246//2178 5105//4931 259//242
f 3696//3597 1272//1204 198//181
f 198//181 7684//7467 3696//3597
f 3697//3598 1273//1205 199//182
f 1272//1204 3697//3598 199//182
f 200//183 3713//3614 1274//1206
f 1273//1205 3698//3599 200//183
f 3699//3600 1275//1207 201//184
f 201//184 3713//3614 3699//3600
f 1277//1209 3700//3601 218//201
f 218//201 3717//3618 1279//1211
f 1279//1211 3701//3602 240//223
f 240//223 3718//3619 1280//1212
f 1298//1230 3702//3603 245//228
f 245//228 7696//7479 5068//4894
f 1304//1236 3703//3604 246//229
f 3703//3604 1298//1230 246//229
f 1275//1207 3704//3605 247//230
f 3704//3605 1276//1208 247//230
f 248//231 3724//3625 3705//3606
f 3705//3606 1304//1236 248//231
f 249//232 3721//3622 3706//3607
f 249//232 3724//3625 1308//1240
f 1282//1214 3707//3608 250//233
f 3707//3608 1283//1215 250//233
f 252//235 3715//3616 3708//3609
f 252//235 3716//3617 1277//1209
f 253//236 3718//3619 3709//3610
f 3709//3610 1281//1213 253//236
f 254//237 3719//3620 3710//3611
f 254//237 3720//3621 1282//1214
f 4622//4505 4822//4690 3725//3626
f 3725//3626 6417//6242 4622//4505
f 3725//3626 6418//6243 4606//4489
f 4822//4690 4797//4674 3725//3626
f 4797//4674 4790//4669 3726//3627
f 3726//3627 6418//6243 4797//4674
f 3726//3627 6419//6244 4607//4490
f 4790//4669 4748//4631 3726//3627
f 4748//4631 4791//4670 3727//3628
f 3727//3628 6419//6244 4748//4631
f 3727//3628 6420//6245 4608//4491
f 4791//4670 4796//4673 3727//3628
f 4796//4673 4780//4659 3728//3629
f 3728//3629 6420//6245 4796//4673
f 3728//3629 6421//6246 4609//4492
f 4780//4659 4803//4678 3728//3629
f 3729//3630 6416//6241 4604//4487
f 4781//4660 4804//4679 3729//3630
f 4795//4672 4781//4660 3729//3630
f 3729//3630 6415//6240 4795//4672
f 3730//3631 6422//6247 4610//4493
f 4768//4649 4620//4503 3730//3631
f 4803//4678 4768//4649 3730//3631
f 3730//3631 6421//6246 4803//4678
f 4804//4679 4769//4650 3731//3632
f 3731//3632 6416//6241 4804//4679
f 3731//3632 6417//6242 4605//4488
f 4769//4650 4622//4505 3731//3632
f 3732//3633 6440//6265 4636//4519
f 4619//4502 4637//4520 3732//3633
f 4638//4521 4619//4502 3732//3633
f 3732//3633 6441//6266 4638//4521
f 4640//4523 4614//4497 3733//3634
f 3733//3634 6436//6261 4640//4523
f 3733//3634 6435//6260 4631//4514
f 4614//4497 4639//4522 3733//3634
f 4641//4524 4615//4498 3734//3635
f 3734//3635 6437//6262 4641//4524
f 3734//3635 6436//6261 4632//4515
f 4615//4498 4640//4523 3734//3635
f 4642//4525 4616//4499 3735//3636
f 3735//3636 6438//6263 4642//4525
f 3735//3636 6437//6262 4633//4516
f 4616//4499 4641//4524 3735//3636
f 4644//4527 4617//4500 3736//3637
f 3736//3637 6439//6264 4644//4527
f 3736//3637 6438//6263 4634//4517
f 4617//4500 4642//4525 3736//3637
f 4645//4528 4612//4495 3737//3638
f 3737//3638 6434//6259 4645//4528
f 3737//3638 6433//6258 4629//4512
f 4612//4495 4643//4526 3737//3638
f 4637//4520 4618//4501 3738//3639
f 3738//3639 6440//6265 4637//4520
f 3738//3639 6439//6264 4635//4518
f 4618//4501 4644//4527 3738//3639
f 3739//3640 6434//6259 4630//4513
f 4613//4496 4645//4528 3739//3640
f 4639//4522 4613//4496 3739//3640
f 3739//3640 6435//6260 4639//4522
f 4654//4537 4740//4623 3740//3641
f 4630//4513 4654//4537 3740//3641
f 4732//4615 4630//4513 3740//3641
f 4740//4623 4732//4615 3740//3641
f 4734//4617 4636//4519 3741//3642
f 4741//4624 4734//4617 3741//3642
f 4656//4539 4741//4624 3741//3642
f 4636//4519 4656//4539 3741//3642
f 4735//4618 4631//4514 3742//3643
f 4742//4625 4735//4618 3742//3643
f 4732//4615 4742//4625 3742//3643
f 4631//4514 4732//4615 3742//3643
f 4736//4619 4632//4515 3743//3644
f 4743//4626 4736//4619 3743//3644
f 4735//4618 4743//4626 3743//3644
f 4632//4515 4735//4618 3743//3644
f 4737//4620 4633//4516 3744//3645
f 4744//4627 4737//4620 3744//3645
f 4736//4619 4744//4627 3744//3645
f 4633//4516 4736//4619 3744//3645
f 4739//4622 4634//4517 3745//3646
f 4745//4628 4739//4622 3745//3646
f 4737//4620 4745//4628 3745//3646
f 4634//4517 4737//4620 3745//3646
f 4654//4537 4629//4512 3746//3647
f 4746//4629 4654//4537 3746//3647
f 4738//4621 4746//4629 3746//3647
f 4629//4512 4738//4621 3746//3647
f 4656//4539 4635//4518 3747//3648
f 4747//4630 4656//4539 3747//3648
f 4739//4622 4747//4630 3747//3648
f 4635//4518 4739//4622 3747//3648
f 3748//3649 6449//6274 4652//4535
f 3748//3649 6542//6349 4834//4701
f 3748//3649 6541//6348 4842//4709
f 3748//3649 6448//6273 4671//4554
f 3749//3650 6444//6269 4647//4530
f 3749//3650 6544//6351 4836//4703
f 3749//3650 6543//6350 4843//4710
f 3749//3650 6443//6268 4673//4556
f 3750//3651 6542//6349 4844//4711
f 3750//3651 6449//6274 4834//4701
f 3750//3651 6450//6275 4653//4536
f 3750//3651 6545//6352 4837//4704
f 3751//3652 6445//6270 4648//4531
f 3751//3652 6546//6353 4838//4705
f 3751//3652 6544//6351 4845//4712
f 3751//3652 6444//6269 4836//4703
f 3752//3653 6446//6271 4649//4532
f 3752//3653 6547//6354 4839//4706
f 3752//3653 6546//6353 4846//4713
f 3752//3653 6445//6270 4838//4705
f 3753//3654 6447//6272 4650//4533
f 3753//3654 6548//6355 4840//4707
f 3753//3654 6547//6354 4847//4714
f 3753//3654 6446//6271 4839//4706
f 3754//3655 6448//6273 4651//4534
f 3754//3655 6541//6348 4671//4554
f 3754//3655 6548//6355 4848//4715
f 3754//3655 6447//6272 4840//4707
f 3755//3656 6443//6268 4646//4529
f 3755//3656 6543//6350 4673//4556
f 3755//3656 6549//6356 4849//4716
f 3755//3656 6442//6267 4841//4708
f 4689//4572 4669//4552 3756//3657
f 4686//4569 4689//4572 3756//3657
f 4688//4571 4686//4569 3756//3657
f 4669//4552 4688//4571 3756//3657
f 4691//4574 4664//4547 3757//3658
f 4681//4564 4691//4574 3757//3658
f 4690//4573 4681//4564 3757//3658
f 4664//4547 4690//4573 3757//3658
f 4692//4575 4670//4553 3758//3659
f 4687//4570 4692//4575 3758//3659
f 4689//4572 4687//4570 3758//3659
f 4670//4553 4689//4572 3758//3659
f 4693//4576 4665//4548 3759//3660
f 4682//4565 4693//4576 3759//3660
f 4691//4574 4682//4565 3759//3660
f 4665//4548 4691//4574 3759//3660
f 4694//4577 4666//4549 3760//3661
f 4683//4566 4694//4577 3760//3661
f 4693//4576 4683//4566 3760//3661
f 4666//4549 4693//4576 3760//3661
f 4695//4578 4667//4550 3761//3662
f 4684//4567 4695//4578 3761//3662
f 4694//4577 4684//4567 3761//3662
f 4667//4550 4694//4577 3761//3662
f 4688//4571 4668//4551 3762//3663
f 4685//4568 4688//4571 3762//3663
f 4695//4578 4685//4568 3762//3663
f 4668//4551 4695//4578 3762//3663
f 4690//4573 4663//4546 3763//3664
f 3763//3664 6461//6286 4690//4573
f 4696//4579 4680//4563 3763//3664
f 4663//4546 4696//4579 3763//3664
f 3764//3665 6467//6292 4686//4569
f 4703//4586 4706//4589 3764//3665
f 4705//4588 4703//4586 3764//3665
f 3764//3665 6466//6291 4705//4588
f 4707//4590 4698//4581 3765//3666
f 3765//3666 6461//6286 4707//4590
f 3765//3666 6462//6287 4681//4564
f 4698//4581 4708//4591 3765//3666
f 3766//3667 6468//6293 4687//4570
f 4704//4587 4709//4592 3766//3667
f 4706//4589 4704//4587 3766//3667
f 3766//3667 6467//6292 4706//4589
f 3767//3668 6463//6288 4682//4565
f 4699//4582 4710//4593 3767//3668
f 4708//4591 4699//4582 3767//3668
f 3767//3668 6462//6287 4708//4591
f 3768//3669 6464//6289 4683//4566
f 4700//4583 4711//4594 3768//3669
f 4710//4593 4700//4583 3768//3669
f 3768//3669 6463//6288 4710//4593
f 4711//4594 4701//4584 3769//3670
f 3769//3670 6464//6289 4711//4594
f 3769//3670 6465//6290 4684//4567
f 4701//4584 4712//4595 3769//3670
f 4712//4595 4702//4585 3770//3671
f 3770//3671 6465//6290 4712//4595
f 3770//3671 6466//6291 4685//4568
f 4702//4585 4705//4588 3770//3671
f 4713//4596 4697//4580 3771//3672
f 3771//3672 6460//6285 4713//4596
f 4707//4590 4680//4563 3771//3672
f 3771//3672 6470//6295 4707//4590
f 4763//4644 4697//4580 3772//3673
f 4756//4637 4763//4644 3772//3673
f 3772//3673 6504//6328 4756//4637
f 4697//4580 4722//4605 3772//3673
f 3773//3674 6529//6344 4757//4638
f 4703//4586 4724//4607 3773//3674
f 4787//4666 4703//4586 3773//3674
f 3773//3674 6528//6343 4787//4666
f 4789//4668 4698//4581 3774//3675
f 3774//3675 6527//6342 4789//4668
f 3774//3675 6503//6327 4755//4636
f 3774//3675 6470//6295 4763//4644
f 3775//3676 6528//6343 4778//4657
f 4704//4587 4787//4666 3775//3676
f 4759//4640 4704//4587 3775//3676
f 3775//3676 6502//6326 4759//4640
f 3776//3677 6527//6342 4779//4658
f 4699//4582 4789//4668 3776//3677
f 4758//4639 4699//4582 3776//3677
f 3776//3677 6501//6325 4758//4639
f 4784//4663 4700//4583 3777//3678
f 3777//3678 6524//6339 4784//4663
f 3777//3678 6501//6325 4782//4661
f 4700//4583 4758//4639 3777//3678
f 4783//4662 4701//4584 3778//3679
f 3778//3679 6523//6338 4783//4662
f 3778//3679 6524//6339 4750//4633
f 4701//4584 4784//4663 3778//3679
f 4724//4607 4702//4585 3779//3680
f 3779//3680 6529//6344 4724//4607
f 3779//3680 6523//6338 4749//4632
f 4702//4585 4783//4662 3779//3680
f 3780//3681 6488//6313 4740//4623
f 4647//4530 4655//4538 3780//3681
f 4731//4614 4647//4530 3780//3681
f 3780//3681 6487//6312 4731//4614
f 3781//3682 6490//6315 4741//4624
f 4653//4536 4657//4540 3781//3682
f 4733//4616 4653//4536 3781//3682
f 3781//3682 6489//6314 4733//4616
f 4655//4538 4648//4531 3782//3683
f 3782//3683 6488//6313 4655//4538
f 3782//3683 6491//6316 4742//4625
f 4648//4531 4658//4541 3782//3683
f 3783//3684 6492//6317 4743//4626
f 4649//4532 4659//4542 3783//3684
f 4658//4541 4649//4532 3783//3684
f 3783//3684 6491//6316 4658//4541
f 4659//4542 4650//4533 3784//3685
f 3784//3685 6492//6317 4659//4542
f 3784//3685 6493//6318 4744//4627
f 4650//4533 4660//4543 3784//3685
f 4660//4543 4651//4534 3785//3686
f 3785//3686 6493//6318 4660//4543
f 3785//3686 6495//6320 4745//4628
f 4651//4534 4662//4545 3785//3686
f 4661//4544 4646//4529 3786//3687
f 3786//3687 6494//6319 4661//4544
f 3786//3687 6487//6312 4746//4629
f 4646//4529 4731//4614 3786//3687
f 4662//4545 4652//4535 3787//3688
f 3787//3688 6495//6320 4662//4545
f 3787//3688 6489//6314 4747//4630
f 4652//4535 4733//4616 3787//3688
f 3788//3689 6512//6332 4780//4659
f 4809//3715 4766//4647 3788//3689
f 4786//4665 4809//3715 3788//3689
f 3788//3689 6506//6330 4786//4665
f 4800//4677 4770//3714 3789//3690
f 3789//3690 6426//6251 4800//4677
f 3789//3690 6425//6250 4613//4496
f 3789//3690 6534//4643 4628//4511
f 4628//4511 4752//3716 3790//3691
f 3790//3691 6425//6250 4628//4511
f 3790//3691 6424//6249 4612//4495
f 4752//3716 4626//4509 3790//3691
f 4725//4608 4757//4638 3791//3692
f 4720//4603 4725//4608 3791//3692
f 3791//3692 6484//6309 4720//4603
f 4757//4638 4788//4667 3791//3692
f 3792//3693 6503//6327 4756//4637
f 4714//4597 4723//4606 3792//3693
f 3792//3693 6478//6303 4714//4597
f 4756//4637 4764//4645 3792//3693
f 4788//4667 4749//4632 3793//3694
f 3793//3694 6484//6309 4788//4667
f 3793//3694 6483//6308 4719//4602
f 4749//4632 4730//4613 3793//3694
f 3794//3695 6510//4656 4801//3721
f 3794//3695 6427//6252 4623//4506
f 3794//3695 6426//6251 4614//4497
f 4801//3721 4800//4677 3794//3695
f 3795//3696 6535//4642 4751//3715
f 3795//3696 6430//6255 4627//4510
f 3795//3696 6429//6254 4617//4500
f 4751//3715 4625//4508 3795//3696
f 3796//3697 6481//6306 4717//4600
f 4782//4661 4728//4611 3796//3697
f 4729//4612 4782//4661 3796//3697
f 3796//3697 6482//6307 4729//4612
f 3797//3698 6539//4655 4810//3698
f 3797//3698 6532//4655 4776//4655
f 4753//4634 4812//3698 3797//3698
f 4810//3698 4753//4634 3797//3698
f 3798//3699 6485//6310 4721//4604
f 4778//4657 4725//4608 3798//3699
f 4727//4610 4778//4657 3798//3699
f 3798//3699 6486//6311 4727//4610
f 3799//3700 6532//4655 4812//3698
f 3799//3700 6429//6254 4625//4508
f 3799//3700 6428//6253 4616//4499
f 4812//3698 4624//4507 3799//3700
f 3800//3701 6506//6330 4791//4670
f 3800//3701 6539//4655 4786//4665
f 4818//4686 4810//3698 3800//3701
f 3800//3701 6526//6341 4818//4686
f 4728//4611 4779//4658 3801//3702
f 3801//3702 6481//6306 4728//4611
f 3801//3702 6480//6305 4716//4599
f 4779//4658 4726//4609 3801//3702
f 3802//3703 6479//6304 4715//4598
f 4755//4636 4723//4606 3802//3703
f 4726//4609 4755//4636 3802//3703
f 3802//3703 6480//6305 4726//4609
f 3803//3704 6513//6333 4823//4691
f 4811//3712 4767//4648 3803//3704
f 4821//4689 4811//3712 3803//3704
f 3803//3704 6531//6346 4821//4689
f 4730//4613 4750//4633 3804//3705
f 3804//3705 6483//6308 4730//4613
f 3804//3705 6482//6307 4718//4601
f 4750//4633 4729//4612 3804//3705
f 4799//4676 4771//3722 3805//3706
f 3805//3706 6431//6256 4799//4676
f 3805//3706 6430//6255 4618//4501
f 4771//3722 4627//4510 3805//3706
f 3806//3707 6511//6331 4781//4660
f 4824//3716 4765//4646 3806//3707
f 4819//4687 4824//3716 3806//3707
f 3806//3707 6525//6340 4819//4687
f 3807//3708 6530//6345 4769//4650
f 4817//3714 4820//4688 3807//3708
f 3807//3708 6518//4643 4817//3714
f 3807//3708 6511//6331 4765//4646
f 3808//3709 6505//6329 4822//4690
f 3808//3709 6540//4656 4785//4664
f 4820//4688 4816//3721 3808//3709
f 3808//3709 6530//6345 4820//4688
f 4621//4504 4802//3712 3809//3710
f 3809//3710 6432//6257 4621//4504
f 3809//3710 6431//6256 4619//4502
f 4802//3712 4799//4676 3809//3710
f 4624//4507 4813//3723 3810//3711
f 3810//3711 6428//6253 4624//4507
f 3810//3711 6427//6252 4615//4498
f 4813//3723 4623//4506 3810//3711
f 4760//4641 4811//3712 3811//3712
f 4802//3712 4760//4641 3811//3712
f 4772//4651 4802//3712 3811//3712
f 4811//3712 4772//4651 3811//3712
f 3812//3713 6519//6334 4827//4694
f 4721//4604 4814//4684 3812//3713
f 4775//4654 4721//4604 3812//3713
f 4827//4694 4775//4654 3812//3713
f 4773//4652 4817//3714 3813//3714
f 4770//3714 4773//4652 3813//3714
f 3813//3714 6534//4643 4770//3714
f 3813//3714 6518//4643 4762//4643
f 3814//3715 6517//4642 4809//3715
f 3814//3715 6535//4642 4761//4642
f 4776//4655 4751//3715 3814//3715
f 4809//3715 4776//4655 3814//3715
f 4762//4643 4824//3716 3815//3716
f 4752//3716 4762//4643 3815//3716
f 4754//4635 4752//3716 3815//3716
f 4824//3716 4754//4635 3815//3716
f 4806//4681 4719//4602 3816//3717
f 4826//4693 4806//4681 3816//3717
f 4807//4682 4826//4693 3816//3717
f 4719//4602 4807//4682 3816//3717
f 3817//3718 6531//6346 4768//4649
f 4794//3722 4821//4689 3817//3718
f 4766//4647 4794//3722 3817//3718
f 3817//3718 6512//6332 4766//4647
f 4805//4680 4830//4697 3818//3719
f 4715//4598 4805//4680 3818//3719
f 4815//4685 4715//4598 3818//3719
f 3818//3719 6498//6322 4815//4685
f 3819//3720 6526//6341 4790//4669
f 4793//3723 4818//4686 3819//3720
f 4785//4664 4793//3723 3819//3720
f 3819//3720 6505//6329 4785//4664
f 3820//3721 6540//4656 4816//3721
f 3820//3721 6510//4656 4777//4656
f 4773//4652 4801//3721 3820//3721
f 4816//3721 4773//4652 3820//3721
f 4772//4651 4794//3722 3821//3722
f 4771//3722 4772//4651 3821//3722
f 4761//4642 4771//3722 3821//3722
f 4794//3722 4761//4642 3821//3722
f 4753//4634 4793//3723 3822//3723
f 4813//3723 4753//4634 3822//3723
f 4777//4656 4813//3723 3822//3723
f 4793//3723 4777//4656 3822//3723
f 4774//4653 4829//4696 3823//3724
f 4717//4600 4774//4653 3823//3724
f 4792//4671 4717//4600 3823//3724
f 3823//3724 6522//6337 4792//4671
f 4774//4653 4716//4599 3824//3725
f 3824//3725 6497//6321 4774//4653
f 4815//4685 4832//4699 3824//3725
f 4716//4599 4815//4685 3824//3725
f 4792//4671 4828//4695 3825//3726
f 4718//4601 4792//4671 3825//3726
f 4807//4682 4718//4601 3825//3726
f 3825//3726 6521//6336 4807//4682
f 3826//3727 6479//6304 4714//4597
f 3826//3727 6499//6323 4805//4680
f 4808//4683 4831//4698 3826//3727
f 4714//4597 4808//4683 3826//3727
f 3827//3728 6485//6310 4720//4603
f 4825//4692 4814//4684 3827//3728
f 3827//3728 6520//6335 4825//4692
f 4720//4603 4806//4681 3827//3728
f 4672//4555 4842//4709 3828//3729
f 3828//3729 6458//6283 4672//4555
f 3828//3729 6457//6282 4669//4552
f 4842//4709 4833//4700 3828//3729
f 3829//3730 6452//6277 4664//4547
f 4843//4710 4835//4702 3829//3730
f 4674//4557 4843//4710 3829//3730
f 3829//3730 6453//6278 4674//4557
f 3830//3731 6458//6283 4670//4553
f 4844//4711 4672//4555 3830//3731
f 4675//4558 4844//4711 3830//3731
f 3830//3731 6459//6284 4675//4558
f 4676//4559 4845//4712 3831//3732
f 3831//3732 6454//6279 4676//4559
f 3831//3732 6453//6278 4665//4548
f 4845//4712 4674//4557 3831//3732
f 3832//3733 6454//6279 4666//4549
f 4846//4713 4676//4559 3832//3733
f 4677//4560 4846//4713 3832//3733
f 3832//3733 6455//6280 4677//4560
f 4678//4561 4847//4714 3833//3734
f 3833//3734 6456//6281 4678//4561
f 3833//3734 6455//6280 4667//4550
f 4847//4714 4677//4560 3833//3734
f 4833//4700 4848//4715 3834//3735
f 3834//3735 6457//6282 4833//4700
f 3834//3735 6456//6281 4668//4551
f 4848//4715 4678//4561 3834//3735
f 4835//4702 4849//4716 3835//3736
f 3835//3736 6452//6277 4835//4702
f 3835//3736 6451//6276 4663//4546
f 4849//4716 4679//4562 3835//3736
f 4858//4725 4854//4721 3836//3737
f 3836//3737 6497//6321 4858//4725
f 4859//4726 4829//4696 3836//3737
f 3836//3737 6557//6364 4859//4726
f 4862//4729 4855//4722 3837//3738
f 3837//3738 6499//6323 4862//4729
f 4863//4730 4830//4697 3837//3738
f 3837//3738 6551//6358 4863//4730
f 4864//4731 4850//4717 3838//3739
f 4825//4692 4864//4731 3838//3739
f 3838//3739 6519//6334 4825//4692
f 4850//4717 4865//4732 3838//3739
f 4860//4727 4856//4723 3839//3740
f 3839//3740 6500//6324 4860//4727
f 4862//4729 4831//4698 3839//3740
f 3839//3740 6552//6359 4862//4729
f 3840//3741 6556//6363 4851//4718
f 3840//3741 6521//6336 4866//4733
f 3840//3741 6520//6335 4826//4693
f 4851//4718 4864//4731 3840//3741
f 4863//4730 4857//4724 3841//3742
f 3841//3742 6498//6322 4863//4730
f 4858//4725 4832//4699 3841//3742
f 3841//3742 6550//6357 4858//4725
f 3842//3743 6554//6361 4852//4719
f 4827//4694 4865//4732 3842//3743
f 3842//3743 6538//6347 4827//4694
f 4852//4719 4861//4728 3842//3743
f 3843//3744 6557//6364 4853//4720
f 3843//3744 6522//6337 4859//4726
f 4866//4733 4828//4695 3843//3744
f 4853//4720 4866//4733 3843//3744
f 3844//3745 6567//128 4874//128
f 4611//4494 4876//4735 3844//3745
f 4875//4734 4611//4494 3844//3745
f 3844//3745 6566//128 4875//4734
f 3845//3746 6562//128 4869//128
f 4606//4489 4878//4737 3845//3746
f 4877//4736 4606//4489 3845//3746
f 3845//3746 6561//128 4877//4736
f 4878//4737 4607//4490 3846//3747
f 3846//3747 6562//128 4878//4737
f 3846//3747 6563//128 4870//128
f 4607//4490 4879//4738 3846//3747
f 4879//4738 4608//4491 3847//3748
f 3847//3748 6563//128 4879//4738
f 3847//3748 6564//128 4871//128
f 4608//4491 4880//4739 3847//3748
f 4880//4739 4609//4492 3848//3749
f 3848//3749 6564//128 4880//4739
f 3848//3749 6565//128 4872//128
f 4609//4492 4882//4741 3848//3749
f 3849//3750 6560//128 4867//128
f 4604//4487 4883//4742 3849//3750
f 4881//4740 4604//4487 3849//3750
f 3849//3750 6559//128 4881//4740
f 3850//3751 6566//128 4873//128
f 4610//4493 4875//4734 3850//3751
f 4882//4741 4610//4493 3850//3751
f 3850//3751 6565//128 4882//4741
f 4883//4742 4605//4488 3851//3752
f 3851//3752 6560//128 4883//4742
f 3851//3752 6561//128 4868//128
f 4605//4488 4877//4736 3851//3752
f 4892//128 4869//128 3852//128
f 3852//128 6570//128 4892//128
f 4893//128 4886//128 3852//128
f 4869//128 4893//128 3852//128
f 4893//128 4870//128 3853//128
f 3853//128 6571//128 4893//128
f 3853//128 6572//128 4887//128
f 4870//128 4895//128 3853//128
f 3854//128 6573//128 4888//128
f 4871//128 4896//128 3854//128
f 4895//128 4871//128 3854//128
f 3854//128 6572//128 4895//128
f 3855//128 6574//128 4889//128
f 4872//128 4898//128 3855//128
f 4896//128 4872//128 3855//128
f 4889//128 4896//128 3855//128
f 4899//128 4884//128 3856//128
f 4867//128 4899//128 3856//128
f 4897//128 4867//128 3856//128
f 3856//128 6568//128 4897//128
f 4900//128 4890//128 3857//128
f 4873//128 4900//128 3857//128
f 4898//128 4873//128 3857//128
f 3857//128 6574//128 4898//128
f 4899//128 4868//128 3858//128
f 4885//128 4899//128 3858//128
f 3858//128 6570//128 4885//128
f 4868//128 4892//128 3858//128
f 3859//128 6576//128 4891//128
f 4874//128 4894//128 3859//128
f 4900//128 4874//128 3859//128
f 4891//128 4900//128 3859//128
f 3860//128 6579//128 4904//128
f 4911//128 4907//128 3860//128
f 3860//128 6577//128 4911//128
f 4904//128 4905//128 3860//128
f 4903//128 4906//128 3861//128
f 3861//128 6575//128 4903//128
f 4909//128 4890//128 3861//128
f 3861//128 6581//128 4909//128
f 3862//3753 6423//6248 4611//4494
f 4823//4691 4798//4675 3862//3753
f 4620//4503 4823//4691 3862//3753
f 3862//3753 6422//6247 4620//4503
f 4888//128 4901//128 3863//128
f 4887//128 4888//128 3863//128
f 4902//128 4887//128 3863//128
f 3863//128 6579//128 4902//128
f 4885//128 4912//128 3864//128
f 3864//128 6569//128 4885//128
f 4908//128 4910//128 3864//128
f 3864//128 6582//128 4908//128
f 4910//128 4913//128 3865//128
f 3865//128 6569//128 4910//128
f 3865//128 6568//128 4884//128
f 4911//128 4914//128 3866//128
f 3866//128 6582//128 4911//128
f 3866//128 6578//128 4908//128
f 3867//128 6580//128 4915//128
f 3867//128 6581//128 4906//128
f 4915//128 4905//128 3867//128
f 4902//128 4907//128 3868//128
f 3868//128 6571//128 4902//128
f 4912//128 4886//128 3868//128
f 3868//128 6582//128 4912//128
f 3869//128 6581//128 4904//128
f 4889//128 4909//128 3869//128
f 3869//128 6573//128 4889//128
f 4904//128 4901//128 3869//128
f 4916//128 4903//128 3870//128
f 3870//128 6576//128 4916//128
f 3870//128 6575//128 4891//128
f 3871//3754 6729//6512 5176//5002
f 3871//3754 6585//6368 5174//5000
f 3871//3754 6586//6369 4918//4744
f 5176//5002 5190//5016 3871//3754
f 3872//3755 6738//6521 5173//4999
f 4920//4746 5190//5016 3872//3755
f 3872//3755 6583//6366 4920//4746
f 5173//4999 5189//5015 3872//3755
f 3873//3756 6737//6520 5183//5009
f 4917//4743 5189//5015 3873//3756
f 3873//3756 6587//6370 4917//4743
f 5183//5009 5191//5017 3873//3756
f 5191//5017 5182//5008 3874//3757
f 3874//3757 6587//6370 5191//5017
f 5188//5014 4921//4747 3874//3757
f 3874//3757 6735//6518 5188//5014
f 5188//5014 5184//5010 3875//3758
f 3875//3758 6588//6371 5188//5014
f 5154//4980 4922//4748 3875//3758
f 3875//3758 6718//6501 5154//4980
f 5154//4980 5181//5007 3876//3759
f 3876//3759 6589//6372 5154//4980
f 3876//3759 6590//6373 4923//4749
f 5181//5007 5153//4979 3876//3759
f 3877//3760 6717//6500 5194//5020
f 4924//4750 5153//4979 3877//3760
f 3877//3760 6591//6374 4924//4750
f 5194//5020 5155//4981 3877//3760
f 5155//4981 5193//5019 3878//3761
f 4925//4751 5155//4981 3878//3761
f 3878//3761 6592//6375 4925//4751
f 3878//3761 6715//6498 5152//4978
f 5152//4978 5195//5021 3879//3762
f 4927//4753 5152//4978 3879//3762
f 5175//5001 4927//4753 3879//3762
f 3879//3762 6730//6513 5175//5001
f 4936//4762 5192//5018 3880//3763
f 4946//4772 4936//4762 3880//3763
f 4935//4761 4946//4772 3880//3763
f 3880//3763 6730//6513 4935//4761
f 3881//3764 6603//6386 4951//4777
f 4939//4765 4947//4773 3881//3764
f 4953//4779 4939//4765 3881//3764
f 4951//4777 4953//4779 3881//3764
f 4951//4777 4948//4774 3882//3765
f 3882//3765 6607//6390 4951//4777
f 4949//4775 4954//4780 3882//3765
f 3882//3765 6604//6387 4949//4775
f 4953//4779 4952//4778 3883//3766
f 3883//3766 6595//6378 4953//4779
f 4955//4781 4940//4766 3883//3766
f 3883//3766 6608//6391 4955//4781
f 3884//3767 6605//6388 4950//4776
f 4952//4778 4954//4780 3884//3767
f 4956//4782 4952//4778 3884//3767
f 4950//4776 4956//4782 3884//3767
f 3885//3768 6611//6394 4959//4785
f 4938//4764 4960//4786 3885//3768
f 3885//3768 6594//6377 4938//4764
f 4959//4785 4947//4773 3885//3768
f 4959//4785 4961//4787 3886//3769
f 3886//3769 6603//6386 4959//4785
f 4957//4783 4948//4774 3886//3769
f 3886//3769 6609//6392 4957//4783
f 3887//3770 6593//6376 4937//4763
f 4962//4788 4960//4786 3887//3770
f 3887//3770 6612//6395 4962//4788
f 4937//4763 4963//4789 3887//3770
f 3888//3771 6611//6394 4962//4788
f 4958//4784 4961//4787 3888//3771
f 3888//3771 6610//6393 4958//4784
f 4962//4788 4964//4790 3888//3771
f 3889//3772 6625//6408 4979//4805
f 3889//3772 6617//6400 4977//4803
f 4927//4753 4978//4804 3889//3772
f 3889//3772 6592//6375 4927//4753
f 3890//3773 6621//6404 4981//4807
f 4980//4806 4973//4799 3890//3773
f 3890//3773 6589//6372 4980//4806
f 4981//4807 4922//4748 3890//3773
f 3891//3774 6616//6399 4983//4809
f 4982//4808 4968//4794 3891//3774
f 3891//3774 6587//6370 4982//4808
f 4983//4809 4917//4743 3891//3774
f 3892//3775 6622//6405 4980//4806
f 3892//3775 6623//6406 4974//4800
f 4923//4749 4984//4810 3892//3775
f 4980//4806 4923//4749 3892//3775
f 4969//4795 4986//4812 3893//3776
f 3893//3776 6619//6402 4969//4795
f 3893//3776 6586//6369 4985//4811
f 4986//4812 4918//4744 3893//3776
f 4975//4801 4984//4810 3894//3777
f 3894//3777 6624//6407 4975//4801
f 4924//4750 4987//4813 3894//3777
f 3894//3777 6590//6373 4924//4750
f 3895//3778 6585//6368 4986//4812
f 4978//4804 4919//4745 3895//3778
f 3895//3778 6617//6400 4978//4804
f 3895//3778 6618//6401 4970//4796
f 3896//3779 6624//6407 4987//4813
f 4979//4805 4976//4802 3896//3779
f 4925//4751 4979//4805 3896//3779
f 3896//3779 6591//6374 4925//4751
f 3897//3780 6619//6402 4985//4811
f 3897//3780 6616//6399 4971//4797
f 4920//4746 4983//4809 3897//3780
f 4985//4811 4920//4746 3897//3780
f 3898//3781 6620//6403 4982//4808
f 3898//3781 6621//6404 4972//4798
f 3898//3781 6588//6371 4981//4807
f 4982//4808 4921//4747 3898//3781
f 3899//3782 6618//6401 4969//4795
f 3899//3782 6626//6409 4989//4815
f 4971//4797 4991//4817 3899//3782
f 3899//3782 6619//6402 4971//4797
f 3900//3783 6616//6399 4968//4794
f 4990//4816 4991//4817 3900//3783
f 3900//3783 6627//6410 4990//4816
f 4968//4794 4992//4818 3900//3783
f 3901//3784 6620//6403 4972//4798
f 4988//4814 4992//4818 3901//3784
f 3901//3784 6622//6405 4988//4814
f 3901//3784 6621//6404 4973//4799
f 4988//4814 4974//4800 3902//3785
f 3902//3785 6627//6410 4988//4814
f 4975//4801 4993//4819 3902//3785
f 3902//3785 6623//6406 4975//4801
f 3903//3786 6624//6407 4976//4802
f 4990//4816 4993//4819 3903//3786
f 3903//3786 6626//6409 4990//4816
f 3903//3786 6625//6408 4994//4820
f 3904//3787 6626//6409 4994//4820
f 4970//4796 4989//4815 3904//3787
f 4977//4803 4970//4796 3904//3787
f 4994//4820 4977//4803 3904//3787
f 4966//4792 4995//4821 3905//3788
f 3905//3788 6600//6383 4966//4792
f 4965//4791 4945//4771 3905//3788
f 3905//3788 6613//6396 4965//4791
f 3906//3789 6615//6398 4996//4822
f 4944//4770 4967//4793 3906//3789
f 3906//3789 6600//6383 4944//4770
f 4996//4822 4966//4792 3906//3789
f 3907//3790 6628//6411 4998//4824
f 4943//4769 4997//4823 3907//3790
f 3907//3790 6599//6382 4943//4769
f 4998//4824 4967//4793 3907//3790
f 3908//3791 6629//6412 4999//4825
f 4942//4768 5000//4826 3908//3791
f 3908//3791 6598//6381 4942//4768
f 4999//4825 4997//4823 3908//3791
f 3909//3792 6630//6413 5001//4827
f 4941//4767 5002//4828 3909//3792
f 3909//3792 6597//6380 4941//4767
f 5001//4827 5000//4826 3909//3792
f 3910//3793 6596//6379 4955//4781
f 3910//3793 6630//6413 5002//4828
f 5004//4830 5003//4829 3910//3793
f 3910//3793 6608//6391 5004//4830
f 5005//4831 5006//4832 3911//3794
f 3911//3794 6606//6389 5005//4831
f 5004//4830 4956//4782 3911//3794
f 3911//3794 6631//6414 5004//4830
f 5007//4833 4998//4824 3912//3795
f 3912//3795 6633//6416 5007//4833
f 3912//3795 6634//6417 5009//4835
f 4998//4824 5008//4834 3912//3795
f 3913//3796 6633//6416 5009//4835
f 5012//4838 5010//4836 3913//3796
f 5011//4837 5012//4838 3913//3796
f 3913//3796 6634//6417 5011//4837
f 3914//3797 6702//6485 5137//4963
f 5020//4846 5128//4954 3914//3797
f 3914//3797 6642//6425 5020//4846
f 5137//4963 5129//4955 3914//3797
f 5048//4874 5012//4838 3915//3798
f 3915//3798 6639//6422 5048//4874
f 5085//4911 5018//4844 3915//3798
f 3915//3798 6636//6419 5085//4911
f 5019//4845 5018//4844 3916//3799
f 3916//3799 6641//6424 5019//4845
f 5020//4846 5021//4847 3916//3799
f 3916//3799 6640//6423 5020//4846
f 5022//4848 5021//4847 3917//3800
f 5024//4850 5022//4848 3917//3800
f 5023//4849 5024//4850 3917//3800
f 3917//3800 6642//6425 5023//4849
f 3918//3801 6643//6426 5024//4850
f 5028//4854 5027//4853 3918//3801
f 3918//3801 6646//6429 5028//4854
f 5024//4850 5026//4852 3918//3801
f 5026//4852 5025//4851 3919//3802
f 5030//4856 5026//4852 3919//3802
f 3919//3802 6648//6431 5030//4856
f 5025//4851 5029//4855 3919//3802
f 5031//4857 5033//4859 3920//3803
f 3920//3803 6645//6428 5031//4857
f 5032//4858 5029//4855 3920//3803
f 3920//3803 6650//6433 5032//4858
f 5034//4860 5036//4862 3921//3804
f 3921//3804 6649//6432 5034//4860
f 5035//4861 5033//4859 3921//3804
f 3921//3804 6652//6435 5035//4861
f 7685//7468 5138//4964 7669//7452
f 3922//3805 6658//6441 5042//4868
f 5041//4867 5054//4880 3922//3805
f 7669//7452 6695//6478 7684//7467
f 7670//7453 6697//6480 5139//4965
f 3923//3806 6659//6442 5043//4869
f 3923//3806 6658//6441 5055//4881
f 5139//4965 7685//7468 7670//7453
f 7671//7454 6698//6481 5140//4966
f 5056//4882 5044//4870 3924//3807
f 5043//4869 5056//4882 3924//3807
f 5140//4966 7686//7469 7671//7454
f 7672//7455 6699//6482 5141//4967
f 5057//4883 5045//4871 3925//3808
f 5044//4870 5057//4883 3925//3808
f 5141//4967 7687//7470 7672//7455
f 5087//4913 5092//4918 3926//3809
f 3926//3809 6657//6440 5087//4913
f 5088//4914 5054//4880 3926//3809
f 3926//3809 6638//6421 5088//4914
f 3927//3810 6638//6421 5093//4919
f 5055//4881 5088//4914 3927//3810
f 5089//4915 5055//4881 3927//3810
f 3927//3810 6653//6436 5089//4915
f 5089//4915 5094//4920 3928//3811
f 3928//3811 6659//6442 5089//4915
f 3928//3811 6660//6443 5056//4882
f 5094//4920 5090//4916 3928//3811
f 5090//4916 5095//4921 3929//3812
f 3929//3812 6660//6443 5090//4916
f 5091//4917 5057//4883 3929//3812
f 3929//3812 6681//6464 5091//4917
f 3930//3813 6670//6453 5059//4885
f 5069//4895 5064//4890 3930//3813
f 3930//3813 6676//6459 5069//4895
f 5059//4885 5070//4896 3930//3813
f 5134//4960 5142//4968 3931//3814
f 3931//3814 6655//6438 5134//4960
f 5133//4959 5040//4866 3931//3814
f 3931//3814 6707//6490 5133//4959
f 3932//3815 6676//6459 5072//4898
f 5065//4891 5069//4895 3932//3815
f 5075//4901 5065//4891 3932//3815
f 3932//3815 6677//6460 5075//4901
f 5075//4901 5073//4899 3933//3816
f 3933//3816 6673//6456 5075//4901
f 3933//3816 6674//6457 5066//4892
f 5073//4899 5076//4902 3933//3816
f 5135//4961 5143//4969 3934//3817
f 3934//3817 6654//6437 5135//4961
f 5134//4960 5039//4865 3934//3817
f 3934//3817 6708//6491 5134//4960
f 3935//3818 6699//6482 5144//4970
f 3935//3818 6628//6411 5125//4951
f 3935//3818 6634//6417 5008//4834
f 5144//4970 5126//4952 3935//3818
f 5076//4902 5079//4905 3936//3819
f 3936//3819 6674//6457 5076//4902
f 5074//4900 5067//4893 3936//3819
f 3936//3819 6669//6452 5074//4900
f 5136//4962 5145//4971 3937//3820
f 3937//3820 6651//6434 5136//4962
f 5135//4961 5080//4906 3937//3820
f 3937//3820 6709//6492 5135//4961
f 5132//4958 5146//4972 3938//3821
f 3938//3821 6649//6432 5132//4958
f 5136//4962 5034//4860 3938//3821
f 3938//3821 6710//6493 5136//4962
f 3939//3822 6681//6464 5096//4922
f 5037//4863 5091//4917 3939//3822
f 5014//4840 5037//4863 3939//3822
f 3939//3822 6664//6447 5014//4840
f 3940//3823 6675//6458 5074//4900
f 5078//4904 5082//4908 3940//3823
f 3940//3823 6668//6451 5078//4904
f 5074//4900 5083//4909 3940//3823
f 3941//3824 6705//6488 5147//4973
f 5031//4857 5131//4957 3941//3824
f 5132//4958 5031//4857 3941//3824
f 5147//4973 5132//4958 3941//3824
f 5148//4974 7690//7473 7673//7456
f 7673//7456 6702//6485 5148//4974
f 5084//4910 5049//4875 3942//3825
f 3942//3825 6663//6446 5084//4910
f 3943//3826 6700//6483 5149//4975
f 5011//4837 5126//4952 3943//3826
f 3943//3826 6636//6419 5011//4837
f 5149//4975 5127//4953 3943//3826
f 5129//4955 5150//4976 3944//3827
f 5023//4849 5129//4955 3944//3827
f 3944//3827 6644//6427 5023//4849
f 3944//3827 6704//6487 5130//4956
f 5130//4956 5151//4977 3945//3828
f 5025//4851 5130//4956 3945//3828
f 5131//4957 5025//4851 3945//3828
f 5151//4977 5131//4957 3945//3828
f 5094//4920 5264//5090 3946//3829
f 3946//3829 6680//6463 5094//4920
f 5259//5085 5265//5091 3946//3829
f 3946//3829 6761//6544 5259//5085
f 3947//3830 6768//6551 5061//4887
f 5038//4864 5255//5081 3947//3830
f 3947//3830 6675//6458 5038//4864
f 5061//4887 5067//4893 3947//3830
f 5093//4919 5063//4889 3948//3831
f 5264//5090 5093//4919 3948//3831
f 3948//3831 6761//6544 5264//5090
f 3948//3831 6760//6543 5258//5084
f 5082//4908 5263//5089 3949//3832
f 5038//4864 5082//4908 3949//3832
f 3949//3832 6769//6552 5038//4864
f 3949//3832 6770//6553 5256//5082
f 3950//3833 6767//6550 5060//4886
f 5061//4887 5254//5080 3950//3833
f 3950//3833 6674//6457 5061//4887
f 5060//4886 5066//4892 3950//3833
f 3951//3834 6637//6420 5062//4888
f 3951//3834 6638//6421 5092//4918
f 5257//5083 5063//4889 3951//3834
f 3951//3834 6759//6542 5257//5083
f 5097//4923 5084//4910 3952//3835
f 3952//3835 6664//6447 5097//4923
f 5086//4912 5014//4840 3952//3835
f 3952//3835 6663//6446 5086//4912
f 3953//3836 6679//6462 5078//4904
f 5013//4839 5015//4841 3953//3836
f 3953//3836 6667//6450 5013//4839
f 5078//4904 5017//4843 3953//3836
f 5101//4927 5040//4866 3954//3837
f 3954//3837 6683//6466 5101//4927
f 5102//4928 5100//4926 3954//3837
f 3954//3837 6656//6439 5102//4928
f 3955//3838 6654//6437 5039//4865
f 5099//4925 5103//4929 3955//3838
f 5101//4927 5099//4925 3955//3838
f 3955//3838 6655//6438 5101//4927
f 5080//4906 5103//4929 3956//3839
f 3956//3839 6651//6434 5080//4906
f 5098//4924 5036//4862 3956//3839
f 3956//3839 6682//6465 5098//4924
f 5106//4932 5100//4926 3957//3840
f 3957//3840 6686//6469 5106//4932
f 5104//4930 5110//4936 3957//3840
f 3957//3840 6684//6467 5104//4930
f 5107//4933 5099//4925 3958//3841
f 3958//3841 6687//6470 5107//4933
f 5106//4932 5111//4937 3958//3841
f 3958//3841 6683//6466 5106//4932
f 3959//3842 6652//6435 5098//4924
f 5112//4938 5108//4934 3959//3842
f 3959//3842 6687//6470 5112//4938
f 5098//4924 5107//4933 3959//3842
f 3960//3843 6650//6433 5035//4861
f 5113//4939 5109//4935 3960//3843
f 3960//3843 6688//6471 5113//4939
f 5035//4861 5108//4934 3960//3843
f 3961//3844 6648//6431 5032//4858
f 3961//3844 6690//6473 5115//4941
f 3961//3844 6689//6472 5114//4940
f 5032//4858 5109//4935 3961//3844
f 5117//4943 5030//4856 3962//3845
f 3962//3845 6691//6474 5117//4943
f 5115//4941 5116//4942 3962//3845
f 5030//4856 5115//4941 3962//3845
f 5117//4943 5119//4945 3963//3846
f 5028//4854 5117//4943 3963//3846
f 3963//3846 6647//6430 5028//4854
f 5119//4945 5118//4944 3963//3846
f 3964//3847 6665//6448 5016//4842
f 5137//4963 7691//7474 7674//7457
f 7674//7457 6703//6486 5137//4963
f 5016//4842 5050//4876 3964//3847
f 5122//4948 5006//4832 3965//3848
f 3965//3848 6696//6479 5122//4948
f 5121//4947 5138//4964 3965//3848
f 3965//3848 6632//6415 5121//4947
f 3966//3849 6630//6413 5003//4829
f 5139//4965 5123//4949 3966//3849
f 5122//4948 5139//4965 3966//3849
f 3966//3849 6631//6414 5122//4948
f 3967//3850 6629//6412 5001//4827
f 5140//4966 5124//4950 3967//3850
f 3967//3850 6697//6480 5140//4966
f 5001//4827 5123//4949 3967//3850
f 5125//4951 4999//4825 3968//3851
f 5141//4967 5125//4951 3968//3851
f 3968//3851 6698//6481 5141//4967
f 4999//4825 5124//4950 3968//3851
f 5071//4897 5070//4896 3969//3852
f 7675//7458 6708//6491 7697//7480
f 7696//7479 5142//4968 7675//7458
f 5070//4896 5068//4894 3969//3852
f 3970//3853 6677//6460 5072//4898
f 7676//7459 6709//6492 7698//7481
f 7697//7480 5143//4969 7676//7459
f 3970//3853 6676//6459 5071//4897
f 3971//3854 6661//6444 5037//4863
f 5144//4970 7688//7471 7677//7460
f 7677//7460 6700//6483 5144//4970
f 3971//3854 6662//6445 5046//4872
f 5081//4907 5073//4899 3972//3855
f 5145//4971 7699//7482 7678//7461
f 7678//7461 6709//6492 5145//4971
f 3972//3855 6677//6460 5077//4903
f 5053//4879 5079//4905 3973//3856
f 5146//4972 7695//7478 7679//7462
f 7679//7462 6710//6493 5146//4972
f 5079//4905 5081//4907 3973//3856
f 3974//3857 6668//6451 5083//4909
f 5147//4973 7694//7477 7680//7463
f 7680//7463 6706//6489 5147//4973
f 3974//3857 6669//6452 5053//4879
f 5085//4911 5127//4953 3975//3858
f 3975//3858 6640//6423 5085//4911
f 5148//4974 5128//4954 3975//3858
f 3975//3858 6701//6484 5148//4974
f 3976//3859 6662//6445 5086//4912
f 5149//4975 7689//7472 7681//7464
f 7681//7464 6701//6484 5149//4975
f 5086//4912 5047//4873 3976//3859
f 3977//3860 6666//6449 5013//4839
f 7682//7465 6703//6486 7692//7475
f 7682//7465 6704//6487 5150//4976
f 5013//4839 5051//4877 3977//3860
f 5051//4877 5017//4843 3978//3861
f 5151//4977 7693//7476 7683//7466
f 7683//7466 6705//6488 5151//4977
f 3978//3861 6668//6451 5052//4878
f 3979//3862 7147//6930 6005//5830
f 5113//4939 5167//4993 3979//3862
f 3979//3862 6689//6472 5113//4939
f 6005//5830 5114//4940 3979//3862
f 5436//5262 5166//4992 3980//3863
f 5120//4946 5436//5262 3980//3863
f 3980//3863 6694//6477 5120//4946
f 3980//3863 6733//6516 5163//4989
f 3981//3864 6593//6376 4938//4764
f 5173//4999 4926//4752 3981//3864
f 3981//3864 6737//6520 5173//4999
f 4938//4764 4928//4754 3981//3864
f 3982//3865 6597//6380 4942//4768
f 3982//3865 6718//6501 4931//4757
f 4932//4758 5181//5007 3982//3865
f 4942//4768 4932//4758 3982//3865
f 3983//3866 6685//6468 5105//4931
f 5170//4996 5110//4936 3983//3866
f 5170//4996 5169//4995 3984//3867
f 3984//3867 6686//6469 5170//4996
f 3984//3867 6687//6470 5111//4937
f 3984//3867 6720//6503 5168//4994
f 5174//5000 4919//4745 3985//3868
f 3985//3868 6729//6512 5174//5000
f 5175//5001 5192//5018 3985//3868
f 3985//3868 6584//6367 5175//5001
f 4934//4760 4945//4771 3986//3869
f 3986//3869 6715//6498 4934//4760
f 4935//4761 5195//5021 3986//3869
f 3986//3869 6601//6384 4935//4761
f 3987//3870 6594//6377 4939//4765
f 5183//5009 4928//4754 3987//3870
f 3987//3870 6736//6519 5183//5009
f 3987//3870 6595//6378 4929//4755
f 3988//3871 6734//6517 5165//4991
f 5163//4989 5164//4990 3988//3871
f 5186//5012 5163//4989 3988//3871
f 5165//4991 5186//5012 3988//3871
f 3989//3872 6598//6381 4943//4769
f 5194//5020 4932//4758 3989//3872
f 3989//3872 6716//6499 5194//5020
f 4943//4769 4933//4759 3989//3872
f 3990//3873 6599//6382 4944//4770
f 3990//3873 6716//6499 4933//4759
f 4934//4760 5193//5019 3990//3873
f 3990//3873 6600//6383 4934//4760
f 4929//4755 4940//4766 3991//3874
f 3991//3874 6736//6519 4929//4755
f 4930//4756 5182//5008 3991//3874
f 3991//3874 6596//6379 4930//4756
f 5178//5004 5019//4845 3992//3875
f 3992//3875 6724//6507 5178//5004
f 5180//5006 5171//4997 3992//3875
f 3992//3875 6641//6424 5180//5006
f 3993//3876 6602//6385 4937//4763
f 5176//5002 4936//4762 3993//3876
f 3993//3876 6738//6521 5176//5002
f 4937//4763 4926//4752 3993//3876
f 4930//4756 4941//4767 3994//3877
f 3994//3877 6735//6518 4930//4756
f 4931//4757 5184//5010 3994//3877
f 4941//4767 4931//4757 3994//3877
f 3995//3878 6725//6508 5177//5003
f 5161//4987 5196//5022 3995//3878
f 3995//3878 6723//6506 5161//4987
f 5177//5003 5171//4997 3995//3878
f 3996//3879 6726//6509 5437//5263
f 5434//5260 5197//5023 3996//3879
f 3996//3879 6859//6642 5434//5260
f 5437//5263 5451//5277 3996//3879
f 3997//3880 6731//6514 5160//4986
f 5158//4984 5197//5023 3997//3880
f 3997//3880 6727//6510 5158//4984
f 5160//4986 5198//5024 3997//3880
f 3998//3881 6712//6495 5162//4988
f 5157//4983 5198//5024 3998//3881
f 3998//3881 6728//6511 5157//4983
f 5162//4988 5199//5025 3998//3881
f 5203//5029 5202//5028 3999//3882
f 5165//4991 5203//5029 3999//3882
f 3999//3882 6713//6496 5165//4991
f 5202//5028 5201//5027 3999//3882
f 4000//3883 6740//6523 5204//5030
f 5185//5011 5201//5027 4000//3883
f 4000//3883 6714//6497 5185//5011
f 5204//5030 5200//5026 4000//3883
f 5366//5192 5208//5034 4001//3884
f 4001//3884 6820//6603 5366//5192
f 5210//5036 5207//5033 4001//3884
f 5208//5034 5210//5036 4001//3884
f 5205//5031 5202//5028 4002//3885
f 4002//3885 6742//6525 5205//5031
f 5206//5032 5209//5035 4002//3885
f 4002//3885 6741//6524 5206//5032
f 4003//3886 6711//6494 5211//5037
f 5156//4982 5199//5025 4003//3886
f 4003//3886 6721//6504 5156//4982
f 5211//5037 5212//5038 4003//3886
f 4004//3887 6739//6522 5213//5039
f 5187//5013 5200//5026 4004//3887
f 5211//5037 5187//5013 4004//3887
f 5213//5039 5211//5037 4004//3887
f 4005//3888 6752//6535 5227//5053
f 5226//5052 5221//5047 4005//3888
f 4005//3888 6712//6495 5226//5052
f 5227//5053 5162//4988 4005//3888
f 5223//5049 5230//5056 4006//3889
f 4006//3889 6755//6538 5223//5049
f 5185//5011 5229//5055 4006//3889
f 4006//3889 6713//6496 5185//5011
f 5180//5006 5232//5058 4007//3890
f 4007//3890 6723//6506 5180//5006
f 5222//5048 5231//5057 4007//3890
f 4007//3890 6747//6530 5222//5048
f 5218//5044 5438//5264 4008//3891
f 4008//3891 6758//6541 5218//5044
f 5159//4985 5233//5059 4008//3891
f 4008//3891 6859//6642 5159//4985
f 4009//3892 6748//6531 5235//5061
f 5228//5054 5215//5041 4009//3892
f 4009//3892 6647//6430 5228//5054
f 5235//5061 5027//4853 4009//3892
f 5224//5050 5236//5062 4010//3893
f 4010//3893 6754//6537 5224//5050
f 5186//5012 5230//5056 4010//3893
f 4010//3893 6694//6477 5186//5012
f 4011//3894 6747//6530 5232//5058
f 4011//3894 6748//6531 5214//5040
f 4011//3894 6643//6426 5235//5061
f 4011//3894 6641//6424 5022//4848
f 5219//5045 5226//5052 4012//3895
f 4012//3895 6757//6540 5219//5045
f 5160//4986 5234//5060 4012//3895
f 5226//5052 5160//4986 4012//3895
f 5241//5067 5220//5046 4013//3896
f 4013//3896 6750//6533 5241//5067
f 5238//5064 5242//5068 4013//3896
f 4013//3896 6756//6539 5238//5064
f 4014//3897 6755//6538 5229//5055
f 5227//5053 5225//5051 4014//3897
f 4014//3897 6711//6494 5227//5053
f 5229//5055 5187//5013 4014//3897
f 5220//5046 5233//5059 4015//3898
f 4015//3898 6756//6539 5220//5046
f 5161//4987 5231//5057 4015//3898
f 4015//3898 6732//6515 5161//4987
f 5217//5043 5439//5265 4016//3899
f 4016//3899 6751//6534 5217//5043
f 5120//4946 5236//5062 4016//3899
f 4016//3899 6860//6643 5120//4946
f 4017//3900 6747//6530 5214//5040
f 5238//5064 5222//5048 4017//3900
f 4017//3900 6749//6532 5238//5064
f 5214//5040 5215//5041 4017//3900
f 4018//3901 6752//6535 5221//5047
f 5223//5049 5225//5051 4018//3901
f 4018//3901 6754//6537 5223//5049
f 5221//5047 5239//5065 4018//3901
f 4019//3902 6753//6536 5219//5045
f 5224//5050 5239//5065 4019//3902
f 4019//3902 6751//6534 5224//5050
f 5219//5045 5240//5066 4019//3902
f 4020//3903 6862//6645 5217//5043
f 4020//3903 6861//6644 5440//5266
f 5240//5066 5435//5261 4020//3903
f 5217//5043 5240//5066 4020//3903
f 5216//5042 5118//4944 4021//3904
f 4021//3904 6693//6476 5216//5042
f 5243//5069 5172//4998 4021//3904
f 4021//3904 6692//6475 5243//5069
f 4022//3905 6749//6532 5228//5054
f 5237//5063 5242//5068 4022//3905
f 4022//3905 6693//6476 5237//5063
f 5228//5054 5216//5042 4022//3905
f 4023//3906 6765//6548 5252//5078
f 4023//3906 6759//6542 5247//5073
f 4023//3906 6760//6543 5257//5083
f 4023//3906 6766//6549 5248//5074
f 5248//5074 5253//5079 4024//3907
f 5258//5084 5248//5074 4024//3907
f 4024//3907 6761//6544 5258//5084
f 4024//3907 6767//6550 5249//5075
f 5249//5075 5254//5080 4025//3908
f 5259//5085 5249//5075 4025//3908
f 4025//3908 6771//6554 5259//5085
f 4025//3908 6768//6551 5250//5076
f 5250//5076 5255//5081 4026//3909
f 4026//3909 6771//6554 5250//5076
f 5251//5077 5260//5086 4026//3909
f 4026//3909 6769//6552 5251//5077
f 5251//5077 5256//5082 4027//3910
f 5261//5087 5251//5077 4027//3910
f 5246//5072 5261//5087 4027//3910
f 5256//5082 5246//5072 4027//3910
f 4028//3911 6763//6546 5262//5088
f 4028//3911 6764//6547 5245//5071
f 5246//5072 5244//5070 4028//3911
f 4028//3911 6762//6545 5246//5072
f 5015//4841 5266//5092 4029//3912
f 5263//5089 5015//4841 4029//3912
f 5244//5070 5263//5089 4029//3912
f 4029//3912 6764//6547 5244//5070
f 4030//3913 6680//6463 5265//5091
f 5267//5093 5095//4921 4030//3913
f 5260//5086 5267//5093 4030//3913
f 4030//3913 6771//6554 5260//5086
f 5016//4842 5058//4884 4031//3914
f 4031//3914 6666//6449 5016//4842
f 5245//5071 5266//5092 4031//3914
f 5058//4884 5245//5071 4031//3914
f 4032//3915 6765//6548 5269//5095
f 5268//5094 5252//5078 4032//3915
f 4032//3915 6672//6455 5268//5094
f 4032//3915 6670//6453 5064//4890
f 5096//4922 5267//5093 4033//3916
f 5270//5096 5096//4922 4033//3916
f 4033//3916 6762//6545 5270//5096
f 4033//3916 6772//6555 5261//5087
f 4034//3917 6766//6549 5268//5094
f 4034//3917 6767//6550 5253//5079
f 4034//3917 6673//6456 5060//4886
f 5268//5094 5065//4891 4034//3917
f 4035//3918 6664//6447 5270//5096
f 5058//4884 5097//4923 4035//3918
f 4035//3918 6763//6546 5058//4884
f 5270//5096 5262//5088 4035//3918
f 5280//5106 5212//5038 4036//3919
f 4036//3919 6781//6564 5280//5106
f 5271//5097 5288//5114 4036//3919
f 4036//3919 6746//6529 5271//5097
f 4037//3920 6773//6556 5272//5098
f 5281//5107 5288//5114 4037//3920
f 4037//3920 6782//6565 5281//5107
f 4037//3920 6774//6557 5289//5115
f 5289//5115 5273//5099 4038//3921
f 4038//3921 6782//6565 5289//5115
f 5290//5116 5282//5108 4038//3921
f 4038//3921 6775//6558 5290//5116
f 5290//5116 5274//5100 4039//3922
f 4039//3922 6783//6566 5290//5116
f 5291//5117 5283//5109 4039//3922
f 4039//3922 6776//6559 5291//5117
f 5291//5117 5287//5113 4040//3923
f 5284//5110 5291//5117 4040//3923
f 4040//3923 6785//6568 5284//5110
f 5287//5113 5292//5118 4040//3923
f 4041//3924 6788//6571 5275//5101
f 5285//5111 5292//5118 4041//3924
f 4041//3924 6786//6569 5285//5111
f 5275//5101 5293//5119 4041//3924
f 4042//3925 6777//6560 5276//5102
f 5286//5112 5293//5119 4042//3925
f 4042//3925 6787//6570 5286//5112
f 5276//5102 5294//5120 4042//3925
f 5279//5105 5210//5036 4043//3926
f 4043//3926 6780//6563 5279//5105
f 5295//5121 5297//5123 4043//3926
f 4043//3926 6745//6528 5295//5121
f 4044//3927 6779//6562 5278//5104
f 5296//5122 5298//5124 4044//3927
f 4044//3927 6789//6572 5296//5122
f 5278//5104 5297//5123 4044//3927
f 4045//3928 6791//6574 5277//5103
f 5300//5126 5301//5127 4045//3928
f 4045//3928 6790//6573 5300//5126
f 5277//5103 5298//5124 4045//3928
f 5299//5125 5301//5127 4046//3929
f 4046//3929 6778//6561 5299//5125
f 5302//5128 5294//5120 4046//3929
f 4046//3929 6792//6575 5302//5128
f 5276//5102 5319//5145 4047//3930
f 4047//3930 6778//6561 5276//5102
f 5312//5138 5318//5144 4047//3930
f 4047//3930 6802//6585 5312//5138
f 5271//5097 5321//5147 4048//3931
f 4048//3931 6773//6556 5271//5097
f 5307//5133 5320//5146 4048//3931
f 4048//3931 6797//6580 5307//5133
f 4049//3932 6806//6589 5323//5149
f 5322//5148 5316//5142 4049//3932
f 4049//3932 6776//6559 5322//5148
f 4049//3932 6788//6571 5287//5113
f 5213//5039 5324//5150 4050//3933
f 4050//3933 6746//6529 5213//5039
f 5306//5132 5321//5147 4050//3933
f 5324//5150 5306//5132 4050//3933
f 5277//5103 5326//5152 4051//3934
f 4051//3934 6779//6562 5277//5103
f 5313//5139 5325//5151 4051//3934
f 4051//3934 6807//6590 5313//5139
f 5272//5098 5320//5146 4052//3935
f 4052//3935 6774//6557 5272//5098
f 5308//5134 5327//5153 4052//3935
f 4052//3935 6798//6581 5308//5134
f 5317//5143 5326//5152 4053//3936
f 4053//3936 6803//6586 5317//5143
f 5299//5125 5318//5144 4053//3936
f 4053//3936 6791//6574 5299//5125
f 5278//5104 5325//5151 4054//3937
f 4054//3937 6780//6563 5278//5104
f 5314//5140 5328//5154 4054//3937
f 4054//3937 6804//6587 5314//5140
f 4055//3938 6793//6576 5324//5150
f 5329//5155 5303//5129 4055//3938
f 5204//5030 5329//5155 4055//3938
f 4055//3938 6739//6522 5204//5030
f 4056//3939 6774//6557 5327//5153
f 5330//5156 5273//5099 4056//3939
f 4056//3939 6800//6583 5330//5156
f 5327//5153 5309//5135 4056//3939
f 4057//3940 6796//6579 5331//5157
f 5328//5154 5315//5141 4057//3940
f 4057//3940 6780//6563 5328//5154
f 5331//5157 5279//5105 4057//3940
f 4058//3941 6794//6577 5329//5155
f 5332//5158 5304//5130 4058//3941
f 4058//3941 6742//6525 5332//5158
f 5329//5155 5205//5031 4058//3941
f 4059//3942 6775//6558 5330//5156
f 5322//5148 5274//5100 4059//3942
f 4059//3942 6801//6584 5322//5148
f 5330//5156 5310//5136 4059//3942
f 5275//5101 5323//5149 4060//3943
f 4060//3943 6777//6560 5275//5101
f 5311//5137 5319//5145 4060//3943
f 4060//3943 6806//6589 5311//5137
f 4061//3944 6822//6605 5367//5193
f 5331//5157 5305//5131 4061//3944
f 4061//3944 6744//6527 5331//5157
f 5367//5193 5207//5033 4061//3944
f 5313//5139 5344//5170 4062//3945
f 4062//3945 6804//6587 5313//5139
f 5339//5165 5343//5169 4062//3945
f 4062//3945 6817//6600 5339//5165
f 5308//5134 5346//5172 4063//3946
f 4063//3946 6799//6582 5308//5134
f 5336//5162 5345//5171 4063//3946
f 4063//3946 6810//6593 5336//5162
f 5314//5140 5343//5169 4064//3947
f 4064//3947 6805//6588 5314//5140
f 5340//5166 5348//5174 4064//3947
f 4064//3947 6815//6598 5340//5166
f 5309//5135 5345//5171 4065//3948
f 5349//5175 5309//5135 4065//3948
f 5337//5163 5349//5175 4065//3948
f 4065//3948 6811//6594 5337//5163
f 4066//3949 6808//6591 5361//5187
f 4066//3949 6809//6592 5357//5183
f 5360//5186 5335//5161 4066//3949
f 5361//5187 5360//5186 4066//3949
f 4067//3950 6800//6583 5349//5175
f 5350//5176 5310//5136 4067//3950
f 5338//5164 5350//5176 4067//3950
f 4067//3950 6812//6595 5338//5164
f 5312//5138 5341//5167 4068//3951
f 4068//3951 6803//6586 5312//5138
f 4068//3951 6814//6597 5353//5179
f 5341//5167 5351//5177 4068//3951
f 4069//3952 6793//6576 5347//5173
f 4069//3952 6797//6580 5306//5132
f 4069//3952 6809//6592 5352//5178
f 5347//5173 5334//5160 4069//3952
f 5342//5168 5344//5170 4070//3953
f 4070//3953 6814//6597 5342//5168
f 5317//5143 5353//5179 4070//3953
f 4070//3953 6807//6590 5317//5143
f 5307//5133 5352//5178 4071//3954
f 4071//3954 6798//6581 5307//5133
f 5335//5161 5346//5172 4071//3954
f 4071//3954 6809//6592 5335//5161
f 5347//5173 5303//5129 4072//3955
f 4072//3955 6819//6602 5347//5173
f 5354//5180 5355//5181 4072//3955
f 4072//3955 6794//6577 5354//5180
f 4073//3956 6806//6589 5316//5142
f 5341//5167 5311//5137 4073//3956
f 4073//3956 6813//6596 5341//5167
f 5316//5142 5350//5176 4073//3956
f 5354//5180 5304//5130 4074//3957
f 4074//3957 6818//6601 5354//5180
f 5333//5159 5356//5182 4074//3957
f 4074//3957 6795//6578 5333//5159
f 4075//3958 6818//6601 5356//5182
f 4075//3958 6819//6602 5355//5181
f 5357//5183 5334//5160 4075//3958
f 5356//5182 5357//5183 4075//3958
f 4076//3959 6817//6600 5342//5168
f 5338//5164 5358//5184 4076//3959
f 4076//3959 6813//6596 5338//5164
f 5342//5168 5351//5177 4076//3959
f 4077//3960 6815//6598 5339//5165
f 5337//5163 5359//5185 4077//3960
f 4077//3960 6812//6595 5337//5163
f 5339//5165 5358//5184 4077//3960
f 4078//3961 6816//6599 5340//5166
f 5336//5162 5360//5186 4078//3961
f 4078//3961 6811//6594 5336//5162
f 5340//5166 5359//5185 4078//3961
f 5362//5188 5333//5159 4079//3962
f 4079//3962 6796//6579 5362//5188
f 5365//5191 5305//5131 4079//3962
f 5333//5159 5365//5191 4079//3962
f 5361//5187 5362//5188 4080//3963
f 4080//3963 6816//6599 5361//5187
f 5315//5141 5348//5174 4080//3963
f 4080//3963 6796//6579 5315//5141
f 4081//3964 6743//6526 5364//5190
f 5363//5189 5209//5035 4081//3964
f 4081//3964 6820//6603 5363//5189
f 5364//5190 5366//5192 4081//3964
f 4082//3965 6795//6578 5332//5158
f 4082//3965 6822//6605 5365//5191
f 4082//3965 6820//6603 5367//5193
f 5332//5158 5363//5189 4082//3965
f 5369//5195 4995//4821 4083//3966
f 4083//3966 6824//6607 5369//5195
f 5368//5194 5380//5206 4083//3966
f 4083//3966 6614//6397 5368//5194
f 4084//3967 6823//6606 5371//5197
f 5370//5196 5380//5206 4084//3967
f 4084//3967 6825//6608 5370//5196
f 5371//5197 5381//5207 4084//3967
f 4085//3968 6826//6609 5372//5198
f 5376//5202 5381//5207 4085//3968
f 4085//3968 6831//6614 5376//5202
f 5372//5198 5382//5208 4085//3968
f 4086//3969 6827//6610 5373//5199
f 5377//5203 5382//5208 4086//3969
f 5383//5209 5377//5203 4086//3969
f 4086//3969 6828//6611 5383//5209
f 5383//5209 5374//5200 4087//3970
f 4087//3970 6832//6615 5383//5209
f 5384//5210 5378//5204 4087//3970
f 4087//3970 6829//6612 5384//5210
f 5393//5219 5048//4874 4088//3971
f 4088//3971 6835//6618 5393//5219
f 5178//5004 5385//5211 4088//3971
f 4088//3971 6639//6422 5178//5004
f 5403//5229 5010//4836 4089//3972
f 4089//3972 6847//6630 5403//5229
f 5394//5220 5401//5227 4089//3972
f 4089//3972 6635//6418 5394//5220
f 5393//5219 5386//5212 4090//3973
f 5394//5220 5393//5219 4090//3973
f 4090//3973 6842//6625 5394//5220
f 5386//5212 5404//5230 4090//3973
f 4091//3974 6836//6619 5387//5213
f 5395//5221 5404//5230 4091//3974
f 4091//3974 6843//6626 5395//5221
f 5387//5213 5405//5231 4091//3974
f 4092//3975 6855//6638 5388//5214
f 5396//5222 5427//5253 4092//3975
f 4092//3975 6844//6627 5396//5222
f 5388//5214 5406//5232 4092//3975
f 4093//3976 6838//6621 5389//5215
f 5397//5223 5406//5232 4093//3976
f 4093//3976 6845//6628 5397//5223
f 5389//5215 5407//5233 4093//3976
f 4094//3977 6839//6622 5390//5216
f 5398//5224 5407//5233 4094//3977
f 4094//3977 6846//6629 5398//5224
f 5390//5216 5408//5234 4094//3977
f 4095//3978 6615//6398 5007//4833
f 4095//3978 6848//6631 5409//5235
f 5403//5229 5402//5228 4095//3978
f 4095//3978 6633//6416 5403//5229
f 4096//3979 6614//6397 4996//4822
f 5410//5236 5412//5238 4096//3979
f 4096//3979 6848//6631 5410//5236
f 4996//4822 5409//5235 4096//3979
f 4097//3980 6849//6632 5411//5237
f 5368//5194 5412//5238 4097//3980
f 4097//3980 6823//6606 5368//5194
f 5411//5237 5413//5239 4097//3980
f 5490//5316 5492//5318 4098//3981
f 4098//3981 6830//6613 5490//5316
f 5491//5317 5461//5287 4098//3981
f 4098//3981 6888//6671 5491//5317
f 5420//5246 5417//5243 4099//3982
f 4099//3982 6828//6611 5420//5246
f 5418//5244 5374//5200 4099//3982
f 4099//3982 6854//6637 5418//5244
f 4100//3983 6852//6635 5416//5242
f 5373//5199 5421//5247 4100//3983
f 4100//3983 6828//6611 5373//5199
f 5416//5242 5420//5246 4100//3983
f 4101//3984 6851//6634 5415//5241
f 4101//3984 6826//6609 5422//5248
f 4101//3984 6827//6610 5372//5198
f 5415//5241 5421//5247 4101//3984
f 4102//3985 6850//6633 5414//5240
f 5371//5197 5413//5239 4102//3985
f 4102//3985 6826//6609 5371//5197
f 5414//5240 5422//5248 4102//3985
f 4103//3986 6849//6632 5410//5236
f 5401//5227 5423//5249 4103//3986
f 4103//3986 6847//6630 5401//5227
f 5410//5236 5402//5228 4103//3986
f 4104//3987 6842//6625 5395//5221
f 5411//5237 5423//5249 4104//3987
f 4104//3987 6850//6633 5411//5237
f 5395//5221 5424//5250 4104//3987
f 4105//3988 6837//6620 5425//5251
f 5426//5252 5405//5231 4105//3988
f 4105//3988 6856//6639 5426//5252
f 5425//5251 5427//5253 4105//3988
f 4106//3989 6843//6626 5426//5252
f 5414//5240 5424//5250 4106//3989
f 4106//3989 6851//6634 5414//5240
f 5426//5252 5430//5256 4106//3989
f 4107//3990 6856//6639 5396//5222
f 5415//5241 5430//5256 4107//3990
f 4107//3990 6852//6635 5415//5241
f 5396//5222 5429//5255 4107//3990
f 4108//3991 6844//6627 5397//5223
f 5416//5242 5429//5255 4108//3991
f 4108//3991 6853//6636 5416//5242
f 5397//5223 5431//5257 4108//3991
f 4109//3992 6845//6628 5398//5224
f 5417//5243 5431//5257 4109//3992
f 4109//3992 6854//6637 5417//5243
f 5398//5224 5428//5254 4109//3992
f 4110//3993 6722//6505 5433//5259
f 5399//5225 5172//4998 4110//3993
f 5436//5262 5399//5225 4110//3993
f 4110//3993 6858//6641 5436//5262
f 4111//3994 6867//6650 5455//5281
f 5444//5270 5456//5282 4111//3994
f 4111//3994 6841//6624 5444//5270
f 5455//5281 5392//5218 4111//3994
f 5435//5261 5234//5060 4112//3995
f 4112//3995 6861//6644 5435//5261
f 5434//5260 5438//5264 4112//3995
f 4112//3995 6731//6514 5434//5260
f 4113//3996 6750//6533 5237//5063
f 4113//3996 6862//6645 5432//5258
f 5399//5225 5439//5265 4113//3996
f 5237//5063 5399//5225 4113//3996
f 5241//5067 5432//5258 4114//3997
f 4114//3997 6758//6541 5241//5067
f 4114//3997 6861//6644 5218//5044
f 5432//5258 5440//5266 4114//3997
f 4115//3998 6857//6640 5454//5280
f 5159//4985 5451//5277 4115//3998
f 4115//3998 6732//6515 5159//4985
f 5454//5280 5196//5022 4115//3998
f 4116//3999 6866//6649 5459//5285
f 5454//5280 5457//5283 4116//3999
f 4116//3999 6725//6508 5454//5280
f 4116//3999 6869//6652 5458//5284
f 4117//4000 6854//6637 5428//5254
f 5375//5201 5418//5244 4117//4000
f 4117//4000 6830//6613 5375//5201
f 5428//5254 5443//5269 4117//4000
f 4118//4001 6863//6646 5444//5270
f 5390//5216 5447//5273 4118//4001
f 4118//4001 6840//6623 5390//5216
f 5444//5270 5391//5217 4118//4001
f 4119//4002 6865//6648 5445//5271
f 5388//5214 5441//5267 4119//4002
f 4119//4002 6838//6621 5388//5214
f 5445//5271 5442//5268 4119//4002
f 4120//4003 6865//6648 5441//5267
f 5387//5213 5400//5226 4120//4003
f 4120//4003 6837//6620 5387//5213
f 5441//5267 5425//5251 4120//4003
f 4121//4004 6864//6647 5446//5272
f 5389//5215 5442//5268 4121//4004
f 4121//4004 6839//6622 5389//5215
f 5446//5272 5447//5273 4121//4004
f 4122//4005 6866//6649 5453//5279
f 5446//5272 5450//5276 4122//4005
f 4122//4005 6863//6646 5446//5272
f 5453//5279 5456//5282 4122//4005
f 4123//4006 6724//6507 5177//5003
f 5452//5278 5385//5211 4123//4006
f 4123//4006 6869//6652 5452//5278
f 5177//5003 5458//5284 4123//4006
f 5452//5278 5449//5275 4124//4007
f 4124//4007 6835//6618 5452//5278
f 4124//4007 6836//6619 5386//5212
f 4124//4007 6865//6648 5400//5226
f 4125//4008 6864//6647 5445//5271
f 4125//4008 6866//6649 5450//5276
f 5449//5275 5459//5285 4125//4008
f 5445//5271 5449//5275 4125//4008
f 4126//4009 6857//6640 5437//5263
f 5453//5279 5457//5283 4126//4009
f 4126//4009 6867//6650 5453//5279
f 5437//5263 5448//5274 4126//4009
f 4127//4010 6726//6509 5158//4984
f 5455//5281 5448//5274 4127//4010
f 4127//4010 6868//6651 5455//5281
f 5158//4984 5179//5005 4127//4010
f 4128//4011 6829//6612 5375//5201
f 5462//5288 5460//5286 4128//4011
f 4128//4011 6871//6654 5462//5288
f 5375//5201 5461//5287 4128//4011
f 5384//5210 5460//5286 4129//4012
f 4129//4012 6833//6616 5384//5210
f 5463//5289 5379//5205 4129//4012
f 4129//4012 6870//6653 5463//5289
f 4130//4013 6834//6617 5463//5289
f 5474//5300 5465//5291 4130//4013
f 4130//4013 6872//6655 5474//5300
f 5463//5289 5464//5290 4130//4013
f 5474//5300 5466//5292 4131//4014
f 4131//4014 6873//6656 5474//5300
f 5475//5301 5467//5293 4131//4014
f 4131//4014 6874//6657 5475//5301
f 5475//5301 5468//5294 4132//4015
f 4132//4015 6875//6658 5475//5301
f 5476//5302 5469//5295 4132//4015
f 4132//4015 6876//6659 5476//5302
f 5476//5302 5471//5297 4133//4016
f 4133//4016 6877//6660 5476//5302
f 5477//5303 5470//5296 4133//4016
f 4133//4016 6879//6662 5477//5303
f 5477//5303 5473//5299 4134//4017
f 4134//4017 6878//6661 5477//5303
f 5478//5304 5472//5298 4134//4017
f 4134//4017 6881//6664 5478//5304
f 5479//5305 5478//5304 4135//4018
f 4135//4018 6882//6665 5479//5305
f 5480//5306 5487//5313 4135//4018
f 5478//5304 5480//5306 4135//4018
f 5487//5313 5482//5308 4136//4019
f 4136//4019 6882//6665 5487//5313
f 5488//5314 5481//5307 4136//4019
f 4136//4019 6885//6668 5488//5314
f 5488//5314 5483//5309 4137//4020
f 4137//4020 6884//6667 5488//5314
f 5489//5315 5484//5310 4137//4020
f 4137//4020 6886//6669 5489//5315
f 4138//4021 7048//6831 5804//5629
f 5489//5315 5486//5312 4138//4021
f 4138//4021 6887//6670 5489//5315
f 5804//5629 5485//5311 4138//4021
f 4139//4022 6889//6672 5490//5316
f 5408//5234 5419//5245 4139//4022
f 4139//4022 6846//6629 5408//5234
f 5490//5316 5443//5269 4139//4022
f 5493//5319 5497//5323 4140//4023
f 4140//4023 6889//6672 5493//5319
f 5495//5321 5492//5318 4140//4023
f 4140//4023 6892//6675 5495//5321
f 5419//5245 5391//5217 4141//4024
f 5493//5319 5419//5245 4141//4024
f 5498//5324 5493//5319 4141//4024
f 4141//4024 6841//6624 5498//5324
f 5499//5325 5494//5320 4142//4025
f 4142//4025 6868//6651 5499//5325
f 5498//5324 5392//5218 4142//4025
f 4142//4025 6890//6673 5498//5324
f 4143//4026 6727//6510 5157//4983
f 5499//5325 5179//5005 4143//4026
f 4143//4026 6891//6674 5499//5325
f 5157//4983 5500//5326 4143//4026
f 4144//4027 6890//6673 5494//5320
f 5496//5322 5497//5323 4144//4027
f 4144//4027 6893//6676 5496//5322
f 5494//5320 5502//5328 4144//4027
f 4145//4028 6894//6677 5501//5327
f 5500//5326 5503//5329 4145//4028
f 4145//4028 6891//6674 5500//5326
f 5501//5327 5502//5328 4145//4028
f 4146//4029 6728//6511 5156//4982
f 5504//5330 5503//5329 4146//4029
f 4146//4029 6895//6678 5504//5330
f 5156//4982 5505//5331 4146//4029
f 4147//4030 6721//6504 5280//5106
f 5506//5332 5505//5331 4147//4030
f 4147//4030 6896//6679 5506//5332
f 5280//5106 5507//5333 4147//4030
f 4148//4031 6870//6653 5462//5288
f 5509//5335 5464//5290 4148//4031
f 4148//4031 6897//6680 5509//5335
f 5462//5288 5508//5334 4148//4031
f 5509//5335 5510//5336 4149//4032
f 4149//4032 6872//6655 5509//5335
f 5512//5338 5466//5292 4149//4032
f 4149//4032 6898//6681 5512//5338
f 5512//5338 5511//5337 4150//4033
f 4150//4033 6874//6657 5512//5338
f 5513//5339 5468//5294 4150//4033
f 4150//4033 6899//6682 5513//5339
f 5513//5339 5514//5340 4151//4034
f 4151//4034 6876//6659 5513//5339
f 4151//4034 6879//6662 5471//5297
f 4151//4034 6900//6683 5515//5341
f 5515//5341 5516//5342 4152//4035
f 5473//5299 5515//5341 4152//4035
f 4152//4035 6881//6664 5473//5299
f 4152//4035 6901//6684 5517//5343
f 5517//5343 5518//5344 4153//4036
f 4153//4036 6881//6664 5517//5343
f 5519//5345 5480//5306 4153//4036
f 4153//4036 6902//6685 5519//5345
f 4154//4037 6905//6688 5527//5353
f 5482//5308 5524//5350 4154//4037
f 4154//4037 6885//6668 5482//5308
f 5527//5353 5483//5309 4154//4037
f 4155//4038 6781//6564 5281//5107
f 5522//5348 5507//5333 4155//4038
f 4155//4038 6903//6686 5522//5348
f 5281//5107 5523//5349 4155//4038
f 5800//5625 5805//5630 4156//4039
f 5527//5353 5800//5625 4156//4039
f 4156//4039 6886//6669 5527//5353
f 5805//5630 5486//5312 4156//4039
f 5519//5345 5525//5351 4157//4040
f 5524//5350 5519//5345 4157//4040
f 4157//4040 6905//6688 5524//5350
f 4157//4040 6904//6687 5521//5347
f 4158//4041 7049//6832 5520//5346
f 5526//5352 5806//5631 4158//4041
f 4158//4041 6782//6565 5526//5352
f 5520//5346 5523//5349 4158//4041
f 4159//4042 6871//6654 5544//5370
f 5543//5369 5508//5334 4159//4042
f 4159//4042 6913//6696 5543//5369
f 5544//5370 5534//5360 4159//4042
f 4160//4043 6899//6682 5546//5372
f 5545//5371 5514//5340 4160//4043
f 4160//4043 6916//6699 5545//5371
f 5546//5372 5537//5363 4160//4043
f 5542//5368 5548//5374 4161//4044
f 4161//4044 6918//6701 5542//5368
f 4161//4044 6902//6685 5547//5373
f 5548//5374 5525//5351 4161//4044
f 5532//5358 5550//5376 4162//4045
f 4162//4045 6911//6694 5532//5358
f 5504//5330 5549//5375 4162//4045
f 4162//4045 6894//6677 5504//5330
f 5520//5346 5807//5632 4163//4046
f 4163//4046 6903//6686 5520//5346
f 5540//5366 5551//5377 4163//4046
f 4163//4046 7051//6834 5540//5366
f 4164//4047 6897//6680 5543//5369
f 5552//5378 5510//5336 4164//4047
f 5535//5361 5552//5378 4164//4047
f 5543//5369 5535//5361 4164//4047
f 4165//4048 6900//6683 5545//5371
f 5553//5379 5516//5342 4165//4048
f 5538//5364 5553//5379 4165//4048
f 4165//4048 6916//6699 5538//5364
f 4166//4049 6907//6690 5555//5381
f 5554//5380 5529//5355 4166//4049
f 5495//5321 5554//5380 4166//4049
f 5555//5381 5495//5321 4166//4049
f 4167//4050 6898//6681 5552//5378
f 5546//5372 5511//5337 4167//4050
f 5536//5362 5546//5372 4167//4050
f 4167//4050 6914//6697 5536//5362
f 5533//5359 5549//5375 4168//4051
f 4168//4051 6912//6695 5533//5359
f 5506//5332 5556//5382 4168//4051
f 4168//4051 6895//6678 5506//5332
f 5541//5367 5556//5382 4169//4052
f 4169//4052 6919//6702 5541//5367
f 5522//5348 5551//5377 4169//4052
f 4169//4052 6896//6679 5522//5348
f 5531//5357 5557//5383 4170//4053
f 4170//4053 6910//6693 5531//5357
f 5501//5327 5550//5376 4170//4053
f 4170//4053 6893//6676 5501//5327
f 4171//4054 6908//6691 5554//5380
f 4171//4054 6909//6692 5530//5356
f 5496//5322 5557//5383 4171//4054
f 4171//4054 6892//6675 5496//5322
f 4172//4055 6906//6689 5544//5370
f 5555//5381 5528//5354 4172//4055
f 4172//4055 6888//6671 5555//5381
f 5544//5370 5491//5317 4172//4055
f 4173//4056 6901//6684 5553//5379
f 5547//5373 5518//5344 4173//4056
f 5539//5365 5547//5373 4173//4056
f 4173//4056 6917//6700 5539//5365
f 5540//5366 5808//5633 4174//4057
f 4174//4057 6919//6702 5540//5366
f 5568//5394 5571//5397 4174//4057
f 4174//4057 7052//6835 5568//5394
f 4175//4058 6913//6696 5574//5400
f 4175//4058 6914//6697 5535//5361
f 4175//4058 6928//6711 5573//5399
f 5574//5400 5563//5389 4175//4058
f 5569//5395 5576//5402 4176//4059
f 4176//4059 6933//6716 5569//5395
f 5541//5367 5571//5397 4176//4059
f 4176//4059 6912//6695 5541//5367
f 5536//5362 5573//5399 4177//4060
f 4177//4060 6915//6698 5536//5362
f 4177//4060 6929//6712 5577//5403
f 4177//4060 6928//6711 5564//5390
f 4178//4061 6934//6717 5572//5398
f 4178//4061 6932//6715 5570//5396
f 5542//5368 5579//5405 4178//4061
f 4178//4061 6920//6703 5542//5368
f 4179//4062 6915//6698 5577//5403
f 5580//5406 5537//5363 4179//4062
f 5565//5391 5580//5406 4179//4062
f 5577//5403 5565//5391 4179//4062
f 4180//4063 7138//6921 5982//5807
f 5602//5428 5990//5815 4180//4063
f 4180//4063 6939//6722 5602//5428
f 5982//5807 5560//5386 4180//4063
f 4181//4064 6916//6699 5580//5406
f 4181//4064 6917//6700 5538//5364
f 4181//4064 6931//6714 5582//5408
f 5580//5406 5566//5392 4181//4064
f 5561//5387 5581//5407 4182//4065
f 4182//4065 6926//6709 5561//5387
f 5533//5359 5576//5402 4182//4065
f 4182//4065 6911//6694 5533//5359
f 4183//4066 6921//6704 5584//5410
f 5583//5409 5558//5384 4183//4066
f 4183//4066 6907//6690 5583//5409
f 5584//5410 5528//5354 4183//4066
f 5539//5365 5582//5408 4184//4067
f 4184//4067 6918//6701 5539//5365
f 5567//5393 5579//5405 4184//4067
f 5582//5408 5567//5393 4184//4067
f 4185//4068 6906//6689 5584//5410
f 5574//5400 5534//5360 4185//4068
f 4185//4068 6927//6710 5574//5400
f 5584//5410 5562//5388 4185//4068
f 4186//4069 6922//6705 5583//5409
f 5575//5401 5559//5385 4186//4069
f 4186//4069 6908//6691 5575//5401
f 5583//5409 5529//5355 4186//4069
f 5991//5816 5978//5803 4187//4070
f 4187//4070 7133//6916 5991//5816
f 5561//5387 5598//5424 4187//4070
f 4187//4070 6925//6708 5561//5387
f 4188//4071 6924//6707 5940//5765
f 5939//5764 5560//5386 4188//4071
f 4188//4071 7114//6897 5939//5764
f 5940//5765 5929//5754 4188//4071
f 5587//5413 5588//5414 4189//4072
f 4189//4072 6925//6708 5587//5413
f 5532//5358 5581//5407 4189//4072
f 4189//4072 6910//6693 5532//5358
f 5575//5401 5530//5356 4190//4073
f 4190//4073 6923//6706 5575//5401
f 5531//5357 5588//5414 4190//4073
f 4190//4073 6909//6692 5531//5357
f 4191//4074 7145//6928 5809//5634
f 5604//5430 5992//5817 4191//4074
f 4191//4074 6945//6728 5604//5430
f 5809//5634 5594//5420 4191//4074
f 4192//4075 7137//6920 5602//5428
f 5606//5432 5993//5818 4192//4075
f 5589//5415 5606//5432 4192//4075
f 4192//4075 6939//6722 5589//5415
f 4193//4076 7138//6921 5603//5429
f 5607//5433 5994//5819 4193//4076
f 4193//4076 6922//6705 5607//5433
f 5603//5429 5558//5384 4193//4076
f 5995//5820 5598//5424 4194//4077
f 4194//4077 7139//6922 5995//5820
f 5569//5395 5983//5808 4194//4077
f 4194//4077 6926//6709 5569//5395
f 4195//4078 7140//6923 5606//5432
f 5608//5434 5996//5821 4195//4078
f 4195//4078 6941//6724 5608//5434
f 4195//4078 6940//6723 5590//5416
f 4196//4079 7141//6924 5607//5433
f 4196//4079 7143//6926 5997//5822
f 4196//4079 6923//6706 5609//5435
f 5607//5433 5559//5385 4196//4079
f 4197//4080 7135//6918 5979//5804
f 5809//5634 5998//5823 4197//4080
f 4197//4080 7053//6836 5809//5634
f 5979//5804 5596//5422 4197//4080
f 4198//4081 7142//6925 5608//5434
f 4198//4081 7144//6927 5999//5824
f 5591//5417 5610//5436 4198//4081
f 5608//5434 5591//5417 4198//4081
f 6000//5825 5609//5435 4199//4082
f 4199//4082 7134//6917 6000//5825
f 5587//5413 5978//5803 4199//4082
f 4199//4082 6923//6706 5587//5413
f 6001//5826 5610//5436 4200//4083
f 4200//4083 7136//6919 6001//5826
f 5592//5418 5980//5805 4200//4083
f 4200//4083 6942//6725 5592//5418
f 4965//4791 5613//5439 4201//4084
f 4201//4084 6601//6384 4965//4791
f 4201//4084 6602//6385 4946//4772
f 5613//5439 4963//4789 4201//4084
f 4202//4085 6610//6393 4964//4790
f 5615//5441 5614//5440 4202//4085
f 4202//4085 6947//6730 5615//5441
f 4202//4085 6612//6395 5611//5437
f 5613//5439 5612//5438 4203//4086
f 5611//5437 5613//5439 4203//4086
f 4203//4086 6947//6730 5611//5437
f 4203//4086 6948//6731 5616//5442
f 5612//5438 5369//5195 4204//4087
f 4204//4087 6948//6731 5612//5438
f 5619//5445 5618//5444 4204//4087
f 4204//4087 6824//6607 5619//5445
f 4205//4088 6947//6730 5616//5442
f 5621//5447 5620//5446 4205//4088
f 4205//4088 6951//6734 5621//5447
f 4205//4088 6948//6731 5618//5444
f 4206//4089 6952//6735 5622//5448
f 5615//5441 5620//5446 4206//4089
f 4206//4089 6949//6732 5615//5441
f 5622//5448 5617//5443 4206//4089
f 4207//4090 6824//6607 5370//5196
f 4207//4090 6951//6734 5619//5445
f 4207//4090 6955//6738 5625//5451
f 5370//5196 5626//5452 4207//4090
f 5625//5451 5627//5453 4208//4091
f 5621//5447 5625//5451 4208//4091
f 4208//4091 6952//6735 5621//5447
f 4208//4091 6954//6737 5624//5450
f 4209//4092 6950//6733 5622//5448
f 5628//5454 5623//5449 4209//4092
f 4209//4092 6954//6737 5628//5454
f 5622//5448 5624//5450 4209//4092
f 4210//4093 6953//6736 5628//5454
f 5633//5459 5629//5455 4210//4093
f 4210//4093 6958//6741 5633//5459
f 5628//5454 5632//5458 4210//4093
f 5632//5458 5627//5453 4211//4094
f 4211//4094 6958//6741 5632//5458
f 5634//5460 5631//5457 4211//4094
f 4211//4094 6955//6738 5634//5460
f 4212//4095 6825//6608 5376//5202
f 5634//5460 5626//5452 4212//4095
f 4212//4095 6957//6740 5634//5460
f 5376//5202 5630//5456 4212//4095
f 4213//4096 6960//6743 5637//5463
f 5633//5459 5638//5464 4213//4096
f 4213//4096 6956//6739 5633//5459
f 4213//4096 6961//6744 5639//5465
f 4214//4097 6959//6742 5636//5462
f 5631//5457 5640//5466 4214//4097
f 4214//4097 6958//6741 5631//5457
f 5636//5462 5638//5464 4214//4097
f 4215//4098 6831//6614 5377//5203
f 5640//5466 5630//5456 4215//4098
f 5635//5461 5640//5466 4215//4098
f 4215//4098 6832//6615 5635//5461
f 5644//5470 5643//5469 4216//4099
f 4216//4099 6960//6743 5644//5470
f 5645//5471 5637//5463 4216//4099
f 4216//4099 6964//6747 5645//5471
f 5646//5472 5642//5468 4217//4100
f 5636//5462 5646//5472 4217//4100
f 5644//5470 5636//5462 4217//4100
f 4217//4100 6963//6746 5644//5470
f 5635//5461 5378//5204 4218//4101
f 4218//4101 6959//6742 5635//5461
f 5641//5467 5646//5472 4218//4101
f 4218//4101 6833//6616 5641//5467
f 5650//5476 5649//5475 4219//4102
f 4219//4102 6963//6746 5650//5476
f 5651//5477 5643//5469 4219//4102
f 4219//4102 6967//6750 5651//5477
f 5641//5467 5379//5205 4220//4103
f 4220//4103 6962//6745 5641//5467
f 5647//5473 5652//5478 4220//4103
f 4220//4103 6834//6617 5647//5473
f 5652//5478 5648//5474 4221//4104
f 4221//4104 6962//6745 5652//5478
f 5650//5476 5642//5468 4221//4104
f 4221//4104 6966//6749 5650//5476
f 5656//5482 5655//5481 4222//4105
f 4222//4105 6966//6749 5656//5482
f 5657//5483 5649//5475 4222//4105
f 4222//4105 6970//6753 5657//5483
f 5658//5484 5654//5480 4223//4106
f 4223//4106 6965//6748 5658//5484
f 5656//5482 5648//5474 4223//4106
f 4223//4106 6969//6752 5656//5482
f 5647//5473 5465//5291 4224//4107
f 4224//4107 6965//6748 5647//5473
f 5653//5479 5658//5484 4224//4107
f 4224//4107 6873//6656 5653//5479
f 5659//5485 5661//5487 4225//4108
f 4225//4108 6969//6752 5659//5485
f 5660//5486 5655//5481 4225//4108
f 4225//4108 6972//6755 5660//5486
f 5653//5479 5467//5293 4226//4109
f 5662//5488 5653//5479 4226//4109
f 4226//4109 6973//6756 5662//5488
f 4226//4109 6875//6658 5663//5489
f 4227//4110 6973//6756 5664//5490
f 4227//4110 6968//6751 5662//5488
f 5659//5485 5654//5480 4227//4110
f 5664//5490 5659//5485 4227//4110
f 5665//5491 5672//5497 4228//4111
f 7616//7399 6971//6754 7647//7430
f 7648//7431 5661//5487 7616//7399
f 4228//4111 6975//6758 5666//5492
f 4229//4112 6974//6757 5670//5495
f 4229//4112 6975//6758 5672//5497
f 5673//5498 5667//5493 4229//4112
f 4229//4112 6979//6762 5673//5498
f 5673//5498 5671//5496 4230//4113
f 4230//4113 6976//6759 5673//5498
f 5674//5499 5668//5494 4230//4113
f 4230//4113 6980//6763 5674//5499
f 5688//5513 7559//7342 6980//6763
f 6989//6772 7555//7338 5691//5516
f 4238//4121 7552//7335 5687//5512
f 7558//7341 5675//5500 6978//6761
f 7617//7400 6983//6766 7649//7432
f 7647//7430 5677//5502 7617//7400
f 4231//4114 6974//6757 5665//5491
f 5678//5503 5679//5504 4231//4114
f 4232//4115 6984//6767 5681//5506
f 5670//5495 5679//5504 4232//4115
f 5682//5507 5670//5495 4232//4115
f 5681//5506 5682//5507 4232//4115
f 5680//5505 7650//7433 7618//7401
f 7649//7432 5680//5505 7618//7401
f 4233//4116 6984//6767 5678//5503
f 4233//4116 6986//6769 5681//5506
f 4234//4117 6971//6754 5664//5490
f 5684//5509 5677//5502 4234//4117
f 5676//5501 5684//5509 4234//4117
f 4234//4117 6973//6756 5676//5501
f 5663//5489 5469//5295 4235//4118
f 5676//5501 5663//5489 4235//4118
f 4235//4118 6982//6765 5676//5501
f 5469//5295 5685//5510 4235//4118
f 5682//5507 5689//5514 4236//4119
f 4236//4119 6979//6762 5682//5507
f 5688//5513 5671//5496 4236//4119
f 4236//4119 6988//6771 5688//5513
f 7619//7402 6987//6770 7651//7434
f 7619//7402 6985//6768 5686//5511
f 4237//4120 6986//6769 5683//5508
f 5687//5512 5689//5514 4237//4120
f 5692//5517 7642//7425 7620//7403
f 7651//7434 5692//5517 7620//7403
f 7561//7344 5688//5513 6988//6771
f 7554//7337 6989//6772 5690//5515
f 7550//7333 6980//6763 7559//7342
f 7552//7335 6988//6771 5687//5512
f 7560//7343 5690//5515 6981//6764
f 7557//7340 5674//5499 7550//7333
f 5684//5509 5693//5518 4239//4122
f 4239//4122 6983//6766 5684//5509
f 5696//5521 5680//5505 4239//4122
f 4239//4122 6991//6774 5696//5521
f 5696//5521 5694//5519 4240//4123
f 4240//4123 6985//6768 5696//5521
f 5697//5522 5686//5511 4240//4123
f 5694//5519 5697//5522 4240//4123
f 5697//5522 5695//5520 4241//4124
f 4241//4124 6987//6770 5697//5522
f 4241//4124 6990//6773 5692//5517
f 5695//5520 5698//5523 4241//4124
f 4242//4125 6877//6660 5470//5296
f 5693//5518 5685//5510 4242//4125
f 5699//5524 5693//5518 4242//4125
f 5470//5296 5699//5524 4242//4125
f 5699//5524 5700//5525 4243//4126
f 4243//4126 6991//6774 5699//5524
f 5702//5527 5694//5519 4243//4126
f 4243//4126 6994//6777 5702//5527
f 5702//5527 5703//5528 4244//4127
f 5708//5533 5702//5527 4244//4127
f 4244//4127 7000//6783 5708//5533
f 4244//4127 6996//6779 5704//5529
f 5700//5525 5472//5298 4245//4128
f 4245//4128 6994//6777 5700//5525
f 4245//4128 6995//6778 5705//5530
f 4245//4128 6880//6663 5701//5526
f 4246//4129 7000//6783 5704//5529
f 4246//4129 7001//6784 5709//5534
f 4246//4129 6998//6781 5710//5535
f 5704//5529 5707//5532 4246//4129
f 4247//4130 7000//6783 5709//5534
f 5695//5520 5708//5533 4247//4130
f 4247//4130 6993//6776 5695//5520
f 5709//5534 5711//5536 4247//4130
f 5712//5537 5698//5523 4248//4131
f 4248//4131 6997//6780 5712//5537
f 5706//5531 5713//5538 4248//4131
f 4248//4131 6993//6776 5706//5531
f 4249//4132 7001//6784 5714//5539
f 5706//5531 5711//5536 4249//4132
f 4249//4132 6999//6782 5706//5531
f 5714//5539 5715//5540 4249//4132
f 5717//5542 5716//5541 4250//4133
f 5710//5535 5717//5542 4250//4133
f 5714//5539 5710//5535 4250//4133
f 4250//4133 7002//6785 5714//5539
f 5720//5545 5722//5547 4251//4134
f 4251//4134 6999//6782 5720//5545
f 5721//5546 5713//5538 4251//4134
f 4251//4134 7007//6790 5721//5546
f 5720//5545 5715//5540 4252//4135
f 4252//4135 7006//6789 5720//5545
f 5719//5544 5723//5548 4252//4135
f 4252//4135 7002//6785 5719//5544
f 5719//5544 5716//5541 4253//4136
f 4253//4136 7005//6788 5719//5544
f 5718//5543 5724//5549 4253//4136
f 4253//4136 7003//6786 5718//5543
f 5728//5553 5729//5554 4254//4137
f 4254//4137 7004//6787 5728//5553
f 5727//5552 5724//5549 4254//4137
f 4254//4137 7010//6793 5727//5552
f 5727//5552 5730//5555 4255//4138
f 4255//4138 7005//6788 5727//5552
f 5726//5551 5723//5548 4255//4138
f 4255//4138 7009//6792 5726//5551
f 4256//4139 7009//6792 5731//5556
f 4256//4139 7006//6789 5726//5551
f 5725//5550 5722//5547 4256//4139
f 5731//5556 5725//5550 4256//4139
f 4257//4140 6978//6761 5675//5500
f 4257//4140 7013//6796 5733//5558
f 5734//5559 5736//5561 4257//4140
f 5675//5500 5734//5559 4257//4140
f 4258//4141 6981//6764 5690//5515
f 4258//4141 7015//6798 5734//5559
f 5735//5560 5737//5562 4258//4141
f 5690//5515 5735//5560 4258//4141
f 4259//4142 6989//6772 5691//5516
f 4259//4142 7016//6799 5735//5560
f 5712//5537 7652//7435 7621//7404
f 7621//7404 6990//6773 5712//5537
f 7622//7405 6997//6780 5721//5546
f 7542//7325 7018//6801 5742//5567
f 4260//4143 7538//7321 5738//5563
f 5721//5546 7653//7436 7622//7405
f 7546//7329 5737//5562 7537//7320
f 7548//7331 5742//5567 7017//6800
f 4266//4149 7015//6798 7546//7329
f 7541//7324 7018//6801 7549//7332
f 7544//7327 5736//5561 4266//4149
f 7538//7321 7016//6799 5738//5563
f 7543//7326 7017//6800 5743//5568
f 4260//4143 7541//7324 5784//5609
f 5744//5569 5743//5568 4263//4146
f 4263//4146 7019//6802 5744//5569
f 5746//5571 5747//5572 4263//4146
f 4263//4146 7017//6800 5746//5571
f 5746//5571 5742//5567 4264//4147
f 4264//4147 7021//6804 5746//5571
f 5745//5570 5748//5573 4264//4147
f 4264//4147 7018//6801 5745//5570
f 7623//7406 7007//6790 5725//5550
f 5745//5570 5741//5566 4265//4148
f 4265//4148 7020//6803 5745//5570
f 5725//5550 7654//7437 7623//7406
f 7535//7318 5756//5581 7528//7311
f 7532//7315 5748//5573 7020//6803
f 7530//7313 7025//6808 7534//7317
f 7522//7305 7021//6804 7533//7316
f 7531//7314 5747//5572 7522//7305
f 7529//7312 7026//6809 7535//7318
f 7524//7307 7020//6803 5749//5574
f 4268//4151 7530//7313 7521//7304
f 5752//5577 7655//7438 7624//7407
f 7624//7407 7008//6791 5752//5577
f 7534//7317 5757//5582 7529//7312
f 5756//5581 7536//7319 7528//7311
f 5752//5577 5731//5556 4269//4152
f 4269//4152 7024//6807 5752//5577
f 5751//5576 5759//5584 4269//4152
f 4269//4152 7009//6792 5751//5576
f 5751//5576 5730//5555 4270//4153
f 4270//4153 7023//6806 5751//5576
f 5750//5575 5760//5585 4270//4153
f 4270//4153 7010//6793 5750//5575
f 5750//5575 5729//5554 4271//4154
f 4271//4154 7022//6805 5750//5575
f 5732//5557 5761//5586 4271//4154
f 4271//4154 7011//6794 5732//5557
f 5762//5587 5764//5589 4272//4155
f 4272//4155 7012//6795 5762//5587
f 5763//5588 5761//5586 4272//4155
f 4272//4155 7029//6812 5763//5588
f 5763//5588 5766//5591 4273//4156
f 4273//4156 7022//6805 5763//5588
f 5765//5590 5760//5585 4273//4156
f 4273//4156 7030//6813 5765//5590
f 4274//4157 7031//6814 5770//5595
f 5764//5589 5767//5592 4274//4157
f 5768//5593 5764//5589 4274//4157
f 4274//4157 7032//6815 5768//5593
f 4275//4158 7032//6815 5771//5596
f 4275//4158 7029//6812 5768//5593
f 5769//5594 5766//5591 4275//4158
f 5771//5596 5769//5594 4275//4158
f 5774//5599 5776//5601 4276//4159
f 4276//4159 7026//6809 5774//5599
f 5775//5600 5756//5581 4276//4159
f 4276//4159 7037//6820 5775//5600
f 5773//5598 5777//5602 4277//4160
f 4277//4160 7025//6808 5773//5598
f 5774//5599 5757//5582 4277//4160
f 4277//4160 7036//6819 5774//5599
f 7625//7408 7034//6817 7656//7439
f 7655//7438 5772//5597 7625//7408
f 5773//5598 5758//5583 4278//4161
f 4278//4161 7035//6818 5773//5598
f 5765//5590 5779//5604 4279//4162
f 4279//4162 7023//6806 5765//5590
f 5772//5597 5759//5584 4279//4162
f 4279//4162 7034//6817 5772//5597
f 4280//4163 7030//6813 5769//5594
f 4280//4163 7034//6817 5779//5604
f 5781//5606 5780//5605 4280//4163
f 4280//4163 7033//6816 5781//5606
f 4447//4330 7037//6820 5776//5601
f 4281//4164 7467//7250 5778//5603
f 7459//7242 5776//5601 7036//6819
f 7467//7250 7035//6818 5778//5603
f 7465//7248 7040//6823 7456//7239
f 7041//6824 7462//7245 5785//5610
f 7457//7240 5783//5608 7465//7248
f 4446//4329 7036//6819 5777//5602
f 5780//5605 7643//7426 7626//7409
f 7626//7409 7034//6817 5780//5605
f 4281//4164 7462//7245 6097//5922
f 7466//7249 7039//6822 7457//7240
f 4282//4165 6995//6778 5786//5611
f 4282//4165 6994//6777 5705//5530
f 5787//5612 5703//5528 4282//4165
f 4282//4165 7042//6825 5787//5612
f 4283//4166 6880//6663 5479//5305
f 4283//4166 6995//6778 5701//5526
f 4283//4166 7042//6825 5786//5611
f 5479//5305 5788//5613 4283//4166
f 5787//5612 5789//5614 4284//4167
f 4284//4167 6996//6779 5787//5612
f 5790//5615 5707//5532 4284//4167
f 4284//4167 7043//6826 5790//5615
f 4285//4168 6882//6665 5481//5307
f 5789//5614 5788//5613 4285//4168
f 4285//4168 7043//6826 5789//5614
f 5481//5307 5791//5616 4285//4168
f 4286//4169 6884//6667 5484//5310
f 5792//5617 5791//5616 4286//4169
f 4286//4169 7044//6827 5792//5617
f 5484//5310 5793//5618 4286//4169
f 5795//5620 5796//5621 4287//4170
f 4287//4170 6887//6670 5795//5620
f 5794//5619 5793//5618 4287//4170
f 4287//4170 7045//6828 5794//5619
f 4288//4171 6783//6566 5283//5109
f 5804//5629 5798//5623 4288//4171
f 4288//4171 7047//6830 5804//5629
f 5283//5109 5797//5622 4288//4171
f 5526//5352 5282//5108 4289//4172
f 4289//4172 7050//6833 5526//5352
f 5798//5623 5805//5630 4289//4172
f 4289//4172 6783//6566 5798//5623
f 4290//4173 6904//6687 5799//5624
f 5800//5625 5521//5347 4290//4173
f 4290//4173 7050//6833 5800//5625
f 5799//5624 5806//5631 4290//4173
f 5799//5624 5548//5374 4291//4174
f 4291//4174 7049//6832 5799//5624
f 5801//5626 5807//5632 4291//4174
f 4291//4174 6920//6703 5801//5626
f 4292//4175 6920//6703 5572//5398
f 4292//4175 7051//6834 5801//5626
f 4292//4175 7052//6835 5808//5633
f 5572//5398 5802//5627 4292//4175
f 5592//5418 5942//5767 4293//4176
f 4293//4176 6943//6726 5592//5418
f 5932//5757 5941//5766 4293//4176
f 4293//4176 7117//6900 5932//5757
f 5815//5640 5813//5638 4294//4177
f 5816//5641 5815//5640 4294//4177
f 5819//5644 5816//5641 4294//4177
f 4294//4177 7062//6845 5819//5644
f 4295//4178 7060//6843 5816//5641
f 5820//5645 5817//5642 4295//4178
f 4295//4178 7057//6840 5820//5645
f 5816//5641 5825//5650 4295//4178
f 4296//4179 7059//6842 5827//5652
f 5820//5645 5826//5651 4296//4179
f 4296//4179 7056//6839 5820//5645
f 5827//5652 5828//5653 4296//4179
f 5822//5647 5796//5621 4297//4180
f 4297//4180 7059//6842 5822//5647
f 5824//5649 5827//5652 4297//4180
f 4297//4180 7046//6829 5824//5649
f 5891//5716 5897//5722 4298//4181
f 5770//5595 5891//5716 4298//4181
f 4298//4181 7032//6815 5770//5595
f 5897//5722 5892//5717 4298//4181
f 4299//4182 6784//6567 5823//5648
f 5485//5311 5797//5622 4299//4182
f 5795//5620 5485//5311 4299//4182
f 4299//4182 7046//6829 5795//5620
f 4300//4183 7208//6991 5821//5646
f 5823//5648 6130//5955 4300//4183
f 4300//4183 7046//6829 5823//5648
f 5821//5646 5824//5649 4300//4183
f 4301//4184 7054//6837 5811//5636
f 4301//4184 7055//6838 5814//5639
f 5818//5643 5813//5638 4301//4184
f 4301//4184 7061//6844 5818//5643
f 4302//4185 7028//6811 5845//5670
f 5844//5669 5767//5592 4302//4185
f 4302//4185 7070//6853 5844//5669
f 5845//5670 5834//5659 4302//4185
f 5839//5664 5847//5672 4303//4186
f 4303//4186 7076//6859 5839//5664
f 5818//5643 5846//5671 4303//4186
f 4303//4186 7062//6845 5818//5643
f 4304//4187 7012//6795 5848//5673
f 5845//5670 5762//5587 4304//4187
f 4304//4187 7069//6852 5845//5670
f 5848//5673 5833//5658 4304//4187
f 4305//4188 7071//6854 5850//5675
f 5849//5674 5836//5661 4305//4188
f 4305//4188 7044//6827 5849//5674
f 5850//5675 5792//5617 4305//4188
f 5732//5557 5851//5676 4306//4189
f 5848//5673 5732//5557 4306//4189
f 4306//4189 7068//6851 5848//5673
f 5851//5676 5832//5657 4306//4189
f 5840//5665 5852//5677 4307//4190
f 4307//4190 7077//6860 5840//5665
f 5819//5644 5847//5672 4307//4190
f 4307//4190 7063//6846 5819//5644
f 5842//5667 5853//5678 4308//4191
f 4308//4191 7078//6861 5842//5667
f 5825//5650 5852//5677 4308//4191
f 4308//4191 7057//6840 5825//5650
f 5717//5542 5855//5680 4309//4192
f 4309//4192 7003//6786 5717//5542
f 5829//5654 5854//5679 4309//4192
f 5855//5680 5829//5654 4309//4192
f 5728//5553 5856//5681 4310//4193
f 4310//4193 7011//6794 5728//5553
f 5831//5656 5851//5676 4310//4193
f 4310//4193 7066//6849 5831//5656
f 4311//4194 7072//6855 5849//5674
f 5857//5682 5837//5662 4311//4194
f 4311//4194 7045//6828 5857//5682
f 5849//5674 5794//5619 4311//4194
f 5810//5635 5898//5723 4312//4195
f 4312//4195 7061//6844 5810//5635
f 5838//5663 5846//5671 4312//4195
f 4312//4195 7096//6879 5838//5663
f 4313//4196 7075//6858 5858//5683
f 4313//4196 7074//6857 5843//5668
f 4313//4196 7057//6840 5853//5678
f 5858//5683 5826//5651 4313//4196
f 5718//5543 5854//5679 4314//4197
f 4314//4197 7004//6787 5718//5543
f 5830//5655 5856//5681 4314//4197
f 4314//4197 7065//6848 5830//5655
f 4315//4198 7064//6847 5855//5680
f 4315//4198 7071//6854 5835//5660
f 5790//5615 5850//5675 4315//4198
f 4315//4198 6998//6781 5790//5615
f 4316//4199 7073//6856 5857//5682
f 5858//5683 5841//5666 4316//4199
f 4316//4199 7059//6842 5858//5683
f 5857//5682 5822//5647 4316//4199
f 4317//4200 7097//6880 5894//5719
f 5838//5663 5899//5724 4317//4200
f 4317//4200 7076//6859 5838//5663
f 5894//5719 5884//5709 4317//4200
f 5872//5697 5871//5696 4318//4201
f 4318//4201 7068//6851 5872//5697
f 4318//4201 7069//6852 5833//5658
f 5871//5696 5834//5659 4318//4201
f 4319//4202 7064//6847 5875//5700
f 4319//4202 7065//6848 5829//5654
f 4319//4202 7080//6863 5874//5699
f 5875//5700 5859//5684 4319//4202
f 5867//5692 5876//5701 4320//4203
f 4320//4203 7089//6872 5867//5692
f 5840//5665 5873//5698 4320//4203
f 4320//4203 7078//6861 5840//5665
f 4321//4204 7079//6862 5875//5700
f 5877//5702 5863//5688 4321//4204
f 4321//4204 7071//6854 5877//5702
f 5875//5700 5835//5660 4321//4204
f 5830//5655 5874//5699 4322//4205
f 4322//4205 7066//6849 5830//5655
f 5860//5685 5878//5703 4322//4205
f 4322//4205 7080//6863 5860//5685
f 5868//5693 5880//5705 4323//4206
f 4323//4206 7088//6871 5868//5693
f 4323//4206 7075//6858 5879//5704
f 5880//5705 5841//5666 4323//4206
f 4324//4207 7084//6867 5877//5702
f 4324//4207 7085//6868 5864//5689
f 4324//4207 7072//6855 5881//5706
f 5877//5702 5836//5661 4324//4207
f 5831//5656 5878//5703 4325//4208
f 4325//4208 7067//6850 5831//5656
f 5861//5686 5882//5707 4325//4208
f 4325//4208 7081//6864 5861//5686
f 5869//5694 5883//5708 4326//4209
f 4326//4209 7090//6873 5869//5694
f 5842//5667 5876//5701 4326//4209
f 4326//4209 7074//6857 5842//5667
f 4327//4210 7085//6868 5881//5706
f 5880//5705 5865//5690 4327//4210
f 4327//4210 7073//6856 5880//5705
f 5881//5706 5837//5662 4327//4210
f 4328//4211 7067//6850 5882//5707
f 5872//5697 5832//5657 4328//4211
f 4328//4211 7083//6866 5872//5697
f 5882//5707 5862//5687 4328//4211
f 5870//5695 5879//5704 4329//4212
f 4329//4212 7087//6870 5870//5695
f 5843//5668 5883//5708 4329//4212
f 4329//4212 7075//6858 5843//5668
f 4330//4213 7077//6860 5839//5664
f 5866//5691 5873//5698 4330//4213
f 4330//4213 7091//6874 5866//5691
f 5839//5664 5884//5709 4330//4213
f 5895//5720 5900//5725 4331//4214
f 4331//4214 7082//6865 5895//5720
f 5885//5710 5862//5687 4331//4214
f 4331//4214 7097//6880 5885//5710
f 4332//4215 7099//6882 5901//5726
f 5861//5686 5896//5721 4332//4215
f 5895//5720 5861//5686 4332//4215
f 4332//4215 7098//6881 5895//5720
f 5810//5635 5811//5636 4333//4216
f 4333//4216 7094//6877 5810//5635
f 4333//4216 7095//6878 5897//5722
f 5811//5636 5812//5637 4333//4216
f 5891//5716 5844//5669 4334//4217
f 4334//4217 7094//6877 5891//5716
f 5893//5718 5898//5723 4334//4217
f 4334//4217 7070//6853 5893//5718
f 4335//4218 7083//6866 5885//5710
f 5893//5718 5871//5696 4335//4218
f 4335//4218 7096//6879 5893//5718
f 5885//5710 5899//5724 4335//4218
f 5886//5711 5866//5691 4336//4219
f 4336//4219 7098//6881 5886//5711
f 5894//5719 5900//5725 4336//4219
f 4336//4219 7091//6874 5894//5719
f 5887//5712 5867//5692 4337//4220
f 5901//5726 5887//5712 4337//4220
f 5886//5711 5901//5726 4337//4220
f 4337//4220 7089//6872 5886//5711
f 5888//5713 5869//5694 4338//4221
f 4338//4221 7093//6876 5888//5713
f 5887//5712 5889//5714 4338//4221
f 4338//4221 7090//6873 5887//5712
f 4339//4222 7092//6875 5890//5715
f 5860//5685 5903//5728 4339//4222
f 4339//4222 7081//6864 5860//5685
f 5890//5715 5896//5721 4339//4222
f 4340//4223 7092//6875 5904//5729
f 5889//5714 5890//5715 4340//4223
f 4340//4223 7093//6876 5889//5714
f 5904//5729 5902//5727 4340//4223
f 4341//4224 7080//6863 5916//5741
f 5915//5740 5903//5728 4341//4224
f 4341//4224 7108//6891 5915//5740
f 5916//5741 5913//5738 4341//4224
f 5911//5736 5918//5743 4342//4225
f 4342//4225 7109//6892 5911//5736
f 5888//5713 5917//5742 4342//4225
f 4342//4225 7087//6870 5888//5713
f 4343//4226 7092//6875 5915//5740
f 4343//4226 7100//6883 5904//5729
f 4343//4226 7110//6893 5919//5744
f 5915//5740 5914//5739 4343//4226
f 5909//5734 5921//5746 4344//4227
f 4344//4227 7107//6890 5909//5734
f 5868//5693 5920//5745 4344//4227
f 4344//4227 7086//6869 5868//5693
f 4345//4228 7101//6884 5923//5748
f 5922//5747 5906//5731 4345//4228
f 4345//4228 7084//6867 5922//5747
f 5923//5748 5863//5688 4345//4228
f 4346//4229 7103//6886 5922//5747
f 4346//4229 7104//6887 5907//5732
f 5864//5689 5924//5749 4346//4229
f 5922//5747 5864//5689 4346//4229
f 4347//4230 7079//6862 5923//5748
f 5916//5741 5859//5684 4347//4230
f 4347//4230 7102//6885 5916//5741
f 5923//5748 5905//5730 4347//4230
f 5910//5735 5920//5745 4348//4231
f 4348//4231 7106//6889 5910//5735
f 5870//5695 5918//5743 4348//4231
f 4348//4231 7088//6871 5870//5695
f 4349//4232 7104//6887 5924//5749
f 4349//4232 7105//6888 5908//5733
f 5865//5690 5921//5746 4349//4232
f 4349//4232 7085//6868 5865//5690
f 4350//4233 7109//6892 5917//5742
f 4350//4233 7110//6893 5912//5737
f 4350//4233 7100//6883 5919//5744
f 5917//5742 5902//5727 4350//4233
f 5925//5750 5911//5736 4351//4234
f 5914//5739 5925//5750 4351//4234
f 5912//5737 5914//5739 4351//4234
f 5911//5736 5912//5737 4351//4234
f 5926//5751 5906//5731 4352//4235
f 5908//5733 5926//5751 4352//4235
f 4352//4235 7104//6887 5908//5733
f 4352//4235 7103//6886 5907//5732
f 4353//4236 7107//6890 5910//5735
f 5913//5738 5927//5752 4353//4236
f 4353//4236 7108//6891 5913//5738
f 5910//5735 5925//5750 4353//4236
f 4354//4237 7105//6888 5909//5734
f 4354//4237 7101//6884 5926//5751
f 4354//4237 7102//6885 5905//5730
f 5909//5734 5927//5752 4354//4237
f 4355//4238 7111//6894 5938//5763
f 5937//5762 5936//5761 4355//4238
f 4355//4238 6937//6720 5937//5762
f 5938//5763 5597//5423 4355//4238
f 4356//4239 6921//6704 5603//5429
f 5981//5806 5562//5388 4356//4239
f 4356//4239 7137//6920 5981//5806
f 5603//5429 5990//5815 4356//4239
f 4357//4240 7112//6895 5937//5762
f 5943//5768 5928//5753 4357//4240
f 4357//4240 6938//6721 5943//5768
f 5937//5762 5578//5404 4357//4240
f 4358//4241 7053//6836 5945//5770
f 5944//5769 5594//5420 4358//4241
f 4358//4241 7119//6902 5944//5769
f 5945//5770 5933//5758 4358//4241
f 5589//5415 5939//5764 4359//4242
f 4359//4242 6940//6723 5589//5415
f 5593//5419 5946//5771 4359//4242
f 4359//4242 7114//6897 5593//5419
f 4360//4243 7113//6896 5943//5768
f 5944//5769 5934//5759 4360//4243
f 5595//5421 5944//5769 4360//4243
f 4360//4243 6938//6721 5595//5421
f 5590//5416 5946//5771 4361//4244
f 4361//4244 6941//6724 5590//5416
f 5930//5755 5947//5772 4361//4244
f 4361//4244 7115//6898 5930//5755
f 4362//4245 6944//6727 5948//5773
f 5938//5763 5803//5628 4362//4245
f 4362//4245 6936//6719 5938//5763
f 5948//5773 5585//5411 4362//4245
f 4363//4246 7120//6903 5945//5770
f 4363//4246 7118//6901 5935//5760
f 5596//5422 5941//5766 4363//4246
f 5945//5770 5596//5422 4363//4246
f 5591//5417 5947//5772 4364//4247
f 4364//4247 6942//6725 5591//5417
f 5931//5756 5942//5767 4364//4247
f 4364//4247 7116//6899 5931//5756
f 4365//4248 6946//6729 5940//5765
f 5948//5773 5605//5431 4365//4248
f 4365//4248 6935//6718 5948//5773
f 5940//5765 5586//5412 4365//4248
f 5932//5757 5962//5787 4366//4249
f 4366//4249 7118//6901 5932//5757
f 5956//5781 5961//5786 4366//4249
f 4366//4249 7129//6912 5956//5781
f 4367//4250 7114//6897 5964//5789
f 5963//5788 5593//5419 4367//4250
f 4367//4250 7127//6910 5963//5788
f 5964//5789 5949//5774 4367//4250
f 5933//5758 5966//5791 4368//4251
f 4368//4251 7119//6902 5933//5758
f 4368//4251 7131//6914 5965//5790
f 4368//4251 7132//6915 5957//5782
f 5952//5777 5968//5793 4369//4252
f 5967//5792 5952//5777 4369//4252
f 4369//4252 7113//6896 5967//5792
f 5968//5793 5928//5753 4369//4252
f 4370//4253 7125//6908 5967//5792
f 5965//5790 5958//5783 4370//4253
f 5934//5759 5965//5790 4370//4253
f 5967//5792 5934//5759 4370//4253
f 4371//4254 7122//6905 5970//5795
f 4371//4254 7121//6904 5950//5775
f 4371//4254 6944//6727 5969//5794
f 5970//5795 5605//5431 4371//4254
f 4372//4255 6946//6729 5970//5795
f 5964//5789 5929//5754 4372//4255
f 4372//4255 7126//6909 5964//5789
f 5970//5795 5953//5778 4372//4255
f 4373//4256 7132//6915 5966//5791
f 4373//4256 7130//6913 5959//5784
f 5935//5760 5961//5786 4373//4256
f 4373//4256 7120//6903 5935//5760
f 4374//4257 7121//6904 5969//5794
f 4374//4257 7123//6906 5951//5776
f 4374//4257 7111//6894 5971//5796
f 5969//5794 5803//5628 4374//4257
f 4375//4258 7115//6898 5963//5788
f 5972//5797 5930//5755 4375//4258
f 4375//4258 7128//6911 5972//5797
f 5963//5788 5954//5779 4375//4258
f 5960//5785 5971//5796 4376//4259
f 4376//4259 7124//6907 5960//5785
f 4376//4259 7112//6895 5968//5793
f 5971//5796 5936//5761 4376//4259
f 5931//5756 5972//5797 4377//4260
f 4377//4260 7117//6900 5931//5756
f 5955//5780 5962//5787 4377//4260
f 4377//4260 7128//6911 5955//5780
f 4378//4261 7122//6905 5950//5775
f 5973//5798 5953//5778 4378//4261
f 5951//5776 5973//5798 4378//4261
f 4378//4261 7121//6904 5951//5776
f 4379//4262 7123//6906 5960//5785
f 4379//4262 7126//6909 5973//5798
f 5974//5799 5949//5774 4379//4262
f 5960//5785 5974//5799 4379//4262
f 5975//5800 5957//5782 4380//4263
f 5956//5781 5975//5800 4380//4263
f 4380//4263 7130//6913 5956//5781
f 4380//4263 7132//6915 5959//5784
f 4381//4264 7124//6907 5952//5777
f 4381//4264 7127//6910 5974//5799
f 5976//5801 5954//5779 4381//4264
f 4381//4264 7125//6908 5976//5801
f 5976//5801 5958//5783 4382//4265
f 5955//5780 5976//5801 4382//4265
f 4382//4265 7129//6912 5955//5780
f 4382//4265 7131//6914 5975//5800
f 5578//5404 5599//5425 4383//4266
f 4383//4266 6938//6721 5578//5404
f 5991//5816 5977//5802 4383//4266
f 4383//4266 7134//6917 5991//5816
f 4384//4267 7052//6835 5989//5814
f 4384//4267 6933//6716 5568//5394
f 4384//4267 7139//6922 5983//5808
f 5989//5814 5992//5817 4384//4267
f 4385//4268 6927//6710 5981//5806
f 5984//5809 5563//5389 4385//4268
f 4385//4268 7140//6923 5984//5809
f 5981//5806 5993//5818 4385//4268
f 4386//4269 6924//6707 5982//5807
f 5985//5810 5586//5412 4386//4269
f 4386//4269 7141//6924 5985//5810
f 5982//5807 5994//5819 4386//4269
f 5595//5421 5977//5802 4387//4270
f 4387//4270 6945//6728 5595//5421
f 5995//5820 5604//5430 4387//4270
f 4387//4270 7133//6916 5995//5820
f 4388//4271 6928//6711 5984//5809
f 5986//5811 5564//5390 4388//4271
f 4388//4271 7142//6925 5986//5811
f 5984//5809 5996//5821 4388//4271
f 4389//4272 6935//6718 5985//5810
f 4389//4272 6936//6719 5585//5411
f 5997//5822 5987//5812 4389//4272
f 5985//5810 5997//5822 4389//4272
f 4390//4273 6934//6717 5600//5426
f 5989//5814 5802//5627 4390//4273
f 4390//4273 7145//6928 5989//5814
f 5600//5426 5998//5823 4390//4273
f 4391//4274 6929//6712 5986//5811
f 4391//4274 6930//6713 5565//5391
f 5999//5824 5988//5813 4391//4274
f 4391//4274 7142//6925 5999//5824
f 5597//5423 5987//5812 4392//4275
f 4392//4275 6937//6720 5597//5423
f 6000//5825 5599//5425 4392//4275
f 4392//4275 7143//6926 6000//5825
f 5566//5392 5988//5813 4393//4276
f 4393//4276 6931//6714 5566//5392
f 6001//5826 5601//5427 4393//4276
f 4393//4276 7144//6927 6001//5826
f 4394//4277 7136//6919 6002//5827
f 5567//5393 5601//5427 4394//4277
f 4394//4277 6932//6715 5567//5393
f 6002//5827 6004//5829 4394//4277
f 5600//5426 5570//5396 4395//4278
f 4395//4278 7135//6918 5600//5426
f 6004//5829 6003//5828 4395//4278
f 4395//4278 6932//6715 6004//5829
f 4396//4279 7146//6929 6002//5827
f 5979//5804 6003//5828 4396//4279
f 4396//4279 6943//6726 5979//5804
f 6002//5827 5980//5805 4396//4279
f 4397//4280 6720//6503 6007//5832
f 5112//4938 5168//4994 4397//4280
f 4397//4280 6688//6471 5112//4938
f 6007//5832 5167//4993 4397//4280
f 6005//5830 6006//5831 4398//4281
f 4398//4281 6690//6473 6005//5830
f 6008//5833 5116//4942 4398//4281
f 4398//4281 7148//6931 6008//5833
f 6008//5833 6009//5834 4399//4282
f 4399//4282 6691//6474 6008//5833
f 6010//5835 5119//4945 4399//4282
f 4399//4282 7149//6932 6010//5835
f 6010//5835 6011//5836 4400//4283
f 4400//4283 6692//6475 6010//5835
f 4400//4283 6722//6505 5243//5069
f 4400//4283 7150//6933 6017//5842
f 6018//5843 5433//5259 4401//4284
f 4401//4284 7151//6934 6018//5843
f 6017//5842 6012//5837 4401//4284
f 4401//4284 6722//6505 6017//5842
f 6018//5843 6013//5838 4402//4285
f 4402//4285 6858//6641 6018//5843
f 6019//5844 5166//4992 4402//4285
f 6013//5838 6019//5844 4402//4285
f 4403//4286 7152//6935 6014//5839
f 5164//4990 6019//5844 4403//4286
f 6020//5845 5164//4990 4403//4286
f 6014//5839 6020//5845 4403//4286
f 6020//5845 6015//5840 4404//4287
f 4404//4287 6734//6517 6020//5845
f 6021//5846 5203//5029 4404//4287
f 4404//4287 7154//6937 6021//5846
f 6021//5846 6016//5841 4405//4288
f 4405//4288 6741//6524 6021//5846
f 4405//4288 6743//6526 5206//5032
f 4405//4288 7155//6938 6022//5847
f 4406//4289 6785//6568 5285//5111
f 6030//5855 6031//5856 4406//4289
f 4406//4289 7162//6945 6030//5855
f 5285//5111 6032//5857 4406//4289
f 4407//4290 6786//6569 5286//5112
f 6029//5854 6032//5857 4407//4290
f 4407//4290 7161//6944 6029//5854
f 4407//4290 6787//6570 6033//5858
f 6033//5858 5302//5128 4408//4291
f 6028//5853 6033//5858 4408//4291
f 4408//4291 7160//6943 6028//5853
f 4408//4291 6792//6575 6034//5859
f 6035//5860 6027//5852 4409//4292
f 5300//5126 6035//5860 4409//4292
f 4409//4292 6792//6575 5300//5126
f 6027//5852 6034//5859 4409//4292
f 4410//4293 7158//6941 6026//5851
f 5296//5122 6036//5861 4410//4293
f 4410//4293 6790//6573 5296//5122
f 6026//5851 6035//5860 4410//4293
f 6037//5862 6025//5850 4411//4294
f 5295//5121 6037//5862 4411//4294
f 4411//4294 6789//6572 5295//5121
f 4411//4294 7158//6941 6036//5861
f 6038//5863 6024//5849 4412//4295
f 4412//4295 6821//6604 6038//5863
f 4412//4295 6745//6528 5208//5034
f 4412//4295 7157//6940 6037//5862
f 6038//5863 5364//5190 4413//4296
f 4413//4296 7156//6939 6038//5863
f 6022//5847 6023//5848 4413//4296
f 4413//4296 6743//6526 6022//5847
f 4414//4297 7207//6990 6127//5952
f 5821//5646 6128//5953 4414//4297
f 4414//4297 7058//6841 5821//5646
f 6127//5952 5828//5653 4414//4297
f 6007//5832 6039//5864 4415//4298
f 4415//4298 7147//6930 6007//5832
f 6040//5865 6006//5831 4415//4298
f 4415//4298 7164//6947 6040//5865
f 4416//4299 6720//6503 5169//4995
f 6042//5867 6039//5864 4416//4299
f 4416//4299 7165//6948 6042//5867
f 5169//4995 6041//5866 4416//4299
f 4417//4300 6719//6502 6045//5870
f 6046//5871 6041//5866 4417//4300
f 4417//4300 7166//6949 6046//5871
f 6040//5865 6047//5872 4418//4301
f 4418//4301 7148//6931 6040//5865
f 6054//5879 6009//5834 4418//4301
f 4418//4301 7167//6950 6054//5879
f 6054//5879 6048//5873 4419//4302
f 4419//4302 7149//6932 6054//5879
f 4419//4302 7150//6933 6011//5836
f 6048//5873 6055//5880 4419//4302
f 4420//4303 7168//6951 6049//5874
f 6012//5837 6055//5880 4420//4303
f 4420//4303 7151//6934 6012//5837
f 6049//5874 6056//5881 4420//4303
f 4421//4304 7169//6952 6050//5875
f 6013//5838 6056//5881 4421//4304
f 4421//4304 7152//6935 6013//5838
f 6050//5875 6057//5882 4421//4304
f 4422//4305 7170//6953 6051//5876
f 6014//5839 6057//5882 4422//4305
f 4422//4305 7153//6936 6014//5839
f 6051//5876 6058//5883 4422//4305
f 4423//4306 7171//6954 6052//5877
f 6015//5840 6058//5883 4423//4306
f 6059//5884 6015//5840 4423//4306
f 4423//4306 7172//6955 6059//5884
f 6059//5884 6053//5878 4424//4307
f 4424//4307 7154//6937 6059//5884
f 6060//5885 6016//5841 4424//4307
f 4424//4307 7173//6956 6060//5885
f 4425//4308 7164//6947 6042//5867
f 6067//5892 6047//5872 4425//4308
f 4425//4308 7174//6957 6067//5892
f 6042//5867 6061//5886 4425//4308
f 6067//5892 6062//5887 4426//4309
f 4426//4309 7167//6950 6067//5892
f 6068//5893 6048//5873 4426//4309
f 4426//4309 7175//6958 6068//5893
f 6068//5893 6063//5888 4427//4310
f 6049//5874 6068//5893 4427//4310
f 4427//4310 7169//6952 6049//5874
f 6063//5888 6069//5894 4427//4310
f 4428//4311 7176//6959 6064//5889
f 6050//5875 6069//5894 4428//4311
f 4428//4311 7170//6953 6050//5875
f 6064//5889 6070//5895 4428//4311
f 6070//5895 6065//5890 4429//4312
f 6051//5876 6070//5895 4429//4312
f 4429//4312 7171//6954 6051//5876
f 4429//4312 7178//6961 6071//5896
f 4430//4313 7178//6961 6066//5891
f 6052//5877 6071//5896 4430//4313
f 4430//4313 7172//6955 6052//5877
f 6066//5891 6072//5897 4430//4313
f 4431//4314 7179//6962 6073//5898
f 6053//5878 6072//5897 4431//4314
f 4431//4314 7173//6956 6053//5878
f 6073//5898 6074//5899 4431//4314
f 4432//4315 7165//6948 6046//5871
f 6082//5907 6061//5886 4432//4315
f 4432//4315 7181//6964 6082//5907
f 6046//5871 6075//5900 4432//4315
f 6082//5907 6076//5901 4433//4316
f 4433//4316 7174//6957 6082//5907
f 6083//5908 6062//5887 4433//4316
f 4433//4316 7182//6965 6083//5908
f 6083//5908 6077//5902 4434//4317
f 4434//4317 7175//6958 6083//5908
f 4434//4317 7176//6959 6063//5888
f 6077//5902 6084//5909 4434//4317
f 6084//5909 6078//5903 4435//4318
f 4435//4318 7176//6959 6084//5909
f 6085//5910 6064//5889 4435//4318
f 4435//4318 7184//6967 6085//5910
f 6085//5910 6079//5904 4436//4319
f 4436//4319 7177//6960 6085//5910
f 6086//5911 6065//5890 4436//4319
f 4436//4319 7185//6968 6086//5911
f 4437//4320 7185//6968 6080//5905
f 6066//5891 6086//5911 4437//4320
f 4437//4320 7179//6962 6066//5891
f 6080//5905 6087//5912 4437//4320
f 4438//4321 7186//6969 6081//5906
f 6073//5898 6087//5912 4438//4321
f 4438//4321 7180//6963 6073//5898
f 6081//5906 6088//5913 4438//4321
f 7627//7410 7189//6972 7644//7427
f 7643//7426 6091//5916 7627//7410
f 6092//5917 5785//5610 4439//4322
f 5781//5606 6093//5918 4440//4323
f 4440//4323 7038//6821 5781//5606
f 6089//5914 6091//5916 4440//4323
f 4440//4323 7188//6971 6089//5914
f 4441//4324 7041//6824 6092//5917
f 6094//5919 5782//5607 4441//4324
f 4442//4325 7039//6822 6094//5919
f 6095//5920 5783//5608 4442//4325
f 4443//4326 7095//6878 6096//5921
f 5771//5596 5892//5717 4443//4326
f 4443//4326 7033//6816 5771//5596
f 6096//5921 6093//5918 4443//4326
f 6103//5928 7473//7256 7192//6975
f 7628//7411 7193//6976 7645//7428
f 7644//7427 6099//5924 7628//7411
f 4445//4328 7194//6977 6100//5925
f 6089//5914 6101//5926 4445//4328
f 4445//4328 7189//6972 6089//5914
f 6100//5925 6099//5924 4445//4328
f 4444//4327 7478//7261 7485//7268
f 7474//7257 6103//5928 7191//6974
f 7489//7272 7468//7251 7469//7252
f 7489//7272 7470//7253 7488//7271
f 6096//5921 5812//5637 4448//4331
f 4448//4331 7188//6971 6096//5921
f 6106//5931 6105//5930 4448//4331
f 4448//4331 7054//6837 6106//5931
f 6108//5933 6107//5932 4449//4332
f 4449//4332 7055//6838 6108//5933
f 6106//5931 5814//5639 4449//4332
f 4449//4332 7195//6978 6106//5931
f 4450//4333 7195//6978 6107//5932
f 6101//5926 6105//5930 4450//4333
f 6109//5934 6101//5926 4450//4333
f 4450//4333 7196//6979 6109//5934
f 4451//4334 7193//6976 6100//5925
f 6112//5937 6113//5938 4451//4334
f 4451//4334 7198//6981 6112//5937
f 6100//5925 6111//5936 4451//4334
f 7629//7412 7199//6982 7657//7440
f 7645//7428 6113//5938 7629//7412
f 4454//4337 7508//7291 7502//7285
f 7508//7291 7491//7274 7514//7297
f 4453//4336 7203//6986 6117//5942
f 6112//5937 6118//5943 4453//4336
f 6119//5944 6112//5937 4453//4336
f 4453//4336 7202//6985 6119//5944
f 6119//5944 7646//7429 7630//7413
f 7630//7413 7199//6982 6119//5944
f 6411//6236 7513//7296 7335//7118
f 4455//4338 7194//6977 6109//5934
f 6120//5945 6111//5936 4455//4338
f 4455//4338 7197//6980 6120//5945
f 6109//5934 6110//5935 4455//4338
f 6122//5947 6125//5950 4456//4339
f 4456//4339 7060//6843 6122//5947
f 6108//5933 5815//5640 4456//4339
f 4456//4339 7196//6979 6108//5933
f 4457//4340 7205//6988 6121//5946
f 6110//5935 6125//5950 4457//4340
f 4457//4340 7197//6980 6110//5935
f 6121//5946 6126//5951 4457//4340
f 6120//5945 6123//5948 4458//4341
f 4458//4341 7198//6981 6120//5945
f 6124//5949 6118//5943 4458//4341
f 4458//4341 7204//6987 6124//5949
f 6127//5952 6129//5954 4459//4342
f 4459//4342 7056//6839 6127//5952
f 6122//5947 5817//5642 4459//4342
f 4459//4342 7205//6988 6122//5947
f 6130//5955 5284//5110 4460//4343
f 4460//4343 7208//6991 6130//5955
f 6031//5856 6131//5956 4460//4343
f 4460//4343 6785//6568 6031//5856
f 4461//4344 7207//6990 6132//5957
f 6121//5946 6129//5954 4461//4344
f 4461//4344 7206//6989 6121//5946
f 6132//5957 6133//5958 4461//4344
f 6132//5957 6128//5953 4462//4345
f 4462//4345 7209//6992 6132//5957
f 6131//5956 6134//5959 4462//4345
f 4462//4345 7208//6991 6131//5956
f 4463//4346 7211//6994 6138//5963
f 6030//5855 6137//5962 4463//4346
f 4463//4346 7163//6946 6030//5855
f 6138//5963 6134//5959 4463//4346
f 6135//5960 6133//5958 4464//4347
f 4464//4347 7210//6993 6135//5960
f 6138//5963 6136//5961 4464//4347
f 4464//4347 7209//6992 6138//5963
f 4465//4348 7206//6989 6135//5960
f 6123//5948 6126//5951 4465//4348
f 4465//4348 7204//6987 6123//5948
f 6135//5960 6139//5964 4465//4348
f 4466//4349 7212//6995 6140//5965
f 6029//5854 6141//5966 4466//4349
f 4466//4349 7162//6945 6029//5854
f 6140//5965 6137//5962 4466//4349
f 6148//5973 6147//5972 4467//4350
f 4467//4350 7218//7001 6149//5974
f 4468//4351 7217//7000 6148//5973
f 6150//5975 7658//7441 7631//7414
f 7631//7414 7202//6985 6150//5975
f 6150//5975 6117//5942 4469//4352
f 4469//4352 7216//6999 6150//5975
f 6151//5976 6145//5970 4469//4352
f 4469//4352 7203//6986 6151//5976
f 4470//4353 7203//6986 6124//5949
f 4470//4353 7215//6998 6151//5976
f 6152//5977 6144//5969 4470//4353
f 6124//5949 6152//5977 4470//4353
f 4471//4354 7204//6987 6139//5964
f 4471//4354 7214//6997 6152//5977
f 6153//5978 6143//5968 4471//4354
f 4471//4354 7210//6993 6153//5978
f 6153//5978 6136//5961 4472//4355
f 4472//4355 7213//6996 6153//5978
f 6140//5965 6142//5967 4472//4355
f 4472//4355 7211//6994 6140//5965
f 4473//4356 7219//7002 6154//5979
f 6028//5853 6155//5980 4473//4356
f 4473//4356 7161//6944 6028//5853
f 6154//5979 6141//5966 4473//4356
f 6154//5979 6158//5983 4474//4357
f 4474//4357 7212//6995 6154//5979
f 6156//5981 6142//5967 4474//4357
f 4474//4357 7220//7003 6156//5981
f 6156//5981 6157//5982 4475//4358
f 4475//4358 7213//6996 6156//5981
f 6159//5984 6143//5968 4475//4358
f 4475//4358 7221//7004 6159//5984
f 6164//5989 6163//5988 4476//4359
f 4476//4359 7448//7231 6164//5989
f 7444//7227 6146//5971 4477//4360
f 4476//4359 7225//7008 6165//5990
f 6166//5991 7659//7442 7632//7415
f 7632//7415 7216//6999 6166//5991
f 4600//4483 7450//7233 7445//7228
f 4477//4360 7224//7007 6164//5989
f 6160//5985 6161//5986 4478//4361
f 4478//4361 7215//6998 6160//5985
f 6166//5991 6145//5970 4478//4361
f 4478//4361 7223//7006 6166//5991
f 6159//5984 6167//5992 4479//4362
f 4479//4362 7214//6997 6159//5984
f 6160//5985 6144//5969 4479//4362
f 4479//4362 7222//7005 6160//5985
f 4480//4363 7245//7028 6191//6016
f 6182//6007 6190//6015 4480//4363
f 4480//4363 7239//7022 6182//6007
f 6191//6016 6181//6006 4480//4363
f 6174//5999 6192//6017 4481//4364
f 4481//4364 7232//7015 6174//5999
f 6190//6015 6189//6014 4481//4364
f 6192//6017 6190//6015 4481//4364
f 4482//4365 7230//7013 6193//6018
f 6192//6017 6173//5998 4482//4365
f 4482//4365 7245//7028 6192//6017
f 6193//6018 6188//6013 4482//4365
f 4483//4366 7244//7027 6194//6019
f 6191//6016 6188//6013 4483//4366
f 4483//4366 7238//7021 6191//6016
f 6194//6019 6180//6005 4483//4366
f 4484//4367 7229//7012 6195//6020
f 6193//6018 6172//5997 4484//4367
f 4484//4367 7244//7027 6193//6018
f 6195//6020 6187//6012 4484//4367
f 4485//4368 7243//7026 6196//6021
f 6194//6019 6187//6012 4485//4368
f 4485//4368 7237//7020 6194//6019
f 6196//6021 6179//6004 4485//4368
f 4486//4369 7242//7025 6197//6022
f 6196//6021 6186//6011 4486//4369
f 4486//4369 7236//7019 6196//6021
f 6197//6022 6178//6003 4486//4369
f 4487//4370 7228//7011 6198//6023
f 6195//6020 6171//5996 4487//4370
f 4487//4370 7243//7026 6195//6020
f 6198//6023 6186//6011 4487//4370
f 6170//5995 6199//6024 4488//4371
f 6198//6023 6170//5995 4488//4371
f 4488//4371 7242//7025 6198//6023
f 4488//4371 7241//7024 6185//6010
f 6185//6010 6200//6025 4489//4372
f 4489//4372 7242//7025 6185//6010
f 4489//4372 7235//7018 6197//6022
f 4489//4372 7234//7017 6177//6002
f 6184//6009 6201//6026 4490//4373
f 4490//4373 7241//7024 6184//6009
f 6176//6001 6200//6025 4490//4373
f 4490//4373 7233//7016 6176//6001
f 6169//5994 6202//6027 4491//4374
f 4491//4374 7227//7010 6169//5994
f 6184//6009 6199//6024 4491//4374
f 4491//4374 7240//7023 6184//6009
f 6183//6008 6202//6027 4492//4375
f 4492//4375 7220//7003 6183//6008
f 6168//5993 6157//5982 4492//4375
f 4492//4375 7226//7009 6168//5993
f 6175//6000 6201//6026 4493//4376
f 4493//4376 7219//7002 6175//6000
f 6183//6008 6158//5983 4493//4376
f 4493//4376 7240//7023 6183//6008
f 6203//6028 6175//6000 4494//4377
f 4494//4377 7159//6942 6203//6028
f 4494//4377 7160//6943 6027//5852
f 6175//6000 6155//5980 4494//4377
f 6205//6030 6206//6031 4495//4378
f 4495//4378 7158//6941 6205//6030
f 6203//6028 6026//5851 4495//4378
f 4495//4378 7233//7016 6203//6028
f 6204//6029 6207//6032 4496//4379
f 4496//4379 7157//6940 6204//6029
f 6205//6030 6025//5850 4496//4379
f 4496//4379 7248//7031 6205//6030
f 4497//4380 7248//7031 6207//6032
f 6176//6001 6206//6031 4497//4380
f 4497//4380 7234//7017 6176//6001
f 6207//6032 6208//6033 4497//4380
f 6208//6033 6209//6034 4498//4381
f 4498//4381 7234//7017 6208//6033
f 6210//6035 6177//6002 4498//4381
f 4498//4381 7249//7032 6210//6035
f 6210//6035 6211//6036 4499//4382
f 4499//4382 7235//7018 6210//6035
f 6214//6039 6178//6003 4499//4382
f 4499//4382 7250//7033 6214//6039
f 6214//6039 6212//6037 4500//4383
f 4500//4383 7236//7019 6214//6039
f 6215//6040 6179//6004 4500//4383
f 4500//4383 7251//7034 6215//6040
f 6215//6040 6213//6038 4501//4384
f 4501//4384 7237//7020 6215//6040
f 6218//6043 6180//6005 4501//4384
f 4501//4384 7252//7035 6218//6043
f 4502//4385 7252//7035 6216//6041
f 6221//6046 6218//6043 4502//4385
f 4502//4385 7257//7040 6221//6046
f 6216//6041 6222//6047 4502//4385
f 6221//6046 6223//6048 4503//4386
f 4503//4386 7238//7021 6221//6046
f 6220//6045 6181//6006 4503//4386
f 4503//4386 7256//7039 6220//6045
f 6222//6047 6219//6044 4504//4387
f 4504//4387 7257//7040 6222//6047
f 6224//6049 6223//6048 4504//4387
f 4504//4387 7255//7038 6224//6049
f 6226//6051 6225//6050 4505//4388
f 4505//4388 7156//6939 6226//6051
f 6204//6029 6024//5849 4505//4388
f 4505//4388 7247//7030 6204//6029
f 4506//4389 7173//6956 6227//6052
f 4506//4389 7155//6938 6060//5885
f 6226//6051 6023//5848 4506//4389
f 6227//6052 6226//6051 4506//4389
f 4507//4390 7271//7054 6248//6073
f 6234//6059 6250//6075 4507//4390
f 4507//4390 7264//7047 6234//6059
f 4507//4390 7278//7061 6249//6074
f 4508//4391 7251//7034 6252//6077
f 6251//6076 6213//6038 4508//4391
f 4508//4391 7269//7052 6251//6076
f 6252//6077 6238//6063 4508//4391
f 4509//4392 7273//7056 6254//6079
f 6253//6078 6243//6068 4509//4392
f 4509//4392 7260//7043 6253//6078
f 6254//6079 6229//6054 4509//4392
f 4510//4393 7274//7057 6253//6078
f 6255//6080 6244//6069 4510//4393
f 6230//6055 6255//6080 4510//4393
f 6253//6078 6230//6055 4510//4393
f 6209//6034 6257//6082 4511//4394
f 6256//6081 6209//6034 4511//4394
f 6235//6060 6256//6081 4511//4394
f 4511//4394 7265//7048 6235//6060
f 6241//6066 6257//6082 4512//4395
f 4512//4395 7272//7055 6241//6066
f 6225//6050 6258//6083 4512//4395
f 4512//4395 7247//7030 6225//6050
f 6245//6070 6255//6080 4513//4396
f 4513//4396 7276//7059 6245//6070
f 6231//6056 6259//6084 4513//4396
f 4513//4396 7261//7044 6231//6056
f 4514//4397 7252//7035 6251//6076
f 6260//6085 6216//6041 4514//4397
f 4514//4397 7270//7053 6260//6085
f 6251//6076 6239//6064 4514//4397
f 6246//6071 6259//6084 4515//4398
f 4515//4398 7277//7060 6246//6071
f 6232//6057 6261//6086 4515//4398
f 4515//4398 7262//7045 6232//6057
f 4516//4399 7249//7032 6256//6081
f 6262//6087 6211//6036 4516//4399
f 4516//4399 7267//7050 6262//6087
f 6256//6081 6236//6061 4516//4399
f 4517//4400 7270//7053 6240//6065
f 6217//6042 6260//6085 4517//4400
f 4517//4400 7254//7037 6217//6042
f 4517//4400 7271//7054 6250//6075
f 6247//6072 6261//6086 4518//4401
f 4518//4401 7278//7061 6247//6072
f 6233//6058 6249//6074 4518//4401
f 4518//4401 7263//7046 6233//6058
f 4519//4402 7250//7033 6262//6087
f 6252//6077 6212//6037 4519//4402
f 4519//4402 7268//7051 6252//6077
f 6262//6087 6237//6062 4519//4402
f 4520//4403 7272//7055 6258//6083
f 6254//6079 6242//6067 4520//4403
f 4520//4403 7259//7042 6254//6079
f 6258//6083 6228//6053 4520//4403
f 6241//6066 6242//6067 4521//4404
f 4521//4404 7265//7048 6241//6066
f 6263//6088 6235//6060 4521//4404
f 4521//4404 7273//7056 6263//6088
f 6240//6065 6264//6089 4522//4405
f 4522//4405 7271//7054 6240//6065
f 4522//4405 7278//7061 6248//6073
f 6264//6089 6247//6072 4522//4405
f 4523//4406 7276//7059 6246//6071
f 4523//4406 7269//7052 6265//6090
f 4523//4406 7270//7053 6239//6064
f 6246//6071 6264//6089 4523//4406
f 6263//6088 6243//6068 4524//4407
f 4524//4407 7266//7049 6263//6088
f 6266//6091 6236//6061 4524//4407
f 4524//4407 7274//7057 6266//6091
f 6266//6091 6244//6069 4525//4408
f 4525//4408 7267//7050 6266//6091
f 6267//6092 6237//6062 4525//4408
f 4525//4408 7275//7058 6267//6092
f 6267//6092 6245//6070 4526//4409
f 4526//4409 7268//7051 6267//6092
f 6265//6090 6238//6063 4526//4409
f 4526//4409 7276//7059 6265//6090
f 4527//4410 7285//7068 6285//6110
f 6228//6053 6279//6104 4527//4410
f 4527//4410 7259//7042 6228//6053
f 6285//6110 6280//6105 4527//4410
f 4528//4411 7286//7069 6286//6111
f 6229//6054 6280//6105 4528//4411
f 4528//4411 7260//7043 6229//6054
f 6286//6111 6281//6106 4528//4411
f 4529//4412 7287//7070 6287//6112
f 6230//6055 6281//6106 4529//4412
f 4529//4412 7261//7044 6230//6055
f 6287//6112 6282//6107 4529//4412
f 4530//4413 7288//7071 6288//6113
f 6231//6056 6282//6107 4530//4413
f 4530//4413 7262//7045 6231//6056
f 6288//6113 6283//6108 4530//4413
f 4531//4414 7289//7072 6289//6114
f 6232//6057 6283//6108 4531//4414
f 6284//6109 6232//6057 4531//4414
f 4531//4414 7290//7073 6284//6109
f 4532//4415 7279//7062 6269//6094
f 6285//6110 6268//6093 4532//4415
f 4532//4415 7286//7069 6285//6110
f 6269//6094 6274//6099 4532//4415
f 4533//4416 7280//7063 6270//6095
f 6286//6111 6274//6099 4533//4416
f 4533//4416 7287//7070 6286//6111
f 6270//6095 6275//6100 4533//4416
f 4534//4417 7281//7064 6271//6096
f 6287//6112 6275//6100 4534//4417
f 4534//4417 7288//7071 6287//6112
f 6271//6096 6276//6101 4534//4417
f 4535//4418 7282//7065 6272//6097
f 6288//6113 6276//6101 4535//4418
f 4535//4418 7289//7072 6288//6113
f 6272//6097 6277//6102 4535//4418
f 4536//4419 7283//7066 6273//6098
f 6289//6114 6277//6102 4536//4419
f 4536//4419 7290//7073 6289//6114
f 6273//6098 6278//6103 4536//4419
f 6290//6115 6088//5913 4537//4420
f 4537//4420 7285//7068 6290//6115
f 6291//6116 6268//6093 4537//4420
f 4537//4420 7187//6970 6291//6116
f 6227//6052 6074//5899 4538//4421
f 4538//4421 7258//7041 6227//6052
f 6290//6115 6279//6104 4538//4421
f 4538//4421 7180//6963 6290//6115
f 6284//6109 6293//6118 4539//4422
f 4539//4422 7263//7046 6284//6109
f 6294//6119 6233//6058 4539//4422
f 4539//4422 7292//7075 6294//6119
f 6293//6118 6278//6103 4540//4423
f 4540//4423 7292//7075 6293//6118
f 6292//6117 6295//6120 4540//4423
f 4540//4423 7284//7067 6292//6117
f 6303//6128 6304//6129 4541//4424
f 4541//4424 7297//7080 6303//6128
f 6234//6059 6302//6127 4541//4424
f 4541//4424 7254//7037 6234//6059
f 6305//6130 6219//6044 4542//4425
f 4542//4425 7298//7081 6305//6130
f 6217//6042 6304//6129 4542//4425
f 4542//4425 7253//7036 6217//6042
f 4543//4426 7294//7077 6309//6134
f 6295//6120 6298//6123 4543//4426
f 4543//4426 7292//7075 6295//6120
f 6309//6134 6308//6133 4543//4426
f 4544//4427 7264//7047 6294//6119
f 6310//6135 6302//6127 4544//4427
f 4544//4427 7300//7083 6310//6135
f 6294//6119 6308//6133 4544//4427
f 6309//6134 6299//6124 4545//4428
f 4545//4428 7300//7083 6309//6134
f 6307//6132 6311//6136 4545//4428
f 4545//4428 7295//7078 6307//6132
f 4546//4429 7299//7082 6300//6125
f 6310//6135 6311//6136 4546//4429
f 4546//4429 7297//7080 6310//6135
f 4546//4429 7296//7079 6301//6126
f 6298//6123 6296//6121 4547//4430
f 4547//4430 7294//7077 6298//6123
f 6296//6121 6312//6137 4547//4430
f 4548//4431 7295//7078 6299//6124
f 6297//6122 6306//6131 4548//4431
f 4548//4431 7293//7076 6297//6122
f 6299//6124 6312//6137 4548//4431
f 6306//6131 4852//4719 4549//4432
f 4549//4432 7295//7078 6306//6131
f 4549//4432 7299//7082 6307//6132
f 4852//4719 6313//6138 4549//4432
f 6320//6145 6182//6007 4550//4433
f 4550//4433 6557//6364 6320//6145
f 6319//6144 6318//6143 4550//4433
f 6182//6007 6319//6144 4550//4433
f 4551//4434 7246//7029 6320//6145
f 6321//6146 6189//6014 4551//4434
f 4551//4434 6550//6357 6321//6146
f 6320//6145 4854//4721 4551//4434
f 4552//4435 7304//7087 6319//6144
f 4552//4435 7303//7086 6317//6142
f 6220//6045 6322//6147 4552//4435
f 4552//4435 7239//7022 6220//6045
f 6317//6142 6323//6148 4553//4436
f 4553//4436 7304//7087 6317//6142
f 4853//4720 6318//6143 4553//4436
f 4553//4436 6556//6363 4853//4720
f 4554//4437 7302//7085 6316//6141
f 6224//6049 6324//6149 4554//4437
f 4554//4437 7256//7039 6224//6049
f 6316//6141 6322//6147 4554//4437
f 4555//4438 6555//6362 4851//4718
f 6316//6141 6325//6150 4555//4438
f 4555//4438 7303//7086 6316//6141
f 4851//4718 6323//6148 4555//4438
f 6315//6140 6324//6149 4556//4439
f 4556//4439 7301//7084 6315//6140
f 6305//6130 6326//6151 4556//4439
f 4556//4439 7255//7038 6305//6130
f 4557//4440 7296//7079 6314//6139
f 6303//6128 6301//6126 4557//4440
f 4557//4440 7298//7081 6303//6128
f 6314//6139 6326//6151 4557//4440
f 4558//4441 6554//6361 6327//6152
f 4558//4441 7299//7082 6313//6138
f 4558//4441 7296//7079 6300//6125
f 6327//6152 6314//6139 4558//4441
f 6327//6152 4850//4717 4559//4442
f 4559//4442 7301//7084 6327//6152
f 6325//6150 6315//6140 4559//4442
f 4559//4442 6555//6362 6325//6150
f 4560//4443 7231//7014 6174//5999
f 6334//6159 6335//6160 4560//4443
f 4560//4443 7311//7094 6334//6159
f 6174//5999 6336//6161 4560//4443
f 6337//6162 6173//5998 4561//4444
f 4561//4444 7309//7092 6337//6162
f 4561//4444 7310//7093 6333//6158
f 6173//5998 6335//6160 4561//4444
f 6338//6163 6172//5997 4562//4445
f 4562//4445 7308//7091 6338//6163
f 6337//6162 6332//6157 4562//4445
f 4562//4445 7230//7013 6337//6162
f 6339//6164 6171//5996 4563//4446
f 6331//6156 6339//6164 4563//4446
f 6338//6163 6331//6156 4563//4446
f 4563//4446 7229//7012 6338//6163
f 4564//4447 7227//7010 6170//5995
f 6330//6155 6340//6165 4564//4447
f 4564//4447 7307//7090 6330//6155
f 6170//5995 6339//6164 4564//4447
f 4565//4448 7226//7009 6169//5994
f 6329//6154 6341//6166 4565//4448
f 4565//4448 7306//7089 6329//6154
f 6169//5994 6340//6165 4565//4448
f 6168//5993 6341//6166 4566//4449
f 4566//4449 7221//7004 6168//5993
f 6328//6153 6167//5992 4566//4449
f 4566//4449 7305//7088 6328//6153
f 6328//6153 6349//6174 4567//4450
f 4567//4450 7222//7005 6328//6153
f 6342//6167 6161//5986 4567//4450
f 4567//4450 7312//7095 6342//6167
f 4568//4451 7305//7088 6329//6154
f 6343//6168 6349//6174 4568//4451
f 4568//4451 7313//7096 6343//6168
f 6329//6154 6350//6175 4568//4451
f 4569//4452 7306//7089 6330//6155
f 6344//6169 6350//6175 4569//4452
f 4569//4452 7314//7097 6344//6169
f 6330//6155 6351//6176 4569//4452
f 4570//4453 7307//7090 6331//6156
f 6345//6170 6351//6176 4570//4453
f 4570//4453 7315//7098 6345//6170
f 6331//6156 6352//6177 4570//4453
f 6352//6177 6332//6157 4571//4454
f 4571//4454 7315//7098 6352//6177
f 6353//6178 6346//6171 4571//4454
f 4571//4454 7309//7092 6353//6178
f 6353//6178 6333//6158 4572//4455
f 4572//4455 7316//7099 6353//6178
f 6354//6179 6347//6172 4572//4455
f 4572//4455 7310//7093 6354//6179
f 4573//4456 7310//7093 6334//6159
f 4573//4456 7317//7100 6354//6179
f 6355//6180 6348//6173 4573//4456
f 6334//6159 6355//6180 4573//4456
f 6321//6146 4857//4724 4574//4457
f 4574//4457 7232//7015 6321//6146
f 6356//6181 6336//6161 4574//4457
f 4574//4457 6551//6358 6356//6181
f 6356//6181 4855//4722 4575//4458
f 4575//4458 7311//7094 6356//6181
f 6357//6182 6355//6180 4575//4458
f 4855//4722 6357//6182 4575//4458
f 6342//6167 7660//7443 7633//7416
f 7633//7416 7223//7006 6342//6167
f 4577//4460 7437//7220 7432//7215
f 4576//4459 7319//7102 6358//6183
f 6358//6183 6375//6200 4577//4460
f 7224//7007 7435//7218 6163//5988
f 7433//7216 6366//6191 4599//4482
f 4577//4460 7327//7110 6366//6191
f 7634//7417 7312//7095 6343//6168
f 7319//7102 7425//7208 6375//6200
f 4578//4461 7320//7103 6359//6184
f 6343//6168 7661//7444 7634//7417
f 7421//7204 6367//6192 4598//4481
f 7424//7207 7319//7102 6374//6199
f 4579//4462 7328//7111 6367//6192
f 6359//6184 6377//6202 4579//4462
f 7635//7418 7313//7096 6344//6169
f 7328//7111 7415//7198 6407//6232
f 4580//4463 7321//7104 6360//6185
f 6344//6169 7662//7445 7635//7418
f 4597//4480 7414//7197 7409//7192
f 7407//7190 6376//6201 4580//4463
f 4581//4464 7329//7112 6368//6193
f 6360//6185 6379//6204 4581//4464
f 7636//7419 7314//7097 6345//6170
f 4583//4466 7399//7182 7396//7179
f 4582//4465 7322//7105 6361//6186
f 6345//6170 7663//7446 7636//7419
f 7321//7104 7401//7184 6379//6204
f 4596//4479 7402//7185 7397//7180
f 4583//4466 7330//7113 6369//6194
f 6361//6186 6381//6206 4583//4466
f 7663//7446 6346//6171 7637//7420
f 7388//7171 7322//7105 6380//6205
f 6382//6207 6362//6187 4584//4467
f 7637//7420 7316//7099 7664//7447
f 4595//4478 7390//7173 7385//7168
f 4585//4468 7386//7169 6362//6187
f 4585//4468 7331//7114 6370//6195
f 4585//4468 7323//7106 6383//6208
f 7664//7447 6347//6172 7638//7421
f 6383//6208 7381//7164 7331//7114
f 6384//6209 6363//6188 4586//4469
f 7638//7421 7317//7100 7665//7448
f 7380//7163 6383//6208 7323//7106
f 7373//7156 6371//6196 4594//4477
f 6385//6210 6371//6196 4587//4470
f 4587//4470 7324//7107 6385//6210
f 7665//7448 6348//6173 7639//7422
f 4593//4476 7366//7149 7361//7144
f 6386//6211 6364//6189 4588//4471
f 7639//7422 7318//7101 7666//7449
f 4589//4472 7363//7146 7360//7143
f 7368//7151 6385//6210 7324//7107
f 6387//6212 6372//6197 4589//4472
f 4589//4472 7325//7108 6387//6212
f 6388//6213 6365//6190 4590//4473
f 6357//6182 7667//7450 7640//7423
f 7666//7449 6357//6182 7640//7423
f 7348//7131 6365//6190 4591//4474
f 7333//7116 7355//7138 6401//6226
f 6401//6226 7358//7141 7344//7127
f 6389//6214 6373//6198 4591//4474
f 4591//4474 7326//7109 6389//6214
f 7349//7132 6373//6198 4592//4475
f 4591//4474 7351//7134 7348//7131
f 6402//6227 6400//6225 4592//4475
f 4592//4475 7334//7117 6402//6227
f 7364//7147 7324//7107 6384//6209
f 6403//6228 7370//7153 7343//7126
f 6401//6226 6399//6224 4593//4476
f 4593//4476 7333//7116 6401//6226
f 7376//7159 7323//7106 6382//6207
f 4587//4470 7374//7157 6363//6188
f 4594//4477 7343//7126 6398//6223
f 6371//6196 6403//6228 4594//4477
f 6381//6206 7393//7176 7330//7113
f 6405//6230 7394//7177 7341//7124
f 4595//4478 7342//7125 6397//6222
f 6370//6195 6404//6229 4595//4478
f 7400//7183 7321//7104 6378//6203
f 4583//4466 7398//7181 6361//6186
f 4596//4479 7341//7124 6396//6221
f 6369//6194 6405//6230 4596//4479
f 7412//7195 7320//7103 6376//6201
f 4581//4464 7411//7194 7408//7191
f 4597//4480 7340//7123 6395//6220
f 6368//6193 6406//6231 4597//4480
f 7420//7203 6359//6184 4579//4462
f 4598//4481 7426//7209 7421//7204
f 4598//4481 7339//7122 6394//6219
f 6367//6192 6407//6232 4598//4481
f 7434//7217 7224//7007 6162//5987
f 6409//6234 7442//7225 7337//7120
f 4599//4482 7338//7121 6393//6218
f 6366//6191 6408//6233 4599//4482
f 7217//7000 7447//7230 6147//5972
f 7446//7229 7217//7000 6146//5971
f 4600//4483 7337//7120 6392//6217
f 6165//5990 6409//6234 4600//4483
f 4601//4484 7336//7119 6391//6216
f 6149//5974 6410//6235 4601//4484
f 7201//6984 7510//7293 6411//6236
f 7515//7298 7499//7282 7492//7275
f 7667//7450 4856//4723 7641//7424
f 4602//4485 7326//7109 6388//6213
f 6413//6238 6412//6237 4602//4485
f 7641//7424 6553//6360 7668//7451
f 4603//4486 7346//7129 6414//6239
f 6389//6214 6412//6237 4603//4486
f 4603//4486 7334//7117 6389//6214
f 6414//6239 6402//6227 4603//4486
f 7347//7130 7356//7139 7352//7135
f 7353//7136 7350//7133 7348//7131
f 7348//7131 7357//7140 7353//7136
f 7355//7138 7351//7134 7349//7132
f 7349//7132 7358//7141 7355//7138
f 7352//7135 7325//7108 6386//6211
f 4590//4473 7352//7135 6386//6211
f 7347//7130 6365//6190 7350//7133
f 7325//7108 7353//7136 6387//6212
f 4592//4475 7354//7137 7349//7132
f 6387//6212 7357//7140 7333//7116
f 7359//7142 7368//7151 7364//7147
f 7365//7148 7362//7145 7360//7143
f 7360//7143 7369//7152 7365//7148
f 7367//7150 7363//7146 7361//7144
f 7361//7144 7370//7153 7367//7150
f 4588//4471 7364//7147 6384//6209
f 6385//6210 7369//7152 7332//7115
f 7359//7142 6364//6189 7362//7145
f 7360//7143 6364//6189 4589//4472
f 7361//7144 6372//6197 4593//4476
f 7332//7115 7367//7150 6403//6228
f 7371//7154 7380//7163 7376//7159
f 7377//7160 7374//7157 7372//7155
f 7375//7158 7377//7160 7372//7155
f 7373//7156 7381//7164 7375//7158
f 7378//7161 7379//7162 7373//7156
f 7331//7114 7379//7162 6404//6229
f 4587//4470 7375//7158 7372//7155
f 4586//4469 7376//7159 6382//6207
f 6404//6229 7382//7165 7342//7125
f 7371//7154 6363//6188 7374//7157
f 4594//4477 7378//7161 7373//7156
f 7383//7166 7392//7175 7388//7171
f 7389//7172 7386//7169 7384//7167
f 7387//7170 7389//7172 7384//7167
f 7391//7174 7387//7170 7385//7168
f 7390//7173 7391//7174 7385//7168
f 7385//7168 6370//6195 4595//4478
f 4585//4468 7387//7170 7384//7167
f 7383//7166 6380//6205 4584//4467
f 7330//7113 7391//7174 6405//6230
f 7392//7175 6381//6206 7322//7105
f 7383//7166 6362//6187 7386//7169
f 7398//7181 7400//7183 7395//7178
f 7396//7179 7404//7187 7398//7181
f 7399//7182 7401//7184 7396//7179
f 7397//7180 7405//7188 7399//7182
f 7402//7185 7403//7186 7397//7180
f 7395//7178 6378//6203 4582//4465
f 7329//7112 7403//7186 6406//6231
f 6379//6204 7405//7188 7329//7112
f 7397//7180 6369//6194 4596//4479
f 7395//7178 6361//6186 7398//7181
f 6406//6231 7406//7189 7340//7123
f 7410//7193 7412//7195 7407//7190
f 7408//7191 7416//7199 7410//7193
f 7411//7194 7413//7196 7408//7191
f 7409//7192 7417//7200 7411//7194
f 7414//7197 7415//7198 7409//7192
f 7320//7103 7413//7196 6377//6202
f 7407//7190 6360//6185 7410//7193
f 6407//6232 7418//7201 7339//7122
f 4581//4464 7410//7193 6360//6185
f 6377//6202 7417//7200 7328//7111
f 7409//7192 6368//6193 4597//4480
f 7422//7205 7424//7207 7419//7202
f 7420//7203 7428//7211 7422//7205
f 7423//7206 7425//7208 7420//7203
f 7421//7204 7429//7212 7423//7206
f 7426//7209 7427//7210 7421//7204
f 7327//7110 7427//7210 6408//6233
f 6375//6200 7429//7212 7327//7110
f 4579//4462 7423//7206 7420//7203
f 6408//6233 7430//7213 7338//7121
f 7419//7202 6374//6199 4578//4461
f 7419//7202 6359//6184 7422//7205
f 7436//7219 7434//7217 7431//7214
f 7432//7215 7440//7223 7436//7219
f 7437//7220 7435//7218 7432//7215
f 7433//7216 7441//7224 7437//7220
f 7438//7221 7439//7222 7433//7216
f 7431//7214 6162//5987 4576//4459
f 6163//5988 7441//7224 7225//7008
f 7431//7214 6358//6183 7436//7219
f 4599//4482 7438//7221 7433//7216
f 7225//7008 7439//7222 6409//6234
f 4577//4460 7436//7219 6358//6183
f 7443//7226 7452//7235 7448//7231
f 7449//7232 7447//7230 7443//7226
f 7448//7231 7446//7229 7444//7227
f 7445//7228 7453//7236 7449//7232
f 7450//7233 7451//7234 7445//7228
f 6147//5972 7453//7236 7218//7001
f 7444//7227 6164//5989 7448//7231
f 7218//7001 7451//7234 6410//6235
f 7445//7228 6165//5990 4600//4483
f 4476//4359 7449//7232 7443//7226
f 6410//6235 7454//7237 7336//7119
f 7487//7270 4442//4325 7486//7269
f 7482//7265 7490//7273 6090//5915
f 7488//7271 4441//4324 7489//7272
f 7192//6975 7478//7261 6102//5927
f 6104//5929 7474//7257 7191//6974
f 6094//5919 7486//7269 4442//4325
f 7486//7269 7470//7253 7472//7255
f 6092//5917 7489//7272 4441//4324
f 6104//5929 7494//7277 7190//6973
f 7495//7278 6411//6236 7493//7276
f 7493//7276 7335//7118 7494//7277
f 7191//6974 7493//7276 6104//5929
f 7496//7279 7200//6983 6115//5940
f 4444//4327 7482//7265 6090//5915
f 6090//5915 6092//5917 4439//4322
f 7495//7278 6115//5940 7201//6984
f 7192//6975 7496//7279 6103//5928
f 6103//5928 7495//7278 7191//6974
f 7499//7282 4601//4484 7492//7275
f 6114//5939 7497//7280 4452//4335
f 6115//5940 7512//7295 7201//6984
f 7192//6975 4452//4335 7497//7280
f 4454//4337 7504//7287 6114//5939
f 7500//7283 7514//7297 7491//7274
f 7491//7274 4467//4350 7500//7283
f 6391//6216 7492//7275 4601//4484
f 6149//5974 7500//7283 4467//4350
f 7511//7294 6115//5940 7200//6983
f 6148//5973 6116//5941 4468//4351
f 3983//3866 6719//6502 5170//4996
f 7500//7283 7517//7300 7518//7301
f 6045//5870 6044//5869 4417//4300
f 7505//7288 7506//7289 7501//7284
f 7507//7290 7505//7288 7501//7284
f 7506//7289 7504//7287 7502//7285
f 7503//7286 7512//7295 7507//7290
f 7509//7292 7510//7293 7503//7286
f 7516//7299 7503//7286 7515//7298
f 7517//7300 7501//7284 7518//7301
f 7507//7290 7515//7298 7503//7286
f 7506//7289 7518//7301 7501//7284
f 7514//7297 7502//7285 7508//7291
f 7492//7275 7516//7299 7515//7298
f 7504//7287 7200//6983 6114//5939
f 7478//7261 7479//7262 7485//7268
f 7484//7267 7473//7256 7477//7260
f 7477//7260 7480//7263 7484//7267
f 7480//7263 7476//7259 7483//7266
f 7483//7266 7475//7258 7481//7264
f 7472//7255 7480//7263 7483//7266
f 7469//7252 7479//7262 7484//7267
f 7481//7264 7472//7255 7483//7266
f 7484//7267 7470//7253 7469//7252
f 7485//7268 7468//7251 7482//7265
f 7486//7269 7471//7254 7487//7270
f 7190//6973 7476//7259 6104//5929
f 7464//7247 7465//7248 6390//6215
f 6390//6215 7459//7242 7464//7247
f 6390//6215 7458//7241 4447//4330
f 6390//6215 7456//7239 7463//7246
f 7461//7244 7466//7249 6098//5923
f 6098//5923 7460//7243 7461//7244
f 7464//7247 4446//4329 6098//5923
f 6098//5923 7457//7240 7464//7247
f 7461//7244 7467//7250 6097//5922
f 6097//5922 7455//7238 7461//7244
f 7455//7238 5782//5607 7466//7249
f 7460//7243 5777//5602 7035//6818
f 7527//7310 7522//7305 7519//7302
f 7519//7302 7536//7319 7527//7310
f 7526//7309 7528//7311 7519//7302
f 7519//7302 7533//7316 7526//7309
f 7525//7308 7529//7312 7520//7303
f 7520//7303 7532//7315 7525//7308
f 7526//7309 7523//7306 7520//7303
f 7520//7303 7535//7318 7526//7309
f 7525//7308 7524//7307 7521//7304
f 7521//7304 7534//7317 7525//7308
f 4268//4151 7524//7307 5749//5574
f 5748//5573 7533//7316 7021//6804
f 7540//7323 7538//7321 5784//5609
f 5784//5609 7549//7332 7540//7323
f 7539//7322 7537//7320 5754//5579
f 5754//5579 7548//7331 7539//7322
f 7540//7323 7542//7325 5754//5579
f 5754//5579 7547//7330 7540//7323
f 5753//5578 7546//7329 7539//7322
f 4267//4150 4266//4149 5753//5578
f 5753//5578 7545//7328 4267//4150
f 7539//7322 7543//7326 5753//5578
f 7537//7320 7016//6799 7547//7330
f 7545//7328 5743//5568 7014//6797
f 7550//7333 4261//4144 5755//5580
f 5755//5580 7557//7340 7550//7333
f 7551//7334 4262//4145 5755//5580
f 5755//5580 7560//7343 7551//7334
f 5740//5565 7561//7344 7552//7335
f 7555//7338 7556//7339 5740//5565
f 7553//7336 7556//7339 5739//5564
f 5739//5564 7559//7342 7553//7336
f 7554//7337 4261//4144 5739//5564
f 5739//5564 7562//7345 7554//7337
f 7551//7334 6981//6764 5675//5500
f 4238//4121 7555//7338 5740//5565
f 4228//4111 7589//7372 5665//5491
f 5666//5492 7563//7346 4228//4111
f 4231//4114 7591//7374 5678//5503
f 5665//5491 7564//7347 4231//4114
f 4233//4116 7592//7375 5683//5508
f 5678//5503 7565//7348 4233//4116
f 4237//4120 7593//7376 5687//5512
f 5683//5508 7566//7349 4237//4120
f 4238//4121 7594//7377 5691//5516
f 5687//5512 7567//7350 4238//4121
f 7568//7351 5738//5563 4259//4142
f 4259//4142 7594//7377 7568//7351
f 4260//4143 7595//7378 7569//7352
f 7569//7352 5741//5566 4260//4143
f 4265//4148 7596//7379 7570//7353
f 7570//7353 5749//5574 4265//4148
f 7571//7354 5758//5583 4268//4151
f 4268//4151 7597//7380 7571//7354
f 4278//4161 7599//7382 5778//5603
f 4278//4161 7598//7381 7572//7355
f 4281//4164 7600//7383 5785//5610
f 5778//5603 7573//7356 4281//4164
f 4439//4322 7601//7384 6090//5915
f 5785//5610 7574//7357 4439//4322
f 4444//4327 7602//7385 6102//5927
f 6090//5915 7575//7358 4444//4327
f 4452//4335 7603//7386 6114//5939
f 6102//5927 7576//7359 4452//4335
f 7577//7360 6116//5941 4454//4337
f 6114//5939 7577//7360 4454//4337
f 7578//7361 6146//5971 4468//4351
f 4468//4351 7604//7387 7578//7361
f 7579//7362 6162//5987 4477//4360
f 4477//4360 7605//7388 7579//7362
f 7580//7363 6374//6199 4576//4459
f 4576//4459 7606//7389 7580//7363
f 4578//4461 7607//7390 7581//7364
f 7581//7364 6376//6201 4578//4461
f 4580//4463 7608//7391 7582//7365
f 7582//7365 6378//6203 4580//4463
f 4582//4465 7609//7392 7583//7366
f 7583//7366 6380//6205 4582//4465
f 6380//6205 7584//7367 4584//4467
f 4584//4467 7611//7394 6382//6207
f 6382//6207 7585//7368 4586//4469
f 4586//4469 7612//7395 6384//6209
f 6384//6209 7586//7369 4588//4471
f 4588//4471 7613//7396 6386//6211
f 4590//4473 7614//7397 6388//6213
f 6386//6211 7587//7370 4590//4473
f 6388//6213 7588//7371 4602//4485
f 4602//4485 7615//7398 6413//6238
f 7563//7346 7647//7430 7589//7372
f 7590//7373 7616//7399 7563//7346
f 7564//7347 7649//7432 7591//7374
f 7589//7372 7617//7400 7564//7347
f 7618//7401 7592//7375 7565//7348
f 7591//7374 7618//7401 7565//7348
f 7566//7349 7651//7434 7593//7376
f 7592//7375 7619//7402 7566//7349
f 7567//7350 7642//7425 7594//7377
f 7593//7376 7620//7403 7567//7350
f 7621//7404 7595//7378 7568//7351
f 7568//7351 7642//7425 7621//7404
f 7569//7352 7652//7435 7622//7405
f 7622//7405 7596//7379 7569//7352
f 7570//7353 7653//7436 7623//7406
f 7623//7406 7597//7380 7570//7353
f 7624//7407 7598//7381 7571//7354
f 7571//7354 7654//7437 7624//7407
f 7572//7355 7656//7439 7599//7382
f 7572//7355 7655//7438 7625//7408
f 7573//7356 7643//7426 7600//7383
f 7573//7356 7656//7439 7626//7409
f 7574//7357 7644//7427 7601//7384
f 7600//7383 7627//7410 7574//7357
f 7575//7358 7645//7428 7602//7385
f 7601//7384 7628//7411 7575//7358
f 7576//7359 7657//7440 7603//7386
f 7602//7385 7629//7412 7576//7359
f 7630//7413 7604//7387 7577//7360
f 7603//7386 7630//7413 7577//7360
f 7631//7414 7605//7388 7578//7361
f 7578//7361 7646//7429 7631//7414
f 7632//7415 7606//7389 7579//7362
f 7579//7362 7658//7441 7632//7415
f 7633//7416 7607//7390 7580//7363
f 7580//7363 7659//7442 7633//7416
f 7581//7364 7660//7443 7634//7417
f 7634//7417 7608//7391 7581//7364
f 7582//7365 7661//7444 7635//7418
f 7635//7418 7609//7392 7582//7365
f 7583//7366 7662//7445 7636//7419
f 7636//7419 7610//7393 7583//7366
f 7610//7393 7637//7420 7584//7367
f 7584//7367 7664//7447 7611//7394
f 7611//7394 7638//7421 7585//7368
f 7585//7368 7665//7448 7612//7395
f 7612//7395 7639//7422 7586//7369
f 7586//7369 7666//7449 7613//7396
f 7587//7370 7667//7450 7614//7397
f 7613//7396 7640//7423 7587//7370
f 7614//7397 7641//7424 7588//7371
f 7588//7371 7668//7451 7615//7398
f 5105//4931 6045//5870 3983//3866
f 5042//4868 7669//7452 3922//3805
f 3922//3805 7684//7467 5041//4867
f 5043//4869 7670//7453 3923//3806
f 7670//7453 5042//4868 3923//3806
f 3924//3807 7687//7470 7671//7454
f 7671//7454 5043//4869 3924//3807
f 5045//4871 7672//7455 3925//3808
f 3925//3808 7687//7470 5044//4870
f 7673//7456 5047//4873 3942//3825
f 3942//3825 7691//7474 7673//7456
f 7674//7457 5049//4875 3964//3847
f 3964//3847 7692//7475 7674//7457
f 7675//7458 5071//4897 3969//3852
f 3969//3852 7696//7479 7675//7458
f 7676//7459 5077//4903 3970//3853
f 5071//4897 7676//7459 3970//3853
f 7677//7460 5045//4871 3971//3854
f 5046//4872 7677//7460 3971//3854
f 3972//3855 7699//7482 5081//4907
f 5077//4903 7678//7461 3972//3855
f 3973//3856 7695//7478 5053//4879
f 3973//3856 7699//7482 7679//7462
f 7680//7463 5052//4878 3974//3857
f 5053//4879 7680//7463 3974//3857
f 3976//3859 7689//7472 5046//4872
f 3976//3859 7690//7473 7681//7464
f 3977//3860 7692//7475 5050//4876
f 5051//4877 7682//7465 3977//3860
f 3978//3861 7693//7476 5051//4877
f 3978//3861 7694//7477 7683//7466
f 1070//1038 2676//2601 895//878
f 1//1 895//878 2588//2520
f 1//1 880//863 2589//2521
f 1048//1025 2656//2587 1070//1038
f 1042//1021 2656//2587 1048//1025
f 2//2 1048//1025 2589//2521
f 2//2 881//864 2590//2522
f 1006//989 2672//2597 1042//1021
f 1043//1022 2672//2597 1006//989
f 3//3 1006//989 2590//2522
f 3//3 882//865 2591//2523
f 1047//1024 2657//2588 1043//1022
f 1032//1011 2657//2588 1047//1024
f 4//4 1047//1024 2591//2523
f 4//4 883//866 2592//2524
f 1053//1028 2662//2590 1032//1011
f 5//5 878//861 2587//2519
f 1054//1029 2661//2589 1033//1012
f 1033//1012 6525//6340 4795//4672
f 5//5 4795//4672 6415//6240
f 6//6 884//867 2593//2525
f 894//877 2677//2602 1021//1002
f 1021//1002 2662//2590 1053//1028
f 6//6 1053//1028 2592//2524
f 1022//1003 2661//2589 1054//1029
f 7//7 1054//1029 2587//2519
f 7//7 879//862 2588//2520
f 895//878 2676//2601 1022//1003
f 8//8 908//891 2607//2539
f 909//892 2600//2532 893//876
f 893//876 6432//6257 4638//4521
f 8//8 4638//4521 6441//6266
f 888//871 2596//2528 911//894
f 9//9 911//894 2603//2535
f 9//9 903//886 2602//2534
f 910//893 2595//2527 888//871
f 889//872 2597//2529 912//895
f 10//10 912//895 2604//2536
f 10//10 904//887 2603//2535
f 911//894 2596//2528 889//872
f 890//873 2598//2530 913//896
f 11//11 913//896 2605//2537
f 11//11 905//888 2604//2536
f 912//895 2597//2529 890//873
f 891//874 2599//2531 914//897
f 12//12 914//897 2606//2538
f 12//12 906//889 2605//2537
f 913//896 2598//2530 891//874
f 886//869 2594//2526 915//898
f 13//13 915//898 2601//2533
f 13//13 901//884 6433//6258
f 4643//4526 6424//6249 886//869
f 892//875 2600//2532 909//892
f 14//14 909//892 2607//2539
f 14//14 907//890 2606//2538
f 914//897 2599//2531 892//875
f 15//15 902//885 2601//2533
f 915//898 2594//2526 887//870
f 887//870 2595//2527 910//893
f 15//15 910//893 2602//2534
f 998//981 2643//2575 924//907
f 924//907 2601//2533 902//885
f 902//885 2602//2534 992//975
f 992//975 2644//2576 998//981
f 908//891 6441//6266 4734//4617
f 4734//4617 6490//6315 999//982
f 999//982 2645//2577 926//909
f 926//909 2607//2539 908//891
f 903//886 2603//2535 994//977
f 994//977 2646//2578 1000//983
f 1000//983 2644//2576 992//975
f 992//975 2602//2534 903//886
f 904//887 2604//2536 995//978
f 995//978 2647//2579 1001//984
f 1001//984 2646//2578 994//977
f 994//977 2603//2535 904//887
f 905//888 2605//2537 996//979
f 996//979 2648//2580 1002//985
f 1002//985 2647//2579 995//978
f 995//978 2604//2536 905//888
f 906//889 2606//2538 997//980
f 997//980 2649//2581 1003//986
f 1003//986 2648//2580 996//979
f 996//979 2605//2537 906//889
f 901//884 2601//2533 924//907
f 924//907 2643//2575 1004//987
f 1004//987 6494//6319 4738//4621
f 4738//4621 6433//6258 901//884
f 907//890 2607//2539 926//909
f 926//909 2645//2577 1005//988
f 1005//988 2649//2581 997//980
f 997//980 2606//2538 907//890
f 24//24 922//905 2614//2546
f 24//24 1082//1049 2686//2604
f 24//24 1088//1055 2685//2603
f 24//24 939//922 2613//2545
f 25//25 917//900 2609//2541
f 25//25 1084//1051 2688//2606
f 25//25 1089//1056 2687//2605
f 25//25 941//924 2608//2540
f 26//26 1090//1057 2686//2604
f 26//26 1082//1049 2614//2546
f 26//26 923//906 6450//6275
f 26//26 4837//4704 6545//6352
f 27//27 918//901 2610//2542
f 27//27 1085//1052 2689//2607
f 27//27 1091//1058 2688//2606
f 27//27 1084//1051 2609//2541
f 28//28 919//902 2611//2543
f 28//28 1086//1053 2690//2608
f 28//28 1092//1059 2689//2607
f 28//28 1085//1052 2610//2542
f 29//29 920//903 2612//2544
f 29//29 1087//1054 2691//2609
f 29//29 1093//1060 2690//2608
f 29//29 1086//1053 2611//2543
f 30//30 921//904 2613//2545
f 30//30 939//922 2685//2603
f 30//30 1094//1061 2691//2609
f 30//30 1087//1054 2612//2544
f 31//31 916//899 2608//2540
f 31//31 941//924 2687//2605
f 31//31 1095//1062 6549//6356
f 31//31 4841//4708 6442//6267
f 937//920 2621//2553 955//938
f 955//938 2628//2560 952//935
f 952//935 2627//2559 954//937
f 954//937 2620//2552 937//920
f 932//915 2616//2548 957//940
f 957//940 2623//2555 947//930
f 947//930 2622//2554 956//939
f 956//939 2615//2547 932//915
f 938//921 6459//6284 4692//4575
f 4692//4575 6468//6293 953//936
f 953//936 2628//2560 955//938
f 955//938 2621//2553 938//921
f 933//916 2617//2549 958//941
f 958//941 2624//2556 948//931
f 948//931 2623//2555 957//940
f 957//940 2616//2548 933//916
f 934//917 2618//2550 959//942
f 959//942 2625//2557 949//932
f 949//932 2624//2556 958//941
f 958//941 2617//2549 934//917
f 935//918 2619//2551 960//943
f 960//943 2626//2558 950//933
f 950//933 2625//2557 959//942
f 959//942 2618//2550 935//918
f 936//919 2620//2552 954//937
f 954//937 2627//2559 951//934
f 951//934 2626//2558 960//943
f 960//943 2619//2551 936//919
f 931//914 2615//2547 956//939
f 39//39 956//939 2622//2554
f 946//929 6460//6285 4696//4579
f 4696//4579 6451//6276 931//914
f 40//40 952//935 2628//2560
f 970//953 2635//2567 967//950
f 967//950 2634//2566 969//952
f 40//40 969//952 2627//2559
f 962//945 2629//2561 971//954
f 41//41 971//954 2622//2554
f 41//41 947//930 2623//2555
f 972//955 2630//2562 962//945
f 42//42 953//936 6468//6293
f 4709//4592 6477//6302 968//951
f 968//951 2635//2567 970//953
f 42//42 970//953 2628//2560
f 43//43 948//931 2624//2556
f 973//956 2631//2563 963//946
f 963//946 2630//2562 972//955
f 43//43 972//955 2623//2555
f 44//44 949//932 2625//2557
f 974//957 2632//2564 964//947
f 964//947 2631//2563 973//956
f 44//44 973//956 2624//2556
f 965//948 2632//2564 974//957
f 45//45 974//957 2625//2557
f 45//45 950//933 2626//2558
f 975//958 2633//2565 965//948
f 966//949 2633//2565 975//958
f 46//46 975//958 2626//2558
f 46//46 951//934 2627//2559
f 969//952 2634//2566 966//949
f 961//944 6469//6294 4713//4596
f 47//47 4713//4596 6460//6285
f 946//929 2622//2554 971//954
f 47//47 971//954 2629//2561
f 961//944 2629//2561 1018//999
f 1018//999 2655//2586 1013//994
f 48//48 1013//994 6504//6328
f 4722//4605 6469//6294 961//944
f 49//49 1014//995 2675//2600
f 985//968 2634//2566 967//950
f 967//950 2635//2567 1039//1018
f 49//49 1039//1018 2674//2599
f 962//945 2630//2562 1041//1020
f 50//50 1041//1020 2673//2598
f 50//50 1012//993 2655//2586
f 50//50 1018//999 2629//2561
f 51//51 1030//1009 2674//2599
f 1039//1018 2635//2567 968//951
f 968//951 6477//6302 4759//4640
f 51//51 4759//4640 6502//6326
f 52//52 1031//1010 2673//2598
f 1041//1020 2630//2562 963//946
f 963//946 2631//2563 1015//996
f 52//52 1015//996 2654//2585
f 964//947 2632//2564 1036//1015
f 53//53 1036//1015 2671//2596
f 53//53 1034//1013 2654//2585
f 1015//996 2631//2563 964//947
f 965//948 2633//2565 1035//1014
f 54//54 1035//1014 2670//2595
f 54//54 1008//991 2671//2596
f 1036//1015 2632//2564 965//948
f 966//949 2634//2566 985//968
f 55//55 985//968 2675//2600
f 55//55 1007//990 2670//2595
f 1035//1014 2633//2565 966//949
f 56//56 998//981 2644//2576
f 925//908 2609//2541 917//900
f 917//900 2608//2540 991//974
f 56//56 991//974 2643//2575
f 57//57 999//982 6490//6315
f 4657//4540 6450//6275 923//906
f 923//906 2614//2546 993//976
f 57//57 993//976 2645//2577
f 918//901 2609//2541 925//908
f 58//58 925//908 2644//2576
f 58//58 1000//983 2646//2578
f 927//910 2610//2542 918//901
f 59//59 1001//984 2647//2579
f 928//911 2611//2543 919//902
f 919//902 2610//2542 927//910
f 59//59 927//910 2646//2578
f 920//903 2611//2543 928//911
f 60//60 928//911 2647//2579
f 60//60 1002//985 2648//2580
f 929//912 2612//2544 920//903
f 921//904 2612//2544 929//912
f 61//61 929//912 2648//2580
f 61//61 1003//986 2649//2581
f 930//913 2613//2545 921//904
f 916//899 6442//6267 4661//4544
f 62//62 4661//4544 6494//6319
f 62//62 1004//987 2643//2575
f 991//974 2608//2540 916//899
f 922//905 2613//2545 930//913
f 63//63 930//913 2649//2581
f 63//63 1005//988 2645//2577
f 993//976 2614//2546 922//905
f 64//64 1032//1011 2662//2590
f 64//64 1020//1001 2664//997
f 1058//90 2683//1007 1038//1017
f 64//64 1038//1017 2657//2588
f 65//65 1023//89 2659//1005
f 65//65 1050//1027 2595//2527
f 65//65 887//870 2594//2526
f 900//883 2679//998 1023//89
f 66//66 1010//91 2679//998
f 66//66 900//883 2594//2526
f 66//66 886//869 6424//6249
f 4626//4509 6533//4635 1010//91
f 1014//995 2674//2599 986//969
f 986//969 2642//2574 982//965
f 67//67 982//965 2641//2573
f 1040//1019 2675//2600 1014//995
f 68//68 1013//994 2655//2586
f 984//967 2636//2568 976//959
f 68//68 976//959 6478//6303
f 4764//4645 6504//6328 1013//994
f 1007//990 2675//2600 1040//1019
f 69//69 1040//1019 2641//2573
f 69//69 981//964 2640//2572
f 990//973 2670//2595 1007//990
f 1051//96 2660//1008 896//879
f 70//70 896//879 2596//2528
f 70//70 888//871 2595//2527
f 1050//1027 2659//1005 1051//96
f 71//71 1009//90 2680//997
f 71//71 899//882 2599//2531
f 71//71 891//874 2598//2530
f 898//881 2678//1007 1009//90
f 72//72 979//962 2638//2570
f 988//971 2654//2585 1034//1013
f 1034//1013 2671//2596 989//972
f 72//72 989//972 2639//2571
f 1059//73 2683//1007 1028//1007
f 73//73 1028//1007 2678//1007
f 1061//73 2650//992 1011//992
f 1011//992 2663//992 1059//73
f 74//74 983//966 2642//2574
f 986//969 2674//2599 1030//1009
f 1030//1009 6502//6326 4727//4610
f 74//74 4727//4610 6486//6311
f 75//75 1061//73 2678//1007
f 75//75 898//881 2598//2530
f 75//75 890//873 2597//2529
f 897//880 2650//992 1061//73
f 76//76 1043//1022 2657//2588
f 76//76 1038//1017 2683//1007
f 1059//73 2663//992 1067//1035
f 76//76 1067//1035 2672//2597
f 1031//1010 2654//2585 988//971
f 77//77 988//971 2638//2570
f 77//77 978//961 2637//2569
f 987//970 2673//2598 1031//1010
f 78//78 977//960 2636//2568
f 984//967 2655//2586 1012//993
f 1012//993 2673//2598 987//970
f 78//78 987//970 2637//2569
f 79//79 1071//1039 6513//6333
f 4767//4648 6516//4641 1060//87
f 1060//87 2681//1004 1069//1037
f 79//79 1069//1037 2677//2602
f 1008//991 2670//2595 990//973
f 80//80 990//973 2640//2572
f 80//80 980//963 2639//2571
f 989//972 2671//2596 1008//991
f 1024//97 2658//1004 1049//1026
f 81//81 1049//1026 2600//2532
f 81//81 892//875 2599//2531
f 899//882 2680//997 1024//97
f 82//82 1033//1012 2661//2589
f 82//82 1019//1000 2665//998
f 1072//91 6515//4635 4819//4687
f 82//82 4819//4687 6525//6340
f 83//83 1022//1003 2676//2601
f 83//83 1068//1036 2682//1005
f 1066//89 2665//998 1019//1000
f 83//83 1019//1000 2661//2589
f 84//84 1070//1038 2656//2587
f 1037//1016 2684//1008 1065//96
f 1065//96 2682//1005 1068//1036
f 84//84 1068//1036 2676//2601
f 1052//87 6508//4641 4621//4504
f 85//85 4621//4504 6432//6257
f 85//85 893//876 2600//2532
f 1049//1026 2658//1004 1052//87
f 1062//98 2650//992 897//880
f 86//86 897//880 2597//2529
f 86//86 889//872 2596//2528
f 896//879 2660//1008 1062//98
f 1060//87 6516//4641 4760//4641
f 4760//4641 6508//4641 1052//87
f 1052//87 2658//1004 1025//1004
f 1025//1004 2681//1004 1060//87
f 88//88 1075//1042 2666//2591
f 1063//1033 2642//2574 983//966
f 983//966 6486//6311 4775//4654
f 4775//4654 6538//6347 1075//1042
f 89//89 1066//89 2682//1005
f 89//89 1026//1005 2659//1005
f 1023//89 2679//998 1017//998
f 1017//998 2665//998 1066//89
f 90//90 1058//90 2664//997
f 90//90 1016//997 2680//997
f 1009//90 2678//1007 1028//1007
f 1028//1007 2683//1007 1058//90
f 1072//91 2665//998 1017//998
f 91//91 1017//998 2679//998
f 1010//91 6533//4635 4754//4635
f 4754//4635 6515//4635 1072//91
f 981//964 2641//2573 1056//1031
f 1056//1031 2667//2592 1074//1041
f 1074//1041 2668//2593 1057//1032
f 1057//1032 2640//2572 981//964
f 93//93 1021//1002 2677//2602
f 1069//1037 2681//1004 1046//97
f 1046//97 2664//997 1020//1001
f 93//93 1020//1001 2662//2590
f 1078//1045 2653//2584 1055//1030
f 1055//1030 2636//2568 977//960
f 977//960 2637//2569 1064//1034
f 94//94 1064//1034 2652//2583
f 95//95 1042//1021 2672//2597
f 1067//1035 2663//992 1045//98
f 1045//98 2684//1008 1037//1016
f 95//95 1037//1016 2656//2587
f 1065//96 2684//1008 1029//1008
f 1029//1008 2660//1008 1051//96
f 1051//96 2659//1005 1026//1005
f 1026//1005 2682//1005 1065//96
f 1046//97 2681//1004 1025//1004
f 1025//1004 2658//1004 1024//97
f 1024//97 2680//997 1016//997
f 1016//997 2664//997 1046//97
f 1045//98 2663//992 1011//992
f 1011//992 2650//992 1062//98
f 1062//98 2660//1008 1029//1008
f 1029//1008 2684//1008 1045//98
f 1077//1044 2651//2582 1027//1006
f 1027//1006 2638//2570 979//962
f 979//962 2639//2571 1044//1023
f 99//99 1044//1023 2669//2594
f 978//961 2638//2570 1027//1006
f 100//100 1027//1006 2651//2582
f 1080//1047 2652//2583 1064//1034
f 1064//1034 2637//2569 978//961
f 1076//1043 2669//2594 1044//1023
f 1044//1023 2639//2571 980//963
f 980//963 2640//2572 1057//1032
f 101//101 1057//1032 2668//2593
f 102//102 976//959 2636//2568
f 102//102 1055//1030 2653//2584
f 1079//1046 6500//6324 4808//4683
f 4808//4683 6478//6303 976//959
f 103//103 982//965 2642//2574
f 1063//1033 2666//2591 1073//1040
f 103//103 1073//1040 2667//2592
f 1056//1031 2641//2573 982//965
f 1088//1055 2686//2604 940//923
f 104//104 940//923 2621//2553
f 104//104 937//920 2620//2552
f 1081//1048 2685//2603 1088//1055
f 105//105 932//915 2615//2547
f 1083//1050 2687//2605 1089//1056
f 1089//1056 2688//2606 942//925
f 105//105 942//925 2616//2548
f 106//106 938//921 2621//2553
f 940//923 2686//2604 1090//1057
f 1090//1057 6545//6352 4675//4558
f 106//106 4675//4558 6459//6284
f 1091//1058 2689//2607 943//926
f 107//107 943//926 2617//2549
f 107//107 933//916 2616//2548
f 942//925 2688//2606 1091//1058
f 108//108 934//917 2617//2549
f 943//926 2689//2607 1092//1059
f 1092//1059 2690//2608 944//927
f 108//108 944//927 2618//2550
f 1093//1060 2691//2609 945//928
f 109//109 945//928 2619//2551
f 109//109 935//918 2618//2550
f 944//927 2690//2608 1093//1060
f 1094//1061 2685//2603 1081//1048
f 110//110 1081//1048 2620//2552
f 110//110 936//919 2619//2551
f 945//928 2691//2609 1094//1061
f 1095//1062 2687//2605 1083//1050
f 111//111 1083//1050 2615//2547
f 111//111 931//914 6451//6276
f 4679//4562 6549//6356 1095//1062
f 1100//1067 2692//2610 1104//1071
f 112//112 1104//1071 2651//2582
f 1077//1044 2669//2594 1105//1072
f 112//112 1105//1072 2698//2616
f 1101//1068 2694//2612 1106//1073
f 113//113 1106//1073 2653//2584
f 1078//1045 2652//2583 1107//1074
f 113//113 1107//1074 2693//2611
f 1096//1063 2696//2614 1108//1075
f 1108//1075 2667//2592 1073//1040
f 114//114 1073//1040 2666//2591
f 1109//1076 2695//2613 1096//1063
f 1102//1069 6553//6360 4860//4727
f 115//115 4860//4727 6500//6324
f 1079//1046 2653//2584 1106//1073
f 115//115 1106//1073 2694//2612
f 116//116 1097//1064 2697//2615
f 116//116 1110//1077 2668//2593
f 116//116 1074//1041 2667//2592
f 1108//1075 2696//2614 1097//1064
f 1103//1070 2693//2611 1107//1074
f 117//117 1107//1074 2652//2583
f 1080//1047 2651//2582 1104//1071
f 117//117 1104//1071 2692//2610
f 118//118 1098//1065 2695//2613
f 1109//1076 2666//2591 1075//1042
f 118//118 1075//1042 6538//6347
f 4861//4728 6558//6365 1098//1065
f 119//119 1099//1066 2698//2616
f 119//119 1105//1072 2669//2594
f 1076//1043 2668//2593 1110//1077
f 1110//1077 2697//2615 1099//1066
f 120//120 1118//128 6567//128
f 4876//4735 6423//6248 885//868
f 885//868 2593//2525 1119//1078
f 120//120 1119//1078 2705//128
f 121//121 1113//128 2701//128
f 1121//1080 2589//2521 880//863
f 880//863 2588//2520 1120//1079
f 121//121 1120//1079 2700//128
f 881//864 2589//2521 1121//1080
f 122//122 1121//1080 2701//128
f 122//122 1114//128 2702//128
f 1122//1081 2590//2522 881//864
f 882//865 2590//2522 1122//1081
f 123//123 1122//1081 2702//128
f 123//123 1115//128 2703//128
f 1123//1082 2591//2523 882//865
f 883//866 2591//2523 1123//1082
f 124//124 1123//1082 2703//128
f 124//124 1116//128 2704//128
f 1124//1083 2592//2524 883//866
f 125//125 1111//128 2699//128
f 1125//1084 2587//2519 878//861
f 878//861 6415//6240 4881//4740
f 125//125 4881//4740 6559//128
f 126//126 1117//128 2705//128
f 1119//1078 2593//2525 884//867
f 884//867 2592//2524 1124//1083
f 126//126 1124//1083 2704//128
f 879//862 2587//2519 1125//1084
f 127//127 1125//1084 2699//128
f 127//127 1112//128 2700//128
f 1120//1079 2588//2520 879//862
f 1113//128 2700//128 1134//128
f 128//128 1134//128 2707//128
f 1128//128 2708//128 1135//128
f 1135//128 2701//128 1113//128
f 1114//128 2701//128 1135//128
f 129//128 1135//128 2708//128
f 129//128 1129//128 2709//128
f 1136//128 2702//128 1114//128
f 130//128 1130//128 2710//128
f 1137//128 2703//128 1115//128
f 1115//128 2702//128 1136//128
f 130//128 1136//128 2709//128
f 131//128 1131//128 2711//128
f 1138//128 2704//128 1116//128
f 1116//128 2703//128 1137//128
f 1137//128 2710//128 1131//128
f 1126//128 2706//128 1139//128
f 1139//128 2699//128 1111//128
f 1111//128 6559//128 4897//128
f 132//128 4897//128 6568//128
f 1132//128 2712//128 1140//128
f 1140//128 2705//128 1117//128
f 1117//128 2704//128 1138//128
f 133//128 1138//128 2711//128
f 1112//128 2699//128 1139//128
f 1139//128 2706//128 1127//128
f 134//128 1127//128 2707//128
f 1134//128 2700//128 1112//128
f 135//128 1133//128 6576//128
f 4894//128 6567//128 1118//128
f 1118//128 2705//128 1140//128
f 1140//128 2712//128 1133//128
f 136//128 1144//128 2713//128
f 1147//128 2715//128 1151//128
f 136//128 1151//128 6577//128
f 1145//128 2714//128 1144//128
f 1146//128 6580//128 1143//128
f 137//128 1143//128 2712//128
f 1132//128 2711//128 1149//128
f 137//128 1149//128 2714//128
f 138//129 885//868 6423//6248
f 4798//4675 6513//6333 1071//1039
f 1071//1039 2677//2602 894//877
f 138//129 894//877 2593//2525
f 1141//128 2710//128 1130//128
f 1130//128 2709//128 1129//128
f 1129//128 2708//128 1142//128
f 139//128 1142//128 2713//128
f 1152//128 2707//128 1127//128
f 140//128 1127//128 2706//128
f 1150//128 6578//128 1148//128
f 140//128 1148//128 2715//128
f 4913//128 6578//128 1150//128
f 141//128 1150//128 2706//128
f 141//128 1126//128 6568//128
f 4914//128 6577//128 1151//128
f 142//128 1151//128 2715//128
f 142//128 1148//128 6578//128
f 143//128 4915//128 6580//128
f 143//128 1146//128 2714//128
f 1145//128 6577//128 4915//128
f 1147//128 2713//128 1142//128
f 144//128 1142//128 2708//128
f 1128//128 2707//128 1152//128
f 144//128 1152//128 2715//128
f 145//128 1144//128 2714//128
f 1149//128 2711//128 1131//128
f 145//128 1131//128 2710//128
f 1141//128 2713//128 1144//128
f 1143//128 6580//128 4916//128
f 146//128 4916//128 6576//128
f 146//128 1133//128 2712//128
f 147//130 1397//1329 2847//2748
f 147//130 1395//1327 2718//2619
f 147//130 1154//1086 2719//2620
f 1411//1343 2856//2757 1397//1329
f 148//131 1394//1326 2856//2757
f 1411//1343 2719//2620 1156//1088
f 148//131 1156//1088 2716//2617
f 1410//1342 2855//2756 1394//1326
f 149//132 1404//1336 2855//2756
f 1410//1342 2716//2617 1153//1085
f 149//132 1153//1085 2720//2621
f 1412//1344 2854//2755 1404//1336
f 1403//1335 2854//2755 1412//1344
f 150//133 1412//1344 2720//2621
f 1157//1089 2721//2622 1409//1341
f 150//133 1409//1341 2853//2754
f 1405//1337 2853//2754 1409//1341
f 151//134 1409//1341 2721//2622
f 1158//1090 2722//2623 1375//1307
f 151//134 1375//1307 2836//2737
f 1402//1334 2836//2737 1375//1307
f 152//135 1375//1307 2722//2623
f 152//135 1159//1091 2723//2624
f 1374//1306 2835//2736 1402//1334
f 153//136 1415//1347 2835//2736
f 1374//1306 2723//2624 1160//1092
f 153//136 1160//1092 2724//2625
f 1376//1308 2834//2735 1415//1347
f 1414//1346 2834//2735 1376//1308
f 1376//1308 2724//2625 1161//1093
f 154//137 1161//1093 2725//2626
f 154//137 1373//1305 2833//2734
f 1416//1348 2833//2734 1373//1305
f 1373//1305 2725//2626 1163//1095
f 1163//1095 2717//2618 1396//1328
f 155//138 1396//1328 2848//2749
f 1413//1345 2847//2748 1172//1104
f 1172//1104 2735//2636 1182//1114
f 1182//1114 2734//2635 1171//1103
f 156//139 1171//1103 2848//2749
f 157//140 1185//1117 2736//2637
f 1183//1115 2727//2628 1175//1107
f 1175//1107 2728//2629 1187//1119
f 1187//1119 2737//2638 1185//1117
f 1184//1116 2736//2637 1185//1117
f 158//141 1185//1117 2737//2638
f 1188//1120 6605//6388 4949//4775
f 158//141 4949//4775 6604//6387
f 1186//1118 2737//2638 1187//1119
f 159//142 1187//1119 2728//2629
f 1176//1108 2729//2630 1189//1121
f 159//142 1189//1121 2738//2639
f 160//143 4950//4776 6605//6388
f 1188//1120 2737//2638 1186//1118
f 1186//1118 2738//2639 1190//1122
f 1190//1122 6606//6389 4950//4776
f 161//144 1191//1123 2739//2640
f 1192//1124 2726//2627 1174//1106
f 161//144 1174//1106 2727//2628
f 1183//1115 2736//2637 1191//1123
f 1193//1125 2739//2640 1191//1123
f 162//145 1191//1123 2736//2637
f 1184//1116 6604//6387 4957//4783
f 162//145 4957//4783 6609//6392
f 163//146 1173//1105 2726//2627
f 1192//1124 2739//2640 1194//1126
f 163//146 1194//1126 2740//2641
f 1195//1127 2735//2636 1173//1105
f 164//147 1194//1126 2739//2640
f 1193//1125 6609//6392 4958//4784
f 164//147 4958//4784 6610//6393
f 1196//1128 2740//2641 1194//1126
f 165//148 1211//1143 2753//2654
f 165//148 1209//1141 2745//2646
f 1210//1142 2717//2618 1163//1095
f 165//148 1163//1095 2725//2626
f 166//149 1213//1145 2749//2650
f 1205//1137 2750//2651 1212//1144
f 166//149 1212//1144 2722//2623
f 1158//1090 2721//2622 1213//1145
f 167//150 1215//1147 2744//2645
f 1200//1132 2748//2649 1214//1146
f 167//150 1214//1146 2720//2621
f 1153//1085 2716//2617 1215//1147
f 168//151 1212//1144 2750//2651
f 168//151 1206//1138 2751//2652
f 1216//1148 2723//2624 1159//1091
f 1159//1091 2722//2623 1212//1144
f 1218//1150 2746//2647 1201//1133
f 169//152 1201//1133 2747//2648
f 169//152 1217//1149 2719//2620
f 1154//1086 2718//2619 1218//1150
f 1216//1148 2751//2652 1207//1139
f 170//153 1207//1139 2752//2653
f 1219//1151 2724//2625 1160//1092
f 170//153 1160//1092 2723//2624
f 171//154 1218//1150 2718//2619
f 1155//1087 2717//2618 1210//1142
f 171//154 1210//1142 2745//2646
f 171//154 1202//1134 2746//2647
f 172//155 1219//1151 2752//2653
f 1208//1140 2753//2654 1211//1143
f 1211//1143 2725//2626 1161//1093
f 172//155 1161//1093 2724//2625
f 173//156 1217//1149 2747//2648
f 173//156 1203//1135 2744//2645
f 1215//1147 2716//2617 1156//1088
f 1156//1088 2719//2620 1217//1149
f 174//157 1214//1146 2748//2649
f 174//157 1204//1136 2749//2650
f 174//157 1213//1145 2721//2622
f 1157//1089 2720//2621 1214//1146
f 175//158 1201//1133 2746//2647
f 175//158 1221//1153 2754//2655
f 1223//1155 2744//2645 1203//1135
f 175//158 1203//1135 2747//2648
f 176//159 1200//1132 2744//2645
f 1223//1155 2754//2655 1222//1154
f 176//159 1222//1154 2755//2656
f 1224//1156 2748//2649 1200//1132
f 177//160 1204//1136 2748//2649
f 1224//1156 2755//2656 1220//1152
f 177//160 1220//1152 2750//2651
f 177//160 1205//1137 2749//2650
f 1206//1138 2750//2651 1220//1152
f 178//161 1220//1152 2755//2656
f 1225//1157 2752//2653 1207//1139
f 178//161 1207//1139 2751//2652
f 179//162 1208//1140 2752//2653
f 1225//1157 2755//2656 1222//1154
f 179//162 1222//1154 2754//2655
f 179//162 1226//1158 2753//2654
f 180//163 1226//1158 2754//2655
f 1221//1153 2746//2647 1202//1134
f 1202//1134 2745//2646 1209//1141
f 1209//1141 2753//2654 1226//1158
f 1227//1159 2742//2643 1198//1130
f 181//164 1198//1130 2733//2634
f 1181//1113 2734//2635 1197//1129
f 181//164 1197//1129 2741//2642
f 182//165 1228//1160 2743//2644
f 1199//1131 2732//2633 1180//1112
f 182//165 1180//1112 2733//2634
f 1198//1130 2742//2643 1228//1160
f 183//166 1230//1162 2756//2657
f 1229//1161 2731//2632 1179//1111
f 183//166 1179//1111 2732//2633
f 1199//1131 2743//2644 1230//1162
f 184//167 1231//1163 2757//2658
f 1232//1164 2730//2631 1178//1110
f 184//167 1178//1110 2731//2632
f 1229//1161 2756//2657 1231//1163
f 185//168 1233//1165 2758//2659
f 1234//1166 2729//2630 1177//1109
f 185//168 1177//1109 2730//2631
f 1232//1164 2757//2658 1233//1165
f 186//169 1189//1121 2729//2630
f 186//169 1234//1166 2758//2659
f 1235//1167 2759//2660 1236//1168
f 186//169 1236//1168 2738//2639
f 1237//1169 6632//6415 5005//4831
f 187//170 5005//4831 6606//6389
f 1190//1122 2738//2639 1236//1168
f 187//170 1236//1168 2759//2660
f 1230//1162 2743//2644 1238//1170
f 188//171 1238//1170 2760//2661
f 188//171 1240//1172 2761//2662
f 1239//1171 2756//2657 1230//1162
f 189//172 1240//1172 2760//2661
f 1241//1173 2762//2663 1243//1175
f 1243//1175 2763//2664 1242//1174
f 189//172 1242//1174 2761//2662
f 190//173 1358//1290 2821//2722
f 1350//1282 2766//2667 1251//1183
f 190//173 1251//1183 2768//2669
f 1351//1283 2822//2723 1358//1290
f 1243//1175 2762//2663 1278//1210
f 191//174 1278//1210 2765//2666
f 1249//1181 2766//2667 1312//1244
f 191//174 1312//1244 2763//2664
f 1249//1181 2765//2666 1250//1182
f 192//175 1250//1182 2767//2668
f 1252//1184 2768//2669 1251//1183
f 192//175 1251//1183 2766//2667
f 1252//1184 2767//2668 1253//1185
f 1253//1185 2769//2670 1255//1187
f 1255//1187 2770//2671 1254//1186
f 193//176 1254//1186 2768//2669
f 194//177 1255//1187 2769//2670
f 1258//1190 2773//2674 1259//1191
f 194//177 1259//1191 2772//2673
f 1257//1189 2770//2671 1255//1187
f 1256//1188 2770//2671 1257//1189
f 1257//1189 2772//2673 1261//1193
f 195//178 1261//1193 2774//2675
f 1260//1192 2771//2672 1256//1188
f 1264//1196 2775//2676 1262//1194
f 196//179 1262//1194 2771//2672
f 1260//1192 2774//2675 1263//1195
f 196//179 1263//1195 2776//2677
f 1267//1199 2777//2678 1265//1197
f 197//180 1265//1197 2775//2676
f 1264//1196 2776//2677 1266//1198
f 197//180 1266//1198 2778//2679
f 1359//1291 2815//2716 3711//3612
f 198//181 1272//1204 2782//2683
f 1284//1216 6657//6440 5041//4867
f 3696//3597 7684//7467 6695//6478
f 3697//3598 1360//1292 2816//2717
f 199//182 1273//1205 2783//2684
f 199//182 1285//1217 2782//2683
f 3711//3612 2815//2716 1360//1292
f 3698//3599 1361//1293 2817//2718
f 1274//1206 2784//2685 1286//1218
f 1286//1218 2783//2684 1273//1205
f 3712//3613 2816//2717 1361//1293
f 3699//3600 1362//1294 2818//2719
f 1275//1207 2785//2686 1287//1219
f 1287//1219 2784//2685 1274//1206
f 3713//3614 2817//2718 1362//1294
f 1318//1250 6637//6420 5087//4913
f 202//185 5087//4913 6657//6440
f 1284//1216 2782//2683 1314//1246
f 202//185 1314//1246 2764//2665
f 203//186 1319//1251 2764//2665
f 1314//1246 2782//2683 1285//1217
f 1285//1217 2783//2684 1315//1247
f 203//186 1315//1247 2779//2680
f 1320//1252 2779//2680 1315//1247
f 204//187 1315//1247 2783//2684
f 204//187 1286//1218 2784//2685
f 1316//1248 2802//2703 1320//1252
f 1321//1253 2802//2703 1316//1248
f 205//188 1316//1248 2784//2685
f 1287//1219 2785//2686 1317//1249
f 205//188 1317//1249 2803//2704
f 206//189 5059//4885 6670//6453
f 1292//1224 2794//2695 1296//1228
f 206//189 1296//1228 2798//2699
f 1297//1229 6671//6454 5059//4885
f 1363//1295 2826//2727 1355//1287
f 207//190 1355//1287 2781//2682
f 1271//1203 6656//6439 5133//4959
f 207//190 5133//4959 6707//6490
f 208//191 1299//1231 2798//2699
f 1296//1228 2794//2695 1293//1225
f 1293//1225 2795//2696 1302//1234
f 208//191 1302//1234 2799//2700
f 1300//1232 2799//2700 1302//1234
f 209//192 1302//1234 2795//2696
f 209//192 1294//1226 2796//2697
f 1303//1235 2800//2701 1300//1232
f 1364//1296 2827//2728 1356//1288
f 210//193 1356//1288 2780//2681
f 1270//1202 2781//2682 1355//1287
f 210//193 1355//1287 2826//2727
f 211//194 1365//1297 2818//2719
f 211//194 1347//1279 2756//2657
f 211//194 1239//1171 2761//2662
f 1348//1280 2819//2720 1365//1297
f 1306//1238 2800//2701 1303//1235
f 212//195 1303//1235 2796//2697
f 1295//1227 2797//2698 1301//1233
f 212//195 1301//1233 2793//2694
f 1366//1298 2828//2729 1357//1289
f 213//196 1357//1289 2777//2678
f 1307//1239 2780//2681 1356//1288
f 213//196 1356//1288 2827//2728
f 1367//1299 2825//2726 1354//1286
f 214//197 1354//1286 2775//2676
f 1265//1197 2777//2678 1357//1289
f 214//197 1357//1289 2828//2729
f 215//198 1322//1254 2803//2704
f 1317//1249 2785//2686 1268//1200
f 1268//1200 2786//2687 1245//1177
f 215//198 1245//1177 2788//2689
f 216//199 1301//1233 2797//2698
f 1309//1241 2801//2702 1305//1237
f 216//199 1305//1237 2792//2693
f 1310//1242 2793//2694 1301//1233
f 217//200 1368//1300 2824//2725
f 1353//1285 2771//2672 1262//1194
f 1262//1194 2775//2676 1354//1286
f 1354//1286 2825//2726 1368//1300
f 3716//3617 2820//2721 1369//1301
f 3700//3601 1369//1301 2821//2722
f 1279//1211 2789//2690 1311//1243
f 218//201 1311//1243 2787//2688
f 219//202 1370//1302 2819//2720
f 1348//1280 2761//2662 1242//1174
f 219//202 1242//1174 2763//2664
f 1349//1281 2820//2721 1370//1302
f 1371//1303 2822//2723 1351//1283
f 1351//1283 2768//2669 1254//1186
f 220//203 1254//1186 2770//2671
f 220//203 1352//1284 2823//2724
f 1372//1304 2823//2724 1352//1284
f 1352//1284 2770//2671 1256//1188
f 1256//1188 2771//2672 1353//1285
f 1353//1285 2824//2725 1372//1304
f 1484//1416 2779//2680 1320//1252
f 222//205 1320//1252 2802//2703
f 1485//1417 2887//2788 1479//1411
f 222//205 1479//1411 2878//2779
f 223//206 1290//1222 2884//2785
f 1475//1407 2885//2786 1269//1201
f 223//206 1269//1201 2797//2698
f 1295//1227 2796//2697 1290//1222
f 1291//1223 2764//2665 1319//1251
f 1319//1251 2779//2680 1484//1416
f 224//207 1484//1416 2878//2779
f 224//207 1478//1410 2877//2778
f 1483//1415 2801//2702 1309//1241
f 1309//1241 2797//2698 1269//1201
f 225//208 1269//1201 2885//2786
f 225//208 1476//1408 2886//2787
f 226//209 1289//1221 2883//2784
f 1474//1406 2884//2785 1290//1222
f 226//209 1290//1222 2796//2697
f 1294//1226 2795//2696 1289//1221
f 227//210 5062//4888 6637//6420
f 227//210 1318//1250 2764//2665
f 1291//1223 2877//2778 1477//1409
f 227//210 1477//1409 6759//6542
f 1311//1243 2789//2690 1323//1255
f 228//211 1323//1255 2788//2689
f 1245//1177 2786//2687 1313//1245
f 228//211 1313//1245 2787//2688
f 229//212 1305//1237 2801//2702
f 1246//1178 2790//2691 1244//1176
f 229//212 1244//1176 2791//2692
f 1248//1180 2792//2693 1305//1237
f 1271//1203 2781//2682 1327//1259
f 230//213 1327//1259 2805//2706
f 1326//1258 6684//6467 5102//4928
f 230//213 5102//4928 6656//6439
f 231//214 1270//1202 2780//2681
f 1328//1260 2804//2705 1325//1257
f 1325//1257 2805//2706 1327//1259
f 231//214 1327//1259 2781//2682
f 1328//1260 2780//2681 1307//1239
f 232//215 1307//1239 2777//2678
f 1267//1199 2778//2679 1324//1256
f 232//215 1324//1256 2804//2705
f 1326//1258 2805//2706 1329//1261
f 233//216 1329//1261 2806//2707
f 1333//1265 6685//6468 5104//4930
f 233//216 5104//4930 6684//6467
f 1325//1257 2804//2705 1330//1262
f 234//217 1330//1262 2807//2708
f 1334//1266 2806//2707 1329//1261
f 234//217 1329//1261 2805//2706
f 235//218 1324//1256 2778//2679
f 1331//1263 2808//2709 1335//1267
f 235//218 1335//1267 2807//2708
f 1330//1262 2804//2705 1324//1256
f 236//219 1266//1198 2776//2677
f 1332//1264 2809//2710 1336//1268
f 236//219 1336//1268 2808//2709
f 1331//1263 2778//2679 1266//1198
f 237//220 1263//1195 2774//2675
f 237//220 1338//1270 2810//2711
f 237//220 1337//1269 2809//2710
f 1332//1264 2776//2677 1263//1195
f 1261//1193 2772//2673 1340//1272
f 238//221 1340//1272 2811//2712
f 1339//1271 2810//2711 1338//1270
f 1338//1270 2774//2675 1261//1193
f 1342//1274 2811//2712 1340//1272
f 1340//1272 2772//2673 1259//1191
f 239//222 1259//1191 2773//2674
f 1341//1273 2812//2713 1342//1274
f 240//223 1247//1179 2789//2690
f 3717//3618 2821//2722 1358//1290
f 3701//3602 1358//1290 2822//2723
f 1280//1212 2790//2691 1247//1179
f 1237//1169 2759//2660 1344//1276
f 241//224 1344//1276 2815//2716
f 1359//1291 6695//6478 5121//4947
f 241//224 5121//4947 6632//6415
f 242//225 1235//1167 2758//2659
f 1345//1277 2816//2717 1360//1292
f 1360//1292 2815//2716 1344//1276
f 242//225 1344//1276 2759//2660
f 243//226 1233//1165 2757//2658
f 1346//1278 2817//2718 1361//1293
f 243//226 1361//1293 2816//2717
f 1345//1277 2758//2659 1233//1165
f 1231//1163 2756//2657 1347//1279
f 1347//1279 2818//2719 1362//1294
f 244//227 1362//1294 2817//2718
f 1346//1278 2757//2658 1231//1163
f 1297//1229 2798//2699 1298//1230
f 3702//3603 3722//3623 2826//2727
f 1363//1295 6707//6490 7696//7479
f 5068//4894 6671//6454 1297//1229
f 246//229 1299//1231 2799//2700
f 3703//3604 3723//3624 2827//2728
f 1364//1296 2826//2727 3722//3623
f 246//229 1298//1230 2798//2699
f 247//230 1268//1200 2785//2686
f 3714//3615 2818//2719 1365//1297
f 3704//3605 1365//1297 2819//2720
f 247//230 1276//1208 2786//2687
f 1300//1232 2800//2701 1308//1240
f 3724//3625 2828//2729 1366//1298
f 3705//3606 1366//1298 2827//2728
f 248//231 1304//1236 2799//2700
f 1306//1238 2793//2694 1283//1215
f 3721//3622 2825//2726 1367//1299
f 3706//3607 1367//1299 2828//2729
f 1308//1240 2800//2701 1306//1238
f 250//233 1310//1242 2792//2693
f 3720//3621 2824//2725 1368//1300
f 3707//3608 1368//1300 2825//2726
f 250//233 1283//1215 2793//2694
f 1349//1281 2763//2664 1312//1244
f 251//234 1312//1244 2766//2667
f 1350//1282 2821//2722 1369//1301
f 251//234 1369//1301 2820//2721
f 252//235 1313//1245 2786//2687
f 3715//3616 2819//2720 1370//1302
f 3708//3609 1370//1302 2820//2721
f 1277//1209 2787//2688 1313//1245
f 253//236 1244//1176 2790//2691
f 3709//3610 3718//3619 2822//2723
f 3709//3610 1371//1303 2823//2724
f 1281//1213 2791//2692 1244//1176
f 1248//1180 2791//2692 1281//1213
f 3719//3620 2823//2724 1372//1304
f 3710//3611 1372//1304 2824//2725
f 254//237 1282//1214 2792//2693
f 255//238 2208//2140 3244//3145
f 1388//1320 2808//2709 1336//1268
f 255//238 1336//1268 2809//2710
f 1337//1269 2810//2711 2208//2140
f 1387//1319 2974//2875 1655//1587
f 1655//1587 2976//2877 1343//1275
f 256//239 1343//1275 2814//2715
f 256//239 1384//1316 2851//2752
f 257//240 1174//1106 2726//2627
f 1162//1094 2856//2757 1394//1326
f 257//240 1394//1326 2855//2756
f 1164//1096 2727//2628 1174//1106
f 258//241 1178//1110 2730//2631
f 258//241 1167//1099 2836//2737
f 1402//1334 2835//2736 1168//1100
f 1168//1100 2731//2632 1178//1110
f 259//242 5105//4931 6685//6468
f 1333//1265 2806//2707 1391//1323
f 1390//1322 2837//2738 1391//1323
f 260//243 1391//1323 2806//2707
f 260//243 1334//1266 2807//2708
f 260//243 1389//1321 2838//2739
f 1155//1087 2718//2619 1395//1327
f 261//244 1395//1327 2847//2748
f 1413//1345 2848//2749 1396//1328
f 261//244 1396//1328 2717//2618
f 1181//1113 2733//2634 1170//1102
f 262//245 1170//1102 2833//2734
f 1416//1348 2848//2749 1171//1103
f 262//245 1171//1103 2734//2635
f 263//246 1175//1107 2727//2628
f 1164//1096 2855//2756 1404//1336
f 263//246 1404//1336 2854//2755
f 263//246 1165//1097 2728//2629
f 264//247 1386//1318 2852//2753
f 1385//1317 2851//2752 1384//1316
f 1384//1316 2814//2715 1407//1339
f 1407//1339 2831//2732 1386//1318
f 265//248 1179//1111 2731//2632
f 1168//1100 2835//2736 1415//1347
f 265//248 1415//1347 2834//2735
f 1169//1101 2732//2633 1179//1111
f 266//249 1180//1112 2732//2633
f 266//249 1169//1101 2834//2735
f 1414//1346 2833//2734 1170//1102
f 266//249 1170//1102 2733//2634
f 1176//1108 2728//2629 1165//1097
f 267//250 1165//1097 2854//2755
f 1403//1335 2853//2754 1166//1098
f 267//250 1166//1098 2729//2630
f 1250//1182 2765//2666 1399//1331
f 268//251 1399//1331 2842//2743
f 1392//1324 2841//2742 1401//1333
f 268//251 1401//1333 2767//2668
f 269//252 1173//1105 2735//2636
f 1172//1104 2847//2748 1397//1329
f 269//252 1397//1329 2856//2757
f 1162//1094 2726//2627 1173//1105
f 1177//1109 2729//2630 1166//1098
f 270//253 1166//1098 2853//2754
f 1405//1337 2836//2737 1167//1099
f 1167//1099 2730//2631 1177//1109
f 271//254 1398//1330 2843//2744
f 1417//1349 2850//2751 1382//1314
f 271//254 1382//1314 2841//2742
f 1392//1324 2842//2743 1398//1330
f 272//255 1656//1588 2844//2745
f 1418//1350 2849//2750 1653//1585
f 272//255 1653//1585 2975//2876
f 1670//1602 2973//2874 1656//1588
f 273//256 1381//1313 2849//2750
f 1418//1350 2844//2745 1379//1311
f 273//256 1379//1311 2845//2746
f 1419//1351 2830//2731 1381//1313
f 274//257 1383//1315 2830//2731
f 1419//1351 2845//2746 1378//1310
f 274//257 1378//1310 2846//2747
f 1420//1352 2829//2730 1383//1315
f 1423//1355 2859//2760 1424//1356
f 1424//1356 2852//2753 1386//1318
f 275//258 1386//1318 2831//2732
f 1422//1354 2858//2759 1423//1355
f 276//259 1425//1357 2858//2759
f 1422//1354 2831//2732 1406//1338
f 276//259 1406//1338 2832//2733
f 1421//1353 2857//2758 1425//1357
f 1429//1361 2937//2838 1585//1517
f 277//260 1585//1517 2936//2837
f 1428//1360 2862//2763 1431//1363
f 1431//1363 2863//2764 1429//1361
f 1423//1355 2858//2759 1426//1358
f 278//261 1426//1358 2860//2761
f 1430//1362 2861//2762 1427//1359
f 278//261 1427//1359 2859//2760
f 279//262 1432//1364 2829//2730
f 1420//1352 2846//2747 1377//1309
f 279//262 1377//1309 2839//2740
f 1433//1365 2864//2765 1432//1364
f 280//263 1434//1366 2857//2758
f 1421//1353 2832//2733 1408//1340
f 1408//1340 2829//2730 1432//1364
f 1432//1364 2864//2765 1434//1366
f 281//264 1448//1380 2870//2771
f 1442//1374 2871//2772 1447//1379
f 281//264 1447//1379 2830//2731
f 1383//1315 2829//2730 1448//1380
f 1451//1383 2872//2773 1444//1376
f 282//265 1444//1376 2873//2774
f 1450//1382 2832//2733 1406//1338
f 282//265 1406//1338 2831//2732
f 1453//1385 2767//2668 1401//1333
f 283//266 1401//1333 2841//2742
f 1452//1384 2874//2775 1443//1375
f 283//266 1443//1375 2865//2766
f 1657//1589 2977//2878 1439//1371
f 284//267 1439//1371 2876//2777
f 1454//1386 2850//2751 1380//1312
f 284//267 1380//1312 2975//2876
f 285//268 1456//1388 2866//2767
f 1436//1368 2867//2768 1449//1381
f 285//268 1449//1381 2773//2674
f 1258//1190 2769//2670 1456//1388
f 1457//1389 2869//2770 1445//1377
f 286//269 1445//1377 2872//2773
f 1451//1383 2831//2732 1407//1339
f 286//269 1407//1339 2814//2715
f 287//270 1453//1385 2865//2766
f 287//270 1435//1367 2866//2767
f 287//270 1456//1388 2769//2670
f 287//270 1253//1185 2767//2668
f 1447//1379 2871//2772 1440//1372
f 288//271 1440//1372 2875//2776
f 1455//1387 2849//2750 1381//1313
f 1381//1313 2830//2731 1447//1379
f 1441//1373 2876//2777 1462//1394
f 289//272 1462//1394 2868//2769
f 1463//1395 2867//2768 1459//1391
f 289//272 1459//1391 2874//2775
f 290//273 1450//1382 2873//2774
f 1446//1378 2870//2771 1448//1380
f 290//273 1448//1380 2829//2730
f 1408//1340 2832//2733 1450//1382
f 1454//1386 2876//2777 1441//1373
f 291//274 1441//1373 2874//2775
f 1452//1384 2841//2742 1382//1314
f 291//274 1382//1314 2850//2751
f 1658//1590 2978//2879 1438//1370
f 292//275 1438//1370 2869//2770
f 1457//1389 2814//2715 1343//1275
f 292//275 1343//1275 2976//2877
f 293//276 1435//1367 2865//2766
f 1443//1375 2874//2775 1459//1391
f 293//276 1459//1391 2867//2768
f 1436//1368 2866//2767 1435//1367
f 294//277 1442//1374 2870//2771
f 1446//1378 2873//2774 1444//1376
f 294//277 1444//1376 2872//2773
f 1460//1392 2871//2772 1442//1374
f 295//278 1440//1372 2871//2772
f 1460//1392 2872//2773 1445//1377
f 295//278 1445//1377 2869//2770
f 1461//1393 2875//2776 1440//1372
f 296//279 1438//1370 2978//2879
f 296//279 1659//1591 2977//2878
f 1654//1586 2875//2776 1461//1393
f 1461//1393 2869//2770 1438//1370
f 1341//1273 2773//2674 1437//1369
f 297//280 1437//1369 2813//2714
f 1393//1325 2840//2741 1464//1396
f 297//280 1464//1396 2812//2713
f 298//281 1449//1381 2867//2768
f 1463//1395 2868//2769 1458//1390
f 298//281 1458//1390 2813//2714
f 1437//1369 2773//2674 1449//1381
f 299//282 1472//1404 6765//6548
f 299//282 5247//5073 6759//6542
f 299//282 1477//1409 2877//2778
f 299//282 1468//1400 2882//2783
f 1473//1405 2882//2783 1468//1400
f 1468//1400 2877//2778 1478//1410
f 300//283 1478//1410 2878//2779
f 300//283 1469//1401 2883//2784
f 1474//1406 2883//2784 1469//1401
f 1469//1401 2878//2779 1479//1411
f 301//284 1479//1411 2887//2788
f 301//284 1470//1402 2884//2785
f 1475//1407 2884//2785 1470//1402
f 302//285 1470//1402 2887//2788
f 1480//1412 2888//2789 1471//1403
f 302//285 1471//1403 2885//2786
f 1476//1408 2885//2786 1471//1403
f 1471//1403 2888//2789 1481//1413
f 1481//1413 2879//2780 1467//1399
f 1467//1399 2886//2787 1476//1408
f 304//287 1482//1414 2880//2781
f 304//287 1466//1398 2881//2782
f 1465//1397 2886//2787 1467//1399
f 304//287 1467//1399 2879//2780
f 1486//1418 2790//2691 1246//1178
f 1246//1178 2801//2702 1483//1415
f 1483//1415 2886//2787 1465//1397
f 305//288 1465//1397 2881//2782
f 306//289 1485//1417 2802//2703
f 1321//1253 2803//2704 1487//1419
f 1487//1419 2888//2789 1480//1412
f 306//289 1480//1412 2887//2788
f 1288//1220 2789//2690 1247//1179
f 307//290 1247//1179 2790//2691
f 1486//1418 2881//2782 1466//1398
f 1466//1398 2880//2781 1288//1220
f 308//291 5269//5095 6765//6548
f 1472//1404 2882//2783 1488//1420
f 308//291 1488//1420 2794//2695
f 308//291 1292//1224 6670//6453
f 1487//1419 2803//2704 1322//1254
f 1322//1254 2788//2689 1489//1421
f 309//292 1489//1421 2879//2780
f 309//292 1481//1413 2888//2789
f 310//293 1488//1420 2882//2783
f 310//293 1473//1405 2883//2784
f 310//293 1289//1221 2795//2696
f 1293//1225 2794//2695 1488//1420
f 311//294 1489//1421 2788//2689
f 1323//1255 2789//2690 1288//1220
f 311//294 1288//1220 2880//2781
f 1482//1414 2879//2780 1489//1421
f 1433//1365 2839//2740 1499//1431
f 312//295 1499//1431 2897//2798
f 1507//1439 2889//2790 1490//1422
f 312//295 1490//1422 2864//2765
f 313//296 1491//1423 2889//2790
f 1507//1439 2897//2798 1500//1432
f 313//296 1500//1432 2898//2799
f 313//296 1508//1440 2890//2791
f 1492//1424 2890//2791 1508//1440
f 314//297 1508//1440 2898//2799
f 1501//1433 2899//2800 1509//1441
f 314//297 1509//1441 2891//2792
f 1493//1425 2891//2792 1509//1441
f 315//298 1509//1441 2899//2800
f 1502//1434 2900//2801 1510//1442
f 315//298 1510//1442 2892//2793
f 1506//1438 2892//2793 1510//1442
f 1510//1442 2900//2801 1503//1435
f 316//299 1503//1435 2901//2802
f 1511//1443 2904//2805 1506//1438
f 317//300 1494//1426 2904//2805
f 1511//1443 2901//2802 1504//1436
f 317//300 1504//1436 2902//2803
f 1512//1444 2893//2794 1494//1426
f 318//301 1495//1427 2893//2794
f 1512//1444 2902//2803 1505//1437
f 318//301 1505//1437 2903//2804
f 1513//1445 2894//2795 1495//1427
f 1431//1363 2862//2763 1498//1430
f 319//302 1498//1430 2896//2797
f 1516//1448 2905//2806 1514//1446
f 319//302 1514//1446 2863//2764
f 320//303 1497//1429 2895//2796
f 1517//1449 2906//2807 1515//1447
f 320//303 1515//1447 2905//2806
f 1516//1448 2896//2797 1497//1429
f 321//304 1496//1428 2907//2808
f 1520//1452 2908//2809 1519//1451
f 321//304 1519//1451 2906//2807
f 1517//1449 2895//2796 1496//1428
f 1520//1452 2907//2808 1518//1450
f 322//305 1518//1450 2894//2795
f 1513//1445 2903//2804 1521//1453
f 322//305 1521//1453 2908//2809
f 1538//1470 2893//2794 1495//1427
f 323//306 1495//1427 2894//2795
f 1537//1469 2919//2820 1531//1463
f 323//306 1531//1463 2918//2819
f 1540//1472 2864//2765 1490//1422
f 324//307 1490//1422 2889//2790
f 1539//1471 2914//2815 1526//1458
f 324//307 1526//1458 2913//2814
f 325//308 1542//1474 2922//2823
f 1535//1467 2917//2818 1541//1473
f 325//308 1541//1473 2892//2793
f 325//308 1506//1438 2904//2805
f 1543//1475 2857//2758 1434//1366
f 326//309 1434//1366 2864//2765
f 1540//1472 2913//2814 1525//1457
f 1525//1457 2909//2810 1543//1475
f 1545//1477 2907//2808 1496//1428
f 327//310 1496//1428 2895//2796
f 1544//1476 2920//2821 1532//1464
f 327//310 1532//1464 2923//2824
f 1539//1471 2889//2790 1491//1423
f 328//311 1491//1423 2890//2791
f 1546//1478 2915//2816 1527//1459
f 328//311 1527//1459 2914//2815
f 1545//1477 2923//2824 1536//1468
f 329//312 1536//1468 2919//2820
f 1537//1469 2894//2795 1518//1450
f 329//312 1518//1450 2907//2808
f 1544//1476 2895//2796 1497//1429
f 330//313 1497//1429 2896//2797
f 1547//1479 2921//2822 1533//1465
f 330//313 1533//1465 2920//2821
f 331//314 1543//1475 2909//2810
f 1522//1454 2910//2811 1548//1480
f 1548//1480 2858//2759 1425//1357
f 331//314 1425//1357 2857//2758
f 332//315 1546//1478 2890//2791
f 1492//1424 2891//2792 1549//1481
f 332//315 1549//1481 2916//2817
f 1528//1460 2915//2816 1546//1478
f 333//316 1550//1482 2912//2813
f 1534//1466 2921//2822 1547//1479
f 333//316 1547//1479 2896//2797
f 1498//1430 2862//2763 1550//1482
f 334//317 1548//1480 2910//2811
f 1523//1455 2911//2812 1551//1483
f 334//317 1551//1483 2860//2761
f 1426//1358 2858//2759 1548//1480
f 335//318 1549//1481 2891//2792
f 1493//1425 2892//2793 1541//1473
f 335//318 1541//1473 2917//2818
f 1529//1461 2916//2817 1549//1481
f 1542//1474 2904//2805 1494//1426
f 336//319 1494//1426 2893//2794
f 1538//1470 2918//2819 1530//1462
f 336//319 1530//1462 2922//2823
f 337//320 1586//1518 2938//2839
f 1524//1456 2912//2813 1550//1482
f 337//320 1550//1482 2862//2763
f 1428//1360 2936//2837 1586//1518
f 1563//1495 2923//2824 1532//1464
f 338//321 1532//1464 2920//2821
f 1562//1494 2931//2832 1558//1490
f 338//321 1558//1490 2933//2834
f 1565//1497 2914//2815 1527//1459
f 339//322 1527//1459 2915//2816
f 1564//1496 2927//2828 1555//1487
f 339//322 1555//1487 2926//2827
f 1562//1494 2920//2821 1533//1465
f 340//323 1533//1465 2921//2822
f 1567//1499 2932//2833 1559//1491
f 340//323 1559//1491 2931//2832
f 1564//1496 2915//2816 1528//1460
f 1528//1460 2916//2817 1568//1500
f 1568//1500 2928//2829 1556//1488
f 341//324 1556//1488 2927//2828
f 342//325 1580//1512 2924//2825
f 342//325 1576//1508 2925//2826
f 1554//1486 2926//2827 1579//1511
f 1579//1511 2932//2833 1580//1512
f 343//326 1568//1500 2916//2817
f 1529//1461 2917//2818 1569//1501
f 1569//1501 2929//2830 1557//1489
f 343//326 1557//1489 2928//2829
f 1560//1492 2918//2819 1531//1463
f 344//327 1531//1463 2919//2820
f 344//327 1572//1504 2930//2831
f 1570//1502 2929//2830 1560//1492
f 345//328 1566//1498 2909//2810
f 345//328 1525//1457 2913//2814
f 345//328 1571//1503 2925//2826
f 1553//1485 2935//2836 1566//1498
f 1563//1495 2933//2834 1561//1493
f 346//329 1561//1493 2930//2831
f 1572//1504 2919//2820 1536//1468
f 346//329 1536//1468 2923//2824
f 1571//1503 2913//2814 1526//1458
f 347//330 1526//1458 2914//2815
f 1565//1497 2926//2827 1554//1486
f 347//330 1554//1486 2925//2826
f 1522//1454 2909//2810 1566//1498
f 348//331 1566//1498 2935//2836
f 1574//1506 2934//2835 1573//1505
f 348//331 1573//1505 2910//2811
f 349//332 1535//1467 2922//2823
f 1530//1462 2918//2819 1560//1492
f 349//332 1560//1492 2929//2830
f 1569//1501 2917//2818 1535//1467
f 1523//1455 2910//2811 1573//1505
f 350//333 1573//1505 2934//2835
f 1575//1507 2924//2825 1552//1484
f 350//333 1552//1484 2911//2812
f 351//334 1575//1507 2934//2835
f 351//334 1574//1506 2935//2836
f 1553//1485 2925//2826 1576//1508
f 1576//1508 2924//2825 1575//1507
f 352//335 1561//1493 2933//2834
f 1577//1509 2928//2829 1557//1489
f 352//335 1557//1489 2929//2830
f 1570//1502 2930//2831 1561//1493
f 353//336 1558//1490 2931//2832
f 1578//1510 2927//2828 1556//1488
f 353//336 1556//1488 2928//2829
f 1577//1509 2933//2834 1558//1490
f 354//337 1559//1491 2932//2833
f 1579//1511 2926//2827 1555//1487
f 354//337 1555//1487 2927//2828
f 1578//1510 2931//2832 1559//1491
f 1552//1484 2924//2825 1581//1513
f 355//338 1581//1513 2912//2813
f 1524//1456 2938//2839 1584//1516
f 1584//1516 2911//2812 1552//1484
f 1581//1513 2924//2825 1580//1512
f 356//339 1580//1512 2932//2833
f 1567//1499 2921//2822 1534//1466
f 356//339 1534//1466 2912//2813
f 357//340 1583//1515 2861//2762
f 1430//1362 2860//2761 1582//1514
f 357//340 1582//1514 2936//2837
f 1585//1517 2937//2838 1583//1515
f 358//341 1551//1483 2911//2812
f 358//341 1584//1516 2938//2839
f 358//341 1586//1518 2936//2837
f 1582//1514 2860//2761 1551//1483
f 1227//1159 2741//2642 1588//1520
f 359//342 1588//1520 2940//2841
f 1599//1531 2939//2840 1587//1519
f 359//342 1587//1519 2742//2643
f 360//343 1590//1522 2939//2840
f 1599//1531 2940//2841 1589//1521
f 360//343 1589//1521 2941//2842
f 1600//1532 2942//2843 1590//1522
f 361//344 1591//1523 2942//2843
f 1600//1532 2941//2842 1595//1527
f 361//344 1595//1527 2947//2848
f 1601//1533 2943//2844 1591//1523
f 362//345 1592//1524 2943//2844
f 1601//1533 2947//2848 1596//1528
f 1596//1528 2948//2849 1602//1534
f 362//345 1602//1534 2944//2845
f 1593//1525 2944//2845 1602//1534
f 363//346 1602//1534 2948//2849
f 1597//1529 2949//2850 1603//1535
f 363//346 1603//1535 2945//2846
f 1278//1210 2762//2663 1612//1544
f 364//347 1612//1544 2951//2852
f 1604//1536 2842//2743 1399//1331
f 364//347 1399//1331 2765//2666
f 1241//1173 2760//2661 1622//1554
f 365//348 1622//1554 2963//2864
f 1620//1552 2958//2859 1613//1545
f 365//348 1613//1545 2762//2663
f 1605//1537 2951//2852 1612//1544
f 1612//1544 2762//2663 1613//1545
f 366//349 1613//1545 2958//2859
f 1623//1555 2952//2853 1605//1537
f 367//350 1606//1538 2952//2853
f 1623//1555 2958//2859 1614//1546
f 367//350 1614//1546 2959//2860
f 1624//1556 2953//2854 1606//1538
f 368//351 1607//1539 2971//2872
f 1646//1578 2972//2873 1615//1547
f 368//351 1615//1547 2960//2861
f 1625//1557 2954//2855 1607//1539
f 369//352 1608//1540 2954//2855
f 1625//1557 2960//2861 1616//1548
f 369//352 1616//1548 2961//2862
f 1626//1558 2955//2856 1608//1540
f 370//353 1609//1541 2955//2856
f 1626//1558 2961//2862 1617//1549
f 370//353 1617//1549 2962//2863
f 1627//1559 2956//2857 1609//1541
f 371//354 1238//1170 2743//2644
f 371//354 1628//1560 2964//2865
f 1621//1553 2963//2864 1622//1554
f 371//354 1622//1554 2760//2661
f 372//355 1228//1160 2742//2643
f 1631//1563 2965//2866 1629//1561
f 372//355 1629//1561 2964//2865
f 1628//1560 2743//2644 1228//1160
f 373//356 1630//1562 2965//2866
f 1631//1563 2742//2643 1587//1519
f 373//356 1587//1519 2939//2840
f 1632//1564 2966//2867 1630//1562
f 1711//1643 3005//2906 1709//1641
f 374//357 1709//1641 2946//2847
f 1680//1612 2987//2888 1710//1642
f 374//357 1710//1642 3004//2905
f 1636//1568 2969//2870 1639//1571
f 375//358 1639//1571 2944//2845
f 1593//1525 2945//2846 1637//1569
f 375//358 1637//1569 2970//2871
f 376//359 1635//1567 2968//2869
f 1640//1572 2943//2844 1592//1524
f 376//359 1592//1524 2944//2845
f 1639//1571 2969//2870 1635//1567
f 377//360 1634//1566 2967//2868
f 377//360 1641//1573 2942//2843
f 377//360 1591//1523 2943//2844
f 1640//1572 2968//2869 1634//1566
f 378//361 1633//1565 2966//2867
f 1632//1564 2939//2840 1590//1522
f 378//361 1590//1522 2942//2843
f 1641//1573 2967//2868 1633//1565
f 379//362 1629//1561 2965//2866
f 1642//1574 2958//2859 1620//1552
f 379//362 1620//1552 2963//2864
f 1621//1553 2964//2865 1629//1561
f 380//363 1614//1546 2958//2859
f 1642//1574 2965//2866 1630//1562
f 380//363 1630//1562 2966//2867
f 1643//1575 2959//2860 1614//1546
f 381//364 1644//1576 2953//2854
f 1624//1556 2959//2860 1645//1577
f 381//364 1645//1577 2972//2873
f 1646//1578 2971//2872 1644//1576
f 382//365 1645//1577 2959//2860
f 1643//1575 2966//2867 1633//1565
f 382//365 1633//1565 2967//2868
f 1649//1581 2972//2873 1645//1577
f 383//366 1615//1547 2972//2873
f 1649//1581 2967//2868 1634//1566
f 383//366 1634//1566 2968//2869
f 1648//1580 2960//2861 1615//1547
f 384//367 1616//1548 2960//2861
f 1648//1580 2968//2869 1635//1567
f 384//367 1635//1567 2969//2870
f 1650//1582 2961//2862 1616//1548
f 385//368 1617//1549 2961//2862
f 1650//1582 2969//2870 1636//1568
f 385//368 1636//1568 2970//2871
f 1647//1579 2962//2863 1617//1549
f 386//369 1652//1584 2840//2741
f 1393//1325 2813//2714 1618//1550
f 1618//1550 2976//2877 1655//1587
f 386//369 1655//1587 2974//2875
f 387//370 1674//1606 2983//2884
f 1675//1607 2979//2880 1663//1595
f 387//370 1663//1595 2957//2858
f 1611//1543 2984//2885 1674//1606
f 1455//1387 2875//2776 1654//1586
f 388//371 1654//1586 2977//2878
f 1657//1589 2975//2876 1653//1585
f 388//371 1653//1585 2849//2750
f 389//372 1458//1390 2868//2769
f 389//372 1651//1583 2978//2879
f 1658//1590 2976//2877 1618//1550
f 1618//1550 2813//2714 1458//1390
f 1651//1583 2868//2769 1462//1394
f 390//373 1462//1394 2876//2777
f 390//373 1439//1371 2977//2878
f 1659//1591 2978//2879 1651//1583
f 391//374 1673//1605 2973//2874
f 1670//1602 2975//2876 1380//1312
f 391//374 1380//1312 2850//2751
f 1417//1349 2843//2744 1673//1605
f 392//375 1678//1610 2982//2883
f 1676//1608 2973//2874 1673//1605
f 392//375 1673//1605 2843//2744
f 392//375 1677//1609 2985//2886
f 393//376 1647//1579 2970//2871
f 1637//1569 2945//2846 1594//1526
f 393//376 1594//1526 2946//2847
f 1662//1594 2962//2863 1647//1579
f 394//377 1663//1595 2979//2880
f 1666//1598 2955//2856 1609//1541
f 394//377 1609//1541 2956//2857
f 1610//1542 2957//2858 1663//1595
f 395//378 1664//1596 2981//2882
f 1660//1592 2971//2872 1607//1539
f 395//378 1607//1539 2954//2855
f 1661//1593 2980//2881 1664//1596
f 396//379 1660//1592 2981//2882
f 1619//1551 2952//2853 1606//1538
f 396//379 1606//1538 2953//2854
f 1644//1576 2971//2872 1660//1592
f 397//380 1665//1597 2980//2881
f 1661//1593 2954//2855 1608//1540
f 397//380 1608//1540 2955//2856
f 1666//1598 2979//2880 1665//1597
f 398//381 1672//1604 2982//2883
f 1669//1601 2980//2881 1665//1597
f 398//381 1665//1597 2979//2880
f 1675//1607 2983//2884 1672//1604
f 399//382 1398//1330 2842//2743
f 1604//1536 2951//2852 1671//1603
f 399//382 1671//1603 2985//2886
f 1677//1609 2843//2744 1398//1330
f 1668//1600 2985//2886 1671//1603
f 400//383 1671//1603 2951//2852
f 400//383 1605//1537 2952//2853
f 400//383 1619//1551 2981//2882
f 401//384 1664//1596 2980//2881
f 401//384 1669//1601 2982//2883
f 1678//1610 2985//2886 1668//1600
f 1668//1600 2981//2882 1664//1596
f 402//385 1656//1588 2973//2874
f 1676//1608 2982//2883 1672//1604
f 402//385 1672//1604 2983//2884
f 1667//1599 2844//2745 1656//1588
f 403//386 1379//1311 2844//2745
f 1667//1599 2983//2884 1674//1606
f 403//386 1674//1606 2984//2885
f 1400//1332 2845//2746 1379//1311
f 404//387 1594//1526 2945//2846
f 1679//1611 2986//2887 1681//1613
f 404//387 1681//1613 2987//2888
f 1680//1612 2946//2847 1594//1526
f 1679//1611 2945//2846 1603//1535
f 405//388 1603//1535 2949//2850
f 1598//1530 2950//2851 1682//1614
f 405//388 1682//1614 2986//2887
f 406//389 1682//1614 2950//2851
f 1684//1616 2989//2890 1693//1625
f 406//389 1693//1625 2988//2889
f 1683//1615 2986//2887 1682//1614
f 1685//1617 2988//2889 1693//1625
f 407//390 1693//1625 2989//2890
f 1686//1618 2991//2892 1694//1626
f 407//390 1694//1626 2990//2891
f 1687//1619 2990//2891 1694//1626
f 408//391 1694//1626 2991//2892
f 1688//1620 2993//2894 1695//1627
f 408//391 1695//1627 2992//2893
f 1690//1622 2992//2893 1695//1627
f 409//392 1695//1627 2993//2894
f 1689//1621 2994//2895 1696//1628
f 409//392 1696//1628 2995//2896
f 1692//1624 2995//2896 1696//1628
f 410//393 1696//1628 2994//2895
f 1691//1623 2996//2897 1697//1629
f 410//393 1697//1629 2997//2898
f 1697//1629 2996//2897 1698//1630
f 411//394 1698//1630 2998//2899
f 1706//1638 2999//2900 1699//1631
f 1699//1631 2997//2898 1697//1629
f 1701//1633 2999//2900 1706//1638
f 412//395 1706//1638 2998//2899
f 1700//1632 3000//2901 1707//1639
f 412//395 1707//1639 3001//2902
f 1702//1634 3001//2902 1707//1639
f 413//396 1707//1639 3000//2901
f 1703//1635 3003//2904 1708//1640
f 413//396 1708//1640 3002//2903
f 414//397 2007//1939 3145//3046
f 1705//1637 3002//2903 1708//1640
f 414//397 1708//1640 3003//2904
f 1704//1636 3144//3045 2007//1939
f 415//398 1709//1641 3005//2906
f 1638//1570 2956//2857 1627//1559
f 415//398 1627//1559 2962//2863
f 1662//1594 2946//2847 1709//1641
f 1716//1648 3006//2907 1712//1644
f 416//399 1712//1644 3005//2906
f 1711//1643 3004//2905 1714//1646
f 416//399 1714//1646 3008//2909
f 1610//1542 2956//2857 1638//1570
f 1638//1570 3005//2906 1712//1644
f 1712//1644 3006//2907 1717//1649
f 417//400 1717//1649 2957//2858
f 1713//1645 3007//2908 1718//1650
f 418//401 1718//1650 2984//2885
f 1611//1543 2957//2858 1717//1649
f 418//401 1717//1649 3006//2907
f 419//402 1378//1310 2845//2746
f 1400//1332 2984//2885 1718//1650
f 419//402 1718//1650 3007//2908
f 1719//1651 2846//2747 1378//1310
f 420//403 1713//1645 3006//2907
f 1716//1648 3008//2909 1715//1647
f 420//403 1715//1647 3009//2910
f 1721//1653 3007//2908 1713//1645
f 421//404 1720//1652 3010//2911
f 1722//1654 2846//2747 1719//1651
f 421//404 1719//1651 3007//2908
f 1721//1653 3009//2910 1720//1652
f 422//405 1377//1309 2846//2747
f 1722//1654 3010//2911 1723//1655
f 422//405 1723//1655 3011//2912
f 1724//1656 2839//2740 1377//1309
f 423//406 1499//1431 2839//2740
f 1724//1656 3011//2912 1725//1657
f 423//406 1725//1657 3012//2913
f 1726//1658 2897//2798 1499//1431
f 424//407 1681//1613 2986//2887
f 1683//1615 2988//2889 1728//1660
f 424//407 1728//1660 3013//2914
f 1727//1659 2987//2888 1681//1613
f 1729//1661 3013//2914 1728//1660
f 425//408 1728//1660 2988//2889
f 1685//1617 2990//2891 1731//1663
f 425//408 1731//1663 3014//2915
f 1730//1662 3014//2915 1731//1663
f 426//409 1731//1663 2990//2891
f 1687//1619 2992//2893 1732//1664
f 426//409 1732//1664 3015//2916
f 1733//1665 3015//2916 1732//1664
f 427//410 1732//1664 2992//2893
f 427//410 1690//1622 2995//2896
f 427//410 1734//1666 3016//2917
f 1735//1667 3016//2917 1734//1666
f 1734//1666 2995//2896 1692//1624
f 428//411 1692//1624 2997//2898
f 428//411 1736//1668 3017//2918
f 1737//1669 3017//2918 1736//1668
f 429//412 1736//1668 2997//2898
f 1699//1631 2999//2900 1738//1670
f 429//412 1738//1670 3018//2919
f 430//413 1746//1678 3021//2922
f 1743//1675 2999//2900 1701//1633
f 430//413 1701//1633 3001//2902
f 1702//1634 3002//2903 1746//1678
f 431//414 1500//1432 2897//2798
f 1726//1658 3012//2913 1741//1673
f 431//414 1741//1673 3019//2920
f 1742//1674 2898//2799 1500//1432
f 2008//1940 3147//3048 2003//1935
f 2003//1935 3021//2922 1746//1678
f 432//415 1746//1678 3002//2903
f 1705//1637 3145//3046 2008//1940
f 1744//1676 3018//2919 1738//1670
f 1738//1670 2999//2900 1743//1675
f 433//416 1743//1675 3021//2922
f 433//416 1740//1672 3020//2921
f 434//417 1739//1671 3146//3047
f 2009//1941 3147//3048 1745//1677
f 434//417 1745//1677 2898//2799
f 1742//1674 3019//2920 1739//1671
f 435//418 1763//1695 2987//2888
f 1727//1659 3013//2914 1762//1694
f 435//418 1762//1694 3029//2930
f 1753//1685 3022//2923 1763//1695
f 436//419 1765//1697 3015//2916
f 1733//1665 3016//2917 1764//1696
f 436//419 1764//1696 3032//2933
f 1756//1688 3031//2932 1765//1697
f 1767//1699 3036//2937 1761//1693
f 437//420 1761//1693 3034//2935
f 437//420 1766//1698 3018//2919
f 1744//1676 3020//2921 1767//1699
f 1769//1701 3026//2927 1751//1683
f 438//421 1751//1683 3027//2928
f 1768//1700 3011//2912 1723//1655
f 438//421 1723//1655 3010//2911
f 2010//1942 3146//3047 1739//1671
f 439//422 1739//1671 3019//2920
f 1770//1702 3035//2936 1759//1691
f 439//422 1759//1691 3148//3049
f 440//423 1762//1694 3013//2914
f 1729//1661 3014//2915 1771//1703
f 1771//1703 3030//2931 1754//1686
f 1754//1686 3029//2930 1762//1694
f 441//424 1764//1696 3016//2917
f 1735//1667 3017//2918 1772//1704
f 1772//1704 3033//2934 1757//1689
f 441//424 1757//1689 3032//2933
f 442//425 1774//1706 3023//2924
f 1748//1680 3024//2925 1773//1705
f 1773//1705 3008//2909 1714//1646
f 1714//1646 3004//2905 1774//1706
f 443//426 1771//1703 3014//2915
f 1730//1662 3015//2916 1765//1697
f 1765//1697 3031//2932 1755//1687
f 443//426 1755//1687 3030//2931
f 1768//1700 3027//2928 1752//1684
f 444//427 1752//1684 3028//2929
f 1775//1707 3012//2913 1725//1657
f 444//427 1725//1657 3011//2912
f 1775//1707 3028//2929 1760//1692
f 445//428 1760//1692 3035//2936
f 1770//1702 3019//2920 1741//1673
f 445//428 1741//1673 3012//2913
f 1776//1708 3025//2926 1750//1682
f 446//429 1750//1682 3026//2927
f 1769//1701 3010//2911 1720//1652
f 446//429 1720//1652 3009//2910
f 447//430 1773//1705 3024//2925
f 447//430 1749//1681 3025//2926
f 1776//1708 3009//2910 1715//1647
f 447//430 1715//1647 3008//2909
f 448//431 1763//1695 3022//2923
f 1747//1679 3023//2924 1774//1706
f 448//431 1774//1706 3004//2905
f 1710//1642 2987//2888 1763//1695
f 449//432 1772//1704 3017//2918
f 1737//1669 3018//2919 1766//1698
f 1766//1698 3034//2935 1758//1690
f 449//432 1758//1690 3033//2934
f 2011//1943 3148//3049 1759//1691
f 450//433 1759//1691 3035//2936
f 1790//1722 3049//2950 1787//1719
f 450//433 1787//1719 3149//3050
f 451//434 1793//1725 3029//2930
f 451//434 1754//1686 3030//2931
f 451//434 1792//1724 3044//2945
f 1782//1714 3043//2944 1793//1725
f 1795//1727 3042//2943 1788//1720
f 452//435 1788//1720 3049//2950
f 1790//1722 3035//2936 1760//1692
f 452//435 1760//1692 3028//2929
f 1792//1724 3030//2931 1755//1687
f 453//436 1755//1687 3031//2932
f 453//436 1796//1728 3045//2946
f 453//436 1783//1715 3044//2945
f 454//437 1791//1723 3050//2951
f 454//437 1789//1721 3048//2949
f 1798//1730 3034//2935 1761//1693
f 454//437 1761//1693 3036//2937
f 455//438 1796//1728 3031//2932
f 1756//1688 3032//2933 1799//1731
f 1799//1731 3046//2947 1784//1716
f 1784//1716 3045//2946 1796//1728
f 456//439 2185//2117 3235//3136
f 2193//2125 3234//3135 1821//1753
f 456//439 1821//1753 3055//2956
f 1779//1711 3040//2941 2185//2117
f 457//440 1799//1731 3032//2933
f 457//440 1757//1689 3033//2934
f 457//440 1801//1733 3047//2948
f 1785//1717 3046//2947 1799//1731
f 1800//1732 3041//2942 1780//1712
f 458//441 1780//1712 3042//2943
f 1795//1727 3028//2929 1752//1684
f 458//441 1752//1684 3027//2928
f 459//442 1803//1735 3037//2938
f 1777//1709 3038//2939 1802//1734
f 459//442 1802//1734 3023//2924
f 1747//1679 3022//2923 1803//1735
f 1801//1733 3033//2934 1758//1690
f 460//443 1758//1690 3034//2935
f 1798//1730 3048//2949 1786//1718
f 1786//1718 3047//2948 1801//1733
f 461//444 1803//1735 3022//2923
f 1753//1685 3029//2930 1793//1725
f 461//444 1793//1725 3043//2944
f 1781//1713 3037//2938 1803//1735
f 462//445 1802//1734 3038//2939
f 1778//1710 3039//2940 1794//1726
f 462//445 1794//1726 3024//2925
f 1748//1680 3023//2924 1802//1734
f 2181//2113 3231//3132 2194//2126
f 463//446 2194//2126 3230//3131
f 1817//1749 3042//2943 1780//1712
f 463//446 1780//1712 3041//2942
f 464//447 2143//2075 3040//2941
f 1779//1711 3055//2956 2142//2074
f 464//447 2142//2074 3211//3112
f 2132//2064 3062//2963 2143//2075
f 1807//1739 3039//2940 1806//1738
f 465//448 1806//1738 3041//2942
f 1800//1732 3027//2928 1751//1683
f 465//448 1751//1683 3026//2927
f 1749//1681 3024//2925 1794//1726
f 466//449 1794//1726 3039//2940
f 1807//1739 3026//2927 1750//1682
f 466//449 1750//1682 3025//2926
f 467//450 2012//1944 3242//3143
f 2195//2127 3236//3137 1823//1755
f 467//450 1823//1755 3061//2962
f 1813//1745 3150//3051 2012//1944
f 468//451 1821//1753 3234//3135
f 2196//2128 3237//3138 1825//1757
f 1825//1757 3056//2957 1808//1740
f 468//451 1808//1740 3055//2956
f 469//452 1822//1754 3235//3136
f 2197//2129 3238//3139 1826//1758
f 469//452 1826//1758 3038//2939
f 1777//1709 3037//2938 1822//1754
f 1817//1749 3230//3131 2198//2130
f 470//453 2198//2130 3236//3137
f 2186//2118 3049//2950 1788//1720
f 470//453 1788//1720 3042//2943
f 471//454 1825//1757 3237//3138
f 2199//2131 3239//3140 1827//1759
f 471//454 1827//1759 3057//2958
f 471//454 1809//1741 3056//2957
f 472//455 1826//1758 3238//3139
f 472//455 2200//2132 3240//3141
f 472//455 1828//1760 3039//2940
f 1778//1710 3038//2939 1826//1758
f 473//456 2182//2114 3232//3133
f 2201//2133 3242//3143 2012//1944
f 473//456 2012//1944 3150//3051
f 1815//1747 3059//2960 2182//2114
f 474//457 1827//1759 3239//3140
f 474//457 2202//2134 3241//3142
f 1829//1761 3058//2959 1810//1742
f 1810//1742 3057//2958 1827//1759
f 1828//1760 3240//3141 2203//2135
f 475//458 2203//2135 3231//3132
f 2181//2113 3041//2942 1806//1738
f 475//458 1806//1738 3039//2940
f 1829//1761 3241//3142 2204//2136
f 476//459 2204//2136 3233//3134
f 2183//2115 3059//2960 1811//1743
f 476//459 1811//1743 3058//2959
f 1832//1764 2741//2642 1197//1129
f 477//460 1197//1129 2734//2635
f 477//460 1182//1114 2735//2636
f 1195//1127 2740//2641 1832//1764
f 478//461 1196//1128 6610//6393
f 5614//5440 6949//6732 1833//1765
f 478//461 1833//1765 3063//2964
f 478//461 1830//1762 2740//2641
f 1831//1763 2741//2642 1832//1764
f 1832//1764 2740//2641 1830//1762
f 479//462 1830//1762 3063//2964
f 479//462 1834//1766 3064//2965
f 1588//1520 2741//2642 1831//1763
f 480//463 1831//1763 3064//2965
f 1835//1767 3065//2966 1836//1768
f 480//463 1836//1768 2940//2841
f 481//464 1834//1766 3063//2964
f 1837//1769 3066//2967 1838//1770
f 481//464 1838//1770 3065//2966
f 481//464 1835//1767 3064//2965
f 482//465 1839//1771 3066//2967
f 1837//1769 3063//2964 1833//1765
f 482//465 1833//1765 6949//6732
f 5617//5443 6950//6733 1839//1771
f 483//466 1589//1521 2940//2841
f 483//466 1836//1768 3065//2966
f 483//466 1841//1773 3068//2969
f 1842//1774 2941//2842 1589//1521
f 1843//1775 3068//2969 1841//1773
f 1841//1773 3065//2966 1838//1770
f 484//467 1838//1770 3066//2967
f 484//467 1840//1772 3067//2968
f 485//468 1839//1771 6950//6733
f 5623//5449 6953//6736 1844//1776
f 485//468 1844//1776 3067//2968
f 1840//1772 3066//2967 1839//1771
f 486//469 1844//1776 6953//6736
f 5629//5455 6956//6739 1848//1780
f 486//469 1848//1780 3070//2971
f 1847//1779 3067//2968 1844//1776
f 1843//1775 3067//2968 1847//1779
f 487//470 1847//1779 3070//2971
f 1846//1778 3069//2970 1849//1781
f 487//470 1849//1781 3068//2969
f 488//471 1595//1527 2941//2842
f 1842//1774 3068//2969 1849//1781
f 488//471 1849//1781 3069//2970
f 1845//1777 2947//2848 1595//1527
f 489//472 1852//1784 3072//2973
f 1853//1785 3070//2971 1848//1780
f 489//472 1848//1780 6956//6739
f 489//472 5639//5465 6961//6744
f 490//473 1851//1783 3071//2972
f 1854//1786 3069//2970 1846//1778
f 490//473 1846//1778 3070//2971
f 1853//1785 3072//2973 1851//1783
f 491//474 1596//1528 2947//2848
f 1845//1777 3069//2970 1854//1786
f 1854//1786 3071//2972 1850//1782
f 491//474 1850//1782 2948//2849
f 1857//1789 3074//2975 1858//1790
f 492//475 1858//1790 3072//2973
f 1852//1784 6961//6744 5645//5471
f 492//475 5645//5471 6964//6747
f 1856//1788 3073//2974 1859//1791
f 1859//1791 3071//2972 1851//1783
f 1851//1783 3072//2973 1858//1790
f 493//476 1858//1790 3074//2975
f 1597//1529 2948//2849 1850//1782
f 494//477 1850//1782 3071//2972
f 1859//1791 3073//2974 1855//1787
f 494//477 1855//1787 2949//2850
f 1862//1794 3076//2977 1863//1795
f 495//478 1863//1795 3074//2975
f 1857//1789 6964//6747 5651//5477
f 495//478 5651//5477 6967//6750
f 1598//1530 2949//2850 1855//1787
f 496//479 1855//1787 3073//2974
f 1864//1796 3075//2976 1860//1792
f 496//479 1860//1792 2950//2851
f 1861//1793 3075//2976 1864//1796
f 497//480 1864//1796 3073//2974
f 1856//1788 3074//2975 1863//1795
f 497//480 1863//1795 3076//2977
f 1867//1799 3078//2979 1868//1800
f 498//481 1868//1800 3076//2977
f 1862//1794 6967//6750 5657//5483
f 498//481 5657//5483 6970//6753
f 1866//1798 3077//2978 1869//1801
f 499//482 1869//1801 3075//2976
f 1861//1793 3076//2977 1868//1800
f 499//482 1868//1800 3078//2979
f 1684//1616 2950//2851 1860//1792
f 500//483 1860//1792 3075//2976
f 1869//1801 3077//2978 1865//1797
f 500//483 1865//1797 2989//2890
f 1871//1803 3079//2980 1870//1802
f 501//484 1870//1802 3078//2979
f 1867//1799 6970//6753 5660//5486
f 501//484 5660//5486 6972//6755
f 1686//1618 2989//2890 1865//1797
f 1865//1797 3077//2978 1872//1804
f 502//485 1872//1804 3080//2981
f 502//485 1873//1805 2991//2892
f 503//486 1874//1806 3080//2981
f 503//486 1872//1804 3077//2978
f 1866//1798 3078//2979 1870//1802
f 1870//1802 3079//2980 1874//1806
f 1878//1810 3081//2982 1875//1807
f 3645//3546 3676//3577 3079//2980
f 1871//1803 6972//6755 7648//7431
f 504//487 5666//5492 6975//6758
f 505//488 1876//1808 3081//2982
f 505//488 1878//1810 6975//6758
f 5667//5493 6976//6759 1879//1811
f 505//488 1879//1811 3082//2983
f 1877//1809 3082//2983 1879//1811
f 506//489 1879//1811 6976//6759
f 5668//5494 6977//6760 1880//1812
f 506//489 1880//1812 3083//2984
f 1894//1826 3083//2984 3590//3491
f 3092//2993 1897//1829 3588//3489
f 514//497 1893//1825 3585//3486
f 1881//1813 3584//3485 7558//7341
f 3646//3547 3677//3578 3086//2987
f 1883//1815 3079//2980 3676//3577
f 507//490 1875//1807 3081//2982
f 1885//1817 3087//2988 1884//1816
f 508//491 1887//1819 3087//2988
f 1885//1817 3081//2982 1876//1808
f 1876//1808 3082//2983 1888//1820
f 1888//1820 3089//2990 1887//1819
f 3678//3579 3088//2989 1886//1818
f 1886//1818 3086//2987 3677//3578
f 509//492 1884//1816 3087//2988
f 509//492 1887//1819 3089//2990
f 510//493 1874//1806 3079//2980
f 1883//1815 3086//2987 1890//1822
f 1890//1822 3085//2986 1882//1814
f 510//493 1882//1814 3080//2981
f 1688//1620 2991//2892 1873//1805
f 1873//1805 3080//2981 1882//1814
f 511//494 1882//1814 3085//2986
f 1891//1823 2993//2894 1688//1620
f 1895//1827 3089//2990 1888//1820
f 512//495 1888//1820 3082//2983
f 1877//1809 3083//2984 1894//1826
f 512//495 1894//1826 3091//2992
f 3648//3549 3679//3580 3090//2991
f 3648//3549 1892//1824 3088//2989
f 513//496 1889//1821 3089//2990
f 1895//1827 3091//2992 1893//1825
f 3671//3572 3093//2994 1898//1830
f 1898//1830 3090//2991 3679//3580
f 1894//1826 3586//3487 3592//3493
f 3092//2993 3593//3494 3587//3488
f 3583//3484 3590//3491 3083//2984
f 3091//2992 3592//3493 3585//3486
f 1896//1828 3587//3488 3591//3492
f 7557//7340 3583//3484 1880//1812
f 1899//1831 3085//2986 1890//1822
f 515//498 1890//1822 3086//2987
f 1886//1818 3088//2989 1902//1834
f 515//498 1902//1834 3094//2995
f 1900//1832 3094//2995 1902//1834
f 516//499 1902//1834 3088//2989
f 1892//1824 3090//2991 1903//1835
f 1903//1835 3095//2996 1900//1832
f 1901//1833 3095//2996 1903//1835
f 517//500 1903//1835 3090//2991
f 517//500 1898//1830 3093//2994
f 1904//1836 3096//2997 1901//1833
f 518//501 1689//1621 2993//2894
f 1891//1823 3085//2986 1899//1831
f 1899//1831 3094//2995 1905//1837
f 1905//1837 2994//2895 1689//1621
f 1906//1838 2994//2895 1905//1837
f 519//502 1905//1837 3094//2995
f 1900//1832 3095//2996 1908//1840
f 519//502 1908//1840 3097//2998
f 1909//1841 3097//2998 1908//1840
f 1908//1840 3095//2996 1914//1846
f 520//503 1914//1846 3103//3004
f 520//503 1910//1842 3099//3000
f 1691//1623 2994//2895 1906//1838
f 521//504 1906//1838 3097//2998
f 521//504 1911//1843 3098//2999
f 521//504 1907//1839 2996//2897
f 522//505 1910//1842 3103//3004
f 522//505 1915//1847 3104//3005
f 522//505 1916//1848 3101//3002
f 1913//1845 3099//3000 1910//1842
f 523//506 1915//1847 3103//3004
f 1914//1846 3095//2996 1901//1833
f 523//506 1901//1833 3096//2997
f 1917//1849 3104//3005 1915//1847
f 1904//1836 3093//2994 1918//1850
f 524//507 1918//1850 3100//3001
f 1919//1851 3102//3003 1912//1844
f 524//507 1912//1844 3096//2997
f 525//508 1920//1852 3104//3005
f 1917//1849 3096//2997 1912//1844
f 525//508 1912//1844 3102//3003
f 1921//1853 3105//3006 1920//1852
f 1922//1854 3106//3007 1923//1855
f 1923//1855 3101//3002 1916//1848
f 1916//1848 3104//3005 1920//1852
f 526//509 1920//1852 3105//3006
f 1928//1860 3109//3010 1926//1858
f 527//510 1926//1858 3102//3003
f 1919//1851 3100//3001 1927//1859
f 527//510 1927//1859 3110//3011
f 1921//1853 3102//3003 1926//1858
f 528//511 1926//1858 3109//3010
f 1929//1861 3108//3009 1925//1857
f 528//511 1925//1857 3105//3006
f 1922//1854 3105//3006 1925//1857
f 529//512 1925//1857 3108//3009
f 1930//1862 3107//3008 1924//1856
f 529//512 1924//1856 3106//3007
f 1935//1867 3114//3015 1934//1866
f 530//513 1934//1866 3107//3008
f 1930//1862 3108//3009 1933//1865
f 530//513 1933//1865 3113//3014
f 1936//1868 3113//3014 1933//1865
f 531//514 1933//1865 3108//3009
f 1929//1861 3109//3010 1932//1864
f 531//514 1932//1864 3112//3013
f 532//515 1937//1869 3112//3013
f 532//515 1932//1864 3109//3010
f 1928//1860 3110//3011 1931//1863
f 1931//1863 3111//3012 1937//1869
f 533//516 1881//1813 6978//6761
f 533//516 5733//5558 7013//6796
f 1941//1873 3116//3017 1939//1871
f 1939//1871 3084//2985 1881//1813
f 534//517 1896//1828 3084//2985
f 534//517 1939//1871 3116//3017
f 1942//1874 3117//3018 1940//1872
f 1940//1872 3092//2993 1896//1828
f 535//518 1897//1829 3092//2993
f 535//518 1940//1872 3117//3018
f 3680//3581 3100//3001 1918//1850
f 3650//3551 1918//1850 3093//2994
f 3651//3552 1927//1859 3100//3001
f 3119//3020 3582//3483 3577//3478
f 536//519 1943//1875 3573//3474
f 3681//3582 3110//3011 1927//1859
f 3579//3480 3572//3473 1942//1874
f 1947//1879 3577//3478 3581//3482
f 541//524 3579//3480 3116//3017
f 3576//3477 3582//3483 3119//3020
f 7544//7327 541//524 1941//1873
f 3117//3018 3580//3481 3573//3474
f 3118//3019 3581//3482 3578//3479
f 3576//3477 1946//1878 536//519
f 1948//1880 7014//6797 5744//5569
f 538//521 5744//5569 7019//6802
f 1951//1883 3121//3022 1950//1882
f 538//521 1950//1882 3118//3019
f 1947//1879 3118//3019 1950//1882
f 539//522 1950//1882 3121//3022
f 1952//1884 3120//3021 1949//1881
f 539//522 1949//1881 3119//3020
f 3652//3553 1931//1863 3110//3011
f 1946//1878 3119//3020 1949//1881
f 540//523 1949//1881 3120//3021
f 3682//3583 3111//3012 1931//1863
f 3571//3472 3565//3466 1960//1892
f 1952//1884 3561//3462 3568//3469
f 3567//3468 3570//3471 3125//3026
f 3560//3461 3569//3470 3121//3022
f 7531//7314 3560//3461 1951//1883
f 3566//3467 3571//3472 3126//3027
f 3120//3021 3568//3469 3562//3463
f 3567//3468 1962//1894 542//525
f 3683//3584 3124//3025 1956//1888
f 3653//3554 1956//1888 3111//3012
f 3570//3471 3566//3467 1961//1893
f 7536//7319 7027//6810 1960//1892
f 1937//1869 3111//3012 1956//1888
f 543//526 1956//1888 3124//3025
f 1963//1895 3123//3024 1955//1887
f 543//526 1955//1887 3112//3013
f 1936//1868 3112//3013 1955//1887
f 544//527 1955//1887 3123//3024
f 1964//1896 3122//3023 1954//1886
f 544//527 1954//1886 3113//3014
f 1935//1867 3113//3014 1954//1886
f 545//528 1954//1886 3122//3023
f 1965//1897 3115//3016 1938//1870
f 545//528 1938//1870 3114//3015
f 1968//1900 3127//3028 1966//1898
f 546//529 1966//1898 3115//3016
f 1965//1897 3122//3023 1967//1899
f 546//529 1967//1899 3128//3029
f 1970//1902 3128//3029 1967//1899
f 547//530 1967//1899 3122//3023
f 1964//1896 3123//3024 1969//1901
f 547//530 1969//1901 3129//3030
f 548//531 1974//1906 3130//3031
f 1971//1903 3127//3028 1968//1900
f 1968//1900 3128//3029 1972//1904
f 548//531 1972//1904 3131//3032
f 549//532 1975//1907 3131//3032
f 549//532 1972//1904 3128//3029
f 1970//1902 3129//3030 1973//1905
f 1973//1905 3132//3033 1975//1907
f 1979//1911 3135//3036 1978//1910
f 550//533 1978//1910 3126//3027
f 1960//1892 7027//6810 5775//5600
f 550//533 5775//5600 7037//6820
f 1980//1912 3134//3035 1977//1909
f 551//534 1977//1909 3125//3026
f 1961//1893 3126//3027 1978//1910
f 551//534 1978//1910 3135//3036
f 3654//3555 3684//3585 3133//3034
f 1976//1908 3124//3025 3683//3584
f 1962//1894 3125//3026 1977//1909
f 552//535 1977//1909 3134//3035
f 1982//1914 3129//3030 1969//1901
f 553//536 1969//1901 3123//3024
f 1963//1895 3124//3025 1976//1908
f 553//536 1976//1908 3133//3034
f 554//537 1973//1905 3129//3030
f 554//537 1982//1914 3133//3034
f 1983//1915 3136//3037 1984//1916
f 554//537 1984//1916 3132//3033
f 7037//6820 7458//7241 721//704
f 555//538 1981//1913 3514//3415
f 1979//1911 721//704 3507//3408
f 3134//3035 3508//3409 3514//3415
f 3512//3413 7456//7239 7040//6823
f 3138//3039 1988//1920 3510//3411
f 3506//3407 3512//3413 1986//1918
f 3135//3036 3507//3408 720//703
f 3672//3573 3136//3037 1983//1915
f 3655//3556 1983//1915 3133//3034
f 3510//3411 1988//1920 555//538
f 3513//3414 3506//3407 3137//3038
f 556//539 1989//1921 3098//2999
f 556//539 1911//1843 3097//2998
f 1909//1841 3099//3000 1990//1922
f 556//539 1990//1922 3139//3040
f 557//540 1698//1630 2996//2897
f 557//540 1907//1839 3098//2999
f 557//540 1989//1921 3139//3040
f 1991//1923 2998//2899 1698//1630
f 1992//1924 3139//3040 1990//1922
f 558//541 1990//1922 3099//3000
f 1913//1845 3101//3002 1993//1925
f 558//541 1993//1925 3140//3041
f 559//542 1700//1632 2998//2899
f 1991//1923 3139//3040 1992//1924
f 559//542 1992//1924 3140//3041
f 1994//1926 3000//2901 1700//1632
f 560//543 1703//1635 3000//2901
f 1994//1926 3140//3041 1995//1927
f 560//543 1995//1927 3141//3042
f 1996//1928 3003//2904 1703//1635
f 1999//1931 3143//3044 1998//1930
f 561//544 1998//1930 3003//2904
f 1996//1928 3141//3042 1997//1929
f 561//544 1997//1929 3142//3043
f 562//545 1502//1434 2899//2800
f 2001//1933 3145//3046 2007//1939
f 562//545 2007//1939 3144//3045
f 2000//1932 2900//2801 1502//1434
f 1501//1433 2898//2799 1745//1677
f 563//546 1745//1677 3147//3048
f 2008//1940 3145//3046 2001//1933
f 563//546 2001//1933 2899//2800
f 564//547 2002//1934 3020//2921
f 1740//1672 3021//2922 2003//1935
f 564//547 2003//1935 3147//3048
f 2009//1941 3146//3047 2002//1934
f 1767//1699 3020//2921 2002//1934
f 565//548 2002//1934 3146//3047
f 2010//1942 3148//3049 2004//1936
f 565//548 2004//1936 3036//2937
f 566//549 1791//1723 3036//2937
f 566//549 2004//1936 3148//3049
f 566//549 2011//1943 3149//3050
f 2005//1937 3050//2951 1791//1723
f 2145//2077 3058//2959 1811//1743
f 567//550 1811//1743 3059//2960
f 2144//2076 3215//3116 2135//2067
f 567//550 2135//2067 3214//3115
f 2016//1948 3152//3053 2018//1950
f 2018//1950 3157//3058 2019//1951
f 2019//1951 3160//3061 2022//1954
f 568//551 2022//1954 3159//3060
f 569//552 2019//1951 3157//3058
f 2020//1952 3153//3054 2023//1955
f 569//552 2023//1955 3154//3055
f 2028//1960 3160//3061 2019//1951
f 570//553 2030//1962 3156//3057
f 2029//1961 3154//3055 2023//1955
f 570//553 2023//1955 3153//3054
f 2031//1963 3155//3056 2030//1962
f 1999//1931 3142//3043 2025//1957
f 571//554 2025//1957 3156//3057
f 2030//1962 3155//3056 2027//1959
f 571//554 2027//1959 3143//3044
f 2100//2032 3191//3092 2094//2026
f 2094//2026 3130//3031 1974//1906
f 572//555 1974//1906 3131//3032
f 2095//2027 3192//3093 2100//2032
f 573//556 2026//1958 2900//2801
f 2000//1932 3144//3045 1704//1636
f 1704//1636 3003//2904 1998//1930
f 573//556 1998//1930 3143//3044
f 574//557 2024//1956 3296//3197
f 2323//2255 2900//2801 2026//1958
f 574//557 2026//1958 3143//3044
f 2027//1959 3155//3056 2024//1956
f 575//558 2014//1946 3151//3052
f 575//558 2017//1949 3152//3053
f 2016//1948 3159//3060 2021//1953
f 575//558 2021//1953 3158//3059
f 576//559 2048//1980 3127//3028
f 1971//1903 3130//3031 2047//1979
f 576//559 2047//1979 3167//3068
f 2037//1969 3166//3067 2048//1980
f 2050//1982 3174//3075 2042//1974
f 577//560 2042//1974 3173//3074
f 2049//1981 3158//3059 2021//1953
f 577//560 2021//1953 3159//3060
f 578//561 2051//1983 3115//3016
f 1966//1898 3127//3028 2048//1980
f 578//561 2048//1980 3166//3067
f 2036//1968 3165//3066 2051//1983
f 579//562 2053//1985 3168//3069
f 2039//1971 3169//3070 2052//1984
f 579//562 2052//1984 3141//3042
f 1995//1927 3140//3041 2053//1985
f 2054//1986 3114//3015 1938//1870
f 1938//1870 3115//3016 2051//1983
f 580//563 2051//1983 3165//3066
f 2035//1967 3164//3065 2054//1986
f 2055//1987 3175//3076 2043//1975
f 581//564 2043//1975 3174//3075
f 2050//1982 3159//3060 2022//1954
f 581//564 2022//1954 3160//3061
f 2056//1988 3171//3072 2045//1977
f 582//565 2045//1977 3175//3076
f 2055//1987 3160//3061 2028//1960
f 582//565 2028//1960 3154//3055
f 2058//1990 3101//3002 1923//1855
f 583//566 1923//1855 3106//3007
f 2057//1989 3162//3063 2032//1964
f 2032//1964 3161//3062 2058//1990
f 2059//1991 3107//3008 1934//1866
f 584//567 1934//1866 3114//3015
f 2054//1986 3164//3065 2034//1966
f 584//567 2034//1966 3163//3064
f 585//568 2052//1984 3169//3070
f 2040//1972 3170//3071 2060//1992
f 585//568 2060//1992 3142//3043
f 1997//1929 3141//3042 2052//1984
f 2101//2033 3191//3092 2013//1945
f 586//569 2013//1945 3158//3059
f 2049//1981 3173//3074 2041//1973
f 586//569 2041//1973 3193//3094
f 587//570 2061//1993 3172//3073
f 587//570 2046//1978 3171//3072
f 587//570 2056//1988 3154//3055
f 2029//1961 3156//3057 2061//1993
f 2057//1989 3106//3007 1924//1856
f 588//571 1924//1856 3107//3008
f 2059//1991 3163//3064 2033//1965
f 588//571 2033//1965 3162//3063
f 589//572 2058//1990 3161//3062
f 589//572 2038//1970 3168//3069
f 2053//1985 3140//3041 1993//1925
f 589//572 1993//1925 3101//3002
f 590//573 2060//1992 3170//3071
f 2044//1976 3172//3073 2061//1993
f 590//573 2061//1993 3156//3057
f 2025//1957 3142//3043 2060//1992
f 591//574 2097//2029 3194//3095
f 2102//2034 3193//3094 2041//1973
f 591//574 2041//1973 3173//3074
f 2087//2019 3188//3089 2097//2029
f 2074//2006 3180//3081 2075//2007
f 592//575 2075//2007 3165//3066
f 592//575 2036//1968 3166//3067
f 2037//1969 3167//3068 2074//2006
f 593//576 2078//2010 3161//3062
f 593//576 2032//1964 3162//3063
f 593//576 2077//2009 3177//3078
f 2062//1994 3176//3077 2078//2010
f 2079//2011 3187//3088 2070//2002
f 594//577 2070//2002 3186//3087
f 2076//2008 3174//3075 2043//1975
f 594//577 2043//1975 3175//3076
f 595//578 2078//2010 3176//3077
f 2066//1998 3181//3082 2080//2012
f 595//578 2080//2012 3168//3069
f 2038//1970 3161//3062 2078//2010
f 2077//2009 3162//3063 2033//1965
f 596//579 2033//1965 3163//3064
f 2081//2013 3178//3079 2063//1995
f 596//579 2063//1995 3177//3078
f 2083//2015 3183//3084 2071//2003
f 597//580 2071//2003 3185//3086
f 597//580 2082//2014 3172//3073
f 2044//1976 3170//3071 2083//2015
f 598//581 2080//2012 3181//3082
f 598//581 2067//1999 3182//3083
f 598//581 2084//2016 3169//3070
f 2039//1971 3168//3069 2080//2012
f 2081//2013 3163//3064 2034//1966
f 599//582 2034//1966 3164//3065
f 2085//2017 3179//3080 2064//1996
f 599//582 2064//1996 3178//3079
f 2086//2018 3184//3085 2072//2004
f 600//583 2072//2004 3187//3088
f 2079//2011 3175//3076 2045//1977
f 600//583 2045//1977 3171//3072
f 601//584 2084//2016 3182//3083
f 2068//2000 3183//3084 2083//2015
f 601//584 2083//2015 3170//3071
f 2040//1972 3169//3070 2084//2016
f 602//585 2085//2017 3164//3065
f 2035//1967 3165//3066 2075//2007
f 602//585 2075//2007 3180//3081
f 2065//1997 3179//3080 2085//2017
f 2082//2014 3185//3086 2073//2005
f 603//586 2073//2005 3184//3085
f 2086//2018 3171//3072 2046//1978
f 603//586 2046//1978 3172//3073
f 604//587 2042//1974 3174//3075
f 2076//2008 3186//3087 2069//2001
f 604//587 2069//2001 3188//3089
f 2087//2019 3173//3074 2042//1974
f 2103//2035 3195//3096 2098//2030
f 605//588 2098//2030 3179//3080
f 2065//1997 3180//3081 2088//2020
f 605//588 2088//2020 3194//3095
f 606//589 2104//2036 3196//3097
f 2099//2031 3178//3079 2064//1996
f 2064//1996 3179//3080 2098//2030
f 606//589 2098//2030 3195//3096
f 2014//1946 3158//3059 2013//1945
f 607//590 2013//1945 3191//3092
f 607//590 2100//2032 3192//3093
f 2015//1947 3151//3052 2014//1946
f 2047//1979 3130//3031 2094//2026
f 608//591 2094//2026 3191//3092
f 2101//2033 3193//3094 2096//2028
f 608//591 2096//2028 3167//3068
f 609//592 2088//2020 3180//3081
f 2074//2006 3167//3068 2096//2028
f 609//592 2096//2028 3193//3094
f 2102//2034 3194//3095 2088//2020
f 2069//2001 3186//3087 2089//2021
f 610//593 2089//2021 3195//3096
f 2103//2035 3194//3095 2097//2029
f 610//593 2097//2029 3188//3089
f 2070//2002 3187//3088 2090//2022
f 2090//2022 3196//3097 2104//2036
f 2104//2036 3195//3096 2089//2021
f 611//594 2089//2021 3186//3087
f 2072//2004 3184//3085 2091//2023
f 612//595 2091//2023 3190//3091
f 2092//2024 3196//3097 2090//2022
f 612//595 2090//2022 3187//3088
f 613//596 2093//2025 3189//3090
f 2106//2038 3177//3078 2063//1995
f 613//596 2063//1995 3178//3079
f 2099//2031 3196//3097 2093//2025
f 614//597 2107//2039 3189//3090
f 2093//2025 3196//3097 2092//2024
f 614//597 2092//2024 3190//3091
f 2105//2037 3197//3098 2107//2039
f 615//598 2119//2051 3177//3078
f 2106//2038 3189//3090 2118//2050
f 615//598 2118//2050 3205//3106
f 2116//2048 3199//3100 2119//2051
f 2121//2053 3203//3104 2114//2046
f 616//599 2114//2046 3206//3107
f 2120//2052 3190//3091 2091//2023
f 616//599 2091//2023 3184//3085
f 617//600 2118//2050 3189//3090
f 617//600 2107//2039 3197//3098
f 617//600 2122//2054 3207//3108
f 2117//2049 3205//3106 2118//2050
f 2124//2056 3202//3103 2112//2044
f 618//601 2112//2044 3204//3105
f 2123//2055 3185//3086 2071//2003
f 618//601 2071//2003 3183//3084
f 619//602 2126//2058 3198//3099
f 2109//2041 3200//3101 2125//2057
f 619//602 2125//2057 3181//3082
f 2066//1998 3176//3077 2126//2058
f 620//603 2125//2057 3200//3101
f 620//603 2110//2042 3201//3102
f 2127//2059 3182//3083 2067//1999
f 2067//1999 3181//3082 2125//2057
f 621//604 2126//2058 3176//3077
f 2062//1994 3177//3078 2119//2051
f 621//604 2119//2051 3199//3100
f 2108//2040 3198//3099 2126//2058
f 2123//2055 3204//3105 2113//2045
f 622//605 2113//2045 3203//3104
f 2121//2053 3184//3085 2073//2005
f 622//605 2073//2005 3185//3086
f 623//606 2127//2059 3201//3102
f 623//606 2111//2043 3202//3103
f 2124//2056 3183//3084 2068//2000
f 623//606 2068//2000 3182//3083
f 624//607 2120//2052 3206//3107
f 624//607 2115//2047 3207//3108
f 624//607 2122//2054 3197//3098
f 2105//2037 3190//3091 2120//2052
f 2114//2046 3203//3104 2128//2060
f 2128//2060 3205//3106 2117//2049
f 2117//2049 3207//3108 2115//2047
f 2115//2047 3206//3107 2114//2046
f 2109//2041 3198//3099 2129//2061
f 2129//2061 3202//3103 2111//2043
f 626//609 2111//2043 3201//3102
f 626//609 2110//2042 3200//3101
f 627//610 2113//2045 3204//3105
f 2130//2062 3199//3100 2116//2048
f 627//610 2116//2048 3205//3106
f 2128//2060 3203//3104 2113//2045
f 628//611 2112//2044 3202//3103
f 628//611 2129//2061 3198//3099
f 628//611 2108//2040 3199//3100
f 2130//2062 3204//3105 2112//2044
f 629//612 2141//2073 3208//3109
f 2139//2071 3209//3110 2140//2072
f 629//612 2140//2072 3053//2954
f 1816//1748 3052//2953 2141//2073
f 630//613 1822//1754 3037//2938
f 1781//1713 3043//2944 2184//2116
f 630//613 2184//2116 3234//3135
f 2193//2125 3235//3136 1822//1754
f 631//614 2140//2072 3209//3110
f 2131//2063 3210//3111 2146//2078
f 631//614 2146//2078 3054//2955
f 1797//1729 3053//2954 2140//2072
f 632//615 2148//2080 3150//3051
f 1813//1745 3061//2962 2147//2079
f 632//615 2147//2079 3216//3117
f 2136//2068 3217//3118 2148//2080
f 2142//2074 3055//2956 1808//1740
f 633//616 1808//1740 3056//2957
f 2149//2081 3212//3113 1812//1744
f 633//616 1812//1744 3211//3112
f 634//617 2146//2078 3210//3111
f 2137//2069 3216//3117 2147//2079
f 2147//2079 3061//2962 1814//1746
f 634//617 1814//1746 3054//2955
f 2149//2081 3056//2957 1809//1741
f 635//618 1809//1741 3057//2958
f 2150//2082 3213//3114 2133//2065
f 635//618 2133//2065 3212//3113
f 636//619 2151//2083 3060//2961
f 2006//1938 3208//3109 2141//2073
f 636//619 2141//2073 3052//2953
f 1804//1736 3051//2952 2151//2083
f 637//620 2148//2080 3217//3118
f 637//620 2138//2070 3215//3116
f 2144//2076 3059//2960 1815//1747
f 1815//1747 3150//3051 2148//2080
f 2150//2082 3057//2958 1810//1742
f 638//621 1810//1742 3058//2959
f 2145//2077 3214//3115 2134//2066
f 638//621 2134//2066 3213//3114
f 639//622 2143//2075 3062//2963
f 1824//1756 3060//2961 2151//2083
f 639//622 2151//2083 3051//2952
f 1805//1737 3040//2941 2143//2075
f 2165//2097 3214//3115 2135//2067
f 640//623 2135//2067 3215//3116
f 2164//2096 3227//3128 2159//2091
f 640//623 2159//2091 3226//3127
f 641//624 2167//2099 3211//3112
f 1812//1744 3212//3113 2166//2098
f 641//624 2166//2098 3224//3125
f 2152//2084 3223//3124 2167//2099
f 2169//2101 3217//3118 2136//2068
f 642//625 2136//2068 3216//3117
f 642//625 2168//2100 3228//3129
f 642//625 2160//2092 3229//3130
f 2171//2103 3221//3122 2155//2087
f 2155//2087 3222//3123 2170//2102
f 643//626 2170//2102 3210//3111
f 2131//2063 3209//3110 2171//2103
f 644//627 2170//2102 3222//3123
f 2161//2093 3228//3129 2168//2100
f 2168//2100 3216//3117 2137//2069
f 2137//2069 3210//3111 2170//2102
f 645//628 2173//2105 3219//3120
f 645//628 2153//2085 3218//3119
f 645//628 2172//2104 3060//2961
f 1824//1756 3062//2963 2173//2105
f 646//629 2173//2105 3062//2963
f 2132//2064 3211//3112 2167//2099
f 646//629 2167//2099 3223//3124
f 2156//2088 3219//3120 2173//2105
f 647//630 2169//2101 3229//3130
f 647//630 2162//2094 3227//3128
f 2164//2096 3215//3116 2138//2070
f 647//630 2138//2070 3217//3118
f 648//631 2172//2104 3218//3119
f 648//631 2154//2086 3220//3121
f 648//631 2174//2106 3208//3109
f 2006//1938 3060//2961 2172//2104
f 649//632 2166//2098 3212//3113
f 2133//2065 3213//3114 2175//2107
f 649//632 2175//2107 3225//3126
f 2157//2089 3224//3125 2166//2098
f 2174//2106 3220//3121 2163//2095
f 650//633 2163//2095 3221//3122
f 650//633 2171//2103 3209//3110
f 2139//2071 3208//3109 2174//2106
f 2175//2107 3213//3114 2134//2066
f 651//634 2134//2066 3214//3115
f 2165//2097 3226//3127 2158//2090
f 651//634 2158//2090 3225//3126
f 652//635 2153//2085 3219//3120
f 2156//2088 3223//3124 2176//2108
f 2176//2108 3220//3121 2154//2086
f 652//635 2154//2086 3218//3119
f 653//636 2163//2095 3220//3121
f 653//636 2176//2108 3223//3124
f 2152//2084 3224//3125 2177//2109
f 2177//2109 3221//3122 2163//2095
f 2160//2092 3228//3129 2178//2110
f 2178//2110 3226//3127 2159//2091
f 654//637 2159//2091 3227//3128
f 654//637 2162//2094 3229//3130
f 655//638 2155//2087 3221//3122
f 655//638 2177//2109 3224//3125
f 2157//2089 3225//3126 2179//2111
f 655//638 2179//2111 3222//3123
f 2161//2093 3222//3123 2179//2111
f 2179//2111 3225//3126 2158//2090
f 656//639 2158//2090 3226//3127
f 656//639 2178//2110 3228//3129
f 1818//1750 3053//2954 1797//1729
f 657//640 1797//1729 3054//2955
f 2180//2112 3230//3131 2194//2126
f 657//640 2194//2126 3231//3132
f 658//641 2192//2124 3149//3050
f 658//641 1787//1719 3049//2950
f 658//641 2186//2118 3236//3137
f 2195//2127 3242//3143 2192//2124
f 659//642 2184//2116 3043//2944
f 1782//1714 3044//2945 2187//2119
f 659//642 2187//2119 3237//3138
f 2196//2128 3234//3135 2184//2116
f 660//643 2185//2117 3040//2941
f 1805//1737 3051//2952 2188//2120
f 660//643 2188//2120 3238//3139
f 2197//2129 3235//3136 2185//2117
f 2180//2112 3054//2955 1814//1746
f 661//644 1814//1746 3061//2962
f 1823//1755 3236//3137 2198//2130
f 661//644 2198//2130 3230//3131
f 662//645 2187//2119 3044//2945
f 1783//1715 3045//2946 2189//2121
f 662//645 2189//2121 3239//3140
f 2199//2131 3237//3138 2187//2119
f 663//646 2188//2120 3051//2952
f 663//646 1804//1736 3052//2953
f 2190//2122 3240//3141 2200//2132
f 2200//2132 3238//3139 2188//2120
f 664//647 1819//1751 3050//2951
f 2005//1937 3149//3050 2192//2124
f 664//647 2192//2124 3242//3143
f 2201//2133 3232//3133 1819//1751
f 665//648 2189//2121 3045//2946
f 665//648 1784//1716 3046//2947
f 2191//2123 3241//3142 2202//2134
f 665//648 2202//2134 3239//3140
f 2190//2122 3052//2953 1816//1748
f 666//649 1816//1748 3053//2954
f 1818//1750 3231//3132 2203//2135
f 666//649 2203//2135 3240//3141
f 2191//2123 3046//2947 1785//1717
f 667//650 1785//1717 3047//2948
f 1820//1752 3233//3134 2204//2136
f 667//650 2204//2136 3241//3142
f 668//651 2205//2137 3233//3134
f 1820//1752 3047//2948 1786//1718
f 668//651 1786//1718 3048//2949
f 2207//2139 3243//3144 2205//2137
f 1789//1721 3050//2951 1819//1751
f 669//652 1819//1751 3232//3133
f 2206//2138 3243//3144 2207//2139
f 669//652 2207//2139 3048//2949
f 670//653 2205//2137 3243//3144
f 2206//2138 3232//3133 2182//2114
f 670//653 2182//2114 3059//2960
f 2183//2115 3233//3134 2205//2137
f 671//654 2210//2142 2838//2739
f 1389//1321 2807//2708 1335//1267
f 671//654 1335//1267 2808//2709
f 1388//1320 3244//3145 2210//2142
f 2209//2141 3244//3145 2208//2140
f 672//655 2208//2140 2810//2711
f 1339//1271 2811//2712 2211//2143
f 672//655 2211//2143 3245//3146
f 2212//2144 3245//3146 2211//2143
f 673//656 2211//2143 2811//2712
f 1342//1274 2812//2713 2213//2145
f 673//656 2213//2145 3246//3147
f 2214//2146 3246//3147 2213//2145
f 674//657 2213//2145 2812//2713
f 674//657 1464//1396 2840//2741
f 674//657 2220//2152 3247//3148
f 1652//1584 2974//2875 2221//2153
f 675//658 2221//2153 3248//3149
f 2215//2147 3247//3148 2220//2152
f 675//658 2220//2152 2840//2741
f 2216//2148 3248//3149 2221//2153
f 676//659 2221//2153 2974//2875
f 1387//1319 2851//2752 2222//2154
f 2222//2154 3249//3150 2216//2148
f 677//660 2217//2149 3249//3150
f 2222//2154 2851//2752 1385//1317
f 1385//1317 2852//2753 2223//2155
f 2223//2155 3250//3151 2217//2149
f 2218//2150 3250//3151 2223//2155
f 678//661 2223//2155 2852//2753
f 1424//1356 2859//2760 2224//2156
f 678//661 2224//2156 3251//3152
f 2219//2151 3251//3152 2224//2156
f 679//662 2224//2156 2859//2760
f 679//662 1427//1359 2861//2762
f 679//662 2225//2157 3252//3153
f 680//663 1504//1436 2901//2802
f 2234//2166 3260//3161 2233//2165
f 680//663 2233//2165 3259//3160
f 2235//2167 2902//2803 1504//1436
f 681//664 1505//1437 2902//2803
f 2235//2167 3259//3160 2232//2164
f 681//664 2232//2164 3258//3159
f 681//664 2236//2168 2903//2804
f 1521//1453 2903//2804 2236//2168
f 2236//2168 3258//3159 2231//2163
f 682//665 2231//2163 3257//3158
f 682//665 2237//2169 2908//2809
f 2230//2162 3256//3157 2238//2170
f 2238//2170 2906//2807 1519//1451
f 683//666 1519//1451 2908//2809
f 2237//2169 3257//3158 2230//2162
f 684//667 2229//2161 3255//3156
f 2239//2171 2905//2806 1515//1447
f 684//667 1515//1447 2906//2807
f 2238//2170 3256//3157 2229//2161
f 2228//2160 3254//3155 2240//2172
f 2240//2172 2863//2764 1514//1446
f 685//668 1514//1446 2905//2806
f 685//668 2239//2171 3255//3156
f 2227//2159 3253//3154 2241//2173
f 686//669 2241//2173 2937//2838
f 686//669 1429//1361 2863//2764
f 686//669 2240//2172 3254//3155
f 1583//1515 2937//2838 2241//2173
f 687//670 2241//2173 3253//3154
f 2226//2158 3252//3153 2225//2157
f 687//670 2225//2157 2861//2762
f 688//671 2320//2252 3295//3196
f 2321//2253 3296//3197 2024//1956
f 688//671 2024//1956 3155//3056
f 2031//1963 3153//3054 2320//2252
f 2242//2174 2838//2739 2210//2142
f 689//672 2210//2142 3244//3145
f 2209//2141 3245//3146 2243//2175
f 689//672 2243//2175 3261//3162
f 690//673 1390//1322 2838//2739
f 2242//2174 3261//3162 2245//2177
f 690//673 2245//2177 3262//3163
f 2244//2176 2837//2738 1390//1322
f 691//674 2246//2178 2837//2738
f 2244//2176 3262//3163 2247//2179
f 691//674 2247//2179 7166//6949
f 2248//2180 3261//3162 2243//2175
f 692//675 2243//2175 3245//3146
f 2212//2144 3246//3147 2255//2187
f 692//675 2255//2187 3263//3164
f 2249//2181 3263//3164 2255//2187
f 693//676 2255//2187 3246//3147
f 693//676 2214//2146 3247//3148
f 2256//2188 3264//3165 2249//2181
f 694//677 2250//2182 3264//3165
f 2256//2188 3247//3148 2215//2147
f 694//677 2215//2147 3248//3149
f 2257//2189 3265//3166 2250//2182
f 695//678 2251//2183 3265//3166
f 2257//2189 3248//3149 2216//2148
f 695//678 2216//2148 3249//3150
f 2258//2190 3266//3167 2251//2183
f 696//679 2252//2184 3266//3167
f 2258//2190 3249//3150 2217//2149
f 696//679 2217//2149 3250//3151
f 2259//2191 3267//3168 2252//2184
f 697//680 2253//2185 3267//3168
f 2259//2191 3250//3151 2218//2150
f 2218//2150 3251//3152 2260//2192
f 697//680 2260//2192 3268//3169
f 2254//2186 3268//3169 2260//2192
f 698//681 2260//2192 3251//3152
f 2219//2151 3252//3153 2261//2193
f 698//681 2261//2193 3269//3170
f 699//682 2245//2177 3261//3162
f 2248//2180 3263//3164 2268//2200
f 699//682 2268//2200 3270//3171
f 2262//2194 3262//3163 2245//2177
f 2263//2195 3270//3171 2268//2200
f 700//683 2268//2200 3263//3164
f 2249//2181 3264//3165 2269//2201
f 700//683 2269//2201 3271//3172
f 2264//2196 3271//3172 2269//2201
f 2269//2201 3264//3165 2250//2182
f 701//684 2250//2182 3265//3166
f 2270//2202 3272//3173 2264//2196
f 702//685 2265//2197 3272//3173
f 2270//2202 3265//3166 2251//2183
f 702//685 2251//2183 3266//3167
f 2271//2203 3273//3174 2265//2197
f 2266//2198 3273//3174 2271//2203
f 2271//2203 3266//3167 2252//2184
f 703//686 2252//2184 3267//3168
f 703//686 2272//2204 3274//3175
f 704//687 2267//2199 3274//3175
f 2272//2204 3267//3168 2253//2185
f 704//687 2253//2185 3268//3169
f 2273//2205 3275//3176 2267//2199
f 705//688 2274//2206 3275//3176
f 2273//2205 3268//3169 2254//2186
f 705//688 2254//2186 3269//3170
f 2275//2207 3276//3177 2274//2206
f 706//689 2247//2179 3262//3163
f 2262//2194 3270//3171 2276//2208
f 706//689 2276//2208 7181//6964
f 6075//5900 7166//6949 2247//2179
f 6076//5901 7181//6964 2276//2208
f 707//690 2276//2208 3270//3171
f 2263//2195 3271//3172 2277//2209
f 707//690 2277//2209 7182//6965
f 6077//5902 7182//6965 2277//2209
f 708//691 2277//2209 3271//3172
f 708//691 2264//2196 3272//3173
f 2278//2210 7183//6966 6077//5902
f 6078//5903 7183//6966 2278//2210
f 709//692 2278//2210 3272//3173
f 2265//2197 3273//3174 2279//2211
f 709//692 2279//2211 7184//6967
f 6079//5904 7184//6967 2279//2211
f 710//693 2279//2211 3273//3174
f 2266//2198 3274//3175 2280//2212
f 710//693 2280//2212 7185//6968
f 711//694 6080//5905 7185//6968
f 2280//2212 3274//3175 2267//2199
f 711//694 2267//2199 3275//3176
f 2281//2213 7186//6969 6080//5905
f 712//695 6081//5906 7186//6969
f 2281//2213 3275//3176 2274//2206
f 712//695 2274//2206 3276//3177
f 2282//2214 7187//6970 6081//5906
f 3656//3557 3673//3574 3278//3179
f 2285//2217 3136//3037 3672//3573
f 1988//1920 3138//3039 2286//2218
f 2287//2219 3132//3033 1984//1916
f 714//697 1984//1916 3136//3037
f 2285//2217 3278//3179 2283//2215
f 714//697 2283//2215 3277//3178
f 715//698 2286//2218 3138//3039
f 1985//1917 3137//3038 2288//2220
f 716//699 2288//2220 3137//3038
f 1986//1918 7040//6823 6095//5920
f 717//700 2289//2221 3192//3093
f 2095//2027 3131//3032 1975//1907
f 717//700 1975//1907 3132//3033
f 2287//2219 3277//3178 2289//2221
f 2296//2228 3280//3181 3519//3420
f 3657//3558 3674//3575 3281//3182
f 2292//2224 3278//3179 3673//3574
f 719//702 2293//2225 3282//3183
f 2294//2226 3277//3178 2283//2215
f 719//702 2283//2215 3278//3179
f 2292//2224 3281//3182 2293//2225
f 3523//3424 2295//2227 718//701
f 2296//2228 3522//3423 3520//3421
f 3515//3416 3533//3434 3532//3433
f 3532//3433 3531//3432 3517//3418
f 2015//1947 3192//3093 2289//2221
f 722//705 2289//2221 3277//3178
f 2298//2230 3283//3184 2299//2231
f 722//705 2299//2231 3151//3052
f 2300//2232 3284//3185 2301//2233
f 723//706 2301//2233 3152//3053
f 2017//1949 3151//3052 2299//2231
f 723//706 2299//2231 3283//3184
f 724//707 2300//2232 3283//3184
f 2298//2230 3277//3178 2294//2226
f 2294//2226 3282//3183 2302//2234
f 724//707 2302//2234 3284//3185
f 725//708 2293//2225 3281//3182
f 2306//2238 3287//3188 2305//2237
f 725//708 2305//2237 3286//3187
f 2304//2236 3282//3183 2293//2225
f 3658//3559 3685//3586 3287//3188
f 2306//2238 3281//3182 3674//3575
f 3549//3450 2309//2241 728//711
f 3549//3450 3553//3454 3534//3435
f 727//710 2310//2242 3291//3192
f 2311//2243 3286//3187 2305//2237
f 2305//2237 3287//3188 2312//2244
f 727//710 2312//2244 3290//3191
f 3675//3576 3290//3191 2312//2244
f 3659//3560 2312//2244 3287//3188
f 2585//2517 7335//7118 7513//7296
f 729//712 2302//2234 3282//3183
f 2304//2236 3286//3187 2313//2245
f 729//712 2313//2245 3285//3186
f 2303//2235 3284//3185 2302//2234
f 2318//2250 3293//3194 2315//2247
f 730//713 2315//2247 3157//3058
f 2018//1950 3152//3053 2301//2233
f 730//713 2301//2233 3284//3185
f 731//714 2314//2246 3293//3194
f 2318//2250 3284//3185 2303//2235
f 731//714 2303//2235 3285//3186
f 2319//2251 3294//3195 2314//2246
f 2316//2248 3285//3186 2313//2245
f 732//715 2313//2245 3286//3187
f 2311//2243 3291//3192 2317//2249
f 732//715 2317//2249 3292//3193
f 2322//2254 3295//3196 2320//2252
f 733//716 2320//2252 3153//3054
f 2020//1952 3157//3058 2315//2247
f 733//716 2315//2247 3293//3194
f 1503//1435 2900//2801 2323//2255
f 734//717 2323//2255 3296//3197
f 2324//2256 3260//3161 2234//2166
f 734//717 2234//2166 2901//2802
f 735//718 2325//2257 3295//3196
f 2322//2254 3293//3194 2314//2246
f 735//718 2314//2246 3294//3195
f 2326//2258 3297//3198 2325//2257
f 2321//2253 3295//3196 2325//2257
f 736//719 2325//2257 3297//3198
f 2327//2259 3260//3161 2324//2256
f 736//719 2324//2256 3296//3197
f 737//720 2331//2263 3299//3200
f 2330//2262 3259//3160 2233//2165
f 737//720 2233//2165 3260//3161
f 2327//2259 3297//3198 2331//2263
f 2326//2258 3294//3195 2328//2260
f 738//721 2328//2260 3298//3199
f 2329//2261 3299//3200 2331//2263
f 738//721 2331//2263 3297//3198
f 739//722 2328//2260 3294//3195
f 2319//2251 3285//3186 2316//2248
f 739//722 2316//2248 3292//3193
f 2332//2264 3298//3199 2328//2260
f 740//723 2333//2265 3300//3201
f 2334//2266 3258//3159 2232//2164
f 740//723 2232//2164 3259//3160
f 2330//2262 3299//3200 2333//2265
f 2340//2272 3305//3206 2341//2273
f 741//724 2342//2274 3306//3207
f 742//725 2341//2273 3305//3206
f 3686//3587 3304//3205 2343//2275
f 3660//3561 2343//2275 3290//3191
f 2310//2242 3290//3191 2343//2275
f 743//726 2343//2275 3304//3205
f 2338//2270 3303//3204 2344//2276
f 743//726 2344//2276 3291//3192
f 744//727 2317//2249 3291//3192
f 744//727 2344//2276 3303//3204
f 2337//2269 3302//3203 2345//2277
f 2345//2277 3292//3193 2317//2249
f 745//728 2332//2264 3292//3193
f 745//728 2345//2277 3302//3203
f 2336//2268 3301//3202 2346//2278
f 745//728 2346//2278 3298//3199
f 2329//2261 3298//3199 2346//2278
f 746//729 2346//2278 3301//3202
f 2335//2267 3300//3201 2333//2265
f 746//729 2333//2265 3299//3200
f 747//730 2347//2279 3307//3208
f 2348//2280 3257//3158 2231//2163
f 747//730 2231//2163 3258//3159
f 2334//2266 3300//3201 2347//2279
f 2351//2283 3307//3208 2347//2279
f 748//731 2347//2279 3300//3201
f 2335//2267 3301//3202 2349//2281
f 748//731 2349//2281 3308//3209
f 2350//2282 3308//3209 2349//2281
f 749//732 2349//2281 3301//3202
f 2336//2268 3302//3203 2352//2284
f 749//732 2352//2284 3309//3210
f 2356//2288 3312//3213 2357//2289
f 750//733 2357//2289 3500//3401
f 2339//2271 3498//3399 3496//3397
f 750//733 2358//2290 3313//3214
f 3687//3588 3311//3212 2359//2291
f 3661//3562 2359//2291 3304//3205
f 7450//7233 6392//6217 874//857
f 751//734 2357//2289 3312//3213
f 2354//2286 3310//3211 2353//2285
f 752//735 2353//2285 3303//3204
f 2338//2270 3304//3205 2359//2291
f 752//735 2359//2291 3311//3212
f 2360//2292 3309//3210 2352//2284
f 753//736 2352//2284 3302//3203
f 2337//2269 3303//3204 2353//2285
f 753//736 2353//2285 3310//3211
f 754//737 2384//2316 3333//3234
f 2383//2315 3334//3235 2375//2307
f 754//737 2375//2307 3327//3228
f 2374//2306 3326//3227 2384//2316
f 2385//2317 3319//3220 2367//2299
f 755//738 2367//2299 3320//3221
f 2382//2314 3334//3235 2383//2315
f 2383//2315 3333//3234 2385//2317
f 756//739 2386//2318 3318//3219
f 2366//2298 3319//3220 2385//2317
f 756//739 2385//2317 3333//3234
f 2381//2313 3332//3233 2386//2318
f 757//740 2387//2319 3332//3233
f 2381//2313 3333//3234 2384//2316
f 757//740 2384//2316 3326//3227
f 2373//2305 3325//3226 2387//2319
f 758//741 2388//2320 3317//3218
f 2365//2297 3318//3219 2386//2318
f 758//741 2386//2318 3332//3233
f 2380//2312 3331//3232 2388//2320
f 759//742 2389//2321 3331//3232
f 2380//2312 3332//3233 2387//2319
f 759//742 2387//2319 3325//3226
f 2372//2304 3324//3225 2389//2321
f 760//743 2390//2322 3330//3231
f 2379//2311 3331//3232 2389//2321
f 760//743 2389//2321 3324//3225
f 2371//2303 3323//3224 2390//2322
f 761//744 2391//2323 3316//3217
f 2364//2296 3317//3218 2388//2320
f 761//744 2388//2320 3331//3232
f 2379//2311 3330//3231 2391//2323
f 2392//2324 3315//3216 2363//2295
f 2363//2295 3316//3217 2391//2323
f 762//745 2391//2323 3330//3231
f 762//745 2378//2310 3329//3230
f 2393//2325 3329//3230 2378//2310
f 763//746 2378//2310 3330//3231
f 763//746 2390//2322 3323//3224
f 763//746 2370//2302 3322//3223
f 2394//2326 3328//3229 2377//2309
f 764//747 2377//2309 3329//3230
f 2393//2325 3322//3223 2369//2301
f 764//747 2369//2301 3321//3222
f 2395//2327 3314//3215 2362//2294
f 765//748 2362//2294 3315//3216
f 2392//2324 3329//3230 2377//2309
f 765//748 2377//2309 3328//3229
f 2395//2327 3328//3229 2376//2308
f 766//749 2376//2308 3308//3209
f 2350//2282 3309//3210 2361//2293
f 766//749 2361//2293 3314//3215
f 2394//2326 3321//3222 2368//2300
f 767//750 2368//2300 3307//3208
f 2351//2283 3308//3209 2376//2308
f 767//750 2376//2308 3328//3229
f 2368//2300 3321//3222 2396//2328
f 768//751 2396//2328 3256//3157
f 768//751 2230//2162 3257//3158
f 2348//2280 3307//3208 2368//2300
f 2399//2331 3336//3237 2398//2330
f 769//752 2398//2330 3255//3156
f 2229//2161 3256//3157 2396//2328
f 769//752 2396//2328 3321//3222
f 2400//2332 3335//3236 2397//2329
f 770//753 2397//2329 3254//3155
f 2228//2160 3255//3156 2398//2330
f 770//753 2398//2330 3336//3237
f 771//754 2400//2332 3336//3237
f 2399//2331 3321//3222 2369//2301
f 771//754 2369//2301 3322//3223
f 2401//2333 3335//3236 2400//2332
f 2402//2334 3335//3236 2401//2333
f 772//755 2401//2333 3322//3223
f 2370//2302 3323//3224 2403//2335
f 772//755 2403//2335 3337//3238
f 2404//2336 3337//3238 2403//2335
f 773//756 2403//2335 3323//3224
f 2371//2303 3324//3225 2407//2339
f 773//756 2407//2339 3338//3239
f 2405//2337 3338//3239 2407//2339
f 774//757 2407//2339 3324//3225
f 2372//2304 3325//3226 2408//2340
f 774//757 2408//2340 3339//3240
f 2406//2338 3339//3240 2408//2340
f 775//758 2408//2340 3325//3226
f 2373//2305 3326//3227 2411//2343
f 775//758 2411//2343 3340//3241
f 776//759 2409//2341 3340//3241
f 2411//2343 3326//3227 2414//2346
f 776//759 2414//2346 3345//3246
f 2415//2347 3341//3242 2409//2341
f 2416//2348 3345//3246 2414//2346
f 777//760 2414//2346 3326//3227
f 2374//2306 3327//3228 2413//2345
f 777//760 2413//2345 3344//3245
f 2412//2344 3341//3242 2415//2347
f 778//761 2415//2347 3345//3246
f 2416//2348 3344//3245 2417//2349
f 778//761 2417//2349 3343//3244
f 2418//2350 3346//3247 2419//2351
f 779//762 2419//2351 3253//3154
f 2227//2159 3254//3155 2397//2329
f 779//762 2397//2329 3335//3236
f 780//763 2420//2352 3269//3170
f 780//763 2261//2193 3252//3153
f 2226//2158 3253//3154 2419//2351
f 2419//2351 3346//3247 2420//2352
f 781//764 2441//2373 3359//3260
f 2443//2375 3342//3243 2427//2359
f 781//764 2427//2359 3352//3253
f 781//764 2442//2374 3366//3267
f 782//765 2445//2377 3339//3240
f 2406//2338 3340//3241 2444//2376
f 782//765 2444//2376 3357//3258
f 2431//2363 3356//3257 2445//2377
f 783//766 2447//2379 3361//3262
f 2436//2368 3362//3263 2446//2378
f 783//766 2446//2378 3348//3249
f 2422//2354 3347//3248 2447//2379
f 784//767 2446//2378 3362//3263
f 2437//2369 3363//3264 2448//2380
f 2448//2380 3349//3250 2423//2355
f 2423//2355 3348//3249 2446//2378
f 2450//2382 3335//3236 2402//2334
f 2402//2334 3337//3238 2449//2381
f 2449//2381 3354//3255 2428//2360
f 785//768 2428//2360 3353//3254
f 2450//2382 3353//3254 2434//2366
f 786//769 2434//2366 3360//3261
f 2451//2383 3346//3247 2418//2350
f 786//769 2418//2350 3335//3236
f 2448//2380 3363//3264 2438//2370
f 787//770 2438//2370 3364//3265
f 2452//2384 3350//3251 2424//2356
f 787//770 2424//2356 3349//3250
f 788//771 2444//2376 3340//3241
f 2409//2341 3341//3242 2453//2385
f 788//771 2453//2385 3358//3259
f 2432//2364 3357//3258 2444//2376
f 2452//2384 3364//3265 2439//2371
f 789//772 2439//2371 3365//3266
f 2454//2386 3351//3252 2425//2357
f 789//772 2425//2357 3350//3251
f 790//773 2449//2381 3337//3238
f 2404//2336 3338//3239 2455//2387
f 790//773 2455//2387 3355//3256
f 2429//2361 3354//3255 2449//2381
f 791//774 2433//2365 3358//3259
f 2453//2385 3341//3242 2410//2342
f 791//774 2410//2342 3342//3243
f 791//774 2443//2375 3359//3260
f 2454//2386 3365//3266 2440//2372
f 792//775 2440//2372 3366//3267
f 2442//2374 3352//3253 2426//2358
f 792//775 2426//2358 3351//3252
f 793//776 2455//2387 3338//3239
f 2405//2337 3339//3240 2445//2377
f 793//776 2445//2377 3356//3257
f 2430//2362 3355//3256 2455//2387
f 794//777 2451//2383 3360//3261
f 2435//2367 3361//3262 2447//2379
f 794//777 2447//2379 3347//3248
f 2421//2353 3346//3247 2451//2383
f 2435//2367 3360//3261 2434//2366
f 795//778 2434//2366 3353//3254
f 2428//2360 3354//3255 2456//2388
f 795//778 2456//2388 3361//3262
f 2457//2389 3358//3259 2433//2365
f 796//779 2433//2365 3359//3260
f 796//779 2441//2373 3366//3267
f 2440//2372 3365//3266 2457//2389
f 797//780 2439//2371 3364//3265
f 797//780 2458//2390 3357//3258
f 797//780 2432//2364 3358//3259
f 2457//2389 3365//3266 2439//2371
f 2436//2368 3361//3262 2456//2388
f 798//781 2456//2388 3354//3255
f 2429//2361 3355//3256 2459//2391
f 798//781 2459//2391 3362//3263
f 2437//2369 3362//3263 2459//2391
f 799//782 2459//2391 3355//3256
f 2430//2362 3356//3257 2460//2392
f 799//782 2460//2392 3363//3264
f 2438//2370 3363//3264 2460//2392
f 800//783 2460//2392 3356//3257
f 2431//2363 3357//3258 2458//2390
f 800//783 2458//2390 3364//3265
f 801//784 2473//2405 3367//3268
f 2467//2399 3346//3247 2421//2353
f 801//784 2421//2353 3347//3248
f 2468//2400 3368//3269 2473//2405
f 802//785 2474//2406 3368//3269
f 2468//2400 3347//3248 2422//2354
f 802//785 2422//2354 3348//3249
f 2469//2401 3369//3270 2474//2406
f 803//786 2475//2407 3369//3270
f 2469//2401 3348//3249 2423//2355
f 803//786 2423//2355 3349//3250
f 2470//2402 3370//3271 2475//2407
f 804//787 2476//2408 3370//3271
f 2470//2402 3349//3250 2424//2356
f 804//787 2424//2356 3350//3251
f 2471//2403 3371//3272 2476//2408
f 805//788 2477//2409 3371//3272
f 2471//2403 3350//3251 2425//2357
f 2425//2357 3351//3252 2472//2404
f 805//788 2472//2404 3372//3273
f 806//789 6269//6094 7279//7062
f 2461//2393 3367//3268 2473//2405
f 806//789 2473//2405 3368//3269
f 2462//2394 7280//7063 6269//6094
f 807//790 6270//6095 7280//7063
f 2462//2394 3368//3269 2474//2406
f 807//790 2474//2406 3369//3270
f 2463//2395 7281//7064 6270//6095
f 808//791 6271//6096 7281//7064
f 2463//2395 3369//3270 2475//2407
f 808//791 2475//2407 3370//3271
f 2464//2396 7282//7065 6271//6096
f 809//792 6272//6097 7282//7065
f 2464//2396 3370//3271 2476//2408
f 809//792 2476//2408 3371//3272
f 2465//2397 7283//7066 6272//6097
f 810//793 6273//6098 7283//7066
f 2465//2397 3371//3272 2477//2409
f 810//793 2477//2409 3372//3273
f 2466//2398 7284//7067 6273//6098
f 2282//2214 3276//3177 2478//2410
f 811//794 2478//2410 3367//3268
f 2461//2393 7279//7062 6291//6116
f 811//794 6291//6116 7187//6970
f 2275//2207 3269//3170 2420//2352
f 812//795 2420//2352 3346//3247
f 2467//2399 3367//3268 2478//2410
f 812//795 2478//2410 3276//3177
f 2479//2411 3372//3273 2472//2404
f 813//796 2472//2404 3351//3252
f 2426//2358 3352//3253 2480//2412
f 813//796 2480//2412 3373//3274
f 2466//2398 3372//3273 2479//2411
f 814//797 2479//2411 3373//3274
f 2481//2413 7291//7074 6292//6117
f 814//797 6292//6117 7284//7067
f 2488//2420 3378//3279 2487//2419
f 815//798 2487//2419 3377//3278
f 2486//2418 3352//3253 2427//2359
f 815//798 2427//2359 3342//3243
f 2412//2344 3343//3244 2489//2421
f 816//799 2489//2421 3378//3279
f 2488//2420 3342//3243 2410//2342
f 816//799 2410//2342 3341//3242
f 817//800 2493//2425 3374//3275
f 2482//2414 7291//7074 2481//2413
f 817//800 2481//2413 3373//3274
f 2492//2424 3380//3281 2493//2425
f 818//801 2480//2412 3352//3253
f 2486//2418 3377//3278 2494//2426
f 818//801 2494//2426 3380//3281
f 2492//2424 3373//3274 2480//2412
f 2483//2415 3374//3275 2493//2425
f 819//802 2493//2425 3380//3281
f 2495//2427 3379//3280 2491//2423
f 819//802 2491//2423 3375//3276
f 820//803 2484//2416 3379//3280
f 2495//2427 3380//3281 2494//2426
f 820//803 2494//2426 3377//3278
f 820//803 2485//2417 3376//3277
f 6296//6121 7291//7074 2482//2414
f 821//804 2482//2414 3374//3275
f 2496//2428 7293//7076 6296//6121
f 822//805 2483//2415 3375//3276
f 2490//2422 6558//6365 6297//6122
f 822//805 6297//6122 7293//7076
f 2496//2428 3374//3275 2483//2415
f 1098//1065 6558//6365 2490//2422
f 823//806 2490//2422 3375//3276
f 823//806 2491//2423 3379//3280
f 2497//2429 2695//2613 1098//1065
f 2375//2307 3334//3235 2504//2436
f 824//807 2504//2436 2698//2616
f 2502//2434 3384//3285 2503//2435
f 2503//2435 3327//3228 2375//2307
f 825//808 2504//2436 3334//3235
f 2382//2314 3320//3221 2505//2437
f 825//808 2505//2437 2692//2610
f 1100//1067 2698//2616 2504//2436
f 826//809 2503//2435 3384//3285
f 826//809 2501//2433 3383//3284
f 2506//2438 3344//3245 2413//2345
f 826//809 2413//2345 3327//3228
f 2507//2439 3383//3284 2501//2433
f 827//810 2501//2433 3384//3285
f 2502//2434 2698//2616 1099//1066
f 827//810 1099//1066 2697//2615
f 828//811 2500//2432 3382//3283
f 2508//2440 3343//3244 2417//2349
f 828//811 2417//2349 3344//3245
f 2506//2438 3383//3284 2500//2432
f 829//812 1097//1064 2696//2614
f 2509//2441 3382//3283 2500//2432
f 829//812 2500//2432 3383//3284
f 2507//2439 2697//2615 1097//1064
f 2508//2440 3382//3283 2499//2431
f 830//813 2499//2431 3381//3282
f 2510//2442 3378//3279 2489//2421
f 830//813 2489//2421 3343//3244
f 831//814 2498//2430 3376//3277
f 2485//2417 3377//3278 2487//2419
f 831//814 2487//2419 3378//3279
f 2510//2442 3381//3282 2498//2430
f 832//815 2511//2443 2695//2613
f 832//815 2497//2429 3379//3280
f 832//815 2484//2416 3376//3277
f 2498//2430 3381//3282 2511//2443
f 1096//1063 2695//2613 2511//2443
f 833//816 2511//2443 3381//3282
f 2499//2431 3382//3283 2509//2441
f 833//816 2509//2441 2696//2614
f 834//817 2367//2299 3319//3220
f 2519//2451 3390//3291 2518//2450
f 834//817 2518//2450 3391//3292
f 2520//2452 3320//3221 2367//2299
f 2366//2298 3318//3219 2521//2453
f 835//818 2521//2453 3389//3290
f 835//818 2517//2449 3390//3291
f 2519//2451 3319//3220 2366//2298
f 2365//2297 3317//3218 2522//2454
f 836//819 2522//2454 3388//3289
f 2516//2448 3389//3290 2521//2453
f 836//819 2521//2453 3318//3219
f 2364//2296 3316//3217 2523//2455
f 2523//2455 3387//3288 2515//2447
f 2515//2447 3388//3289 2522//2454
f 837//820 2522//2454 3317//3218
f 838//821 2363//2295 3315//3216
f 2524//2456 3386//3287 2514//2446
f 838//821 2514//2446 3387//3288
f 2523//2455 3316//3217 2363//2295
f 839//822 2362//2294 3314//3215
f 2525//2457 3385//3286 2513//2445
f 839//822 2513//2445 3386//3287
f 2524//2456 3315//3216 2362//2294
f 2525//2457 3314//3215 2361//2293
f 840//823 2361//2293 3309//3210
f 2360//2292 3310//3211 2512//2444
f 840//823 2512//2444 3385//3286
f 2533//2465 3385//3286 2512//2444
f 841//824 2512//2444 3310//3211
f 2354//2286 3311//3212 2526//2458
f 841//824 2526//2458 3392//3293
f 842//825 2513//2445 3385//3286
f 2533//2465 3392//3293 2527//2459
f 842//825 2527//2459 3393//3294
f 2534//2466 3386//3287 2513//2445
f 843//826 2514//2446 3386//3287
f 2534//2466 3393//3294 2528//2460
f 843//826 2528//2460 3394//3295
f 2535//2467 3387//3288 2514//2446
f 844//827 2515//2447 3387//3288
f 2535//2467 3394//3295 2529//2461
f 844//827 2529//2461 3395//3296
f 2536//2468 3388//3289 2515//2447
f 2516//2448 3388//3289 2536//2468
f 845//828 2536//2468 3395//3296
f 2530//2462 3396//3297 2537//2469
f 845//828 2537//2469 3389//3290
f 2517//2449 3389//3290 2537//2469
f 846//829 2537//2469 3396//3297
f 2531//2463 3397//3298 2538//2470
f 846//829 2538//2470 3390//3291
f 847//830 2518//2450 3390//3291
f 847//830 2538//2470 3397//3298
f 2532//2464 3398//3299 2539//2471
f 2539//2471 3391//3292 2518//2450
f 1103//1070 2692//2610 2505//2437
f 848//831 2505//2437 3320//3221
f 2520//2452 3391//3292 2540//2472
f 848//831 2540//2472 2693//2611
f 1101//1068 2693//2611 2540//2472
f 849//832 2540//2472 3391//3292
f 2539//2471 3398//3299 2541//2473
f 2541//2473 2694//2612 1101//1068
f 3688//3589 3392//3293 2526//2458
f 3662//3563 2526//2458 3311//3212
f 3491//3392 2550//2482 851//834
f 850//833 2542//2474 3399//3300
f 2559//2491 3399//3300 2542//2474
f 3312//3213 2356//2288 3489//3390
f 2550//2482 3491//3392 3487//3388
f 851//834 2550//2482 3407//3308
f 3663//3564 2527//2459 3392//3293
f 3399//3300 2559//2491 3481//3382
f 852//835 2543//2475 3400//3301
f 3689//3590 3393//3294 2527//2459
f 2551//2483 3479//3380 3477//3378
f 3399//3300 3483//3384 3480//3381
f 853//836 2551//2483 3408//3309
f 2561//2493 3400//3301 2543//2475
f 3664//3565 2528//2460 3393//3294
f 3408//3309 2581//2513 3472//3373
f 854//837 2544//2476 3401//3302
f 3690//3591 3394//3295 2528//2460
f 7414//7197 6395//6220 871//854
f 2560//2492 3470//3371 3465//3366
f 855//838 2552//2484 3409//3310
f 2563//2495 3401//3302 2544//2476
f 3665//3566 2529//2461 3394//3295
f 3459//3360 2553//2485 857//840
f 856//839 2545//2477 3402//3303
f 3691//3592 3395//3296 2529//2461
f 3401//3302 2563//2495 3461//3362
f 7402//7185 6396//6221 870//853
f 857//840 2553//2485 3410//3311
f 2565//2497 3402//3303 2545//2477
f 2530//2462 3395//3296 3691//3592
f 3402//3303 3453//3354 3450//3351
f 2546//2478 3403//3304 2566//2498
f 3666//3567 3692//3593 3396//3297
f 7390//7173 6397//6222 869//852
f 859//842 2546//2478 3448//3349
f 859//842 2554//2486 3411//3312
f 859//842 2567//2499 3403//3304
f 2531//2463 3396//3297 3692//3593
f 2567//2499 3411//3312 3444//3345
f 2547//2479 3404//3305 2568//2500
f 3667//3568 3693//3594 3397//3298
f 2567//2499 3441//3342 3443//3344
f 2555//2487 3439//3340 3437//3338
f 2555//2487 3412//3313 2569//2501
f 861//844 2569//2501 3404//3305
f 2532//2464 3397//3298 3693//3594
f 7366//7149 6399//6224 867//850
f 2548//2480 3405//3306 2570//2502
f 3668//3569 3694//3595 3398//3299
f 3429//3330 2556//2488 863//846
f 2569//2501 3431//3332 3433//3334
f 2556//2488 3413//3314 2571//2503
f 863//846 2571//2503 3405//3306
f 2549//2481 3406//3307 2572//2504
f 3695//3596 2694//2612 2541//2473
f 2541//2473 3398//3299 3694//3595
f 2549//2481 3418//3319 3416//3317
f 3413//3314 2575//2507 3422//3323
f 2575//2507 7344//7127 7358//7141
f 2557//2489 3414//3315 2573//2505
f 865//848 2573//2505 3406//3307
f 2557//2489 3419//3320 3417//3318
f 3419//3320 2557//2489 865//848
f 6400//6225 7345//7128 2576//2508
f 866//849 2576//2508 3414//3315
f 3404//3305 3433//3334 3430//3331
f 2577//2509 7343//7126 7370//7153
f 6399//6224 7344//7127 2575//2507
f 867//850 2575//2507 3413//3314
f 3403//3304 3443//3344 3440//3341
f 861//844 2547//2479 3438//3339
f 868//851 6398//6223 7343//7126
f 2577//2509 3412//3313 2555//2487
f 2565//2497 3410//3311 3454//3355
f 2579//2511 7341//7124 7394//7177
f 869//852 6397//6222 7342//7125
f 2578//2510 3411//3312 2554//2486
f 3401//3302 3463//3364 3460//3361
f 857//840 2545//2477 3458//3359
f 870//853 6396//6221 7341//7124
f 2579//2511 3410//3311 2553//2485
f 3400//3301 3473//3374 3470//3371
f 3469//3370 2552//2484 855//838
f 871//854 6395//6220 7340//7123
f 2580//2512 3409//3310 2552//2484
f 2543//2475 3478//3379 3476//3377
f 7426//7209 6394//6219 872//855
f 872//855 6394//6219 7339//7122
f 2581//2513 3408//3309 2551//2483
f 3312//3213 3493//3394 3488//3389
f 2583//2515 7337//7120 7442//7225
f 873//856 6393//6218 7338//7121
f 2582//2514 3407//3308 2550//2482
f 3305//3206 2340//2272 3499//3400
f 3305//3206 3503//3404 3498//3399
f 874//857 6392//6217 7337//7120
f 2583//2515 3313//3214 2358//2290
f 875//858 6391//6216 7336//7119
f 2584//2516 3306//3207 2342//2274
f 3289//3190 2585//2517 3550//3451
f 3540//3441 3555//3456 3554//3455
f 1102//1069 2694//2612 3695//3596
f 876//859 2572//2504 3406//3307
f 2586//2518 7346//7129 6413//6238
f 3670//3571 7668//7451 6553//6360
f 877//860 6414//6239 7346//7129
f 2586//2518 3406//3307 2573//2505
f 877//860 2573//2505 3414//3315
f 2576//2508 7345//7128 6414//6239
f 3415//3316 3420//3321 3423//3324
f 3418//3319 3423//3324 3421//3322
f 3416//3317 3421//3322 3424//3325
f 3419//3320 3424//3325 3422//3323
f 3417//3318 3422//3323 7358//7141
f 3405//3306 3423//3324 3420//3321
f 864//847 2570//2502 3420//3321
f 3415//3316 3418//3319 2549//2481
f 3405//3306 2571//2503 3421//3322
f 7354//7137 6400//6225 866//849
f 2571//2503 3413//3314 3424//3325
f 3425//3326 3430//3331 3433//3334
f 3428//3329 3433//3334 3431//3332
f 3426//3327 3431//3332 3434//3335
f 3429//3330 3434//3335 3432//3333
f 3427//3328 3432//3333 7370//7153
f 862//845 2568//2500 3430//3331
f 2569//2501 3412//3313 3434//3335
f 3425//3326 3428//3329 2548//2480
f 2548//2480 3428//3329 3426//3327
f 2556//2488 3429//3330 3427//3328
f 3412//3313 2577//2509 3432//3333
f 3435//3336 3440//3341 3443//3344
f 3438//3339 3443//3344 3441//3342
f 3441//3342 3444//3345 3439//3340
f 3437//3338 3439//3340 3444//3345
f 3442//3343 7382//7165 7378//7161
f 3411//3312 2578//2510 3442//3343
f 3439//3340 2555//2487 861//844
f 860//843 2566//2498 3440//3341
f 2578//2510 7342//7125 7382//7165
f 3435//3336 3438//3339 2547//2479
f 7378//7161 6398//6223 868//851
f 3445//3346 3450//3351 3453//3354
f 3448//3349 3453//3354 3451//3352
f 3451//3352 3454//3355 3449//3350
f 3449//3350 3454//3355 3452//3353
f 3452//3353 7394//7177 7390//7173
f 2554//2486 3449//3350 3447//3348
f 3449//3350 2554//2486 859//842
f 2564//2496 3450//3351 3445//3346
f 3410//3311 2579//2511 3452//3353
f 2565//2497 3451//3352 3453//3354
f 3445//3346 3448//3349 2546//2478
f 3460//3361 3463//3364 3458//3359
f 3456//3357 3458//3359 3463//3364
f 3461//3362 3464//3365 3459//3360
f 3457//3358 3459//3360 3464//3365
f 3462//3363 7406//7189 7402//7185
f 2562//2494 3460//3361 3455//3356
f 3409//3310 2580//2512 3462//3363
f 2563//2495 3409//3310 3464//3365
f 2553//2485 3459//3360 3457//3358
f 3455//3356 3458//3359 2545//2477
f 2580//2512 7340//7123 7406//7189
f 3470//3371 3473//3374 3468//3369
f 3466//3367 3468//3369 3473//3374
f 3471//3372 3474//3375 3469//3370
f 3467//3368 3469//3370 3474//3375
f 3472//3373 7418//7201 7414//7197
f 3400//3301 2561//2493 3471//3372
f 3465//3366 3468//3369 2544//2476
f 2581//2513 7339//7122 7418//7201
f 855//838 2544//2476 3468//3369
f 2561//2493 3408//3309 3474//3375
f 2552//2484 3469//3370 3467//3368
f 3480//3381 3483//3384 3478//3379
f 3476//3377 3478//3379 3483//3384
f 3481//3382 3484//3385 3479//3380
f 3477//3378 3479//3380 3484//3385
f 3482//3383 7430//7213 7426//7209
f 3407//3308 2582//2514 3482//3383
f 2559//2491 3407//3308 3484//3385
f 3479//3380 2551//2483 853//836
f 2582//2514 7338//7121 7430//7213
f 2558//2490 3480//3381 3475//3376
f 3475//3376 3478//3379 2543//2475
f 3488//3389 3493//3394 3490//3391
f 3486//3387 3490//3391 3493//3394
f 3489//3390 3494//3395 3491//3392
f 3487//3388 3491//3392 3494//3395
f 3492//3393 7442//7225 7438//7221
f 2355//2287 3488//3389 3485//3386
f 2356//2288 3313//3214 3494//3395
f 3485//3386 3490//3391 2542//2474
f 7438//7221 6393//6218 873//856
f 3313//3214 2583//2515 3492//3393
f 851//834 2542//2474 3490//3391
f 3495//3396 3500//3401 3503//3404
f 3499//3400 3504//3405 3501//3402
f 3498//3399 3503//3404 3500//3401
f 3497//3398 3501//3402 3504//3405
f 3502//3403 7454//7237 7450//7233
f 2340//2272 3306//3207 3504//3405
f 3496//3397 3500//3401 2357//2289
f 3306//3207 2584//2516 3502//3403
f 2358//2290 3501//3402 3497//3398
f 3501//3402 2358//2290 750//733
f 2584//2516 7336//7119 7454//7237
f 716//699 6095//5920 7487//7270
f 3533//3434 3515//3416 3526//3427
f 715//698 2288//2220 3531//3432
f 3280//3181 2295//2227 3523//3424
f 2297//2229 3279//3180 3520//3421
f 3530//3431 3531//3432 2288//2220
f 3517//3418 3531//3432 3530//3431
f 3532//3433 3533//3434 2286//2218
f 7494//7277 3536//3437 2297//2229
f 2585//2517 3289//3190 3537//3438
f 7335//7118 2585//2517 3536//3437
f 3536//3437 3537//3438 3279//3180
f 3538//3439 2308//2240 3288//3189
f 718//701 2284//2216 3526//3427
f 2286//2218 3533//3434 2284//2216
f 3537//3438 3289//3190 2308//2240
f 3538//3439 3539//3440 3280//3181
f 3537//3438 3538//3439 2296//2228
f 875//858 2342//2274 3540//3441
f 3539//3440 3288//3189 2307//2239
f 2308//2240 3289//3190 3552//3453
f 726//709 2295//2227 3280//3181
f 728//711 2307//2239 3545//3446
f 3541//3442 3534//3435 3553//3454
f 741//724 2341//2273 3534//3435
f 3535//3436 7498//7281 6391//6216
f 3541//3442 3540//3441 2342//2274
f 2308//2240 3546//3447 3551//3452
f 2309//2241 3534//3435 2341//2273
f 259//242 1391//1323 2837//2738
f 3555//3456 3540//3441 3541//3442
f 6044//5869 6043//5868 2246//2178
f 3547//3448 3551//3452 3546//3447
f 3546//3447 3552//3453 3548//3449
f 3545//3446 3551//3452 3547//3448
f 3544//3445 3548//3449 3552//3453
f 3550//3451 7513//7296 7509//7292
f 3544//3445 7509//7292 7516//7299
f 3542//3443 3548//3449 3555//3456
f 3554//3455 3555//3456 3548//3449
f 3556//3457 3553//3454 3547//3448
f 3543//3444 3547//3448 3553//3454
f 7516//7299 7498//7281 3535//3436
f 3288//3189 3551//3452 3545//3446
f 3524//3425 3519//3420 3523//3424
f 3528//3429 3522//3423 3519//3420
f 3525//3426 3520//3421 3522//3423
f 3521//3422 3520//3421 3525//3426
f 3527//3428 7481//7264 7475//7258
f 3518//3419 3527//3428 3525//3426
f 3516//3417 3528//3429 3524//3425
f 3518//3419 7471//7254 7481//7264
f 3528//3429 3516//3417 3517//3418
f 3529//3430 3526//3427 3515//3416
f 3530//3431 7487//7270 7471//7254
f 7190//6973 2297//2229 3521//3422
f 3512//3413 3506//3407 3511//3412
f 2574//2506 3511//3412 3507//3408
f 2574//2506 721//704 7458//7241
f 2574//2506 7463//7246 7456//7239
f 3513//3414 3505//3406 3509//3410
f 2291//2223 3509//3410 3508//3409
f 720//703 3507//3408 3511//3412
f 2291//2223 3511//3412 3506//3407
f 3514//3415 3508//3409 3509//3410
f 2290//2222 3509//3410 3505//3406
f 3505//3406 3513//3414 1985//1917
f 1980//1912 720//703 3508//3409
f 3560//3461 7531//7314 7527//7310
f 3557//3458 7527//7310 7536//7319
f 3565//3466 3571//3472 3564//3465
f 3557//3458 3564//3465 3569//3470
f 3566//3467 3570//3471 3563//3464
f 3558//3459 3563//3464 3568//3469
f 3561//3462 3569//3470 3564//3465
f 3558//3459 3564//3465 3571//3472
f 3562//3463 3568//3469 3563//3464
f 3559//3460 3563//3464 3570//3471
f 542//525 1953//1885 3562//3463
f 1952//1884 3121//3022 3569//3470
f 3573//3474 3580//3481 3575//3476
f 1987//1919 3575//3476 3582//3483
f 3572//3473 3579//3480 3574//3475
f 1958//1890 3574//3475 3581//3482
f 3577//3478 3582//3483 3575//3476
f 1958//1890 3575//3476 3580//3481
f 1957//1889 3574//3475 3579//3480
f 541//524 7544//7327 4267//4150
f 1957//1889 4267//4150 7545//7328
f 3578//3479 3581//3482 3574//3475
f 3572//3473 3580//3481 3117//3018
f 1948//1880 3578//3479 7545//7328
f 537//520 3590//3491 3583//3484
f 1959//1891 3583//3484 7557//7340
f 4262//4145 7558//7341 3584//3485
f 1959//1891 3584//3485 3591//3492
f 1945//1877 3585//3486 3592//3493
f 3589//3490 3593//3494 3588//3489
f 3589//3490 3592//3493 3586//3487
f 1944//1876 3586//3487 3590//3491
f 537//520 3591//3492 3587//3488
f 1944//1876 3587//3488 3593//3494
f 3084//2985 3591//3492 3584//3485
f 3588//3489 1897//1829 514//497
f 504//487 1875//1807 3620//3521
f 3594//3495 7590//7373 5666//5492
f 507//490 1884//1816 3621//3522
f 3595//3496 3620//3521 1875//1807
f 509//492 1889//1821 3622//3523
f 3596//3497 3621//3522 1884//1816
f 513//496 1893//1825 3623//3524
f 3597//3498 3622//3523 1889//1821
f 514//497 1897//1829 3624//3525
f 3598//3499 3623//3524 1893//1825
f 1943//1875 3625//3526 3599//3500
f 535//518 3599//3500 3624//3525
f 536//519 3600//3501 3625//3526
f 1946//1878 3626//3527 3600//3501
f 540//523 3601//3502 3626//3527
f 1953//1885 3627//3528 3601//3502
f 1962//1894 3628//3529 3602//3503
f 542//525 3602//3503 3627//3528
f 552//535 1981//1913 3629//3530
f 552//535 3603//3504 3628//3529
f 555//538 1988//1920 3630//3531
f 3604//3505 3629//3530 1981//1913
f 713//696 2284//2216 3631//3532
f 3605//3506 3630//3531 1988//1920
f 718//701 2295//2227 3632//3533
f 3606//3507 3631//3532 2284//2216
f 726//709 2307//2239 3633//3534
f 3607//3508 3632//3533 2295//2227
f 2309//2241 3634//3535 3608//3509
f 3608//3509 3633//3534 2307//2239
f 2339//2271 3635//3536 3609//3510
f 742//725 3609//3510 3634//3535
f 2355//2287 3636//3537 3610//3511
f 751//734 3610//3511 3635//3536
f 2558//2490 3637//3538 3611//3512
f 850//833 3611//3512 3636//3537
f 852//835 3612//3513 3637//3538
f 2560//2492 3638//3539 3612//3513
f 854//837 3613//3514 3638//3539
f 2562//2494 3639//3540 3613//3514
f 856//839 3614//3515 3639//3540
f 2564//2496 3640//3541 3614//3515
f 3615//3516 3640//3541 2564//2496
f 858//841 2566//2498 3641//3542
f 3616//3517 3641//3542 2566//2498
f 860//843 2568//2500 3642//3543
f 3617//3518 3642//3543 2568//2500
f 862//845 2570//2502 3643//3544
f 864//847 2572//2504 3644//3545
f 3618//3519 3643//3544 2570//2502
f 3619//3520 3644//3545 2572//2504
f 876//859 6413//6238 7615//7398
f 3594//3495 3620//3521 3676//3577
f 3645//3546 7648//7431 7590//7373
f 3595//3496 3621//3522 3677//3578
f 3646//3547 3676//3577 3620//3521
f 3622//3523 3678//3579 3647//3548
f 3647//3548 3677//3578 3621//3522
f 3597//3498 3623//3524 3679//3580
f 3648//3549 3678//3579 3622//3523
f 3598//3499 3624//3525 3671//3572
f 3649//3550 3679//3580 3623//3524
f 3625//3526 3680//3581 3650//3551
f 3599//3500 3650//3551 3671//3572
f 3600//3501 3651//3552 3680//3581
f 3626//3527 3681//3582 3651//3552
f 3601//3502 3652//3553 3681//3582
f 3627//3528 3682//3583 3652//3553
f 3628//3529 3683//3584 3653//3554
f 3602//3503 3653//3554 3682//3583
f 3603//3504 3629//3530 3684//3585
f 3603//3504 3654//3555 3683//3584
f 3604//3505 3630//3531 3672//3573
f 3604//3505 3655//3556 3684//3585
f 3605//3506 3631//3532 3673//3574
f 3656//3557 3672//3573 3630//3531
f 3606//3507 3632//3533 3674//3575
f 3657//3558 3673//3574 3631//3532
f 3607//3508 3633//3534 3685//3586
f 3658//3559 3674//3575 3632//3533
f 3634//3535 3675//3576 3659//3560
f 3659//3560 3685//3586 3633//3534
f 3635//3536 3686//3587 3660//3561
f 3609//3510 3660//3561 3675//3576
f 3636//3537 3687//3588 3661//3562
f 3610//3511 3661//3562 3686//3587
f 3637//3538 3688//3589 3662//3563
f 3611//3512 3662//3563 3687//3588
f 3612//3513 3663//3564 3688//3589
f 3638//3539 3689//3590 3663//3564
f 3613//3514 3664//3565 3689//3590
f 3639//3540 3690//3591 3664//3565
f 3614//3515 3665//3566 3690//3591
f 3640//3541 3691//3592 3665//3566
f 3666//3567 3691//3592 3640//3541
f 3615//3516 3641//3542 3692//3593
f 3667//3568 3692//3593 3641//3542
f 3616//3517 3642//3543 3693//3594
f 3668//3569 3693//3594 3642//3543
f 3617//3518 3643//3544 3694//3595
f 3618//3519 3644//3545 3695//3596
f 3669//3570 3694//3595 3643//3544
f 3670//3571 3695//3596 3644//3545
f 3619//3520 7615//7398 7668//7451
f 2246//2178 6043//5868 5105//4931
f 3696//3597 3711//3612 1272//1204
f 198//181 5041//4867 7684//7467
f 3697//3598 3712//3613 1273//1205
f 1272//1204 3711//3612 3697//3598
f 200//183 3698//3599 3713//3614
f 1273//1205 3712//3613 3698//3599
f 3699//3600 3714//3615 1275//1207
f 201//184 1274//1206 3713//3614
f 1277//1209 3716//3617 3700//3601
f 218//201 3700//3601 3717//3618
f 1279//1211 3717//3618 3701//3602
f 240//223 3701//3602 3718//3619
f 1298//1230 3722//3623 3702//3603
f 245//228 3702//3603 7696//7479
f 1304//1236 3723//3624 3703//3604
f 3703//3604 3722//3623 1298//1230
f 1275//1207 3714//3615 3704//3605
f 3704//3605 3715//3616 1276//1208
f 248//231 1308//1240 3724//3625
f 3705//3606 3723//3624 1304//1236
f 249//232 1283//1215 3721//3622
f 249//232 3706//3607 3724//3625
f 1282//1214 3720//3621 3707//3608
f 3707//3608 3721//3622 1283//1215
f 252//235 1276//1208 3715//3616
f 252//235 3708//3609 3716//3617
f 253//236 1280//1212 3718//3619
f 3709//3610 3719//3620 1281//1213
f 254//237 1281//1213 3719//3620
f 254//237 3710//3611 3720//3621
f 4622//4505 6530//6345 4822//4690
f 3725//3626 4606//4489 6417//6242
f 3725//3626 4797//4674 6418//6243
f 4822//4690 6505//6329 4797//4674
f 4797//4674 6505//6329 4790//4669
f 3726//3627 4607//4490 6418//6243
f 3726//3627 4748//4631 6419//6244
f 4790//4669 6526//6341 4748//4631
f 4748//4631 6526//6341 4791//4670
f 3727//3628 4608//4491 6419//6244
f 3727//3628 4796//4673 6420//6245
f 4791//4670 6506//6330 4796//4673
f 4796//4673 6506//6330 4780//4659
f 3728//3629 4609//4492 6420//6245
f 3728//3629 4803//4678 6421//6246
f 4780//4659 6512//6332 4803//4678
f 3729//3630 4804//4679 6416//6241
f 4781//4660 6511//6331 4804//4679
f 4795//4672 6525//6340 4781//4660
f 3729//3630 4604//4487 6415//6240
f 3730//3631 4620//4503 6422//6247
f 4768//4649 6531//6346 4620//4503
f 4803//4678 6512//6332 4768//4649
f 3730//3631 4610//4493 6421//6246
f 4804//4679 6511//6331 4769//4650
f 3731//3632 4605//4488 6416//6241
f 3731//3632 4622//4505 6417//6242
f 4769//4650 6530//6345 4622//4505
f 3732//3633 4637//4520 6440//6265
f 4619//4502 6431//6256 4637//4520
f 4638//4521 6432//6257 4619//4502
f 3732//3633 4636//4519 6441//6266
f 4640//4523 6427//6252 4614//4497
f 3733//3634 4631//4514 6436//6261
f 3733//3634 4639//4522 6435//6260
f 4614//4497 6426//6251 4639//4522
f 4641//4524 6428//6253 4615//4498
f 3734//3635 4632//4515 6437//6262
f 3734//3635 4640//4523 6436//6261
f 4615//4498 6427//6252 4640//4523
f 4642//4525 6429//6254 4616//4499
f 3735//3636 4633//4516 6438//6263
f 3735//3636 4641//4524 6437//6262
f 4616//4499 6428//6253 4641//4524
f 4644//4527 6430//6255 4617//4500
f 3736//3637 4634//4517 6439//6264
f 3736//3637 4642//4525 6438//6263
f 4617//4500 6429//6254 4642//4525
f 4645//4528 6425//6250 4612//4495
f 3737//3638 4629//4512 6434//6259
f 3737//3638 4643//4526 6433//6258
f 4612//4495 6424//6249 4643//4526
f 4637//4520 6431//6256 4618//4501
f 3738//3639 4635//4518 6440//6265
f 3738//3639 4644//4527 6439//6264
f 4618//4501 6430//6255 4644//4527
f 3739//3640 4645//4528 6434//6259
f 4613//4496 6425//6250 4645//4528
f 4639//4522 6426//6251 4613//4496
f 3739//3640 4630//4513 6435//6260
f 4654//4537 6487//6312 4740//4623
f 4630//4513 6434//6259 4654//4537
f 4732//4615 6435//6260 4630//4513
f 4740//4623 6488//6313 4732//4615
f 4734//4617 6441//6266 4636//4519
f 4741//4624 6490//6315 4734//4617
f 4656//4539 6489//6314 4741//4624
f 4636//4519 6440//6265 4656//4539
f 4735//4618 6436//6261 4631//4514
f 4742//4625 6491//6316 4735//4618
f 4732//4615 6488//6313 4742//4625
f 4631//4514 6435//6260 4732//4615
f 4736//4619 6437//6262 4632//4515
f 4743//4626 6492//6317 4736//4619
f 4735//4618 6491//6316 4743//4626
f 4632//4515 6436//6261 4735//4618
f 4737//4620 6438//6263 4633//4516
f 4744//4627 6493//6318 4737//4620
f 4736//4619 6492//6317 4744//4627
f 4633//4516 6437//6262 4736//4619
f 4739//4622 6439//6264 4634//4517
f 4745//4628 6495//6320 4739//4622
f 4737//4620 6493//6318 4745//4628
f 4634//4517 6438//6263 4737//4620
f 4654//4537 6434//6259 4629//4512
f 4746//4629 6487//6312 4654//4537
f 4738//4621 6494//6319 4746//4629
f 4629//4512 6433//6258 4738//4621
f 4656//4539 6440//6265 4635//4518
f 4747//4630 6489//6314 4656//4539
f 4739//4622 6495//6320 4747//4630
f 4635//4518 6439//6264 4739//4622
f 3748//3649 4834//4701 6449//6274
f 3748//3649 4842//4709 6542//6349
f 3748//3649 4671//4554 6541//6348
f 3748//3649 4652//4535 6448//6273
f 3749//3650 4836//4703 6444//6269
f 3749//3650 4843//4710 6544//6351
f 3749//3650 4673//4556 6543//6350
f 3749//3650 4647//4530 6443//6268
f 3750//3651 4834//4701 6542//6349
f 3750//3651 4653//4536 6449//6274
f 3750//3651 4837//4704 6450//6275
f 3750//3651 4844//4711 6545//6352
f 3751//3652 4838//4705 6445//6270
f 3751//3652 4845//4712 6546//6353
f 3751//3652 4836//4703 6544//6351
f 3751//3652 4648//4531 6444//6269
f 3752//3653 4839//4706 6446//6271
f 3752//3653 4846//4713 6547//6354
f 3752//3653 4838//4705 6546//6353
f 3752//3653 4649//4532 6445//6270
f 3753//3654 4840//4707 6447//6272
f 3753//3654 4847//4714 6548//6355
f 3753//3654 4839//4706 6547//6354
f 3753//3654 4650//4533 6446//6271
f 3754//3655 4671//4554 6448//6273
f 3754//3655 4848//4715 6541//6348
f 3754//3655 4840//4707 6548//6355
f 3754//3655 4651//4534 6447//6272
f 3755//3656 4673//4556 6443//6268
f 3755//3656 4849//4716 6543//6350
f 3755//3656 4841//4708 6549//6356
f 3755//3656 4646//4529 6442//6267
f 4689//4572 6458//6283 4669//4552
f 4686//4569 6467//6292 4689//4572
f 4688//4571 6466//6291 4686//4569
f 4669//4552 6457//6282 4688//4571
f 4691//4574 6453//6278 4664//4547
f 4681//4564 6462//6287 4691//4574
f 4690//4573 6461//6286 4681//4564
f 4664//4547 6452//6277 4690//4573
f 4692//4575 6459//6284 4670//4553
f 4687//4570 6468//6293 4692//4575
f 4689//4572 6467//6292 4687//4570
f 4670//4553 6458//6283 4689//4572
f 4693//4576 6454//6279 4665//4548
f 4682//4565 6463//6288 4693//4576
f 4691//4574 6462//6287 4682//4565
f 4665//4548 6453//6278 4691//4574
f 4694//4577 6455//6280 4666//4549
f 4683//4566 6464//6289 4694//4577
f 4693//4576 6463//6288 4683//4566
f 4666//4549 6454//6279 4693//4576
f 4695//4578 6456//6281 4667//4550
f 4684//4567 6465//6290 4695//4578
f 4694//4577 6464//6289 4684//4567
f 4667//4550 6455//6280 4694//4577
f 4688//4571 6457//6282 4668//4551
f 4685//4568 6466//6291 4688//4571
f 4695//4578 6465//6290 4685//4568
f 4668//4551 6456//6281 4695//4578
f 4690//4573 6452//6277 4663//4546
f 3763//3664 4680//4563 6461//6286
f 4696//4579 6460//6285 4680//4563
f 4663//4546 6451//6276 4696//4579
f 3764//3665 4706//4589 6467//6292
f 4703//4586 6476//6301 4706//4589
f 4705//4588 6475//6300 4703//4586
f 3764//3665 4686//4569 6466//6291
f 4707//4590 6470//6295 4698//4581
f 3765//3666 4681//4564 6461//6286
f 3765//3666 4708//4591 6462//6287
f 4698//4581 6471//6296 4708//4591
f 3766//3667 4709//4592 6468//6293
f 4704//4587 6477//6302 4709//4592
f 4706//4589 6476//6301 4704//4587
f 3766//3667 4687//4570 6467//6292
f 3767//3668 4710//4593 6463//6288
f 4699//4582 6472//6297 4710//4593
f 4708//4591 6471//6296 4699//4582
f 3767//3668 4682//4565 6462//6287
f 3768//3669 4711//4594 6464//6289
f 4700//4583 6473//6298 4711//4594
f 4710//4593 6472//6297 4700//4583
f 3768//3669 4683//4566 6463//6288
f 4711//4594 6473//6298 4701//4584
f 3769//3670 4684//4567 6464//6289
f 3769//3670 4712//4595 6465//6290
f 4701//4584 6474//6299 4712//4595
f 4712//4595 6474//6299 4702//4585
f 3770//3671 4685//4568 6465//6290
f 3770//3671 4705//4588 6466//6291
f 4702//4585 6475//6300 4705//4588
f 4713//4596 6469//6294 4697//4580
f 3771//3672 4680//4563 6460//6285
f 4707//4590 6461//6286 4680//4563
f 3771//3672 4697//4580 6470//6295
f 4763//4644 6470//6295 4697//4580
f 4756//4637 6503//6327 4763//4644
f 3772//3673 4722//4605 6504//6328
f 4697//4580 6469//6294 4722//4605
f 3773//3674 4724//4607 6529//6344
f 4703//4586 6475//6300 4724//4607
f 4787//4666 6476//6301 4703//4586
f 3773//3674 4757//4638 6528//6343
f 4789//4668 6471//6296 4698//4581
f 3774//3675 4755//4636 6527//6342
f 3774//3675 4763//4644 6503//6327
f 3774//3675 4698//4581 6470//6295
f 3775//3676 4787//4666 6528//6343
f 4704//4587 6476//6301 4787//4666
f 4759//4640 6477//6302 4704//4587
f 3775//3676 4778//4657 6502//6326
f 3776//3677 4789//4668 6527//6342
f 4699//4582 6471//6296 4789//4668
f 4758//4639 6472//6297 4699//4582
f 3776//3677 4779//4658 6501//6325
f 4784//4663 6473//6298 4700//4583
f 3777//3678 4782//4661 6524//6339
f 3777//3678 4758//4639 6501//6325
f 4700//4583 6472//6297 4758//4639
f 4783//4662 6474//6299 4701//4584
f 3778//3679 4750//4633 6523//6338
f 3778//3679 4784//4663 6524//6339
f 4701//4584 6473//6298 4784//4663
f 4724//4607 6475//6300 4702//4585
f 3779//3680 4749//4632 6529//6344
f 3779//3680 4783//4662 6523//6338
f 4702//4585 6474//6299 4783//4662
f 3780//3681 4655//4538 6488//6313
f 4647//4530 6444//6269 4655//4538
f 4731//4614 6443//6268 4647//4530
f 3780//3681 4740//4623 6487//6312
f 3781//3682 4657//4540 6490//6315
f 4653//4536 6450//6275 4657//4540
f 4733//4616 6449//6274 4653//4536
f 3781//3682 4741//4624 6489//6314
f 4655//4538 6444//6269 4648//4531
f 3782//3683 4742//4625 6488//6313
f 3782//3683 4658//4541 6491//6316
f 4648//4531 6445//6270 4658//4541
f 3783//3684 4659//4542 6492//6317
f 4649//4532 6446//6271 4659//4542
f 4658//4541 6445//6270 4649//4532
f 3783//3684 4743//4626 6491//6316
f 4659//4542 6446//6271 4650//4533
f 3784//3685 4744//4627 6492//6317
f 3784//3685 4660//4543 6493//6318
f 4650//4533 6447//6272 4660//4543
f 4660//4543 6447//6272 4651//4534
f 3785//3686 4745//4628 6493//6318
f 3785//3686 4662//4545 6495//6320
f 4651//4534 6448//6273 4662//4545
f 4661//4544 6442//6267 4646//4529
f 3786//3687 4746//4629 6494//6319
f 3786//3687 4731//4614 6487//6312
f 4646//4529 6443//6268 4731//4614
f 4662//4545 6448//6273 4652//4535
f 3787//3688 4747//4630 6495//6320
f 3787//3688 4733//4616 6489//6314
f 4652//4535 6449//6274 4733//4616
f 3788//3689 4766//4647 6512//6332
f 4809//3715 6517//4642 4766//4647
f 4786//4665 6539//4655 4809//3715
f 3788//3689 4780//4659 6506//6330
f 4800//4677 6509//4652 4770//3714
f 3789//3690 4613//4496 6426//6251
f 3789//3690 4628//4511 6425//6250
f 3789//3690 4770//3714 6534//4643
f 4628//4511 6534//4643 4752//3716
f 3790//3691 4612//4495 6425//6250
f 3790//3691 4626//4509 6424//6249
f 4752//3716 6533//4635 4626//4509
f 4725//4608 6528//6343 4757//4638
f 4720//4603 6485//6310 4725//4608
f 3791//3692 4788//4667 6484//6309
f 4757//4638 6529//6344 4788//4667
f 3792//3693 4723//4606 6503//6327
f 4714//4597 6479//6304 4723//4606
f 3792//3693 4764//4645 6478//6303
f 4756//4637 6504//6328 4764//4645
f 4788//4667 6529//6344 4749//4632
f 3793//3694 4719//4602 6484//6309
f 3793//3694 4730//4613 6483//6308
f 4749//4632 6523//6338 4730//4613
f 3794//3695 4623//4506 6510//4656
f 3794//3695 4614//4497 6427//6252
f 3794//3695 4800//4677 6426//6251
f 4801//3721 6509//4652 4800//4677
f 3795//3696 4627//4510 6535//4642
f 3795//3696 4617//4500 6430//6255
f 3795//3696 4625//4508 6429//6254
f 4751//3715 6532//4655 4625//4508
f 3796//3697 4728//4611 6481//6306
f 4782//4661 6501//6325 4728//4611
f 4729//4612 6524//6339 4782//4661
f 3796//3697 4717//4600 6482//6307
f 3797//3698 4776//4655 6539//4655
f 3797//3698 4812//3698 6532//4655
f 4753//4634 6496//4634 4812//3698
f 4810//3698 6514//4634 4753//4634
f 3798//3699 4725//4608 6485//6310
f 4778//4657 6528//6343 4725//4608
f 4727//4610 6502//6326 4778//4657
f 3798//3699 4721//4604 6486//6311
f 3799//3700 4625//4508 6532//4655
f 3799//3700 4616//4499 6429//6254
f 3799//3700 4624//4507 6428//6253
f 4812//3698 6496//4634 4624//4507
f 3800//3701 4786//4665 6506//6330
f 3800//3701 4810//3698 6539//4655
f 4818//4686 6514//4634 4810//3698
f 3800//3701 4791//4670 6526//6341
f 4728//4611 6501//6325 4779//4658
f 3801//3702 4716//4599 6481//6306
f 3801//3702 4726//4609 6480//6305
f 4779//4658 6527//6342 4726//4609
f 3802//3703 4723//4606 6479//6304
f 4755//4636 6503//6327 4723//4606
f 4726//4609 6527//6342 4755//4636
f 3802//3703 4715//4598 6480//6305
f 3803//3704 4767//4648 6513//6333
f 4811//3712 6516//4641 4767//4648
f 4821//4689 6536//4651 4811//3712
f 3803//3704 4823//4691 6531//6346
f 4730//4613 6523//6338 4750//4633
f 3804//3705 4718//4601 6483//6308
f 3804//3705 4729//4612 6482//6307
f 4750//4633 6524//6339 4729//4612
f 4799//4676 6507//4651 4771//3722
f 3805//3706 4618//4501 6431//6256
f 3805//3706 4627//4510 6430//6255
f 4771//3722 6535//4642 4627//4510
f 3806//3707 4765//4646 6511//6331
f 4824//3716 6518//4643 4765//4646
f 4819//4687 6515//4635 4824//3716
f 3806//3707 4781//4660 6525//6340
f 3807//3708 4820//4688 6530//6345
f 4817//3714 6537//4652 4820//4688
f 3807//3708 4765//4646 6518//4643
f 3807//3708 4769//4650 6511//6331
f 3808//3709 4785//4664 6505//6329
f 3808//3709 4816//3721 6540//4656
f 4820//4688 6537//4652 4816//3721
f 3808//3709 4822//4690 6530//6345
f 4621//4504 6508//4641 4802//3712
f 3809//3710 4619//4502 6432//6257
f 3809//3710 4799//4676 6431//6256
f 4802//3712 6507//4651 4799//4676
f 4624//4507 6496//4634 4813//3723
f 3810//3711 4615//4498 6428//6253
f 3810//3711 4623//4506 6427//6252
f 4813//3723 6510//4656 4623//4506
f 4760//4641 6516//4641 4811//3712
f 4802//3712 6508//4641 4760//4641
f 4772//4651 6507//4651 4802//3712
f 4811//3712 6536//4651 4772//4651
f 3812//3713 4814//4684 6519//6334
f 4721//4604 6485//6310 4814//4684
f 4775//4654 6486//6311 4721//4604
f 4827//4694 6538//6347 4775//4654
f 4773//4652 6537//4652 4817//3714
f 4770//3714 6509//4652 4773//4652
f 3813//3714 4762//4643 6534//4643
f 3813//3714 4817//3714 6518//4643
f 3814//3715 4761//4642 6517//4642
f 3814//3715 4751//3715 6535//4642
f 4776//4655 6532//4655 4751//3715
f 4809//3715 6539//4655 4776//4655
f 4762//4643 6518//4643 4824//3716
f 4752//3716 6534//4643 4762//4643
f 4754//4635 6533//4635 4752//3716
f 4824//3716 6515//4635 4754//4635
f 4806//4681 6484//6309 4719//4602
f 4826//4693 6520//6335 4806//4681
f 4807//4682 6521//6336 4826//4693
f 4719//4602 6483//6308 4807//4682
f 3817//3718 4821//4689 6531//6346
f 4794//3722 6536//4651 4821//4689
f 4766//4647 6517//4642 4794//3722
f 3817//3718 4768//4649 6512//6332
f 4805//4680 6499//6323 4830//4697
f 4715//4598 6479//6304 4805//4680
f 4815//4685 6480//6305 4715//4598
f 3818//3719 4830//4697 6498//6322
f 3819//3720 4818//4686 6526//6341
f 4793//3723 6514//4634 4818//4686
f 4785//4664 6540//4656 4793//3723
f 3819//3720 4790//4669 6505//6329
f 3820//3721 4777//4656 6540//4656
f 3820//3721 4801//3721 6510//4656
f 4773//4652 6509//4652 4801//3721
f 4816//3721 6537//4652 4773//4652
f 4772//4651 6536//4651 4794//3722
f 4771//3722 6507//4651 4772//4651
f 4761//4642 6535//4642 4771//3722
f 4794//3722 6517//4642 4761//4642
f 4753//4634 6514//4634 4793//3723
f 4813//3723 6496//4634 4753//4634
f 4777//4656 6510//4656 4813//3723
f 4793//3723 6540//4656 4777//4656
f 4774//4653 6497//6321 4829//4696
f 4717//4600 6481//6306 4774//4653
f 4792//4671 6482//6307 4717//4600
f 3823//3724 4829//4696 6522//6337
f 4774//4653 6481//6306 4716//4599
f 3824//3725 4832//4699 6497//6321
f 4815//4685 6498//6322 4832//4699
f 4716//4599 6480//6305 4815//4685
f 4792//4671 6522//6337 4828//4695
f 4718//4601 6482//6307 4792//4671
f 4807//4682 6483//6308 4718//4601
f 3825//3726 4828//4695 6521//6336
f 3826//3727 4805//4680 6479//6304
f 3826//3727 4831//4698 6499//6323
f 4808//4683 6500//6324 4831//4698
f 4714//4597 6478//6303 4808//4683
f 3827//3728 4814//4684 6485//6310
f 4825//4692 6519//6334 4814//4684
f 3827//3728 4806//4681 6520//6335
f 4720//4603 6484//6309 4806//4681
f 4672//4555 6542//6349 4842//4709
f 3828//3729 4669//4552 6458//6283
f 3828//3729 4833//4700 6457//6282
f 4842//4709 6541//6348 4833//4700
f 3829//3730 4835//4702 6452//6277
f 4843//4710 6543//6350 4835//4702
f 4674//4557 6544//6351 4843//4710
f 3829//3730 4664//4547 6453//6278
f 3830//3731 4672//4555 6458//6283
f 4844//4711 6542//6349 4672//4555
f 4675//4558 6545//6352 4844//4711
f 3830//3731 4670//4553 6459//6284
f 4676//4559 6546//6353 4845//4712
f 3831//3732 4665//4548 6454//6279
f 3831//3732 4674//4557 6453//6278
f 4845//4712 6544//6351 4674//4557
f 3832//3733 4676//4559 6454//6279
f 4846//4713 6546//6353 4676//4559
f 4677//4560 6547//6354 4846//4713
f 3832//3733 4666//4549 6455//6280
f 4678//4561 6548//6355 4847//4714
f 3833//3734 4667//4550 6456//6281
f 3833//3734 4677//4560 6455//6280
f 4847//4714 6547//6354 4677//4560
f 4833//4700 6541//6348 4848//4715
f 3834//3735 4668//4551 6457//6282
f 3834//3735 4678//4561 6456//6281
f 4848//4715 6548//6355 4678//4561
f 4835//4702 6543//6350 4849//4716
f 3835//3736 4663//4546 6452//6277
f 3835//3736 4679//4562 6451//6276
f 4849//4716 6549//6356 4679//4562
f 4858//4725 6550//6357 4854//4721
f 3836//3737 4829//4696 6497//6321
f 4859//4726 6522//6337 4829//4696
f 3836//3737 4854//4721 6557//6364
f 4862//4729 6552//6359 4855//4722
f 3837//3738 4830//4697 6499//6323
f 4863//4730 6498//6322 4830//4697
f 3837//3738 4855//4722 6551//6358
f 4864//4731 6555//6362 4850//4717
f 4825//4692 6520//6335 4864//4731
f 3838//3739 4865//4732 6519//6334
f 4850//4717 6554//6361 4865//4732
f 4860//4727 6553//6360 4856//4723
f 3839//3740 4831//4698 6500//6324
f 4862//4729 6499//6323 4831//4698
f 3839//3740 4856//4723 6552//6359
f 3840//3741 4866//4733 6556//6363
f 3840//3741 4826//4693 6521//6336
f 3840//3741 4864//4731 6520//6335
f 4851//4718 6555//6362 4864//4731
f 4863//4730 6551//6358 4857//4724
f 3841//3742 4832//4699 6498//6322
f 4858//4725 6497//6321 4832//4699
f 3841//3742 4857//4724 6550//6357
f 3842//3743 4865//4732 6554//6361
f 4827//4694 6519//6334 4865//4732
f 3842//3743 4861//4728 6538//6347
f 4852//4719 6558//6365 4861//4728
f 3843//3744 4859//4726 6557//6364
f 3843//3744 4828//4695 6522//6337
f 4866//4733 6521//6336 4828//4695
f 4853//4720 6556//6363 4866//4733
f 3844//3745 4876//4735 6567//128
f 4611//4494 6423//6248 4876//4735
f 4875//4734 6422//6247 4611//4494
f 3844//3745 4874//128 6566//128
f 3845//3746 4878//4737 6562//128
f 4606//4489 6418//6243 4878//4737
f 4877//4736 6417//6242 4606//4489
f 3845//3746 4869//128 6561//128
f 4878//4737 6418//6243 4607//4490
f 3846//3747 4870//128 6562//128
f 3846//3747 4879//4738 6563//128
f 4607//4490 6419//6244 4879//4738
f 4879//4738 6419//6244 4608//4491
f 3847//3748 4871//128 6563//128
f 3847//3748 4880//4739 6564//128
f 4608//4491 6420//6245 4880//4739
f 4880//4739 6420//6245 4609//4492
f 3848//3749 4872//128 6564//128
f 3848//3749 4882//4741 6565//128
f 4609//4492 6421//6246 4882//4741
f 3849//3750 4883//4742 6560//128
f 4604//4487 6416//6241 4883//4742
f 4881//4740 6415//6240 4604//4487
f 3849//3750 4867//128 6559//128
f 3850//3751 4875//4734 6566//128
f 4610//4493 6422//6247 4875//4734
f 4882//4741 6421//6246 4610//4493
f 3850//3751 4873//128 6565//128
f 4883//4742 6416//6241 4605//4488
f 3851//3752 4868//128 6560//128
f 3851//3752 4877//4736 6561//128
f 4605//4488 6417//6242 4877//4736
f 4892//128 6561//128 4869//128
f 3852//128 4886//128 6570//128
f 4893//128 6571//128 4886//128
f 4869//128 6562//128 4893//128
f 4893//128 6562//128 4870//128
f 3853//128 4887//128 6571//128
f 3853//128 4895//128 6572//128
f 4870//128 6563//128 4895//128
f 3854//128 4896//128 6573//128
f 4871//128 6564//128 4896//128
f 4895//128 6563//128 4871//128
f 3854//128 4888//128 6572//128
f 3855//128 4898//128 6574//128
f 4872//128 6565//128 4898//128
f 4896//128 6564//128 4872//128
f 4889//128 6573//128 4896//128
f 4899//128 6569//128 4884//128
f 4867//128 6560//128 4899//128
f 4897//128 6559//128 4867//128
f 3856//128 4884//128 6568//128
f 4900//128 6575//128 4890//128
f 4873//128 6566//128 4900//128
f 4898//128 6565//128 4873//128
f 3857//128 4890//128 6574//128
f 4899//128 6560//128 4868//128
f 4885//128 6569//128 4899//128
f 3858//128 4892//128 6570//128
f 4868//128 6561//128 4892//128
f 3859//128 4894//128 6576//128
f 4874//128 6567//128 4894//128
f 4900//128 6566//128 4874//128
f 4891//128 6575//128 4900//128
f 3860//128 4907//128 6579//128
f 4911//128 6582//128 4907//128
f 3860//128 4905//128 6577//128
f 4904//128 6581//128 4905//128
f 4903//128 6580//128 4906//128
f 3861//128 4890//128 6575//128
f 4909//128 6574//128 4890//128
f 3861//128 4906//128 6581//128
f 3862//3753 4798//4675 6423//6248
f 4823//4691 6513//6333 4798//4675
f 4620//4503 6531//6346 4823//4691
f 3862//3753 4611//4494 6422//6247
f 4888//128 6573//128 4901//128
f 4887//128 6572//128 4888//128
f 4902//128 6571//128 4887//128
f 3863//128 4901//128 6579//128
f 4885//128 6570//128 4912//128
f 3864//128 4910//128 6569//128
f 4908//128 6578//128 4910//128
f 3864//128 4912//128 6582//128
f 4910//128 6578//128 4913//128
f 3865//128 4884//128 6569//128
f 3865//128 4913//128 6568//128
f 4911//128 6577//128 4914//128
f 3866//128 4908//128 6582//128
f 3866//128 4914//128 6578//128
f 3867//128 4906//128 6580//128
f 3867//128 4905//128 6581//128
f 4915//128 6577//128 4905//128
f 4902//128 6579//128 4907//128
f 3868//128 4886//128 6571//128
f 4912//128 6570//128 4886//128
f 3868//128 4907//128 6582//128
f 3869//128 4909//128 6581//128
f 4889//128 6574//128 4909//128
f 3869//128 4901//128 6573//128
f 4904//128 6579//128 4901//128
f 4916//128 6580//128 4903//128
f 3870//128 4891//128 6576//128
f 3870//128 4903//128 6575//128
f 3871//3754 5174//5000 6729//6512
f 3871//3754 4918//4744 6585//6368
f 3871//3754 5190//5016 6586//6369
f 5176//5002 6738//6521 5190//5016
f 3872//3755 5190//5016 6738//6521
f 4920//4746 6586//6369 5190//5016
f 3872//3755 5189//5015 6583//6366
f 5173//4999 6737//6520 5189//5015
f 3873//3756 5189//5015 6737//6520
f 4917//4743 6583//6366 5189//5015
f 3873//3756 5191//5017 6587//6370
f 5183//5009 6736//6519 5191//5017
f 5191//5017 6736//6519 5182//5008
f 3874//3757 4921//4747 6587//6370
f 5188//5014 6588//6371 4921//4747
f 3874//3757 5182//5008 6735//6518
f 5188//5014 6735//6518 5184//5010
f 3875//3758 4922//4748 6588//6371
f 5154//4980 6589//6372 4922//4748
f 3875//3758 5184//5010 6718//6501
f 5154//4980 6718//6501 5181//5007
f 3876//3759 4923//4749 6589//6372
f 3876//3759 5153//4979 6590//6373
f 5181//5007 6717//6500 5153//4979
f 3877//3760 5153//4979 6717//6500
f 4924//4750 6590//6373 5153//4979
f 3877//3760 5155//4981 6591//6374
f 5194//5020 6716//6499 5155//4981
f 5155//4981 6716//6499 5193//5019
f 4925//4751 6591//6374 5155//4981
f 3878//3761 5152//4978 6592//6375
f 3878//3761 5193//5019 6715//6498
f 5152//4978 6715//6498 5195//5021
f 4927//4753 6592//6375 5152//4978
f 5175//5001 6584//6367 4927//4753
f 3879//3762 5195//5021 6730//6513
f 4936//4762 6729//6512 5192//5018
f 4946//4772 6602//6385 4936//4762
f 4935//4761 6601//6384 4946//4772
f 3880//3763 5192//5018 6730//6513
f 3881//3764 4947//4773 6603//6386
f 4939//4765 6594//6377 4947//4773
f 4953//4779 6595//6378 4939//4765
f 4951//4777 6607//6390 4953//4779
f 4951//4777 6603//6386 4948//4774
f 3882//3765 4954//4780 6607//6390
f 4949//4775 6605//6388 4954//4780
f 3882//3765 4948//4774 6604//6387
f 4953//4779 6607//6390 4952//4778
f 3883//3766 4940//4766 6595//6378
f 4955//4781 6596//6379 4940//4766
f 3883//3766 4952//4778 6608//6391
f 3884//3767 4954//4780 6605//6388
f 4952//4778 6607//6390 4954//4780
f 4956//4782 6608//6391 4952//4778
f 4950//4776 6606//6389 4956//4782
f 3885//3768 4960//4786 6611//6394
f 4938//4764 6593//6376 4960//4786
f 3885//3768 4947//4773 6594//6377
f 4959//4785 6603//6386 4947//4773
f 4959//4785 6611//6394 4961//4787
f 3886//3769 4948//4774 6603//6386
f 4957//4783 6604//6387 4948//4774
f 3886//3769 4961//4787 6609//6392
f 3887//3770 4960//4786 6593//6376
f 4962//4788 6611//6394 4960//4786
f 3887//3770 4963//4789 6612//6395
f 4937//4763 6602//6385 4963//4789
f 3888//3771 4961//4787 6611//6394
f 4958//4784 6609//6392 4961//4787
f 3888//3771 4964//4790 6610//6393
f 4962//4788 6612//6395 4964//4790
f 3889//3772 4977//4803 6625//6408
f 3889//3772 4978//4804 6617//6400
f 4927//4753 6584//6367 4978//4804
f 3889//3772 4979//4805 6592//6375
f 3890//3773 4973//4799 6621//6404
f 4980//4806 6622//6405 4973//4799
f 3890//3773 4922//4748 6589//6372
f 4981//4807 6588//6371 4922//4748
f 3891//3774 4968//4794 6616//6399
f 4982//4808 6620//6403 4968//4794
f 3891//3774 4917//4743 6587//6370
f 4983//4809 6583//6366 4917//4743
f 3892//3775 4974//4800 6622//6405
f 3892//3775 4984//4810 6623//6406
f 4923//4749 6590//6373 4984//4810
f 4980//4806 6589//6372 4923//4749
f 4969//4795 6618//6401 4986//4812
f 3893//3776 4985//4811 6619//6402
f 3893//3776 4918//4744 6586//6369
f 4986//4812 6585//6368 4918//4744
f 4975//4801 6623//6406 4984//4810
f 3894//3777 4987//4813 6624//6407
f 4924//4750 6591//6374 4987//4813
f 3894//3777 4984//4810 6590//6373
f 3895//3778 4919//4745 6585//6368
f 4978//4804 6584//6367 4919//4745
f 3895//3778 4970//4796 6617//6400
f 3895//3778 4986//4812 6618//6401
f 3896//3779 4976//4802 6624//6407
f 4979//4805 6625//6408 4976//4802
f 4925//4751 6592//6375 4979//4805
f 3896//3779 4987//4813 6591//6374
f 3897//3780 4971//4797 6619//6402
f 3897//3780 4983//4809 6616//6399
f 4920//4746 6583//6366 4983//4809
f 4985//4811 6586//6369 4920//4746
f 3898//3781 4972//4798 6620//6403
f 3898//3781 4981//4807 6621//6404
f 3898//3781 4921//4747 6588//6371
f 4982//4808 6587//6370 4921//4747
f 3899//3782 4989//4815 6618//6401
f 3899//3782 4991//4817 6626//6409
f 4971//4797 6616//6399 4991//4817
f 3899//3782 4969//4795 6619//6402
f 3900//3783 4991//4817 6616//6399
f 4990//4816 6626//6409 4991//4817
f 3900//3783 4992//4818 6627//6410
f 4968//4794 6620//6403 4992//4818
f 3901//3784 4992//4818 6620//6403
f 4988//4814 6627//6410 4992//4818
f 3901//3784 4973//4799 6622//6405
f 3901//3784 4972//4798 6621//6404
f 4988//4814 6622//6405 4974//4800
f 3902//3785 4993//4819 6627//6410
f 4975//4801 6624//6407 4993//4819
f 3902//3785 4974//4800 6623//6406
f 3903//3786 4993//4819 6624//6407
f 4990//4816 6627//6410 4993//4819
f 3903//3786 4994//4820 6626//6409
f 3903//3786 4976//4802 6625//6408
f 3904//3787 4989//4815 6626//6409
f 4970//4796 6618//6401 4989//4815
f 4977//4803 6617//6400 4970//4796
f 4994//4820 6625//6408 4977//4803
f 4966//4792 6614//6397 4995//4821
f 3905//3788 4945//4771 6600//6383
f 4965//4791 6601//6384 4945//4771
f 3905//3788 4995//4821 6613//6396
f 3906//3789 4967//4793 6615//6398
f 4944//4770 6599//6382 4967//4793
f 3906//3789 4966//4792 6600//6383
f 4996//4822 6614//6397 4966//4792
f 3907//3790 4997//4823 6628//6411
f 4943//4769 6598//6381 4997//4823
f 3907//3790 4967//4793 6599//6382
f 4998//4824 6615//6398 4967//4793
f 3908//3791 5000//4826 6629//6412
f 4942//4768 6597//6380 5000//4826
f 3908//3791 4997//4823 6598//6381
f 4999//4825 6628//6411 4997//4823
f 3909//3792 5002//4828 6630//6413
f 4941//4767 6596//6379 5002//4828
f 3909//3792 5000//4826 6597//6380
f 5001//4827 6629//6412 5000//4826
f 3910//3793 5002//4828 6596//6379
f 3910//3793 5003//4829 6630//6413
f 5004//4830 6631//6414 5003//4829
f 3910//3793 4955//4781 6608//6391
f 5005//4831 6632//6415 5006//4832
f 3911//3794 4956//4782 6606//6389
f 5004//4830 6608//6391 4956//4782
f 3911//3794 5006//4832 6631//6414
f 5007//4833 6615//6398 4998//4824
f 3912//3795 5009//4835 6633//6416
f 3912//3795 5008//4834 6634//6417
f 4998//4824 6628//6411 5008//4834
f 3913//3796 5010//4836 6633//6416
f 5012//4838 6635//6418 5010//4836
f 5011//4837 6636//6419 5012//4838
f 3913//3796 5009//4835 6634//6417
f 3914//3797 5128//4954 6702//6485
f 5020//4846 6640//6423 5128//4954
f 3914//3797 5129//4955 6642//6425
f 5137//4963 6703//6486 5129//4955
f 5048//4874 6635//6418 5012//4838
f 3915//3798 5018//4844 6639//6422
f 5085//4911 6640//6423 5018//4844
f 3915//3798 5012//4838 6636//6419
f 5019//4845 6639//6422 5018//4844
f 3916//3799 5021//4847 6641//6424
f 5020//4846 6642//6425 5021//4847
f 3916//3799 5018//4844 6640//6423
f 5022//4848 6641//6424 5021//4847
f 5024//4850 6643//6426 5022//4848
f 5023//4849 6644//6427 5024//4850
f 3917//3800 5021//4847 6642//6425
f 3918//3801 5027//4853 6643//6426
f 5028//4854 6647//6430 5027//4853
f 3918//3801 5026//4852 6646//6429
f 5024//4850 6644//6427 5026//4852
f 5026//4852 6644//6427 5025//4851
f 5030//4856 6646//6429 5026//4852
f 3919//3802 5029//4855 6648//6431
f 5025//4851 6645//6428 5029//4855
f 5031//4857 6649//6432 5033//4859
f 3920//3803 5029//4855 6645//6428
f 5032//4858 6648//6431 5029//4855
f 3920//3803 5033//4859 6650//6433
f 5034//4860 6651//6434 5036//4862
f 3921//3804 5033//4859 6649//6432
f 5035//4861 6650//6433 5033//4859
f 3921//3804 5036//4862 6652//6435
f 7685//7468 6696//6479 5138//4964
f 3922//3805 5054//4880 6658//6441
f 5041//4867 6657//6440 5054//4880
f 7669//7452 5138//4964 6695//6478
f 7670//7453 7686//7469 6697//6480
f 3923//3806 5055//4881 6659//6442
f 3923//3806 5042//4868 6658//6441
f 5139//4965 6696//6479 7685//7468
f 7671//7454 7687//7470 6698//6481
f 5056//4882 6660//6443 5044//4870
f 5043//4869 6659//6442 5056//4882
f 5140//4966 6697//6480 7686//7469
f 7672//7455 7688//7471 6699//6482
f 5057//4883 6661//6444 5045//4871
f 5044//4870 6660//6443 5057//4883
f 5141//4967 6698//6481 7687//7470
f 5087//4913 6637//6420 5092//4918
f 3926//3809 5054//4880 6657//6440
f 5088//4914 6658//6441 5054//4880
f 3926//3809 5092//4918 6638//6421
f 3927//3810 5088//4914 6638//6421
f 5055//4881 6658//6441 5088//4914
f 5089//4915 6659//6442 5055//4881
f 3927//3810 5093//4919 6653//6436
f 5089//4915 6653//6436 5094//4920
f 3928//3811 5056//4882 6659//6442
f 3928//3811 5090//4916 6660//6443
f 5094//4920 6680//6463 5090//4916
f 5090//4916 6680//6463 5095//4921
f 3929//3812 5057//4883 6660//6443
f 5091//4917 6661//6444 5057//4883
f 3929//3812 5095//4921 6681//6464
f 3930//3813 5064//4890 6670//6453
f 5069//4895 6672//6455 5064//4890
f 3930//3813 5070//4896 6676//6459
f 5059//4885 6671//6454 5070//4896
f 5134//4960 6708//6491 5142//4968
f 3931//3814 5040//4866 6655//6438
f 5133//4959 6656//6439 5040//4866
f 3931//3814 5142//4968 6707//6490
f 3932//3815 5069//4895 6676//6459
f 5065//4891 6672//6455 5069//4895
f 5075//4901 6673//6456 5065//4891
f 3932//3815 5072//4898 6677//6460
f 5075//4901 6677//6460 5073//4899
f 3933//3816 5066//4892 6673//6456
f 3933//3816 5076//4902 6674//6457
f 5073//4899 6678//6461 5076//4902
f 5135//4961 6709//6492 5143//4969
f 3934//3817 5039//4865 6654//6437
f 5134//4960 6655//6438 5039//4865
f 3934//3817 5143//4969 6708//6491
f 3935//3818 5125//4951 6699//6482
f 3935//3818 5008//4834 6628//6411
f 3935//3818 5126//4952 6634//6417
f 5144//4970 6700//6483 5126//4952
f 5076//4902 6678//6461 5079//4905
f 3936//3819 5067//4893 6674//6457
f 5074//4900 6675//6458 5067//4893
f 3936//3819 5079//4905 6669//6452
f 5136//4962 6710//6493 5145//4971
f 3937//3820 5080//4906 6651//6434
f 5135//4961 6654//6437 5080//4906
f 3937//3820 5145//4971 6709//6492
f 5132//4958 6706//6489 5146//4972
f 3938//3821 5034//4860 6649//6432
f 5136//4962 6651//6434 5034//4860
f 3938//3821 5146//4972 6710//6493
f 3939//3822 5091//4917 6681//6464
f 5037//4863 6661//6444 5091//4917
f 5014//4840 6662//6445 5037//4863
f 3939//3822 5096//4922 6664//6447
f 3940//3823 5082//4908 6675//6458
f 5078//4904 6679//6462 5082//4908
f 3940//3823 5083//4909 6668//6451
f 5074//4900 6669//6452 5083//4909
f 3941//3824 5131//4957 6705//6488
f 5031//4857 6645//6428 5131//4957
f 5132//4958 6649//6432 5031//4857
f 5147//4973 6706//6489 5132//4958
f 5148//4974 6701//6484 7690//7473
f 7673//7456 7691//7474 6702//6485
f 5084//4910 6665//6448 5049//4875
f 3942//3825 5047//4873 6663//6446
f 3943//3826 5126//4952 6700//6483
f 5011//4837 6634//6417 5126//4952
f 3943//3826 5127//4953 6636//6419
f 5149//4975 6701//6484 5127//4953
f 5129//4955 6703//6486 5150//4976
f 5023//4849 6642//6425 5129//4955
f 3944//3827 5130//4956 6644//6427
f 3944//3827 5150//4976 6704//6487
f 5130//4956 6704//6487 5151//4977
f 5025//4851 6644//6427 5130//4956
f 5131//4957 6645//6428 5025//4851
f 5151//4977 6705//6488 5131//4957
f 5094//4920 6653//6436 5264//5090
f 3946//3829 5265//5091 6680//6463
f 5259//5085 6771//6554 5265//5091
f 3946//3829 5264//5090 6761//6544
f 3947//3830 5255//5081 6768//6551
f 5038//4864 6769//6552 5255//5081
f 3947//3830 5067//4893 6675//6458
f 5061//4887 6674//6457 5067//4893
f 5093//4919 6638//6421 5063//4889
f 5264//5090 6653//6436 5093//4919
f 3948//3831 5258//5084 6761//6544
f 3948//3831 5063//4889 6760//6543
f 5082//4908 6679//6462 5263//5089
f 5038//4864 6675//6458 5082//4908
f 3949//3832 5256//5082 6769//6552
f 3949//3832 5263//5089 6770//6553
f 3950//3833 5254//5080 6767//6550
f 5061//4887 6768//6551 5254//5080
f 3950//3833 5066//4892 6674//6457
f 5060//4886 6673//6456 5066//4892
f 3951//3834 5092//4918 6637//6420
f 3951//3834 5063//4889 6638//6421
f 5257//5083 6760//6543 5063//4889
f 3951//3834 5062//4888 6759//6542
f 5097//4923 6665//6448 5084//4910
f 3952//3835 5014//4840 6664//6447
f 5086//4912 6662//6445 5014//4840
f 3952//3835 5084//4910 6663//6446
f 3953//3836 5015//4841 6679//6462
f 5013//4839 6666//6449 5015//4841
f 3953//3836 5017//4843 6667//6450
f 5078//4904 6668//6451 5017//4843
f 5101//4927 6655//6438 5040//4866
f 3954//3837 5100//4926 6683//6466
f 5102//4928 6684//6467 5100//4926
f 3954//3837 5040//4866 6656//6439
f 3955//3838 5103//4929 6654//6437
f 5099//4925 6682//6465 5103//4929
f 5101//4927 6683//6466 5099//4925
f 3955//3838 5039//4865 6655//6438
f 5080//4906 6654//6437 5103//4929
f 3956//3839 5036//4862 6651//6434
f 5098//4924 6652//6435 5036//4862
f 3956//3839 5103//4929 6682//6465
f 5106//4932 6683//6466 5100//4926
f 3957//3840 5110//4936 6686//6469
f 5104//4930 6685//6468 5110//4936
f 3957//3840 5100//4926 6684//6467
f 5107//4933 6682//6465 5099//4925
f 3958//3841 5111//4937 6687//6470
f 5106//4932 6686//6469 5111//4937
f 3958//3841 5099//4925 6683//6466
f 3959//3842 5108//4934 6652//6435
f 5112//4938 6688//6471 5108//4934
f 3959//3842 5107//4933 6687//6470
f 5098//4924 6682//6465 5107//4933
f 3960//3843 5109//4935 6650//6433
f 5113//4939 6689//6472 5109//4935
f 3960//3843 5108//4934 6688//6471
f 5035//4861 6652//6435 5108//4934
f 3961//3844 5115//4941 6648//6431
f 3961//3844 5114//4940 6690//6473
f 3961//3844 5109//4935 6689//6472
f 5032//4858 6650//6433 5109//4935
f 5117//4943 6646//6429 5030//4856
f 3962//3845 5116//4942 6691//6474
f 5115//4941 6690//6473 5116//4942
f 5030//4856 6648//6431 5115//4941
f 5117//4943 6691//6474 5119//4945
f 5028//4854 6646//6429 5117//4943
f 3963//3846 5118//4944 6647//6430
f 5119//4945 6692//6475 5118//4944
f 3964//3847 5049//4875 6665//6448
f 5137//4963 6702//6485 7691//7474
f 7674//7457 7692//7475 6703//6486
f 5016//4842 6666//6449 5050//4876
f 5122//4948 6631//6414 5006//4832
f 3965//3848 5138//4964 6696//6479
f 5121//4947 6695//6478 5138//4964
f 3965//3848 5006//4832 6632//6415
f 3966//3849 5123//4949 6630//6413
f 5139//4965 6697//6480 5123//4949
f 5122//4948 6696//6479 5139//4965
f 3966//3849 5003//4829 6631//6414
f 3967//3850 5124//4950 6629//6412
f 5140//4966 6698//6481 5124//4950
f 3967//3850 5123//4949 6697//6480
f 5001//4827 6630//6413 5123//4949
f 5125//4951 6628//6411 4999//4825
f 5141//4967 6699//6482 5125//4951
f 3968//3851 5124//4950 6698//6481
f 4999//4825 6629//6412 5124//4950
f 5071//4897 6676//6459 5070//4896
f 7675//7458 5142//4968 6708//6491
f 7696//7479 6707//6490 5142//4968
f 5070//4896 6671//6454 5068//4894
f 3970//3853 5077//4903 6677//6460
f 7676//7459 5143//4969 6709//6492
f 7697//7480 6708//6491 5143//4969
f 3970//3853 5072//4898 6676//6459
f 3971//3854 5045//4871 6661//6444
f 5144//4970 6699//6482 7688//7471
f 7677//7460 7689//7472 6700//6483
f 3971//3854 5037//4863 6662//6445
f 5081//4907 6678//6461 5073//4899
f 5145//4971 6710//6493 7699//7482
f 7678//7461 7698//7481 6709//6492
f 3972//3855 5073//4899 6677//6460
f 5053//4879 6669//6452 5079//4905
f 5146//4972 6706//6489 7695//7478
f 7679//7462 7699//7482 6710//6493
f 5079//4905 6678//6461 5081//4907
f 3974//3857 5052//4878 6668//6451
f 5147//4973 6705//6488 7694//7477
f 7680//7463 7695//7478 6706//6489
f 3974//3857 5083//4909 6669//6452
f 5085//4911 6636//6419 5127//4953
f 3975//3858 5128//4954 6640//6423
f 5148//4974 6702//6485 5128//4954
f 3975//3858 5127//4953 6701//6484
f 3976//3859 5046//4872 6662//6445
f 5149//4975 6700//6483 7689//7472
f 7681//7464 7690//7473 6701//6484
f 5086//4912 6663//6446 5047//4873
f 3977//3860 5050//4876 6666//6449
f 7682//7465 5150//4976 6703//6486
f 7682//7465 7693//7476 6704//6487
f 5013//4839 6667//6450 5051//4877
f 5051//4877 6667//6450 5017//4843
f 5151//4977 6704//6487 7693//7476
f 7683//7466 7694//7477 6705//6488
f 3978//3861 5017//4843 6668//6451
f 3979//3862 5167//4993 7147//6930
f 5113//4939 6688//6471 5167//4993
f 3979//3862 5114//4940 6689//6472
f 6005//5830 6690//6473 5114//4940
f 5436//5262 6858//6641 5166//4992
f 5120//4946 6860//6643 5436//5262
f 3980//3863 5163//4989 6694//6477
f 3980//3863 5166//4992 6733//6516
f 3981//3864 4926//4752 6593//6376
f 5173//4999 6738//6521 4926//4752
f 3981//3864 4928//4754 6737//6520
f 4938//4764 6594//6377 4928//4754
f 3982//3865 4931//4757 6597//6380
f 3982//3865 5181//5007 6718//6501
f 4932//4758 6717//6500 5181//5007
f 4942//4768 6598//6381 4932//4758
f 3983//3866 5110//4936 6685//6468
f 5170//4996 6686//6469 5110//4936
f 5170//4996 6719//6502 5169//4995
f 3984//3867 5111//4937 6686//6469
f 3984//3867 5168//4994 6687//6470
f 3984//3867 5169//4995 6720//6503
f 5174//5000 6585//6368 4919//4745
f 3985//3868 5192//5018 6729//6512
f 5175//5001 6730//6513 5192//5018
f 3985//3868 4919//4745 6584//6367
f 4934//4760 6600//6383 4945//4771
f 3986//3869 5195//5021 6715//6498
f 4935//4761 6730//6513 5195//5021
f 3986//3869 4945//4771 6601//6384
f 3987//3870 4928//4754 6594//6377
f 5183//5009 6737//6520 4928//4754
f 3987//3870 4929//4755 6736//6519
f 3987//3870 4939//4765 6595//6378
f 3988//3871 5164//4990 6734//6517
f 5163//4989 6733//6516 5164//4990
f 5186//5012 6694//6477 5163//4989
f 5165//4991 6713//6496 5186//5012
f 3989//3872 4932//4758 6598//6381
f 5194//5020 6717//6500 4932//4758
f 3989//3872 4933//4759 6716//6499
f 4943//4769 6599//6382 4933//4759
f 3990//3873 4933//4759 6599//6382
f 3990//3873 5193//5019 6716//6499
f 4934//4760 6715//6498 5193//5019
f 3990//3873 4944//4770 6600//6383
f 4929//4755 6595//6378 4940//4766
f 3991//3874 5182//5008 6736//6519
f 4930//4756 6735//6518 5182//5008
f 3991//3874 4940//4766 6596//6379
f 5178//5004 6639//6422 5019//4845
f 3992//3875 5171//4997 6724//6507
f 5180//5006 6723//6506 5171//4997
f 3992//3875 5019//4845 6641//6424
f 3993//3876 4936//4762 6602//6385
f 5176//5002 6729//6512 4936//4762
f 3993//3876 4926//4752 6738//6521
f 4937//4763 6593//6376 4926//4752
f 4930//4756 6596//6379 4941//4767
f 3994//3877 5184//5010 6735//6518
f 4931//4757 6718//6501 5184//5010
f 4941//4767 6597//6380 4931//4757
f 3995//3878 5196//5022 6725//6508
f 5161//4987 6732//6515 5196//5022
f 3995//3878 5171//4997 6723//6506
f 5177//5003 6724//6507 5171//4997
f 3996//3879 5197//5023 6726//6509
f 5434//5260 6731//6514 5197//5023
f 3996//3879 5451//5277 6859//6642
f 5437//5263 6857//6640 5451//5277
f 3997//3880 5197//5023 6731//6514
f 5158//4984 6726//6509 5197//5023
f 3997//3880 5198//5024 6727//6510
f 5160//4986 6712//6495 5198//5024
f 3998//3881 5198//5024 6712//6495
f 5157//4983 6727//6510 5198//5024
f 3998//3881 5199//5025 6728//6511
f 5162//4988 6711//6494 5199//5025
f 5203//5029 6741//6524 5202//5028
f 5165//4991 6734//6517 5203//5029
f 3999//3882 5201//5027 6713//6496
f 5202//5028 6740//6523 5201//5027
f 4000//3883 5201//5027 6740//6523
f 5185//5011 6713//6496 5201//5027
f 4000//3883 5200//5026 6714//6497
f 5204//5030 6739//6522 5200//5026
f 5366//5192 6821//6604 5208//5034
f 4001//3884 5207//5033 6820//6603
f 5210//5036 6744//6527 5207//5033
f 5208//5034 6745//6528 5210//5036
f 5205//5031 6740//6523 5202//5028
f 4002//3885 5209//5035 6742//6525
f 5206//5032 6743//6526 5209//5035
f 4002//3885 5202//5028 6741//6524
f 4003//3886 5199//5025 6711//6494
f 5156//4982 6728//6511 5199//5025
f 4003//3886 5212//5038 6721//6504
f 5211//5037 6746//6529 5212//5038
f 4004//3887 5200//5026 6739//6522
f 5187//5013 6714//6497 5200//5026
f 5211//5037 6711//6494 5187//5013
f 5213//5039 6746//6529 5211//5037
f 4005//3888 5221//5047 6752//6535
f 5226//5052 6753//6536 5221//5047
f 4005//3888 5162//4988 6712//6495
f 5227//5053 6711//6494 5162//4988
f 5223//5049 6754//6537 5230//5056
f 4006//3889 5229//5055 6755//6538
f 5185//5011 6714//6497 5229//5055
f 4006//3889 5230//5056 6713//6496
f 5180//5006 6641//6424 5232//5058
f 4007//3890 5231//5057 6723//6506
f 5222//5048 6756//6539 5231//5057
f 4007//3890 5232//5058 6747//6530
f 5218//5044 6861//6644 5438//5264
f 4008//3891 5233//5059 6758//6541
f 5159//4985 6732//6515 5233//5059
f 4008//3891 5438//5264 6859//6642
f 4009//3892 5215//5041 6748//6531
f 5228//5054 6749//6532 5215//5041
f 4009//3892 5027//4853 6647//6430
f 5235//5061 6643//6426 5027//4853
f 5224//5050 6751//6534 5236//5062
f 4010//3893 5230//5056 6754//6537
f 5186//5012 6713//6496 5230//5056
f 4010//3893 5236//5062 6694//6477
f 4011//3894 5214//5040 6747//6530
f 4011//3894 5235//5061 6748//6531
f 4011//3894 5022//4848 6643//6426
f 4011//3894 5232//5058 6641//6424
f 5219//5045 6753//6536 5226//5052
f 4012//3895 5234//5060 6757//6540
f 5160//4986 6731//6514 5234//5060
f 5226//5052 6712//6495 5160//4986
f 5241//5067 6758//6541 5220//5046
f 4013//3896 5242//5068 6750//6533
f 5238//5064 6749//6532 5242//5068
f 4013//3896 5220//5046 6756//6539
f 4014//3897 5225//5051 6755//6538
f 5227//5053 6752//6535 5225//5051
f 4014//3897 5187//5013 6711//6494
f 5229//5055 6714//6497 5187//5013
f 5220//5046 6758//6541 5233//5059
f 4015//3898 5231//5057 6756//6539
f 5161//4987 6723//6506 5231//5057
f 4015//3898 5233//5059 6732//6515
f 5217//5043 6862//6645 5439//5265
f 4016//3899 5236//5062 6751//6534
f 5120//4946 6694//6477 5236//5062
f 4016//3899 5439//5265 6860//6643
f 4017//3900 5222//5048 6747//6530
f 5238//5064 6756//6539 5222//5048
f 4017//3900 5215//5041 6749//6532
f 5214//5040 6748//6531 5215//5041
f 4018//3901 5225//5051 6752//6535
f 5223//5049 6755//6538 5225//5051
f 4018//3901 5239//5065 6754//6537
f 5221//5047 6753//6536 5239//5065
f 4019//3902 5239//5065 6753//6536
f 5224//5050 6754//6537 5239//5065
f 4019//3902 5240//5066 6751//6534
f 5219//5045 6757//6540 5240//5066
f 4020//3903 5440//5266 6862//6645
f 4020//3903 5435//5261 6861//6644
f 5240//5066 6757//6540 5435//5261
f 5217//5043 6751//6534 5240//5066
f 5216//5042 6647//6430 5118//4944
f 4021//3904 5172//4998 6693//6476
f 5243//5069 6722//6505 5172//4998
f 4021//3904 5118//4944 6692//6475
f 4022//3905 5242//5068 6749//6532
f 5237//5063 6750//6533 5242//5068
f 4022//3905 5216//5042 6693//6476
f 5228//5054 6647//6430 5216//5042
f 4023//3906 5247//5073 6765//6548
f 4023//3906 5257//5083 6759//6542
f 4023//3906 5248//5074 6760//6543
f 4023//3906 5252//5078 6766//6549
f 5248//5074 6766//6549 5253//5079
f 5258//5084 6760//6543 5248//5074
f 4024//3907 5249//5075 6761//6544
f 4024//3907 5253//5079 6767//6550
f 5249//5075 6767//6550 5254//5080
f 5259//5085 6761//6544 5249//5075
f 4025//3908 5250//5076 6771//6554
f 4025//3908 5254//5080 6768//6551
f 5250//5076 6768//6551 5255//5081
f 4026//3909 5260//5086 6771//6554
f 5251//5077 6772//6555 5260//5086
f 4026//3909 5255//5081 6769//6552
f 5251//5077 6769//6552 5256//5082
f 5261//5087 6772//6555 5251//5077
f 5246//5072 6762//6545 5261//5087
f 5256//5082 6770//6553 5246//5072
f 4028//3911 5245//5071 6763//6546
f 4028//3911 5244//5070 6764//6547
f 5246//5072 6770//6553 5244//5070
f 4028//3911 5262//5088 6762//6545
f 5015//4841 6666//6449 5266//5092
f 5263//5089 6679//6462 5015//4841
f 5244//5070 6770//6553 5263//5089
f 4029//3912 5266//5092 6764//6547
f 4030//3913 5095//4921 6680//6463
f 5267//5093 6681//6464 5095//4921
f 5260//5086 6772//6555 5267//5093
f 4030//3913 5265//5091 6771//6554
f 5016//4842 6665//6448 5058//4884
f 4031//3914 5266//5092 6666//6449
f 5245//5071 6764//6547 5266//5092
f 5058//4884 6763//6546 5245//5071
f 4032//3915 5252//5078 6765//6548
f 5268//5094 6766//6549 5252//5078
f 4032//3915 5064//4890 6672//6455
f 4032//3915 5269//5095 6670//6453
f 5096//4922 6681//6464 5267//5093
f 5270//5096 6664//6447 5096//4922
f 4033//3916 5261//5087 6762//6545
f 4033//3916 5267//5093 6772//6555
f 4034//3917 5253//5079 6766//6549
f 4034//3917 5060//4886 6767//6550
f 4034//3917 5065//4891 6673//6456
f 5268//5094 6672//6455 5065//4891
f 4035//3918 5097//4923 6664//6447
f 5058//4884 6665//6448 5097//4923
f 4035//3918 5262//5088 6763//6546
f 5270//5096 6762//6545 5262//5088
f 5280//5106 6721//6504 5212//5038
f 4036//3919 5288//5114 6781//6564
f 5271//5097 6773//6556 5288//5114
f 4036//3919 5212//5038 6746//6529
f 4037//3920 5288//5114 6773//6556
f 5281//5107 6781//6564 5288//5114
f 4037//3920 5289//5115 6782//6565
f 4037//3920 5272//5098 6774//6557
f 5289//5115 6774//6557 5273//5099
f 4038//3921 5282//5108 6782//6565
f 5290//5116 6783//6566 5282//5108
f 4038//3921 5273//5099 6775//6558
f 5290//5116 6775//6558 5274//5100
f 4039//3922 5283//5109 6783//6566
f 5291//5117 6784//6567 5283//5109
f 4039//3922 5274//5100 6776//6559
f 5291//5117 6776//6559 5287//5113
f 5284//5110 6784//6567 5291//5117
f 4040//3923 5292//5118 6785//6568
f 5287//5113 6788//6571 5292//5118
f 4041//3924 5292//5118 6788//6571
f 5285//5111 6785//6568 5292//5118
f 4041//3924 5293//5119 6786//6569
f 5275//5101 6777//6560 5293//5119
f 4042//3925 5293//5119 6777//6560
f 5286//5112 6786//6569 5293//5119
f 4042//3925 5294//5120 6787//6570
f 5276//5102 6778//6561 5294//5120
f 5279//5105 6744//6527 5210//5036
f 4043//3926 5297//5123 6780//6563
f 5295//5121 6789//6572 5297//5123
f 4043//3926 5210//5036 6745//6528
f 4044//3927 5298//5124 6779//6562
f 5296//5122 6790//6573 5298//5124
f 4044//3927 5297//5123 6789//6572
f 5278//5104 6780//6563 5297//5123
f 4045//3928 5301//5127 6791//6574
f 5300//5126 6792//6575 5301//5127
f 4045//3928 5298//5124 6790//6573
f 5277//5103 6779//6562 5298//5124
f 5299//5125 6791//6574 5301//5127
f 4046//3929 5294//5120 6778//6561
f 5302//5128 6787//6570 5294//5120
f 4046//3929 5301//5127 6792//6575
f 5276//5102 6777//6560 5319//5145
f 4047//3930 5318//5144 6778//6561
f 5312//5138 6803//6586 5318//5144
f 4047//3930 5319//5145 6802//6585
f 5271//5097 6746//6529 5321//5147
f 4048//3931 5320//5146 6773//6556
f 5307//5133 6798//6581 5320//5146
f 4048//3931 5321//5147 6797//6580
f 4049//3932 5316//5142 6806//6589
f 5322//5148 6801//6584 5316//5142
f 4049//3932 5287//5113 6776//6559
f 4049//3932 5323//5149 6788//6571
f 5213//5039 6739//6522 5324//5150
f 4050//3933 5321//5147 6746//6529
f 5306//5132 6797//6580 5321//5147
f 5324//5150 6793//6576 5306//5132
f 5277//5103 6791//6574 5326//5152
f 4051//3934 5325//5151 6779//6562
f 5313//5139 6804//6587 5325//5151
f 4051//3934 5326//5152 6807//6590
f 5272//5098 6773//6556 5320//5146
f 4052//3935 5327//5153 6774//6557
f 5308//5134 6799//6582 5327//5153
f 4052//3935 5320//5146 6798//6581
f 5317//5143 6807//6590 5326//5152
f 4053//3936 5318//5144 6803//6586
f 5299//5125 6778//6561 5318//5144
f 4053//3936 5326//5152 6791//6574
f 5278//5104 6779//6562 5325//5151
f 4054//3937 5328//5154 6780//6563
f 5314//5140 6805//6588 5328//5154
f 4054//3937 5325//5151 6804//6587
f 4055//3938 5303//5129 6793//6576
f 5329//5155 6794//6577 5303//5129
f 5204//5030 6740//6523 5329//5155
f 4055//3938 5324//5150 6739//6522
f 4056//3939 5273//5099 6774//6557
f 5330//5156 6775//6558 5273//5099
f 4056//3939 5309//5135 6800//6583
f 5327//5153 6799//6582 5309//5135
f 4057//3940 5315//5141 6796//6579
f 5328//5154 6805//6588 5315//5141
f 4057//3940 5279//5105 6780//6563
f 5331//5157 6744//6527 5279//5105
f 4058//3941 5304//5130 6794//6577
f 5332//5158 6795//6578 5304//5130
f 4058//3941 5205//5031 6742//6525
f 5329//5155 6740//6523 5205//5031
f 4059//3942 5274//5100 6775//6558
f 5322//5148 6776//6559 5274//5100
f 4059//3942 5310//5136 6801//6584
f 5330//5156 6800//6583 5310//5136
f 5275//5101 6788//6571 5323//5149
f 4060//3943 5319//5145 6777//6560
f 5311//5137 6802//6585 5319//5145
f 4060//3943 5323//5149 6806//6589
f 4061//3944 5305//5131 6822//6605
f 5331//5157 6796//6579 5305//5131
f 4061//3944 5207//5033 6744//6527
f 5367//5193 6820//6603 5207//5033
f 5313//5139 6807//6590 5344//5170
f 4062//3945 5343//5169 6804//6587
f 5339//5165 6815//6598 5343//5169
f 4062//3945 5344//5170 6817//6600
f 5308//5134 6798//6581 5346//5172
f 4063//3946 5345//5171 6799//6582
f 5336//5162 6811//6594 5345//5171
f 4063//3946 5346//5172 6810//6593
f 5314//5140 6804//6587 5343//5169
f 4064//3947 5348//5174 6805//6588
f 5340//5166 6816//6599 5348//5174
f 4064//3947 5343//5169 6815//6598
f 5309//5135 6799//6582 5345//5171
f 5349//5175 6800//6583 5309//5135
f 5337//5163 6812//6595 5349//5175
f 4065//3948 5345//5171 6811//6594
f 4066//3949 5357//5183 6808//6591
f 4066//3949 5335//5161 6809//6592
f 5360//5186 6810//6593 5335//5161
f 5361//5187 6816//6599 5360//5186
f 4067//3950 5310//5136 6800//6583
f 5350//5176 6801//6584 5310//5136
f 5338//5164 6813//6596 5350//5176
f 4067//3950 5349//5175 6812//6595
f 5312//5138 6802//6585 5341//5167
f 4068//3951 5353//5179 6803//6586
f 4068//3951 5351//5177 6814//6597
f 5341//5167 6813//6596 5351//5177
f 4069//3952 5306//5132 6793//6576
f 4069//3952 5352//5178 6797//6580
f 4069//3952 5334//5160 6809//6592
f 5347//5173 6819//6602 5334//5160
f 5342//5168 6817//6600 5344//5170
f 4070//3953 5353//5179 6814//6597
f 5317//5143 6803//6586 5353//5179
f 4070//3953 5344//5170 6807//6590
f 5307//5133 6797//6580 5352//5178
f 4071//3954 5346//5172 6798//6581
f 5335//5161 6810//6593 5346//5172
f 4071//3954 5352//5178 6809//6592
f 5347//5173 6793//6576 5303//5129
f 4072//3955 5355//5181 6819//6602
f 5354//5180 6818//6601 5355//5181
f 4072//3955 5303//5129 6794//6577
f 4073//3956 5311//5137 6806//6589
f 5341//5167 6802//6585 5311//5137
f 4073//3956 5350//5176 6813//6596
f 5316//5142 6801//6584 5350//5176
f 5354//5180 6794//6577 5304//5130
f 4074//3957 5356//5182 6818//6601
f 5333//5159 6808//6591 5356//5182
f 4074//3957 5304//5130 6795//6578
f 4075//3958 5355//5181 6818//6601
f 4075//3958 5334//5160 6819//6602
f 5357//5183 6809//6592 5334//5160
f 5356//5182 6808//6591 5357//5183
f 4076//3959 5358//5184 6817//6600
f 5338//5164 6812//6595 5358//5184
f 4076//3959 5351//5177 6813//6596
f 5342//5168 6814//6597 5351//5177
f 4077//3960 5359//5185 6815//6598
f 5337//5163 6811//6594 5359//5185
f 4077//3960 5358//5184 6812//6595
f 5339//5165 6817//6600 5358//5184
f 4078//3961 5360//5186 6816//6599
f 5336//5162 6810//6593 5360//5186
f 4078//3961 5359//5185 6811//6594
f 5340//5166 6815//6598 5359//5185
f 5362//5188 6808//6591 5333//5159
f 4079//3962 5305//5131 6796//6579
f 5365//5191 6822//6605 5305//5131
f 5333//5159 6795//6578 5365//5191
f 5361//5187 6808//6591 5362//5188
f 4080//3963 5348//5174 6816//6599
f 5315//5141 6805//6588 5348//5174
f 4080//3963 5362//5188 6796//6579
f 4081//3964 5209//5035 6743//6526
f 5363//5189 6742//6525 5209//5035
f 4081//3964 5366//5192 6820//6603
f 5364//5190 6821//6604 5366//5192
f 4082//3965 5365//5191 6795//6578
f 4082//3965 5367//5193 6822//6605
f 4082//3965 5363//5189 6820//6603
f 5332//5158 6742//6525 5363//5189
f 5369//5195 6613//6396 4995//4821
f 4083//3966 5380//5206 6824//6607
f 5368//5194 6823//6606 5380//5206
f 4083//3966 4995//4821 6614//6397
f 4084//3967 5380//5206 6823//6606
f 5370//5196 6824//6607 5380//5206
f 4084//3967 5381//5207 6825//6608
f 5371//5197 6826//6609 5381//5207
f 4085//3968 5381//5207 6826//6609
f 5376//5202 6825//6608 5381//5207
f 4085//3968 5382//5208 6831//6614
f 5372//5198 6827//6610 5382//5208
f 4086//3969 5382//5208 6827//6610
f 5377//5203 6831//6614 5382//5208
f 5383//5209 6832//6615 5377//5203
f 4086//3969 5373//5199 6828//6611
f 5383//5209 6828//6611 5374//5200
f 4087//3970 5378//5204 6832//6615
f 5384//5210 6833//6616 5378//5204
f 4087//3970 5374//5200 6829//6612
f 5393//5219 6635//6418 5048//4874
f 4088//3971 5385//5211 6835//6618
f 5178//5004 6724//6507 5385//5211
f 4088//3971 5048//4874 6639//6422
f 5403//5229 6633//6416 5010//4836
f 4089//3972 5401//5227 6847//6630
f 5394//5220 6842//6625 5401//5227
f 4089//3972 5010//4836 6635//6418
f 5393//5219 6835//6618 5386//5212
f 5394//5220 6635//6418 5393//5219
f 4090//3973 5404//5230 6842//6625
f 5386//5212 6836//6619 5404//5230
f 4091//3974 5404//5230 6836//6619
f 5395//5221 6842//6625 5404//5230
f 4091//3974 5405//5231 6843//6626
f 5387//5213 6837//6620 5405//5231
f 4092//3975 5427//5253 6855//6638
f 5396//5222 6856//6639 5427//5253
f 4092//3975 5406//5232 6844//6627
f 5388//5214 6838//6621 5406//5232
f 4093//3976 5406//5232 6838//6621
f 5397//5223 6844//6627 5406//5232
f 4093//3976 5407//5233 6845//6628
f 5389//5215 6839//6622 5407//5233
f 4094//3977 5407//5233 6839//6622
f 5398//5224 6845//6628 5407//5233
f 4094//3977 5408//5234 6846//6629
f 5390//5216 6840//6623 5408//5234
f 4095//3978 5409//5235 6615//6398
f 4095//3978 5402//5228 6848//6631
f 5403//5229 6847//6630 5402//5228
f 4095//3978 5007//4833 6633//6416
f 4096//3979 5412//5238 6614//6397
f 5410//5236 6849//6632 5412//5238
f 4096//3979 5409//5235 6848//6631
f 4996//4822 6615//6398 5409//5235
f 4097//3980 5412//5238 6849//6632
f 5368//5194 6614//6397 5412//5238
f 4097//3980 5413//5239 6823//6606
f 5411//5237 6850//6633 5413//5239
f 5490//5316 6889//6672 5492//5318
f 4098//3981 5461//5287 6830//6613
f 5491//5317 6871//6654 5461//5287
f 4098//3981 5492//5318 6888//6671
f 5420//5246 6853//6636 5417//5243
f 4099//3982 5374//5200 6828//6611
f 5418//5244 6829//6612 5374//5200
f 4099//3982 5417//5243 6854//6637
f 4100//3983 5421//5247 6852//6635
f 5373//5199 6827//6610 5421//5247
f 4100//3983 5420//5246 6828//6611
f 5416//5242 6853//6636 5420//5246
f 4101//3984 5422//5248 6851//6634
f 4101//3984 5372//5198 6826//6609
f 4101//3984 5421//5247 6827//6610
f 5415//5241 6852//6635 5421//5247
f 4102//3985 5413//5239 6850//6633
f 5371//5197 6823//6606 5413//5239
f 4102//3985 5422//5248 6826//6609
f 5414//5240 6851//6634 5422//5248
f 4103//3986 5423//5249 6849//6632
f 5401//5227 6842//6625 5423//5249
f 4103//3986 5402//5228 6847//6630
f 5410//5236 6848//6631 5402//5228
f 4104//3987 5423//5249 6842//6625
f 5411//5237 6849//6632 5423//5249
f 4104//3987 5424//5250 6850//6633
f 5395//5221 6843//6626 5424//5250
f 4105//3988 5405//5231 6837//6620
f 5426//5252 6843//6626 5405//5231
f 4105//3988 5427//5253 6856//6639
f 5425//5251 6855//6638 5427//5253
f 4106//3989 5424//5250 6843//6626
f 5414//5240 6850//6633 5424//5250
f 4106//3989 5430//5256 6851//6634
f 5426//5252 6856//6639 5430//5256
f 4107//3990 5430//5256 6856//6639
f 5415//5241 6851//6634 5430//5256
f 4107//3990 5429//5255 6852//6635
f 5396//5222 6844//6627 5429//5255
f 4108//3991 5429//5255 6844//6627
f 5416//5242 6852//6635 5429//5255
f 4108//3991 5431//5257 6853//6636
f 5397//5223 6845//6628 5431//5257
f 4109//3992 5431//5257 6845//6628
f 5417//5243 6853//6636 5431//5257
f 4109//3992 5428//5254 6854//6637
f 5398//5224 6846//6629 5428//5254
f 4110//3993 5172//4998 6722//6505
f 5399//5225 6693//6476 5172//4998
f 5436//5262 6860//6643 5399//5225
f 4110//3993 5433//5259 6858//6641
f 4111//3994 5456//5282 6867//6650
f 5444//5270 6863//6646 5456//5282
f 4111//3994 5392//5218 6841//6624
f 5455//5281 6868//6651 5392//5218
f 5435//5261 6757//6540 5234//5060
f 4112//3995 5438//5264 6861//6644
f 5434//5260 6859//6642 5438//5264
f 4112//3995 5234//5060 6731//6514
f 4113//3996 5432//5258 6750//6533
f 4113//3996 5439//5265 6862//6645
f 5399//5225 6860//6643 5439//5265
f 5237//5063 6693//6476 5399//5225
f 5241//5067 6750//6533 5432//5258
f 4114//3997 5218//5044 6758//6541
f 4114//3997 5440//5266 6861//6644
f 5432//5258 6862//6645 5440//5266
f 4115//3998 5451//5277 6857//6640
f 5159//4985 6859//6642 5451//5277
f 4115//3998 5196//5022 6732//6515
f 5454//5280 6725//6508 5196//5022
f 4116//3999 5457//5283 6866//6649
f 5454//5280 6857//6640 5457//5283
f 4116//3999 5458//5284 6725//6508
f 4116//3999 5459//5285 6869//6652
f 4117//4000 5418//5244 6854//6637
f 5375//5201 6829//6612 5418//5244
f 4117//4000 5443//5269 6830//6613
f 5428//5254 6846//6629 5443//5269
f 4118//4001 5447//5273 6863//6646
f 5390//5216 6839//6622 5447//5273
f 4118//4001 5391//5217 6840//6623
f 5444//5270 6841//6624 5391//5217
f 4119//4002 5441//5267 6865//6648
f 5388//5214 6855//6638 5441//5267
f 4119//4002 5442//5268 6838//6621
f 5445//5271 6864//6647 5442//5268
f 4120//4003 5400//5226 6865//6648
f 5387//5213 6836//6619 5400//5226
f 4120//4003 5425//5251 6837//6620
f 5441//5267 6855//6638 5425//5251
f 4121//4004 5442//5268 6864//6647
f 5389//5215 6838//6621 5442//5268
f 4121//4004 5447//5273 6839//6622
f 5446//5272 6863//6646 5447//5273
f 4122//4005 5450//5276 6866//6649
f 5446//5272 6864//6647 5450//5276
f 4122//4005 5456//5282 6863//6646
f 5453//5279 6867//6650 5456//5282
f 4123//4006 5385//5211 6724//6507
f 5452//5278 6835//6618 5385//5211
f 4123//4006 5458//5284 6869//6652
f 5177//5003 6725//6508 5458//5284
f 5452//5278 6869//6652 5449//5275
f 4124//4007 5386//5212 6835//6618
f 4124//4007 5400//5226 6836//6619
f 4124//4007 5449//5275 6865//6648
f 4125//4008 5450//5276 6864//6647
f 4125//4008 5459//5285 6866//6649
f 5449//5275 6869//6652 5459//5285
f 5445//5271 6865//6648 5449//5275
f 4126//4009 5457//5283 6857//6640
f 5453//5279 6866//6649 5457//5283
f 4126//4009 5448//5274 6867//6650
f 5437//5263 6726//6509 5448//5274
f 4127//4010 5448//5274 6726//6509
f 5455//5281 6867//6650 5448//5274
f 4127//4010 5179//5005 6868//6651
f 5158//4984 6727//6510 5179//5005
f 4128//4011 5460//5286 6829//6612
f 5462//5288 6870//6653 5460//5286
f 4128//4011 5461//5287 6871//6654
f 5375//5201 6830//6613 5461//5287
f 5384//5210 6829//6612 5460//5286
f 4129//4012 5379//5205 6833//6616
f 5463//5289 6834//6617 5379//5205
f 4129//4012 5460//5286 6870//6653
f 4130//4013 5465//5291 6834//6617
f 5474//5300 6873//6656 5465//5291
f 4130//4013 5464//5290 6872//6655
f 5463//5289 6870//6653 5464//5290
f 5474//5300 6872//6655 5466//5292
f 4131//4014 5467//5293 6873//6656
f 5475//5301 6875//6658 5467//5293
f 4131//4014 5466//5292 6874//6657
f 5475//5301 6874//6657 5468//5294
f 4132//4015 5469//5295 6875//6658
f 5476//5302 6877//6660 5469//5295
f 4132//4015 5468//5294 6876//6659
f 5476//5302 6876//6659 5471//5297
f 4133//4016 5470//5296 6877//6660
f 5477//5303 6878//6661 5470//5296
f 4133//4016 5471//5297 6879//6662
f 5477//5303 6879//6662 5473//5299
f 4134//4017 5472//5298 6878//6661
f 5478//5304 6880//6663 5472//5298
f 4134//4017 5473//5299 6881//6664
f 5479//5305 6880//6663 5478//5304
f 4135//4018 5487//5313 6882//6665
f 5480//5306 6883//6666 5487//5313
f 5478//5304 6881//6664 5480//5306
f 5487//5313 6883//6666 5482//5308
f 4136//4019 5481//5307 6882//6665
f 5488//5314 6884//6667 5481//5307
f 4136//4019 5482//5308 6885//6668
f 5488//5314 6885//6668 5483//5309
f 4137//4020 5484//5310 6884//6667
f 5489//5315 6887//6670 5484//5310
f 4137//4020 5483//5309 6886//6669
f 4138//4021 5486//5312 7048//6831
f 5489//5315 6886//6669 5486//5312
f 4138//4021 5485//5311 6887//6670
f 5804//5629 7047//6830 5485//5311
f 4139//4022 5419//5245 6889//6672
f 5408//5234 6840//6623 5419//5245
f 4139//4022 5443//5269 6846//6629
f 5490//5316 6830//6613 5443//5269
f 5493//5319 6890//6673 5497//5323
f 4140//4023 5492//5318 6889//6672
f 5495//5321 6888//6671 5492//5318
f 4140//4023 5497//5323 6892//6675
f 5419//5245 6840//6623 5391//5217
f 5493//5319 6889//6672 5419//5245
f 5498//5324 6890//6673 5493//5319
f 4141//4024 5391//5217 6841//6624
f 5499//5325 6891//6674 5494//5320
f 4142//4025 5392//5218 6868//6651
f 5498//5324 6841//6624 5392//5218
f 4142//4025 5494//5320 6890//6673
f 4143//4026 5179//5005 6727//6510
f 5499//5325 6868//6651 5179//5005
f 4143//4026 5500//5326 6891//6674
f 5157//4983 6728//6511 5500//5326
f 4144//4027 5497//5323 6890//6673
f 5496//5322 6892//6675 5497//5323
f 4144//4027 5502//5328 6893//6676
f 5494//5320 6891//6674 5502//5328
f 4145//4028 5503//5329 6894//6677
f 5500//5326 6728//6511 5503//5329
f 4145//4028 5502//5328 6891//6674
f 5501//5327 6893//6676 5502//5328
f 4146//4029 5503//5329 6728//6511
f 5504//5330 6894//6677 5503//5329
f 4146//4029 5505//5331 6895//6678
f 5156//4982 6721//6504 5505//5331
f 4147//4030 5505//5331 6721//6504
f 5506//5332 6895//6678 5505//5331
f 4147//4030 5507//5333 6896//6679
f 5280//5106 6781//6564 5507//5333
f 4148//4031 5464//5290 6870//6653
f 5509//5335 6872//6655 5464//5290
f 4148//4031 5508//5334 6897//6680
f 5462//5288 6871//6654 5508//5334
f 5509//5335 6897//6680 5510//5336
f 4149//4032 5466//5292 6872//6655
f 5512//5338 6874//6657 5466//5292
f 4149//4032 5510//5336 6898//6681
f 5512//5338 6898//6681 5511//5337
f 4150//4033 5468//5294 6874//6657
f 5513//5339 6876//6659 5468//5294
f 4150//4033 5511//5337 6899//6682
f 5513//5339 6899//6682 5514//5340
f 4151//4034 5471//5297 6876//6659
f 4151//4034 5515//5341 6879//6662
f 4151//4034 5514//5340 6900//6683
f 5515//5341 6900//6683 5516//5342
f 5473//5299 6879//6662 5515//5341
f 4152//4035 5517//5343 6881//6664
f 4152//4035 5516//5342 6901//6684
f 5517//5343 6901//6684 5518//5344
f 4153//4036 5480//5306 6881//6664
f 5519//5345 6883//6666 5480//5306
f 4153//4036 5518//5344 6902//6685
f 4154//4037 5524//5350 6905//6688
f 5482//5308 6883//6666 5524//5350
f 4154//4037 5483//5309 6885//6668
f 5527//5353 6886//6669 5483//5309
f 4155//4038 5507//5333 6781//6564
f 5522//5348 6896//6679 5507//5333
f 4155//4038 5523//5349 6903//6686
f 5281//5107 6782//6565 5523//5349
f 5800//5625 7050//6833 5805//5630
f 5527//5353 6905//6688 5800//5625
f 4156//4039 5486//5312 6886//6669
f 5805//5630 7048//6831 5486//5312
f 5519//5345 6902//6685 5525//5351
f 5524//5350 6883//6666 5519//5345
f 4157//4040 5521//5347 6905//6688
f 4157//4040 5525//5351 6904//6687
f 4158//4041 5806//5631 7049//6832
f 5526//5352 7050//6833 5806//5631
f 4158//4041 5523//5349 6782//6565
f 5520//5346 6903//6686 5523//5349
f 4159//4042 5508//5334 6871//6654
f 5543//5369 6897//6680 5508//5334
f 4159//4042 5534//5360 6913//6696
f 5544//5370 6906//6689 5534//5360
f 4160//4043 5514//5340 6899//6682
f 5545//5371 6900//6683 5514//5340
f 4160//4043 5537//5363 6916//6699
f 5546//5372 6915//6698 5537//5363
f 5542//5368 6920//6703 5548//5374
f 4161//4044 5547//5373 6918//6701
f 4161//4044 5525//5351 6902//6685
f 5548//5374 6904//6687 5525//5351
f 5532//5358 6910//6693 5550//5376
f 4162//4045 5549//5375 6911//6694
f 5504//5330 6895//6678 5549//5375
f 4162//4045 5550//5376 6894//6677
f 5520//5346 7049//6832 5807//5632
f 4163//4046 5551//5377 6903//6686
f 5540//5366 6919//6702 5551//5377
f 4163//4046 5807//5632 7051//6834
f 4164//4047 5510//5336 6897//6680
f 5552//5378 6898//6681 5510//5336
f 5535//5361 6914//6697 5552//5378
f 5543//5369 6913//6696 5535//5361
f 4165//4048 5516//5342 6900//6683
f 5553//5379 6901//6684 5516//5342
f 5538//5364 6917//6700 5553//5379
f 4165//4048 5545//5371 6916//6699
f 4166//4049 5529//5355 6907//6690
f 5554//5380 6908//6691 5529//5355
f 5495//5321 6892//6675 5554//5380
f 5555//5381 6888//6671 5495//5321
f 4167//4050 5511//5337 6898//6681
f 5546//5372 6899//6682 5511//5337
f 5536//5362 6915//6698 5546//5372
f 4167//4050 5552//5378 6914//6697
f 5533//5359 6911//6694 5549//5375
f 4168//4051 5556//5382 6912//6695
f 5506//5332 6896//6679 5556//5382
f 4168//4051 5549//5375 6895//6678
f 5541//5367 6912//6695 5556//5382
f 4169//4052 5551//5377 6919//6702
f 5522//5348 6903//6686 5551//5377
f 4169//4052 5556//5382 6896//6679
f 5531//5357 6909//6692 5557//5383
f 4170//4053 5550//5376 6910//6693
f 5501//5327 6894//6677 5550//5376
f 4170//4053 5557//5383 6893//6676
f 4171//4054 5530//5356 6908//6691
f 4171//4054 5557//5383 6909//6692
f 5496//5322 6893//6676 5557//5383
f 4171//4054 5554//5380 6892//6675
f 4172//4055 5528//5354 6906//6689
f 5555//5381 6907//6690 5528//5354
f 4172//4055 5491//5317 6888//6671
f 5544//5370 6871//6654 5491//5317
f 4173//4056 5518//5344 6901//6684
f 5547//5373 6902//6685 5518//5344
f 5539//5365 6918//6701 5547//5373
f 4173//4056 5553//5379 6917//6700
f 5540//5366 7051//6834 5808//5633
f 4174//4057 5571//5397 6919//6702
f 5568//5394 6933//6716 5571//5397
f 4174//4057 5808//5633 7052//6835
f 4175//4058 5535//5361 6913//6696
f 4175//4058 5573//5399 6914//6697
f 4175//4058 5563//5389 6928//6711
f 5574//5400 6927//6710 5563//5389
f 5569//5395 6926//6709 5576//5402
f 4176//4059 5571//5397 6933//6716
f 5541//5367 6919//6702 5571//5397
f 4176//4059 5576//5402 6912//6695
f 5536//5362 6914//6697 5573//5399
f 4177//4060 5577//5403 6915//6698
f 4177//4060 5564//5390 6929//6712
f 4177//4060 5573//5399 6928//6711
f 4178//4061 5570//5396 6934//6717
f 4178//4061 5579//5405 6932//6715
f 5542//5368 6918//6701 5579//5405
f 4178//4061 5572//5398 6920//6703
f 4179//4062 5537//5363 6915//6698
f 5580//5406 6916//6699 5537//5363
f 5565//5391 6930//6713 5580//5406
f 5577//5403 6929//6712 5565//5391
f 4180//4063 5990//5815 7138//6921
f 5602//5428 7137//6920 5990//5815
f 4180//4063 5560//5386 6939//6722
f 5982//5807 6924//6707 5560//5386
f 4181//4064 5538//5364 6916//6699
f 4181//4064 5582//5408 6917//6700
f 4181//4064 5566//5392 6931//6714
f 5580//5406 6930//6713 5566//5392
f 5561//5387 6925//6708 5581//5407
f 4182//4065 5576//5402 6926//6709
f 5533//5359 6912//6695 5576//5402
f 4182//4065 5581//5407 6911//6694
f 4183//4066 5558//5384 6921//6704
f 5583//5409 6922//6705 5558//5384
f 4183//4066 5528//5354 6907//6690
f 5584//5410 6906//6689 5528//5354
f 5539//5365 6917//6700 5582//5408
f 4184//4067 5579//5405 6918//6701
f 5567//5393 6932//6715 5579//5405
f 5582//5408 6931//6714 5567//5393
f 4185//4068 5534//5360 6906//6689
f 5574//5400 6913//6696 5534//5360
f 4185//4068 5562//5388 6927//6710
f 5584//5410 6921//6704 5562//5388
f 4186//4069 5559//5385 6922//6705
f 5575//5401 6923//6706 5559//5385
f 4186//4069 5529//5355 6908//6691
f 5583//5409 6907//6690 5529//5355
f 5991//5816 7134//6917 5978//5803
f 4187//4070 5598//5424 7133//6916
f 5561//5387 6926//6709 5598//5424
f 4187//4070 5978//5803 6925//6708
f 4188//4071 5560//5386 6924//6707
f 5939//5764 6939//6722 5560//5386
f 4188//4071 5929//5754 7114//6897
f 5940//5765 6946//6729 5929//5754
f 5587//5413 6923//6706 5588//5414
f 4189//4072 5581//5407 6925//6708
f 5532//5358 6911//6694 5581//5407
f 4189//4072 5588//5414 6910//6693
f 5575//5401 6908//6691 5530//5356
f 4190//4073 5588//5414 6923//6706
f 5531//5357 6910//6693 5588//5414
f 4190//4073 5530//5356 6909//6692
f 4191//4074 5992//5817 7145//6928
f 5604//5430 7139//6922 5992//5817
f 4191//4074 5594//5420 6945//6728
f 5809//5634 7053//6836 5594//5420
f 4192//4075 5993//5818 7137//6920
f 5606//5432 7140//6923 5993//5818
f 5589//5415 6940//6723 5606//5432
f 4192//4075 5602//5428 6939//6722
f 4193//4076 5994//5819 7138//6921
f 5607//5433 7141//6924 5994//5819
f 4193//4076 5558//5384 6922//6705
f 5603//5429 6921//6704 5558//5384
f 5995//5820 7133//6916 5598//5424
f 4194//4077 5983//5808 7139//6922
f 5569//5395 6933//6716 5983//5808
f 4194//4077 5598//5424 6926//6709
f 4195//4078 5996//5821 7140//6923
f 5608//5434 7142//6925 5996//5821
f 4195//4078 5590//5416 6941//6724
f 4195//4078 5606//5432 6940//6723
f 4196//4079 5997//5822 7141//6924
f 4196//4079 5609//5435 7143//6926
f 4196//4079 5559//5385 6923//6706
f 5607//5433 6922//6705 5559//5385
f 4197//4080 5998//5823 7135//6918
f 5809//5634 7145//6928 5998//5823
f 4197//4080 5596//5422 7053//6836
f 5979//5804 6943//6726 5596//5422
f 4198//4081 5999//5824 7142//6925
f 4198//4081 5610//5436 7144//6927
f 5591//5417 6942//6725 5610//5436
f 5608//5434 6941//6724 5591//5417
f 6000//5825 7143//6926 5609//5435
f 4199//4082 5978//5803 7134//6917
f 5587//5413 6925//6708 5978//5803
f 4199//4082 5609//5435 6923//6706
f 6001//5826 7144//6927 5610//5436
f 4200//4083 5980//5805 7136//6919
f 5592//5418 6943//6726 5980//5805
f 4200//4083 5610//5436 6942//6725
f 4965//4791 6613//6396 5613//5439
f 4201//4084 4946//4772 6601//6384
f 4201//4084 4963//4789 6602//6385
f 5613//5439 6612//6395 4963//4789
f 4202//4085 5614//5440 6610//6393
f 5615//5441 6949//6732 5614//5440
f 4202//4085 5611//5437 6947//6730
f 4202//4085 4964//4790 6612//6395
f 5613//5439 6613//6396 5612//5438
f 5611//5437 6612//6395 5613//5439
f 4203//4086 5616//5442 6947//6730
f 4203//4086 5612//5438 6948//6731
f 5612//5438 6613//6396 5369//5195
f 4204//4087 5618//5444 6948//6731
f 5619//5445 6951//6734 5618//5444
f 4204//4087 5369//5195 6824//6607
f 4205//4088 5620//5446 6947//6730
f 5621//5447 6952//6735 5620//5446
f 4205//4088 5618//5444 6951//6734
f 4205//4088 5616//5442 6948//6731
f 4206//4089 5620//5446 6952//6735
f 5615//5441 6947//6730 5620//5446
f 4206//4089 5617//5443 6949//6732
f 5622//5448 6950//6733 5617//5443
f 4207//4090 5619//5445 6824//6607
f 4207//4090 5625//5451 6951//6734
f 4207//4090 5626//5452 6955//6738
f 5370//5196 6825//6608 5626//5452
f 5625//5451 6955//6738 5627//5453
f 5621//5447 6951//6734 5625//5451
f 4208//4091 5624//5450 6952//6735
f 4208//4091 5627//5453 6954//6737
f 4209//4092 5623//5449 6950//6733
f 5628//5454 6953//6736 5623//5449
f 4209//4092 5624//5450 6954//6737
f 5622//5448 6952//6735 5624//5450
f 4210//4093 5629//5455 6953//6736
f 5633//5459 6956//6739 5629//5455
f 4210//4093 5632//5458 6958//6741
f 5628//5454 6954//6737 5632//5458
f 5632//5458 6954//6737 5627//5453
f 4211//4094 5631//5457 6958//6741
f 5634//5460 6957//6740 5631//5457
f 4211//4094 5627//5453 6955//6738
f 4212//4095 5626//5452 6825//6608
f 5634//5460 6955//6738 5626//5452
f 4212//4095 5630//5456 6957//6740
f 5376//5202 6831//6614 5630//5456
f 4213//4096 5638//5464 6960//6743
f 5633//5459 6958//6741 5638//5464
f 4213//4096 5639//5465 6956//6739
f 4213//4096 5637//5463 6961//6744
f 4214//4097 5640//5466 6959//6742
f 5631//5457 6957//6740 5640//5466
f 4214//4097 5638//5464 6958//6741
f 5636//5462 6960//6743 5638//5464
f 4215//4098 5630//5456 6831//6614
f 5640//5466 6957//6740 5630//5456
f 5635//5461 6959//6742 5640//5466
f 4215//4098 5377//5203 6832//6615
f 5644//5470 6963//6746 5643//5469
f 4216//4099 5637//5463 6960//6743
f 5645//5471 6961//6744 5637//5463
f 4216//4099 5643//5469 6964//6747
f 5646//5472 6962//6745 5642//5468
f 5636//5462 6959//6742 5646//5472
f 5644//5470 6960//6743 5636//5462
f 4217//4100 5642//5468 6963//6746
f 5635//5461 6832//6615 5378//5204
f 4218//4101 5646//5472 6959//6742
f 5641//5467 6962//6745 5646//5472
f 4218//4101 5378//5204 6833//6616
f 5650//5476 6966//6749 5649//5475
f 4219//4102 5643//5469 6963//6746
f 5651//5477 6964//6747 5643//5469
f 4219//4102 5649//5475 6967//6750
f 5641//5467 6833//6616 5379//5205
f 4220//4103 5652//5478 6962//6745
f 5647//5473 6965//6748 5652//5478
f 4220//4103 5379//5205 6834//6617
f 5652//5478 6965//6748 5648//5474
f 4221//4104 5642//5468 6962//6745
f 5650//5476 6963//6746 5642//5468
f 4221//4104 5648//5474 6966//6749
f 5656//5482 6969//6752 5655//5481
f 4222//4105 5649//5475 6966//6749
f 5657//5483 6967//6750 5649//5475
f 4222//4105 5655//5481 6970//6753
f 5658//5484 6968//6751 5654//5480
f 4223//4106 5648//5474 6965//6748
f 5656//5482 6966//6749 5648//5474
f 4223//4106 5654//5480 6969//6752
f 5647//5473 6834//6617 5465//5291
f 4224//4107 5658//5484 6965//6748
f 5653//5479 6968//6751 5658//5484
f 4224//4107 5465//5291 6873//6656
f 5659//5485 6971//6754 5661//5487
f 4225//4108 5655//5481 6969//6752
f 5660//5486 6970//6753 5655//5481
f 4225//4108 5661//5487 6972//6755
f 5653//5479 6873//6656 5467//5293
f 5662//5488 6968//6751 5653//5479
f 4226//4109 5663//5489 6973//6756
f 4226//4109 5467//5293 6875//6658
f 4227//4110 5662//5488 6973//6756
f 4227//4110 5654//5480 6968//6751
f 5659//5485 6969//6752 5654//5480
f 5664//5490 6971//6754 5659//5485
f 5665//5491 6974//6757 5672//5497
f 7616//7399 5661//5487 6971//6754
f 7648//7431 6972//6755 5661//5487
f 4228//4111 5672//5497 6975//6758
f 4229//4112 5672//5497 6974//6757
f 4229//4112 5667//5493 6975//6758
f 5673//5498 6976//6759 5667//5493
f 4229//4112 5670//5495 6979//6762
f 5673//5498 6979//6762 5671//5496
f 4230//4113 5668//5494 6976//6759
f 5674//5499 6977//6760 5668//5494
f 4230//4113 5671//5496 6980//6763
f 5688//5513 7553//7336 7559//7342
f 6989//6772 7562//7345 7555//7338
f 4238//4121 5740//5565 7552//7335
f 7558//7341 7551//7334 5675//5500
f 7617//7400 5677//5502 6983//6766
f 7647//7430 6971//6754 5677//5502
f 4231//4114 5679//5504 6974//6757
f 5678//5503 6984//6767 5679//5504
f 4232//4115 5679//5504 6984//6767
f 5670//5495 6974//6757 5679//5504
f 5682//5507 6979//6762 5670//5495
f 5681//5506 6986//6769 5682//5507
f 5680//5505 6985//6768 7650//7433
f 7649//7432 6983//6766 5680//5505
f 4233//4116 5681//5506 6984//6767
f 4233//4116 5683//5508 6986//6769
f 4234//4117 5677//5502 6971//6754
f 5684//5509 6983//6766 5677//5502
f 5676//5501 6982//6765 5684//5509
f 4234//4117 5664//5490 6973//6756
f 5663//5489 6875//6658 5469//5295
f 5676//5501 6973//6756 5663//5489
f 4235//4118 5685//5510 6982//6765
f 5469//5295 6877//6660 5685//5510
f 5682//5507 6986//6769 5689//5514
f 4236//4119 5671//5496 6979//6762
f 5688//5513 6980//6763 5671//5496
f 4236//4119 5689//5514 6988//6771
f 7619//7402 5686//5511 6987//6770
f 7619//7402 7650//7433 6985//6768
f 4237//4120 5689//5514 6986//6769
f 5687//5512 6988//6771 5689//5514
f 5692//5517 6990//6773 7642//7425
f 7651//7434 6987//6770 5692//5517
f 7561//7344 7553//7336 5688//5513
f 7554//7337 7562//7345 6989//6772
f 7550//7333 5674//5499 6980//6763
f 7552//7335 7561//7344 6988//6771
f 7560//7343 7554//7337 5690//5515
f 7557//7340 6977//6760 5674//5499
f 5684//5509 6982//6765 5693//5518
f 4239//4122 5680//5505 6983//6766
f 5696//5521 6985//6768 5680//5505
f 4239//4122 5693//5518 6991//6774
f 5696//5521 6991//6774 5694//5519
f 4240//4123 5686//5511 6985//6768
f 5697//5522 6987//6770 5686//5511
f 5694//5519 6992//6775 5697//5522
f 5697//5522 6992//6775 5695//5520
f 4241//4124 5692//5517 6987//6770
f 4241//4124 5698//5523 6990//6773
f 5695//5520 6993//6776 5698//5523
f 4242//4125 5685//5510 6877//6660
f 5693//5518 6982//6765 5685//5510
f 5699//5524 6991//6774 5693//5518
f 5470//5296 6878//6661 5699//5524
f 5699//5524 6878//6661 5700//5525
f 4243//4126 5694//5519 6991//6774
f 5702//5527 6992//6775 5694//5519
f 4243//4126 5700//5525 6994//6777
f 5702//5527 6994//6777 5703//5528
f 5708//5533 6992//6775 5702//5527
f 4244//4127 5704//5529 7000//6783
f 4244//4127 5703//5528 6996//6779
f 5700//5525 6878//6661 5472//5298
f 4245//4128 5705//5530 6994//6777
f 4245//4128 5701//5526 6995//6778
f 4245//4128 5472//5298 6880//6663
f 4246//4129 5709//5534 7000//6783
f 4246//4129 5710//5535 7001//6784
f 4246//4129 5707//5532 6998//6781
f 5704//5529 6996//6779 5707//5532
f 4247//4130 5708//5533 7000//6783
f 5695//5520 6992//6775 5708//5533
f 4247//4130 5711//5536 6993//6776
f 5709//5534 7001//6784 5711//5536
f 5712//5537 6990//6773 5698//5523
f 4248//4131 5713//5538 6997//6780
f 5706//5531 6999//6782 5713//5538
f 4248//4131 5698//5523 6993//6776
f 4249//4132 5711//5536 7001//6784
f 5706//5531 6993//6776 5711//5536
f 4249//4132 5715//5540 6999//6782
f 5714//5539 7002//6785 5715//5540
f 5717//5542 7003//6786 5716//5541
f 5710//5535 6998//6781 5717//5542
f 5714//5539 7001//6784 5710//5535
f 4250//4133 5716//5541 7002//6785
f 5720//5545 7006//6789 5722//5547
f 4251//4134 5713//5538 6999//6782
f 5721//5546 6997//6780 5713//5538
f 4251//4134 5722//5547 7007//6790
f 5720//5545 6999//6782 5715//5540
f 4252//4135 5723//5548 7006//6789
f 5719//5544 7005//6788 5723//5548
f 4252//4135 5715//5540 7002//6785
f 5719//5544 7002//6785 5716//5541
f 4253//4136 5724//5549 7005//6788
f 5718//5543 7004//6787 5724//5549
f 4253//4136 5716//5541 7003//6786
f 5728//5553 7011//6794 5729//5554
f 4254//4137 5724//5549 7004//6787
f 5727//5552 7005//6788 5724//5549
f 4254//4137 5729//5554 7010//6793
f 5727//5552 7010//6793 5730//5555
f 4255//4138 5723//5548 7005//6788
f 5726//5551 7006//6789 5723//5548
f 4255//4138 5730//5555 7009//6792
f 4256//4139 5726//5551 7009//6792
f 4256//4139 5722//5547 7006//6789
f 5725//5550 7007//6790 5722//5547
f 5731//5556 7008//6791 5725//5550
f 4257//4140 5733//5558 6978//6761
f 4257//4140 5736//5561 7013//6796
f 5734//5559 7015//6798 5736//5561
f 5675//5500 6981//6764 5734//5559
f 4258//4141 5734//5559 6981//6764
f 4258//4141 5737//5562 7015//6798
f 5735//5560 7016//6799 5737//5562
f 5690//5515 6989//6772 5735//5560
f 4259//4142 5735//5560 6989//6772
f 4259//4142 5738//5563 7016//6799
f 5712//5537 6997//6780 7652//7435
f 7621//7404 7642//7425 6990//6773
f 7622//7405 7652//7435 6997//6780
f 7542//7325 7549//7332 7018//6801
f 4260//4143 5784//5609 7538//7321
f 5721//5546 7007//6790 7653//7436
f 7546//7329 7015//6798 5737//5562
f 7548//7331 7542//7325 5742//5567
f 4266//4149 5736//5561 7015//6798
f 7541//7324 5741//5566 7018//6801
f 7544//7327 7013//6796 5736//5561
f 7538//7321 7547//7330 7016//6799
f 7543//7326 7548//7331 7017//6800
f 4260//4143 5741//5566 7541//7324
f 5744//5569 7014//6797 5743//5568
f 4263//4146 5747//5572 7019//6802
f 5746//5571 7021//6804 5747//5572
f 4263//4146 5743//5568 7017//6800
f 5746//5571 7017//6800 5742//5567
f 4264//4147 5748//5573 7021//6804
f 5745//5570 7020//6803 5748//5573
f 4264//4147 5742//5567 7018//6801
f 7623//7406 7653//7436 7007//6790
f 5745//5570 7018//6801 5741//5566
f 4265//4148 5749//5574 7020//6803
f 5725//5550 7008//6791 7654//7437
f 7535//7318 7026//6809 5756//5581
f 7532//7315 7523//7306 5748//5573
f 7530//7313 5758//5583 7025//6808
f 7522//7305 5747//5572 7021//6804
f 7531//7314 7019//6802 5747//5572
f 7529//7312 5757//5582 7026//6809
f 7524//7307 7532//7315 7020//6803
f 4268//4151 5758//5583 7530//7313
f 5752//5577 7024//6807 7655//7438
f 7624//7407 7654//7437 7008//6791
f 7534//7317 7025//6808 5757//5582
f 5756//5581 7027//6810 7536//7319
f 5752//5577 7008//6791 5731//5556
f 4269//4152 5759//5584 7024//6807
f 5751//5576 7023//6806 5759//5584
f 4269//4152 5731//5556 7009//6792
f 5751//5576 7009//6792 5730//5555
f 4270//4153 5760//5585 7023//6806
f 5750//5575 7022//6805 5760//5585
f 4270//4153 5730//5555 7010//6793
f 5750//5575 7010//6793 5729//5554
f 4271//4154 5761//5586 7022//6805
f 5732//5557 7012//6795 5761//5586
f 4271//4154 5729//5554 7011//6794
f 5762//5587 7028//6811 5764//5589
f 4272//4155 5761//5586 7012//6795
f 5763//5588 7022//6805 5761//5586
f 4272//4155 5764//5589 7029//6812
f 5763//5588 7029//6812 5766//5591
f 4273//4156 5760//5585 7022//6805
f 5765//5590 7023//6806 5760//5585
f 4273//4156 5766//5591 7030//6813
f 4274//4157 5767//5592 7031//6814
f 5764//5589 7028//6811 5767//5592
f 5768//5593 7029//6812 5764//5589
f 4274//4157 5770//5595 7032//6815
f 4275//4158 5768//5593 7032//6815
f 4275//4158 5766//5591 7029//6812
f 5769//5594 7030//6813 5766//5591
f 5771//5596 7033//6816 5769//5594
f 5774//5599 7036//6819 5776//5601
f 4276//4159 5756//5581 7026//6809
f 5775//5600 7027//6810 5756//5581
f 4276//4159 5776//5601 7037//6820
f 5773//5598 7035//6818 5777//5602
f 4277//4160 5757//5582 7025//6808
f 5774//5599 7026//6809 5757//5582
f 4277//4160 5777//5602 7036//6819
f 7625//7408 5772//5597 7034//6817
f 7655//7438 7024//6807 5772//5597
f 5773//5598 7025//6808 5758//5583
f 4278//4161 5778//5603 7035//6818
f 5765//5590 7030//6813 5779//5604
f 4279//4162 5759//5584 7023//6806
f 5772//5597 7024//6807 5759//5584
f 4279//4162 5779//5604 7034//6817
f 4280//4163 5779//5604 7030//6813
f 4280//4163 5780//5605 7034//6817
f 5781//5606 7038//6821 5780//5605
f 4280//4163 5769//5594 7033//6816
f 4447//4330 7458//7241 7037//6820
f 4281//4164 6097//5922 7467//7250
f 7459//7242 4447//4330 5776//5601
f 7467//7250 7460//7243 7035//6818
f 7465//7248 5783//5608 7040//6823
f 7041//6824 7455//7238 7462//7245
f 7457//7240 7039//6822 5783//5608
f 4446//4329 7459//7242 7036//6819
f 5780//5605 7038//6821 7643//7426
f 7626//7409 7656//7439 7034//6817
f 4281//4164 5785//5610 7462//7245
f 7466//7249 5782//5607 7039//6822
f 4282//4165 5705//5530 6995//6778
f 4282//4165 5703//5528 6994//6777
f 5787//5612 6996//6779 5703//5528
f 4282//4165 5786//5611 7042//6825
f 4283//4166 5701//5526 6880//6663
f 4283//4166 5786//5611 6995//6778
f 4283//4166 5788//5613 7042//6825
f 5479//5305 6882//6665 5788//5613
f 5787//5612 7042//6825 5789//5614
f 4284//4167 5707//5532 6996//6779
f 5790//5615 6998//6781 5707//5532
f 4284//4167 5789//5614 7043//6826
f 4285//4168 5788//5613 6882//6665
f 5789//5614 7042//6825 5788//5613
f 4285//4168 5791//5616 7043//6826
f 5481//5307 6884//6667 5791//5616
f 4286//4169 5791//5616 6884//6667
f 5792//5617 7043//6826 5791//5616
f 4286//4169 5793//5618 7044//6827
f 5484//5310 6887//6670 5793//5618
f 5795//5620 7046//6829 5796//5621
f 4287//4170 5793//5618 6887//6670
f 5794//5619 7044//6827 5793//5618
f 4287//4170 5796//5621 7045//6828
f 4288//4171 5798//5623 6783//6566
f 5804//5629 7048//6831 5798//5623
f 4288//4171 5797//5622 7047//6830
f 5283//5109 6784//6567 5797//5622
f 5526//5352 6782//6565 5282//5108
f 4289//4172 5805//5630 7050//6833
f 5798//5623 7048//6831 5805//5630
f 4289//4172 5282//5108 6783//6566
f 4290//4173 5521//5347 6904//6687
f 5800//5625 6905//6688 5521//5347
f 4290//4173 5806//5631 7050//6833
f 5799//5624 7049//6832 5806//5631
f 5799//5624 6904//6687 5548//5374
f 4291//4174 5807//5632 7049//6832
f 5801//5626 7051//6834 5807//5632
f 4291//4174 5548//5374 6920//6703
f 4292//4175 5801//5626 6920//6703
f 4292//4175 5808//5633 7051//6834
f 4292//4175 5802//5627 7052//6835
f 5572//5398 6934//6717 5802//5627
f 5592//5418 6942//6725 5942//5767
f 4293//4176 5941//5766 6943//6726
f 5932//5757 7118//6901 5941//5766
f 4293//4176 5942//5767 7117//6900
f 5815//5640 7055//6838 5813//5638
f 5816//5641 7060//6843 5815//5640
f 5819//5644 7063//6846 5816//5641
f 4294//4177 5813//5638 7062//6845
f 4295//4178 5817//5642 7060//6843
f 5820//5645 7056//6839 5817//5642
f 4295//4178 5825//5650 7057//6840
f 5816//5641 7063//6846 5825//5650
f 4296//4179 5826//5651 7059//6842
f 5820//5645 7057//6840 5826//5651
f 4296//4179 5828//5653 7056//6839
f 5827//5652 7058//6841 5828//5653
f 5822//5647 7045//6828 5796//5621
f 4297//4180 5827//5652 7059//6842
f 5824//5649 7058//6841 5827//5652
f 4297//4180 5796//5621 7046//6829
f 5891//5716 7094//6877 5897//5722
f 5770//5595 7031//6814 5891//5716
f 4298//4181 5892//5717 7032//6815
f 5897//5722 7095//6878 5892//5717
f 4299//4182 5797//5622 6784//6567
f 5485//5311 7047//6830 5797//5622
f 5795//5620 6887//6670 5485//5311
f 4299//4182 5823//5648 7046//6829
f 4300//4183 6130//5955 7208//6991
f 5823//5648 6784//6567 6130//5955
f 4300//4183 5824//5649 7046//6829
f 5821//5646 7058//6841 5824//5649
f 4301//4184 5814//5639 7054//6837
f 4301//4184 5813//5638 7055//6838
f 5818//5643 7062//6845 5813//5638
f 4301//4184 5811//5636 7061//6844
f 4302//4185 5767//5592 7028//6811
f 5844//5669 7031//6814 5767//5592
f 4302//4185 5834//5659 7070//6853
f 5845//5670 7069//6852 5834//5659
f 5839//5664 7077//6860 5847//5672
f 4303//4186 5846//5671 7076//6859
f 5818//5643 7061//6844 5846//5671
f 4303//4186 5847//5672 7062//6845
f 4304//4187 5762//5587 7012//6795
f 5845//5670 7028//6811 5762//5587
f 4304//4187 5833//5658 7069//6852
f 5848//5673 7068//6851 5833//5658
f 4305//4188 5836//5661 7071//6854
f 5849//5674 7072//6855 5836//5661
f 4305//4188 5792//5617 7044//6827
f 5850//5675 7043//6826 5792//5617
f 5732//5557 7011//6794 5851//5676
f 5848//5673 7012//6795 5732//5557
f 4306//4189 5832//5657 7068//6851
f 5851//5676 7067//6850 5832//5657
f 5840//5665 7078//6861 5852//5677
f 4307//4190 5847//5672 7077//6860
f 5819//5644 7062//6845 5847//5672
f 4307//4190 5852//5677 7063//6846
f 5842//5667 7074//6857 5853//5678
f 4308//4191 5852//5677 7078//6861
f 5825//5650 7063//6846 5852//5677
f 4308//4191 5853//5678 7057//6840
f 5717//5542 6998//6781 5855//5680
f 4309//4192 5854//5679 7003//6786
f 5829//5654 7065//6848 5854//5679
f 5855//5680 7064//6847 5829//5654
f 5728//5553 7004//6787 5856//5681
f 4310//4193 5851//5676 7011//6794
f 5831//5656 7067//6850 5851//5676
f 4310//4193 5856//5681 7066//6849
f 4311//4194 5837//5662 7072//6855
f 5857//5682 7073//6856 5837//5662
f 4311//4194 5794//5619 7045//6828
f 5849//5674 7044//6827 5794//5619
f 5810//5635 7094//6877 5898//5723
f 4312//4195 5846//5671 7061//6844
f 5838//5663 7076//6859 5846//5671
f 4312//4195 5898//5723 7096//6879
f 4313//4196 5843//5668 7075//6858
f 4313//4196 5853//5678 7074//6857
f 4313//4196 5826//5651 7057//6840
f 5858//5683 7059//6842 5826//5651
f 5718//5543 7003//6786 5854//5679
f 4314//4197 5856//5681 7004//6787
f 5830//5655 7066//6849 5856//5681
f 4314//4197 5854//5679 7065//6848
f 4315//4198 5835//5660 7064//6847
f 4315//4198 5850//5675 7071//6854
f 5790//5615 7043//6826 5850//5675
f 4315//4198 5855//5680 6998//6781
f 4316//4199 5841//5666 7073//6856
f 5858//5683 7075//6858 5841//5666
f 4316//4199 5822//5647 7059//6842
f 5857//5682 7045//6828 5822//5647
f 4317//4200 5899//5724 7097//6880
f 5838//5663 7096//6879 5899//5724
f 4317//4200 5884//5709 7076//6859
f 5894//5719 7091//6874 5884//5709
f 5872//5697 7083//6866 5871//5696
f 4318//4201 5833//5658 7068//6851
f 4318//4201 5834//5659 7069//6852
f 5871//5696 7070//6853 5834//5659
f 4319//4202 5829//5654 7064//6847
f 4319//4202 5874//5699 7065//6848
f 4319//4202 5859//5684 7080//6863
f 5875//5700 7079//6862 5859//5684
f 5867//5692 7090//6873 5876//5701
f 4320//4203 5873//5698 7089//6872
f 5840//5665 7077//6860 5873//5698
f 4320//4203 5876//5701 7078//6861
f 4321//4204 5863//5688 7079//6862
f 5877//5702 7084//6867 5863//5688
f 4321//4204 5835//5660 7071//6854
f 5875//5700 7064//6847 5835//5660
f 5830//5655 7065//6848 5874//5699
f 4322//4205 5878//5703 7066//6849
f 5860//5685 7081//6864 5878//5703
f 4322//4205 5874//5699 7080//6863
f 5868//5693 7086//6869 5880//5705
f 4323//4206 5879//5704 7088//6871
f 4323//4206 5841//5666 7075//6858
f 5880//5705 7073//6856 5841//5666
f 4324//4207 5864//5689 7084//6867
f 4324//4207 5881//5706 7085//6868
f 4324//4207 5836//5661 7072//6855
f 5877//5702 7071//6854 5836//5661
f 5831//5656 7066//6849 5878//5703
f 4325//4208 5882//5707 7067//6850
f 5861//5686 7082//6865 5882//5707
f 4325//4208 5878//5703 7081//6864
f 5869//5694 7087//6870 5883//5708
f 4326//4209 5876//5701 7090//6873
f 5842//5667 7078//6861 5876//5701
f 4326//4209 5883//5708 7074//6857
f 4327//4210 5865//5690 7085//6868
f 5880//5705 7086//6869 5865//5690
f 4327//4210 5837//5662 7073//6856
f 5881//5706 7072//6855 5837//5662
f 4328//4211 5832//5657 7067//6850
f 5872//5697 7068//6851 5832//5657
f 4328//4211 5862//5687 7083//6866
f 5882//5707 7082//6865 5862//5687
f 5870//5695 7088//6871 5879//5704
f 4329//4212 5883//5708 7087//6870
f 5843//5668 7074//6857 5883//5708
f 4329//4212 5879//5704 7075//6858
f 4330//4213 5873//5698 7077//6860
f 5866//5691 7089//6872 5873//5698
f 4330//4213 5884//5709 7091//6874
f 5839//5664 7076//6859 5884//5709
f 5895//5720 7098//6881 5900//5725
f 4331//4214 5862//5687 7082//6865
f 5885//5710 7083//6866 5862//5687
f 4331//4214 5900//5725 7097//6880
f 4332//4215 5896//5721 7099//6882
f 5861//5686 7081//6864 5896//5721
f 5895//5720 7082//6865 5861//5686
f 4332//4215 5901//5726 7098//6881
f 5810//5635 7061//6844 5811//5636
f 4333//4216 5897//5722 7094//6877
f 4333//4216 5812//5637 7095//6878
f 5811//5636 7054//6837 5812//5637
f 5891//5716 7031//6814 5844//5669
f 4334//4217 5898//5723 7094//6877
f 5893//5718 7096//6879 5898//5723
f 4334//4217 5844//5669 7070//6853
f 4335//4218 5871//5696 7083//6866
f 5893//5718 7070//6853 5871//5696
f 4335//4218 5899//5724 7096//6879
f 5885//5710 7097//6880 5899//5724
f 5886//5711 7089//6872 5866//5691
f 4336//4219 5900//5725 7098//6881
f 5894//5719 7097//6880 5900//5725
f 4336//4219 5866//5691 7091//6874
f 5887//5712 7090//6873 5867//5692
f 5901//5726 7099//6882 5887//5712
f 5886//5711 7098//6881 5901//5726
f 4337//4220 5867//5692 7089//6872
f 5888//5713 7087//6870 5869//5694
f 4338//4221 5889//5714 7093//6876
f 5887//5712 7099//6882 5889//5714
f 4338//4221 5869//5694 7090//6873
f 4339//4222 5903//5728 7092//6875
f 5860//5685 7080//6863 5903//5728
f 4339//4222 5896//5721 7081//6864
f 5890//5715 7099//6882 5896//5721
f 4340//4223 5890//5715 7092//6875
f 5889//5714 7099//6882 5890//5715
f 4340//4223 5902//5727 7093//6876
f 5904//5729 7100//6883 5902//5727
f 4341//4224 5903//5728 7080//6863
f 5915//5740 7092//6875 5903//5728
f 4341//4224 5913//5738 7108//6891
f 5916//5741 7102//6885 5913//5738
f 5911//5736 7106//6889 5918//5743
f 4342//4225 5917//5742 7109//6892
f 5888//5713 7093//6876 5917//5742
f 4342//4225 5918//5743 7087//6870
f 4343//4226 5904//5729 7092//6875
f 4343//4226 5919//5744 7100//6883
f 4343//4226 5914//5739 7110//6893
f 5915//5740 7108//6891 5914//5739
f 5909//5734 7105//6888 5921//5746
f 4344//4227 5920//5745 7107//6890
f 5868//5693 7088//6871 5920//5745
f 4344//4227 5921//5746 7086//6869
f 4345//4228 5906//5731 7101//6884
f 5922//5747 7103//6886 5906//5731
f 4345//4228 5863//5688 7084//6867
f 5923//5748 7079//6862 5863//5688
f 4346//4229 5907//5732 7103//6886
f 4346//4229 5924//5749 7104//6887
f 5864//5689 7085//6868 5924//5749
f 5922//5747 7084//6867 5864//5689
f 4347//4230 5859//5684 7079//6862
f 5916//5741 7080//6863 5859//5684
f 4347//4230 5905//5730 7102//6885
f 5923//5748 7101//6884 5905//5730
f 5910//5735 7107//6890 5920//5745
f 4348//4231 5918//5743 7106//6889
f 5870//5695 7087//6870 5918//5743
f 4348//4231 5920//5745 7088//6871
f 4349//4232 5908//5733 7104//6887
f 4349//4232 5921//5746 7105//6888
f 5865//5690 7086//6869 5921//5746
f 4349//4232 5924//5749 7085//6868
f 4350//4233 5912//5737 7109//6892
f 4350//4233 5919//5744 7110//6893
f 4350//4233 5902//5727 7100//6883
f 5917//5742 7093//6876 5902//5727
f 5925//5750 7106//6889 5911//5736
f 5914//5739 7108//6891 5925//5750
f 5912//5737 7110//6893 5914//5739
f 5911//5736 7109//6892 5912//5737
f 5926//5751 7101//6884 5906//5731
f 5908//5733 7105//6888 5926//5751
f 4352//4235 5907//5732 7104//6887
f 4352//4235 5906//5731 7103//6886
f 4353//4236 5927//5752 7107//6890
f 5913//5738 7102//6885 5927//5752
f 4353//4236 5925//5750 7108//6891
f 5910//5735 7106//6889 5925//5750
f 4354//4237 5926//5751 7105//6888
f 4354//4237 5905//5730 7101//6884
f 4354//4237 5927//5752 7102//6885
f 5909//5734 7107//6890 5927//5752
f 4355//4238 5936//5761 7111//6894
f 5937//5762 7112//6895 5936//5761
f 4355//4238 5597//5423 6937//6720
f 5938//5763 6936//6719 5597//5423
f 4356//4239 5562//5388 6921//6704
f 5981//5806 6927//6710 5562//5388
f 4356//4239 5990//5815 7137//6920
f 5603//5429 7138//6921 5990//5815
f 4357//4240 5928//5753 7112//6895
f 5943//5768 7113//6896 5928//5753
f 4357//4240 5578//5404 6938//6721
f 5937//5762 6937//6720 5578//5404
f 4358//4241 5594//5420 7053//6836
f 5944//5769 6945//6728 5594//5420
f 4358//4241 5933//5758 7119//6902
f 5945//5770 7120//6903 5933//5758
f 5589//5415 6939//6722 5939//5764
f 4359//4242 5946//5771 6940//6723
f 5593//5419 7115//6898 5946//5771
f 4359//4242 5939//5764 7114//6897
f 4360//4243 5934//5759 7113//6896
f 5944//5769 7119//6902 5934//5759
f 5595//5421 6945//6728 5944//5769
f 4360//4243 5943//5768 6938//6721
f 5590//5416 6940//6723 5946//5771
f 4361//4244 5947//5772 6941//6724
f 5930//5755 7116//6899 5947//5772
f 4361//4244 5946//5771 7115//6898
f 4362//4245 5803//5628 6944//6727
f 5938//5763 7111//6894 5803//5628
f 4362//4245 5585//5411 6936//6719
f 5948//5773 6935//6718 5585//5411
f 4363//4246 5935//5760 7120//6903
f 4363//4246 5941//5766 7118//6901
f 5596//5422 6943//6726 5941//5766
f 5945//5770 7053//6836 5596//5422
f 5591//5417 6941//6724 5947//5772
f 4364//4247 5942//5767 6942//6725
f 5931//5756 7117//6900 5942//5767
f 4364//4247 5947//5772 7116//6899
f 4365//4248 5605//5431 6946//6729
f 5948//5773 6944//6727 5605//5431
f 4365//4248 5586//5412 6935//6718
f 5940//5765 6924//6707 5586//5412
f 5932//5757 7117//6900 5962//5787
f 4366//4249 5961//5786 7118//6901
f 5956//5781 7130//6913 5961//5786
f 4366//4249 5962//5787 7129//6912
f 4367//4250 5593//5419 7114//6897
f 5963//5788 7115//6898 5593//5419
f 4367//4250 5949//5774 7127//6910
f 5964//5789 7126//6909 5949//5774
f 5933//5758 7120//6903 5966//5791
f 4368//4251 5965//5790 7119//6902
f 4368//4251 5957//5782 7131//6914
f 4368//4251 5966//5791 7132//6915
f 5952//5777 7124//6907 5968//5793
f 5967//5792 7125//6908 5952//5777
f 4369//4252 5928//5753 7113//6896
f 5968//5793 7112//6895 5928//5753
f 4370//4253 5958//5783 7125//6908
f 5965//5790 7131//6914 5958//5783
f 5934//5759 7119//6902 5965//5790
f 5967//5792 7113//6896 5934//5759
f 4371//4254 5950//5775 7122//6905
f 4371//4254 5969//5794 7121//6904
f 4371//4254 5605//5431 6944//6727
f 5970//5795 6946//6729 5605//5431
f 4372//4255 5929//5754 6946//6729
f 5964//5789 7114//6897 5929//5754
f 4372//4255 5953//5778 7126//6909
f 5970//5795 7122//6905 5953//5778
f 4373//4256 5959//5784 7132//6915
f 4373//4256 5961//5786 7130//6913
f 5935//5760 7118//6901 5961//5786
f 4373//4256 5966//5791 7120//6903
f 4374//4257 5951//5776 7121//6904
f 4374//4257 5971//5796 7123//6906
f 4374//4257 5803//5628 7111//6894
f 5969//5794 6944//6727 5803//5628
f 4375//4258 5930//5755 7115//6898
f 5972//5797 7116//6899 5930//5755
f 4375//4258 5954//5779 7128//6911
f 5963//5788 7127//6910 5954//5779
f 5960//5785 7123//6906 5971//5796
f 4376//4259 5968//5793 7124//6907
f 4376//4259 5936//5761 7112//6895
f 5971//5796 7111//6894 5936//5761
f 5931//5756 7116//6899 5972//5797
f 4377//4260 5962//5787 7117//6900
f 5955//5780 7129//6912 5962//5787
f 4377//4260 5972//5797 7128//6911
f 4378//4261 5953//5778 7122//6905
f 5973//5798 7126//6909 5953//5778
f 5951//5776 7123//6906 5973//5798
f 4378//4261 5950//5775 7121//6904
f 4379//4262 5973//5798 7123//6906
f 4379//4262 5949//5774 7126//6909
f 5974//5799 7127//6910 5949//5774
f 5960//5785 7124//6907 5974//5799
f 5975//5800 7131//6914 5957//5782
f 5956//5781 7129//6912 5975//5800
f 4380//4263 5959//5784 7130//6913
f 4380//4263 5957//5782 7132//6915
f 4381//4264 5974//5799 7124//6907
f 4381//4264 5954//5779 7127//6910
f 5976//5801 7128//6911 5954//5779
f 4381//4264 5952//5777 7125//6908
f 5976//5801 7125//6908 5958//5783
f 5955//5780 7128//6911 5976//5801
f 4382//4265 5975//5800 7129//6912
f 4382//4265 5958//5783 7131//6914
f 5578//5404 6937//6720 5599//5425
f 4383//4266 5977//5802 6938//6721
f 5991//5816 7133//6916 5977//5802
f 4383//4266 5599//5425 7134//6917
f 4384//4267 5568//5394 7052//6835
f 4384//4267 5983//5808 6933//6716
f 4384//4267 5992//5817 7139//6922
f 5989//5814 7145//6928 5992//5817
f 4385//4268 5563//5389 6927//6710
f 5984//5809 6928//6711 5563//5389
f 4385//4268 5993//5818 7140//6923
f 5981//5806 7137//6920 5993//5818
f 4386//4269 5586//5412 6924//6707
f 5985//5810 6935//6718 5586//5412
f 4386//4269 5994//5819 7141//6924
f 5982//5807 7138//6921 5994//5819
f 5595//5421 6938//6721 5977//5802
f 4387//4270 5604//5430 6945//6728
f 5995//5820 7139//6922 5604//5430
f 4387//4270 5977//5802 7133//6916
f 4388//4271 5564//5390 6928//6711
f 5986//5811 6929//6712 5564//5390
f 4388//4271 5996//5821 7142//6925
f 5984//5809 7140//6923 5996//5821
f 4389//4272 5585//5411 6935//6718
f 4389//4272 5987//5812 6936//6719
f 5997//5822 7143//6926 5987//5812
f 5985//5810 7141//6924 5997//5822
f 4390//4273 5802//5627 6934//6717
f 5989//5814 7052//6835 5802//5627
f 4390//4273 5998//5823 7145//6928
f 5600//5426 7135//6918 5998//5823
f 4391//4274 5565//5391 6929//6712
f 4391//4274 5988//5813 6930//6713
f 5999//5824 7144//6927 5988//5813
f 4391//4274 5986//5811 7142//6925
f 5597//5423 6936//6719 5987//5812
f 4392//4275 5599//5425 6937//6720
f 6000//5825 7134//6917 5599//5425
f 4392//4275 5987//5812 7143//6926
f 5566//5392 6930//6713 5988//5813
f 4393//4276 5601//5427 6931//6714
f 6001//5826 7136//6919 5601//5427
f 4393//4276 5988//5813 7144//6927
f 4394//4277 5601//5427 7136//6919
f 5567//5393 6931//6714 5601//5427
f 4394//4277 6004//5829 6932//6715
f 6002//5827 7146//6929 6004//5829
f 5600//5426 6934//6717 5570//5396
f 4395//4278 6003//5828 7135//6918
f 6004//5829 7146//6929 6003//5828
f 4395//4278 5570//5396 6932//6715
f 4396//4279 6003//5828 7146//6929
f 5979//5804 7135//6918 6003//5828
f 4396//4279 5980//5805 6943//6726
f 6002//5827 7136//6919 5980//5805
f 4397//4280 5168//4994 6720//6503
f 5112//4938 6687//6470 5168//4994
f 4397//4280 5167//4993 6688//6471
f 6007//5832 7147//6930 5167//4993
f 6005//5830 7147//6930 6006//5831
f 4398//4281 5116//4942 6690//6473
f 6008//5833 6691//6474 5116//4942
f 4398//4281 6006//5831 7148//6931
f 6008//5833 7148//6931 6009//5834
f 4399//4282 5119//4945 6691//6474
f 6010//5835 6692//6475 5119//4945
f 4399//4282 6009//5834 7149//6932
f 6010//5835 7149//6932 6011//5836
f 4400//4283 5243//5069 6692//6475
f 4400//4283 6017//5842 6722//6505
f 4400//4283 6011//5836 7150//6933
f 6018//5843 6858//6641 5433//5259
f 4401//4284 6012//5837 7151//6934
f 6017//5842 7150//6933 6012//5837
f 4401//4284 5433//5259 6722//6505
f 6018//5843 7151//6934 6013//5838
f 4402//4285 5166//4992 6858//6641
f 6019//5844 6733//6516 5166//4992
f 6013//5838 7152//6935 6019//5844
f 4403//4286 6019//5844 7152//6935
f 5164//4990 6733//6516 6019//5844
f 6020//5845 6734//6517 5164//4990
f 6014//5839 7153//6936 6020//5845
f 6020//5845 7153//6936 6015//5840
f 4404//4287 5203//5029 6734//6517
f 6021//5846 6741//6524 5203//5029
f 4404//4287 6015//5840 7154//6937
f 6021//5846 7154//6937 6016//5841
f 4405//4288 5206//5032 6741//6524
f 4405//4288 6022//5847 6743//6526
f 4405//4288 6016//5841 7155//6938
f 4406//4289 6031//5856 6785//6568
f 6030//5855 7163//6946 6031//5856
f 4406//4289 6032//5857 7162//6945
f 5285//5111 6786//6569 6032//5857
f 4407//4290 6032//5857 6786//6569
f 6029//5854 7162//6945 6032//5857
f 4407//4290 6033//5858 7161//6944
f 4407//4290 5286//5112 6787//6570
f 6033//5858 6787//6570 5302//5128
f 6028//5853 7161//6944 6033//5858
f 4408//4291 6034//5859 7160//6943
f 4408//4291 5302//5128 6792//6575
f 6035//5860 7159//6942 6027//5852
f 5300//5126 6790//6573 6035//5860
f 4409//4292 6034//5859 6792//6575
f 6027//5852 7160//6943 6034//5859
f 4410//4293 6036//5861 7158//6941
f 5296//5122 6789//6572 6036//5861
f 4410//4293 6035//5860 6790//6573
f 6026//5851 7159//6942 6035//5860
f 6037//5862 7157//6940 6025//5850
f 5295//5121 6745//6528 6037//5862
f 4411//4294 6036//5861 6789//6572
f 4411//4294 6025//5850 7158//6941
f 6038//5863 7156//6939 6024//5849
f 4412//4295 5208//5034 6821//6604
f 4412//4295 6037//5862 6745//6528
f 4412//4295 6024//5849 7157//6940
f 6038//5863 6821//6604 5364//5190
f 4413//4296 6023//5848 7156//6939
f 6022//5847 7155//6938 6023//5848
f 4413//4296 5364//5190 6743//6526
f 4414//4297 6128//5953 7207//6990
f 5821//5646 7208//6991 6128//5953
f 4414//4297 5828//5653 7058//6841
f 6127//5952 7056//6839 5828//5653
f 6007//5832 6720//6503 6039//5864
f 4415//4298 6006//5831 7147//6930
f 6040//5865 7148//6931 6006//5831
f 4415//4298 6039//5864 7164//6947
f 4416//4299 6039//5864 6720//6503
f 6042//5867 7164//6947 6039//5864
f 4416//4299 6041//5866 7165//6948
f 5169//4995 6719//6502 6041//5866
f 4417//4300 6041//5866 6719//6502
f 6046//5871 7165//6948 6041//5866
f 4417//4300 6044//5869 7166//6949
f 6040//5865 7164//6947 6047//5872
f 4418//4301 6009//5834 7148//6931
f 6054//5879 7149//6932 6009//5834
f 4418//4301 6047//5872 7167//6950
f 6054//5879 7167//6950 6048//5873
f 4419//4302 6011//5836 7149//6932
f 4419//4302 6055//5880 7150//6933
f 6048//5873 7168//6951 6055//5880
f 4420//4303 6055//5880 7168//6951
f 6012//5837 7150//6933 6055//5880
f 4420//4303 6056//5881 7151//6934
f 6049//5874 7169//6952 6056//5881
f 4421//4304 6056//5881 7169//6952
f 6013//5838 7151//6934 6056//5881
f 4421//4304 6057//5882 7152//6935
f 6050//5875 7170//6953 6057//5882
f 4422//4305 6057//5882 7170//6953
f 6014//5839 7152//6935 6057//5882
f 4422//4305 6058//5883 7153//6936
f 6051//5876 7171//6954 6058//5883
f 4423//4306 6058//5883 7171//6954
f 6015//5840 7153//6936 6058//5883
f 6059//5884 7154//6937 6015//5840
f 4423//4306 6052//5877 7172//6955
f 6059//5884 7172//6955 6053//5878
f 4424//4307 6016//5841 7154//6937
f 6060//5885 7155//6938 6016//5841
f 4424//4307 6053//5878 7173//6956
f 4425//4308 6047//5872 7164//6947
f 6067//5892 7167//6950 6047//5872
f 4425//4308 6061//5886 7174//6957
f 6042//5867 7165//6948 6061//5886
f 6067//5892 7174//6957 6062//5887
f 4426//4309 6048//5873 7167//6950
f 6068//5893 7168//6951 6048//5873
f 4426//4309 6062//5887 7175//6958
f 6068//5893 7175//6958 6063//5888
f 6049//5874 7168//6951 6068//5893
f 4427//4310 6069//5894 7169//6952
f 6063//5888 7176//6959 6069//5894
f 4428//4311 6069//5894 7176//6959
f 6050//5875 7169//6952 6069//5894
f 4428//4311 6070//5895 7170//6953
f 6064//5889 7177//6960 6070//5895
f 6070//5895 7177//6960 6065//5890
f 6051//5876 7170//6953 6070//5895
f 4429//4312 6071//5896 7171//6954
f 4429//4312 6065//5890 7178//6961
f 4430//4313 6071//5896 7178//6961
f 6052//5877 7171//6954 6071//5896
f 4430//4313 6072//5897 7172//6955
f 6066//5891 7179//6962 6072//5897
f 4431//4314 6072//5897 7179//6962
f 6053//5878 7172//6955 6072//5897
f 4431//4314 6074//5899 7173//6956
f 6073//5898 7180//6963 6074//5899
f 4432//4315 6061//5886 7165//6948
f 6082//5907 7174//6957 6061//5886
f 4432//4315 6075//5900 7181//6964
f 6046//5871 7166//6949 6075//5900
f 6082//5907 7181//6964 6076//5901
f 4433//4316 6062//5887 7174//6957
f 6083//5908 7175//6958 6062//5887
f 4433//4316 6076//5901 7182//6965
f 6083//5908 7182//6965 6077//5902
f 4434//4317 6063//5888 7175//6958
f 4434//4317 6084//5909 7176//6959
f 6077//5902 7183//6966 6084//5909
f 6084//5909 7183//6966 6078//5903
f 4435//4318 6064//5889 7176//6959
f 6085//5910 7177//6960 6064//5889
f 4435//4318 6078//5903 7184//6967
f 6085//5910 7184//6967 6079//5904
f 4436//4319 6065//5890 7177//6960
f 6086//5911 7178//6961 6065//5890
f 4436//4319 6079//5904 7185//6968
f 4437//4320 6086//5911 7185//6968
f 6066//5891 7178//6961 6086//5911
f 4437//4320 6087//5912 7179//6962
f 6080//5905 7186//6969 6087//5912
f 4438//4321 6087//5912 7186//6969
f 6073//5898 7179//6962 6087//5912
f 4438//4321 6088//5913 7180//6963
f 6081//5906 7187//6970 6088//5913
f 7627//7410 6091//5916 7189//6972
f 7643//7426 7038//6821 6091//5916
f 6092//5917 7041//6824 5785//5610
f 5781//5606 7033//6816 6093//5918
f 4440//4323 6091//5916 7038//6821
f 6089//5914 7189//6972 6091//5916
f 4440//4323 6093//5918 7188//6971
f 4441//4324 5782//5607 7041//6824
f 6094//5919 7039//6822 5782//5607
f 4442//4325 5783//5608 7039//6822
f 6095//5920 7040//6823 5783//5608
f 4443//4326 5892//5717 7095//6878
f 5771//5596 7032//6815 5892//5717
f 4443//4326 6093//5918 7033//6816
f 6096//5921 7188//6971 6093//5918
f 6103//5928 7477//7260 7473//7256
f 7628//7411 6099//5924 7193//6976
f 7644//7427 7189//6972 6099//5924
f 4445//4328 6101//5926 7194//6977
f 6089//5914 7188//6971 6101//5926
f 4445//4328 6099//5924 7189//6972
f 6100//5925 7193//6976 6099//5924
f 4444//4327 6102//5927 7478//7261
f 7474//7257 7477//7260 6103//5928
f 7489//7272 7490//7273 7468//7251
f 7489//7272 7469//7252 7470//7253
f 6096//5921 7095//6878 5812//5637
f 4448//4331 6105//5930 7188//6971
f 6106//5931 7195//6978 6105//5930
f 4448//4331 5812//5637 7054//6837
f 6108//5933 7196//6979 6107//5932
f 4449//4332 5814//5639 7055//6838
f 6106//5931 7054//6837 5814//5639
f 4449//4332 6107//5932 7195//6978
f 4450//4333 6105//5930 7195//6978
f 6101//5926 7188//6971 6105//5930
f 6109//5934 7194//6977 6101//5926
f 4450//4333 6107//5932 7196//6979
f 4451//4334 6113//5938 7193//6976
f 6112//5937 7199//6982 6113//5938
f 4451//4334 6111//5936 7198//6981
f 6100//5925 7194//6977 6111//5936
f 7629//7412 6113//5938 7199//6982
f 7645//7428 7193//6976 6113//5938
f 4454//4337 6116//5941 7508//7291
f 7508//7291 6116//5941 7491//7274
f 4453//4336 6118//5943 7203//6986
f 6112//5937 7198//6981 6118//5943
f 6119//5944 7199//6982 6112//5937
f 4453//4336 6117//5942 7202//6985
f 6119//5944 7202//6985 7646//7429
f 7630//7413 7657//7440 7199//6982
f 6411//6236 7510//7293 7513//7296
f 4455//4338 6111//5936 7194//6977
f 6120//5945 7198//6981 6111//5936
f 4455//4338 6110//5935 7197//6980
f 6109//5934 7196//6979 6110//5935
f 6122//5947 7205//6988 6125//5950
f 4456//4339 5815//5640 7060//6843
f 6108//5933 7055//6838 5815//5640
f 4456//4339 6125//5950 7196//6979
f 4457//4340 6125//5950 7205//6988
f 6110//5935 7196//6979 6125//5950
f 4457//4340 6126//5951 7197//6980
f 6121//5946 7206//6989 6126//5951
f 6120//5945 7197//6980 6123//5948
f 4458//4341 6118//5943 7198//6981
f 6124//5949 7203//6986 6118//5943
f 4458//4341 6123//5948 7204//6987
f 6127//5952 7207//6990 6129//5954
f 4459//4342 5817//5642 7056//6839
f 6122//5947 7060//6843 5817//5642
f 4459//4342 6129//5954 7205//6988
f 6130//5955 6784//6567 5284//5110
f 4460//4343 6131//5956 7208//6991
f 6031//5856 7163//6946 6131//5956
f 4460//4343 5284//5110 6785//6568
f 4461//4344 6129//5954 7207//6990
f 6121//5946 7205//6988 6129//5954
f 4461//4344 6133//5958 7206//6989
f 6132//5957 7209//6992 6133//5958
f 6132//5957 7207//6990 6128//5953
f 4462//4345 6134//5959 7209//6992
f 6131//5956 7163//6946 6134//5959
f 4462//4345 6128//5953 7208//6991
f 4463//4346 6137//5962 7211//6994
f 6030//5855 7162//6945 6137//5962
f 4463//4346 6134//5959 7163//6946
f 6138//5963 7209//6992 6134//5959
f 6135//5960 7206//6989 6133//5958
f 4464//4347 6136//5961 7210//6993
f 6138//5963 7211//6994 6136//5961
f 4464//4347 6133//5958 7209//6992
f 4465//4348 6126//5951 7206//6989
f 6123//5948 7197//6980 6126//5951
f 4465//4348 6139//5964 7204//6987
f 6135//5960 7210//6993 6139//5964
f 4466//4349 6141//5966 7212//6995
f 6029//5854 7161//6944 6141//5966
f 4466//4349 6137//5962 7162//6945
f 6140//5965 7211//6994 6137//5962
f 6148//5973 7217//7000 6147//5972
f 4467//4350 6147//5972 7218//7001
f 4468//4351 6146//5971 7217//7000
f 6150//5975 7216//6999 7658//7441
f 7631//7414 7646//7429 7202//6985
f 6150//5975 7202//6985 6117//5942
f 4469//4352 6145//5970 7216//6999
f 6151//5976 7215//6998 6145//5970
f 4469//4352 6117//5942 7203//6986
f 4470//4353 6151//5976 7203//6986
f 4470//4353 6144//5969 7215//6998
f 6152//5977 7214//6997 6144//5969
f 6124//5949 7204//6987 6152//5977
f 4471//4354 6152//5977 7204//6987
f 4471//4354 6143//5968 7214//6997
f 6153//5978 7213//6996 6143//5968
f 4471//4354 6139//5964 7210//6993
f 6153//5978 7210//6993 6136//5961
f 4472//4355 6142//5967 7213//6996
f 6140//5965 7212//6995 6142//5967
f 4472//4355 6136//5961 7211//6994
f 4473//4356 6155//5980 7219//7002
f 6028//5853 7160//6943 6155//5980
f 4473//4356 6141//5966 7161//6944
f 6154//5979 7212//6995 6141//5966
f 6154//5979 7219//7002 6158//5983
f 4474//4357 6142//5967 7212//6995
f 6156//5981 7213//6996 6142//5967
f 4474//4357 6158//5983 7220//7003
f 6156//5981 7220//7003 6157//5982
f 4475//4358 6143//5968 7213//6996
f 6159//5984 7214//6997 6143//5968
f 4475//4358 6157//5982 7221//7004
f 6164//5989 7224//7007 6163//5988
f 4476//4359 7443//7226 7448//7231
f 7444//7227 7446//7229 6146//5971
f 4476//4359 6163//5988 7225//7008
f 6166//5991 7223//7006 7659//7442
f 7632//7415 7658//7441 7216//6999
f 4600//4483 6392//6217 7450//7233
f 4477//4360 6162//5987 7224//7007
f 6160//5985 7222//7005 6161//5986
f 4478//4361 6145//5970 7215//6998
f 6166//5991 7216//6999 6145//5970
f 4478//4361 6161//5986 7223//7006
f 6159//5984 7221//7004 6167//5992
f 4479//4362 6144//5969 7214//6997
f 6160//5985 7215//6998 6144//5969
f 4479//4362 6167//5992 7222//7005
f 4480//4363 6190//6015 7245//7028
f 6182//6007 7246//7029 6190//6015
f 4480//4363 6181//6006 7239//7022
f 6191//6016 7238//7021 6181//6006
f 6174//5999 7231//7014 6192//6017
f 4481//4364 6189//6014 7232//7015
f 6190//6015 7246//7029 6189//6014
f 6192//6017 7245//7028 6190//6015
f 4482//4365 6173//5998 7230//7013
f 6192//6017 7231//7014 6173//5998
f 4482//4365 6188//6013 7245//7028
f 6193//6018 7244//7027 6188//6013
f 4483//4366 6188//6013 7244//7027
f 6191//6016 7245//7028 6188//6013
f 4483//4366 6180//6005 7238//7021
f 6194//6019 7237//7020 6180//6005
f 4484//4367 6172//5997 7229//7012
f 6193//6018 7230//7013 6172//5997
f 4484//4367 6187//6012 7244//7027
f 6195//6020 7243//7026 6187//6012
f 4485//4368 6187//6012 7243//7026
f 6194//6019 7244//7027 6187//6012
f 4485//4368 6179//6004 7237//7020
f 6196//6021 7236//7019 6179//6004
f 4486//4369 6186//6011 7242//7025
f 6196//6021 7243//7026 6186//6011
f 4486//4369 6178//6003 7236//7019
f 6197//6022 7235//7018 6178//6003
f 4487//4370 6171//5996 7228//7011
f 6195//6020 7229//7012 6171//5996
f 4487//4370 6186//6011 7243//7026
f 6198//6023 7242//7025 6186//6011
f 6170//5995 7227//7010 6199//6024
f 6198//6023 7228//7011 6170//5995
f 4488//4371 6185//6010 7242//7025
f 4488//4371 6199//6024 7241//7024
f 6185//6010 7241//7024 6200//6025
f 4489//4372 6197//6022 7242//7025
f 4489//4372 6177//6002 7235//7018
f 4489//4372 6200//6025 7234//7017
f 6184//6009 7240//7023 6201//6026
f 4490//4373 6200//6025 7241//7024
f 6176//6001 7234//7017 6200//6025
f 4490//4373 6201//6026 7233//7016
f 6169//5994 7226//7009 6202//6027
f 4491//4374 6199//6024 7227//7010
f 6184//6009 7241//7024 6199//6024
f 4491//4374 6202//6027 7240//7023
f 6183//6008 7240//7023 6202//6027
f 4492//4375 6157//5982 7220//7003
f 6168//5993 7221//7004 6157//5982
f 4492//4375 6202//6027 7226//7009
f 6175//6000 7233//7016 6201//6026
f 4493//4376 6158//5983 7219//7002
f 6183//6008 7220//7003 6158//5983
f 4493//4376 6201//6026 7240//7023
f 6203//6028 7233//7016 6175//6000
f 4494//4377 6027//5852 7159//6942
f 4494//4377 6155//5980 7160//6943
f 6175//6000 7219//7002 6155//5980
f 6205//6030 7248//7031 6206//6031
f 4495//4378 6026//5851 7158//6941
f 6203//6028 7159//6942 6026//5851
f 4495//4378 6206//6031 7233//7016
f 6204//6029 7247//7030 6207//6032
f 4496//4379 6025//5850 7157//6940
f 6205//6030 7158//6941 6025//5850
f 4496//4379 6207//6032 7248//7031
f 4497//4380 6206//6031 7248//7031
f 6176//6001 7233//7016 6206//6031
f 4497//4380 6208//6033 7234//7017
f 6207//6032 7247//7030 6208//6033
f 6208//6033 7247//7030 6209//6034
f 4498//4381 6177//6002 7234//7017
f 6210//6035 7235//7018 6177//6002
f 4498//4381 6209//6034 7249//7032
f 6210//6035 7249//7032 6211//6036
f 4499//4382 6178//6003 7235//7018
f 6214//6039 7236//7019 6178//6003
f 4499//4382 6211//6036 7250//7033
f 6214//6039 7250//7033 6212//6037
f 4500//4383 6179//6004 7236//7019
f 6215//6040 7237//7020 6179//6004
f 4500//4383 6212//6037 7251//7034
f 6215//6040 7251//7034 6213//6038
f 4501//4384 6180//6005 7237//7020
f 6218//6043 7238//7021 6180//6005
f 4501//4384 6213//6038 7252//7035
f 4502//4385 6218//6043 7252//7035
f 6221//6046 7238//7021 6218//6043
f 4502//4385 6222//6047 7257//7040
f 6216//6041 7253//7036 6222//6047
f 6221//6046 7257//7040 6223//6048
f 4503//4386 6181//6006 7238//7021
f 6220//6045 7239//7022 6181//6006
f 4503//4386 6223//6048 7256//7039
f 6222//6047 7253//7036 6219//6044
f 4504//4387 6223//6048 7257//7040
f 6224//6049 7256//7039 6223//6048
f 4504//4387 6219//6044 7255//7038
f 6226//6051 7258//7041 6225//6050
f 4505//4388 6024//5849 7156//6939
f 6204//6029 7157//6940 6024//5849
f 4505//4388 6225//6050 7247//7030
f 4506//4389 6060//5885 7173//6956
f 4506//4389 6023//5848 7155//6938
f 6226//6051 7156//6939 6023//5848
f 6227//6052 7258//7041 6226//6051
f 4507//4390 6250//6075 7271//7054
f 6234//6059 7254//7037 6250//6075
f 4507//4390 6249//6074 7264//7047
f 4507//4390 6248//6073 7278//7061
f 4508//4391 6213//6038 7251//7034
f 6251//6076 7252//7035 6213//6038
f 4508//4391 6238//6063 7269//7052
f 6252//6077 7268//7051 6238//6063
f 4509//4392 6243//6068 7273//7056
f 6253//6078 7274//7057 6243//6068
f 4509//4392 6229//6054 7260//7043
f 6254//6079 7259//7042 6229//6054
f 4510//4393 6244//6069 7274//7057
f 6255//6080 7275//7058 6244//6069
f 6230//6055 7261//7044 6255//6080
f 6253//6078 7260//7043 6230//6055
f 6209//6034 7247//7030 6257//6082
f 6256//6081 7249//7032 6209//6034
f 6235//6060 7266//7049 6256//6081
f 4511//4394 6257//6082 7265//7048
f 6241//6066 7265//7048 6257//6082
f 4512//4395 6258//6083 7272//7055
f 6225//6050 7258//7041 6258//6083
f 4512//4395 6257//6082 7247//7030
f 6245//6070 7275//7058 6255//6080
f 4513//4396 6259//6084 7276//7059
f 6231//6056 7262//7045 6259//6084
f 4513//4396 6255//6080 7261//7044
f 4514//4397 6216//6041 7252//7035
f 6260//6085 7253//7036 6216//6041
f 4514//4397 6239//6064 7270//7053
f 6251//6076 7269//7052 6239//6064
f 6246//6071 7276//7059 6259//6084
f 4515//4398 6261//6086 7277//7060
f 6232//6057 7263//7046 6261//6086
f 4515//4398 6259//6084 7262//7045
f 4516//4399 6211//6036 7249//7032
f 6262//6087 7250//7033 6211//6036
f 4516//4399 6236//6061 7267//7050
f 6256//6081 7266//7049 6236//6061
f 4517//4400 6260//6085 7270//7053
f 6217//6042 7253//7036 6260//6085
f 4517//4400 6250//6075 7254//7037
f 4517//4400 6240//6065 7271//7054
f 6247//6072 7277//7060 6261//6086
f 4518//4401 6249//6074 7278//7061
f 6233//6058 7264//7047 6249//6074
f 4518//4401 6261//6086 7263//7046
f 4519//4402 6212//6037 7250//7033
f 6252//6077 7251//7034 6212//6037
f 4519//4402 6237//6062 7268//7051
f 6262//6087 7267//7050 6237//6062
f 4520//4403 6242//6067 7272//7055
f 6254//6079 7273//7056 6242//6067
f 4520//4403 6228//6053 7259//7042
f 6258//6083 7258//7041 6228//6053
f 6241//6066 7272//7055 6242//6067
f 4521//4404 6235//6060 7265//7048
f 6263//6088 7266//7049 6235//6060
f 4521//4404 6242//6067 7273//7056
f 6240//6065 7270//7053 6264//6089
f 4522//4405 6248//6073 7271//7054
f 4522//4405 6247//6072 7278//7061
f 6264//6089 7277//7060 6247//6072
f 4523//4406 6265//6090 7276//7059
f 4523//4406 6239//6064 7269//7052
f 4523//4406 6264//6089 7270//7053
f 6246//6071 7277//7060 6264//6089
f 6263//6088 7273//7056 6243//6068
f 4524//4407 6236//6061 7266//7049
f 6266//6091 7267//7050 6236//6061
f 4524//4407 6243//6068 7274//7057
f 6266//6091 7274//7057 6244//6069
f 4525//4408 6237//6062 7267//7050
f 6267//6092 7268//7051 6237//6062
f 4525//4408 6244//6069 7275//7058
f 6267//6092 7275//7058 6245//6070
f 4526//4409 6238//6063 7268//7051
f 6265//6090 7269//7052 6238//6063
f 4526//4409 6245//6070 7276//7059
f 4527//4410 6279//6104 7285//7068
f 6228//6053 7258//7041 6279//6104
f 4527//4410 6280//6105 7259//7042
f 6285//6110 7286//7069 6280//6105
f 4528//4411 6280//6105 7286//7069
f 6229//6054 7259//7042 6280//6105
f 4528//4411 6281//6106 7260//7043
f 6286//6111 7287//7070 6281//6106
f 4529//4412 6281//6106 7287//7070
f 6230//6055 7260//7043 6281//6106
f 4529//4412 6282//6107 7261//7044
f 6287//6112 7288//7071 6282//6107
f 4530//4413 6282//6107 7288//7071
f 6231//6056 7261//7044 6282//6107
f 4530//4413 6283//6108 7262//7045
f 6288//6113 7289//7072 6283//6108
f 4531//4414 6283//6108 7289//7072
f 6232//6057 7262//7045 6283//6108
f 6284//6109 7263//7046 6232//6057
f 4531//4414 6289//6114 7290//7073
f 4532//4415 6268//6093 7279//7062
f 6285//6110 7285//7068 6268//6093
f 4532//4415 6274//6099 7286//7069
f 6269//6094 7280//7063 6274//6099
f 4533//4416 6274//6099 7280//7063
f 6286//6111 7286//7069 6274//6099
f 4533//4416 6275//6100 7287//7070
f 6270//6095 7281//7064 6275//6100
f 4534//4417 6275//6100 7281//7064
f 6287//6112 7287//7070 6275//6100
f 4534//4417 6276//6101 7288//7071
f 6271//6096 7282//7065 6276//6101
f 4535//4418 6276//6101 7282//7065
f 6288//6113 7288//7071 6276//6101
f 4535//4418 6277//6102 7289//7072
f 6272//6097 7283//7066 6277//6102
f 4536//4419 6277//6102 7283//7066
f 6289//6114 7289//7072 6277//6102
f 4536//4419 6278//6103 7290//7073
f 6273//6098 7284//7067 6278//6103
f 6290//6115 7180//6963 6088//5913
f 4537//4420 6268//6093 7285//7068
f 6291//6116 7279//7062 6268//6093
f 4537//4420 6088//5913 7187//6970
f 6227//6052 7173//6956 6074//5899
f 4538//4421 6279//6104 7258//7041
f 6290//6115 7285//7068 6279//6104
f 4538//4421 6074//5899 7180//6963
f 6284//6109 7290//7073 6293//6118
f 4539//4422 6233//6058 7263//7046
f 6294//6119 7264//7047 6233//6058
f 4539//4422 6293//6118 7292//7075
f 6293//6118 7290//7073 6278//6103
f 4540//4423 6295//6120 7292//7075
f 6292//6117 7291//7074 6295//6120
f 4540//4423 6278//6103 7284//7067
f 6303//6128 7298//7081 6304//6129
f 4541//4424 6302//6127 7297//7080
f 6234//6059 7264//7047 6302//6127
f 4541//4424 6304//6129 7254//7037
f 6305//6130 7255//7038 6219//6044
f 4542//4425 6304//6129 7298//7081
f 6217//6042 7254//7037 6304//6129
f 4542//4425 6219//6044 7253//7036
f 4543//4426 6298//6123 7294//7077
f 6295//6120 7291//7074 6298//6123
f 4543//4426 6308//6133 7292//7075
f 6309//6134 7300//7083 6308//6133
f 4544//4427 6302//6127 7264//7047
f 6310//6135 7297//7080 6302//6127
f 4544//4427 6308//6133 7300//7083
f 6294//6119 7292//7075 6308//6133
f 6309//6134 7294//7077 6299//6124
f 4545//4428 6311//6136 7300//7083
f 6307//6132 7299//7082 6311//6136
f 4545//4428 6299//6124 7295//7078
f 4546//4429 6311//6136 7299//7082
f 6310//6135 7300//7083 6311//6136
f 4546//4429 6301//6126 7297//7080
f 4546//4429 6300//6125 7296//7079
f 6298//6123 7291//7074 6296//6121
f 4547//4430 6312//6137 7294//7077
f 6296//6121 7293//7076 6312//6137
f 4548//4431 6306//6131 7295//7078
f 6297//6122 6558//6365 6306//6131
f 4548//4431 6312//6137 7293//7076
f 6299//6124 7294//7077 6312//6137
f 6306//6131 6558//6365 4852//4719
f 4549//4432 6307//6132 7295//7078
f 4549//4432 6313//6138 7299//7082
f 4852//4719 6554//6361 6313//6138
f 6320//6145 7246//7029 6182//6007
f 4550//4433 6318//6143 6557//6364
f 6319//6144 7304//7087 6318//6143
f 6182//6007 7239//7022 6319//6144
f 4551//4434 6189//6014 7246//7029
f 6321//6146 7232//7015 6189//6014
f 4551//4434 4854//4721 6550//6357
f 6320//6145 6557//6364 4854//4721
f 4552//4435 6317//6142 7304//7087
f 4552//4435 6322//6147 7303//7086
f 6220//6045 7256//7039 6322//6147
f 4552//4435 6319//6144 7239//7022
f 6317//6142 7303//7086 6323//6148
f 4553//4436 6318//6143 7304//7087
f 4853//4720 6557//6364 6318//6143
f 4553//4436 6323//6148 6556//6363
f 4554//4437 6324//6149 7302//7085
f 6224//6049 7255//7038 6324//6149
f 4554//4437 6322//6147 7256//7039
f 6316//6141 7303//7086 6322//6147
f 4555//4438 6325//6150 6555//6362
f 6316//6141 7302//7085 6325//6150
f 4555//4438 6323//6148 7303//7086
f 4851//4718 6556//6363 6323//6148
f 6315//6140 7302//7085 6324//6149
f 4556//4439 6326//6151 7301//7084
f 6305//6130 7298//7081 6326//6151
f 4556//4439 6324//6149 7255//7038
f 4557//4440 6301//6126 7296//7079
f 6303//6128 7297//7080 6301//6126
f 4557//4440 6326//6151 7298//7081
f 6314//6139 7301//7084 6326//6151
f 4558//4441 6313//6138 6554//6361
f 4558//4441 6300//6125 7299//7082
f 4558//4441 6314//6139 7296//7079
f 6327//6152 7301//7084 6314//6139
f 6327//6152 6554//6361 4850//4717
f 4559//4442 6315//6140 7301//7084
f 6325//6150 7302//7085 6315//6140
f 4559//4442 4850//4717 6555//6362
f 4560//4443 6335//6160 7231//7014
f 6334//6159 7310//7093 6335//6160
f 4560//4443 6336//6161 7311//7094
f 6174//5999 7232//7015 6336//6161
f 6337//6162 7230//7013 6173//5998
f 4561//4444 6333//6158 7309//7092
f 4561//4444 6335//6160 7310//7093
f 6173//5998 7231//7014 6335//6160
f 6338//6163 7229//7012 6172//5997
f 4562//4445 6332//6157 7308//7091
f 6337//6162 7309//7092 6332//6157
f 4562//4445 6172//5997 7230//7013
f 6339//6164 7228//7011 6171//5996
f 6331//6156 7307//7090 6339//6164
f 6338//6163 7308//7091 6331//6156
f 4563//4446 6171//5996 7229//7012
f 4564//4447 6340//6165 7227//7010
f 6330//6155 7306//7089 6340//6165
f 4564//4447 6339//6164 7307//7090
f 6170//5995 7228//7011 6339//6164
f 4565//4448 6341//6166 7226//7009
f 6329//6154 7305//7088 6341//6166
f 4565//4448 6340//6165 7306//7089
f 6169//5994 7227//7010 6340//6165
f 6168//5993 7226//7009 6341//6166
f 4566//4449 6167//5992 7221//7004
f 6328//6153 7222//7005 6167//5992
f 4566//4449 6341//6166 7305//7088
f 6328//6153 7305//7088 6349//6174
f 4567//4450 6161//5986 7222//7005
f 6342//6167 7223//7006 6161//5986
f 4567//4450 6349//6174 7312//7095
f 4568//4451 6349//6174 7305//7088
f 6343//6168 7312//7095 6349//6174
f 4568//4451 6350//6175 7313//7096
f 6329//6154 7306//7089 6350//6175
f 4569//4452 6350//6175 7306//7089
f 6344//6169 7313//7096 6350//6175
f 4569//4452 6351//6176 7314//7097
f 6330//6155 7307//7090 6351//6176
f 4570//4453 6351//6176 7307//7090
f 6345//6170 7314//7097 6351//6176
f 4570//4453 6352//6177 7315//7098
f 6331//6156 7308//7091 6352//6177
f 6352//6177 7308//7091 6332//6157
f 4571//4454 6346//6171 7315//7098
f 6353//6178 7316//7099 6346//6171
f 4571//4454 6332//6157 7309//7092
f 6353//6178 7309//7092 6333//6158
f 4572//4455 6347//6172 7316//7099
f 6354//6179 7317//7100 6347//6172
f 4572//4455 6333//6158 7310//7093
f 4573//4456 6354//6179 7310//7093
f 4573//4456 6348//6173 7317//7100
f 6355//6180 7318//7101 6348//6173
f 6334//6159 7311//7094 6355//6180
f 6321//6146 6550//6357 4857//4724
f 4574//4457 6336//6161 7232//7015
f 6356//6181 7311//7094 6336//6161
f 4574//4457 4857//4724 6551//6358
f 6356//6181 6551//6358 4855//4722
f 4575//4458 6355//6180 7311//7094
f 6357//6182 7318//7101 6355//6180
f 4855//4722 6552//6359 6357//6182
f 6342//6167 7312//7095 7660//7443
f 7633//7416 7659//7442 7223//7006
f 4577//4460 6366//6191 7437//7220
f 4576//4459 6374//6199 7319//7102
f 6358//6183 7319//7102 6375//6200
f 7224//7007 7440//7223 7435//7218
f 7433//7216 7437//7220 6366//6191
f 4577//4460 6375//6200 7327//7110
f 7634//7417 7660//7443 7312//7095
f 7319//7102 7428//7211 7425//7208
f 4578//4461 6376//6201 7320//7103
f 6343//6168 7313//7096 7661//7444
f 7421//7204 7423//7206 6367//6192
f 7424//7207 7428//7211 7319//7102
f 4579//4462 6377//6202 7328//7111
f 6359//6184 7320//7103 6377//6202
f 7635//7418 7661//7444 7313//7096
f 7328//7111 7417//7200 7415//7198
f 4580//4463 6378//6203 7321//7104
f 6344//6169 7314//7097 7662//7445
f 4597//4480 6395//6220 7414//7197
f 7407//7190 7412//7195 6376//6201
f 4581//4464 6379//6204 7329//7112
f 6360//6185 7321//7104 6379//6204
f 7636//7419 7662//7445 7314//7097
f 4583//4466 6369//6194 7399//7182
f 4582//4465 6380//6205 7322//7105
f 6345//6170 7315//7098 7663//7446
f 7321//7104 7404//7187 7401//7184
f 4596//4479 6396//6221 7402//7185
f 4583//4466 6381//6206 7330//7113
f 6361//6186 7322//7105 6381//6206
f 7663//7446 7315//7098 6346//6171
f 7388//7171 7392//7175 7322//7105
f 6382//6207 7323//7106 6362//6187
f 7637//7420 6346//6171 7316//7099
f 4595//4478 6397//6222 7390//7173
f 4585//4468 7384//7167 7386//7169
f 4585//4468 6383//6208 7331//7114
f 4585//4468 6362//6187 7323//7106
f 7664//7447 7316//7099 6347//6172
f 6383//6208 7377//7160 7381//7164
f 6384//6209 7324//7107 6363//6188
f 7638//7421 6347//6172 7317//7100
f 7380//7163 7377//7160 6383//6208
f 7373//7156 7375//7158 6371//6196
f 6385//6210 7332//7115 6371//6196
f 4587//4470 6363//6188 7324//7107
f 7665//7448 7317//7100 6348//6173
f 4593//4476 6399//6224 7366//7149
f 6386//6211 7325//7108 6364//6189
f 7639//7422 6348//6173 7318//7101
f 4589//4472 6372//6197 7363//7146
f 7368//7151 7365//7148 6385//6210
f 6387//6212 7333//7116 6372//6197
f 4589//4472 6364//6189 7325//7108
f 6388//6213 7326//7109 6365//6190
f 6357//6182 6552//6359 7667//7450
f 7666//7449 7318//7101 6357//6182
f 7348//7131 7350//7133 6365//6190
f 7333//7116 7357//7140 7355//7138
f 6401//6226 7355//7138 7358//7141
f 6389//6214 7334//7117 6373//6198
f 4591//4474 6365//6190 7326//7109
f 7349//7132 7351//7134 6373//6198
f 4591//4474 6373//6198 7351//7134
f 6402//6227 7345//7128 6400//6225
f 4592//4475 6373//6198 7334//7117
f 7364//7147 7368//7151 7324//7107
f 6403//6228 7367//7150 7370//7153
f 6401//6226 7344//7127 6399//6224
f 4593//4476 6372//6197 7333//7116
f 7376//7159 7380//7163 7323//7106
f 4587//4470 7372//7155 7374//7157
f 4594//4477 6403//6228 7343//7126
f 6371//6196 7332//7115 6403//6228
f 6381//6206 7389//7172 7393//7176
f 6405//6230 7391//7174 7394//7177
f 4595//4478 6404//6229 7342//7125
f 6370//6195 7331//7114 6404//6229
f 7400//7183 7404//7187 7321//7104
f 4583//4466 7396//7179 7398//7181
f 4596//4479 6405//6230 7341//7124
f 6369//6194 7330//7113 6405//6230
f 7412//7195 7416//7199 7320//7103
f 4581//4464 6368//6193 7411//7194
f 4597//4480 6406//6231 7340//7123
f 6368//6193 7329//7112 6406//6231
f 7420//7203 7422//7205 6359//6184
f 4598//4481 6394//6219 7426//7209
f 4598//4481 6407//6232 7339//7122
f 6367//6192 7328//7111 6407//6232
f 7434//7217 7440//7223 7224//7007
f 6409//6234 7439//7222 7442//7225
f 4599//4482 6408//6233 7338//7121
f 6366//6191 7327//7110 6408//6233
f 7217//7000 7452//7235 7447//7230
f 7446//7229 7452//7235 7217//7000
f 4600//4483 6409//6234 7337//7120
f 6165//5990 7225//7008 6409//6234
f 4601//4484 6410//6235 7336//7119
f 6149//5974 7218//7001 6410//6235
f 7201//6984 7512//7295 7510//7293
f 7515//7298 7517//7300 7499//7282
f 7667//7450 6552//6359 4856//4723
f 4602//4485 6412//6237 7326//7109
f 6413//6238 7346//7129 6412//6237
f 7641//7424 4856//4723 6553//6360
f 4603//4486 6412//6237 7346//7129
f 6389//6214 7326//7109 6412//6237
f 4603//4486 6402//6227 7334//7117
f 6414//6239 7345//7128 6402//6227
f 7347//7130 7350//7133 7356//7139
f 7353//7136 7356//7139 7350//7133
f 7348//7131 7351//7134 7357//7140
f 7355//7138 7357//7140 7351//7134
f 7349//7132 7354//7137 7358//7141
f 7352//7135 7356//7139 7325//7108
f 4590//4473 7347//7130 7352//7135
f 7347//7130 4590//4473 6365//6190
f 7325//7108 7356//7139 7353//7136
f 4592//4475 6400//6225 7354//7137
f 6387//6212 7353//7136 7357//7140
f 7359//7142 7362//7145 7368//7151
f 7365//7148 7368//7151 7362//7145
f 7360//7143 7363//7146 7369//7152
f 7367//7150 7369//7152 7363//7146
f 7361//7144 7366//7149 7370//7153
f 4588//4471 7359//7142 7364//7147
f 6385//6210 7365//7148 7369//7152
f 7359//7142 4588//4471 6364//6189
f 7360//7143 7362//7145 6364//6189
f 7361//7144 7363//7146 6372//6197
f 7332//7115 7369//7152 7367//7150
f 7371//7154 7374//7157 7380//7163
f 7377//7160 7380//7163 7374//7157
f 7375//7158 7381//7164 7377//7160
f 7373//7156 7379//7162 7381//7164
f 7378//7161 7382//7165 7379//7162
f 7331//7114 7381//7164 7379//7162
f 4587//4470 6371//6196 7375//7158
f 4586//4469 7371//7154 7376//7159
f 6404//6229 7379//7162 7382//7165
f 7371//7154 4586//4469 6363//6188
f 4594//4477 6398//6223 7378//7161
f 7383//7166 7386//7169 7392//7175
f 7389//7172 7392//7175 7386//7169
f 7387//7170 7393//7176 7389//7172
f 7391//7174 7393//7176 7387//7170
f 7390//7173 7394//7177 7391//7174
f 7385//7168 7387//7170 6370//6195
f 4585//4468 6370//6195 7387//7170
f 7383//7166 7388//7171 6380//6205
f 7330//7113 7393//7176 7391//7174
f 7392//7175 7389//7172 6381//6206
f 7383//7166 4584//4467 6362//6187
f 7398//7181 7404//7187 7400//7183
f 7396//7179 7401//7184 7404//7187
f 7399//7182 7405//7188 7401//7184
f 7397//7180 7403//7186 7405//7188
f 7402//7185 7406//7189 7403//7186
f 7395//7178 7400//7183 6378//6203
f 7329//7112 7405//7188 7403//7186
f 6379//6204 7401//7184 7405//7188
f 7397//7180 7399//7182 6369//6194
f 7395//7178 4582//4465 6361//6186
f 6406//6231 7403//7186 7406//7189
f 7410//7193 7416//7199 7412//7195
f 7408//7191 7413//7196 7416//7199
f 7411//7194 7417//7200 7413//7196
f 7409//7192 7415//7198 7417//7200
f 7414//7197 7418//7201 7415//7198
f 7320//7103 7416//7199 7413//7196
f 7407//7190 4580//4463 6360//6185
f 6407//6232 7415//7198 7418//7201
f 4581//4464 7408//7191 7410//7193
f 6377//6202 7413//7196 7417//7200
f 7409//7192 7411//7194 6368//6193
f 7422//7205 7428//7211 7424//7207
f 7420//7203 7425//7208 7428//7211
f 7423//7206 7429//7212 7425//7208
f 7421//7204 7427//7210 7429//7212
f 7426//7209 7430//7213 7427//7210
f 7327//7110 7429//7212 7427//7210
f 6375//6200 7425//7208 7429//7212
f 4579//4462 6367//6192 7423//7206
f 6408//6233 7427//7210 7430//7213
f 7419//7202 7424//7207 6374//6199
f 7419//7202 4578//4461 6359//6184
f 7436//7219 7440//7223 7434//7217
f 7432//7215 7435//7218 7440//7223
f 7437//7220 7441//7224 7435//7218
f 7433//7216 7439//7222 7441//7224
f 7438//7221 7442//7225 7439//7222
f 7431//7214 7434//7217 6162//5987
f 6163//5988 7435//7218 7441//7224
f 7431//7214 4576//4459 6358//6183
f 4599//4482 6393//6218 7438//7221
f 7225//7008 7441//7224 7439//7222
f 4577//4460 7432//7215 7436//7219
f 7443//7226 7447//7230 7452//7235
f 7449//7232 7453//7236 7447//7230
f 7448//7231 7452//7235 7446//7229
f 7445//7228 7451//7234 7453//7236
f 7450//7233 7454//7237 7451//7234
f 6147//5972 7447//7230 7453//7236
f 7444//7227 4477//4360 6164//5989
f 7218//7001 7453//7236 7451//7234
f 7445//7228 7449//7232 6165//5990
f 4476//4359 6165//5990 7449//7232
f 6410//6235 7451//7234 7454//7237
f 7487//7270 6095//5920 4442//4325
f 7482//7265 7468//7251 7490//7273
f 7488//7271 6094//5919 4441//4324
f 7192//6975 7473//7256 7478//7261
f 6104//5929 7476//7259 7474//7257
f 6094//5919 7488//7271 7486//7269
f 7486//7269 7488//7271 7470//7253
f 6092//5917 7490//7273 7489//7272
f 6104//5929 7493//7276 7494//7277
f 7495//7278 7201//6984 6411//6236
f 7493//7276 6411//6236 7335//7118
f 7191//6974 7495//7278 7493//7276
f 7496//7279 7497//7280 7200//6983
f 4444//4327 7485//7268 7482//7265
f 6090//5915 7490//7273 6092//5917
f 7495//7278 7496//7279 6115//5940
f 7192//6975 7497//7280 7496//7279
f 6103//5928 7496//7279 7495//7278
f 7499//7282 6149//5974 4601//4484
f 6114//5939 7200//6983 7497//7280
f 6115//5940 7505//7288 7512//7295
f 7192//6975 6102//5927 4452//4335
f 4454//4337 7502//7285 7504//7287
f 7500//7283 7518//7301 7514//7297
f 7491//7274 6148//5973 4467//4350
f 6391//6216 7498//7281 7492//7275
f 6149//5974 7499//7282 7500//7283
f 7511//7294 7505//7288 6115//5940
f 6148//5973 7491//7274 6116//5941
f 3983//3866 6045//5870 6719//6502
f 7500//7283 7499//7282 7517//7300
f 6045//5870 6043//5868 6044//5869
f 7505//7288 7511//7294 7506//7289
f 7507//7290 7512//7295 7505//7288
f 7506//7289 7511//7294 7504//7287
f 7503//7286 7510//7293 7512//7295
f 7509//7292 7513//7296 7510//7293
f 7516//7299 7509//7292 7503//7286
f 7517//7300 7507//7290 7501//7284
f 7507//7290 7517//7300 7515//7298
f 7506//7289 7514//7297 7518//7301
f 7514//7297 7506//7289 7502//7285
f 7492//7275 7498//7281 7516//7299
f 7504//7287 7511//7294 7200//6983
f 7478//7261 7473//7256 7479//7262
f 7484//7267 7479//7262 7473//7256
f 7477//7260 7474//7257 7480//7263
f 7480//7263 7474//7257 7476//7259
f 7483//7266 7476//7259 7475//7258
f 7472//7255 7470//7253 7480//7263
f 7469//7252 7468//7251 7479//7262
f 7481//7264 7471//7254 7472//7255
f 7484//7267 7480//7263 7470//7253
f 7485//7268 7479//7262 7468//7251
f 7486//7269 7472//7255 7471//7254
f 7190//6973 7475//7258 7476//7259
f 7464//7247 7457//7240 7465//7248
f 6390//6215 4447//4330 7459//7242
f 6390//6215 7463//7246 7458//7241
f 6390//6215 7465//7248 7456//7239
f 7461//7244 7455//7238 7466//7249
f 6098//5923 4446//4329 7460//7243
f 7464//7247 7459//7242 4446//4329
f 6098//5923 7466//7249 7457//7240
f 7461//7244 7460//7243 7467//7250
f 6097//5922 7462//7245 7455//7238
f 7455//7238 7041//6824 5782//5607
f 7460//7243 4446//4329 5777//5602
f 7527//7310 7531//7314 7522//7305
f 7519//7302 7528//7311 7536//7319
f 7526//7309 7535//7318 7528//7311
f 7519//7302 7522//7305 7533//7316
f 7525//7308 7534//7317 7529//7312
f 7520//7303 7523//7306 7532//7315
f 7526//7309 7533//7316 7523//7306
f 7520//7303 7529//7312 7535//7318
f 7525//7308 7532//7315 7524//7307
f 7521//7304 7530//7313 7534//7317
f 4268//4151 7521//7304 7524//7307
f 5748//5573 7523//7306 7533//7316
f 7540//7323 7547//7330 7538//7321
f 5784//5609 7541//7324 7549//7332
f 7539//7322 7546//7329 7537//7320
f 5754//5579 7542//7325 7548//7331
f 7540//7323 7549//7332 7542//7325
f 5754//5579 7537//7320 7547//7330
f 5753//5578 4266//4149 7546//7329
f 4267//4150 7544//7327 4266//4149
f 5753//5578 7543//7326 7545//7328
f 7539//7322 7548//7331 7543//7326
f 7537//7320 5737//5562 7016//6799
f 7545//7328 7543//7326 5743//5568
f 7550//7333 7559//7342 4261//4144
f 5755//5580 4262//4145 7557//7340
f 7551//7334 7558//7341 4262//4145
f 5755//5580 4261//4144 7560//7343
f 5740//5565 7556//7339 7561//7344
f 7555//7338 7562//7345 7556//7339
f 7553//7336 7561//7344 7556//7339
f 5739//5564 4261//4144 7559//7342
f 7554//7337 7560//7343 4261//4144
f 5739//5564 7556//7339 7562//7345
f 7551//7334 7560//7343 6981//6764
f 4238//4121 5691//5516 7555//7338
f 4228//4111 7563//7346 7589//7372
f 5666//5492 7590//7373 7563//7346
f 4231//4114 7564//7347 7591//7374
f 5665//5491 7589//7372 7564//7347
f 4233//4116 7565//7348 7592//7375
f 5678//5503 7591//7374 7565//7348
f 4237//4120 7566//7349 7593//7376
f 5683//5508 7592//7375 7566//7349
f 4238//4121 7567//7350 7594//7377
f 5687//5512 7593//7376 7567//7350
f 7568//7351 7595//7378 5738//5563
f 4259//4142 5691//5516 7594//7377
f 4260//4143 5738//5563 7595//7378
f 7569//7352 7596//7379 5741//5566
f 4265//4148 5741//5566 7596//7379
f 7570//7353 7597//7380 5749//5574
f 7571//7354 7598//7381 5758//5583
f 4268//4151 5749//5574 7597//7380
f 4278//4161 7572//7355 7599//7382
f 4278//4161 5758//5583 7598//7381
f 4281//4164 7573//7356 7600//7383
f 5778//5603 7599//7382 7573//7356
f 4439//4322 7574//7357 7601//7384
f 5785//5610 7600//7383 7574//7357
f 4444//4327 7575//7358 7602//7385
f 6090//5915 7601//7384 7575//7358
f 4452//4335 7576//7359 7603//7386
f 6102//5927 7602//7385 7576//7359
f 7577//7360 7604//7387 6116//5941
f 6114//5939 7603//7386 7577//7360
f 7578//7361 7605//7388 6146//5971
f 4468//4351 6116//5941 7604//7387
f 7579//7362 7606//7389 6162//5987
f 4477//4360 6146//5971 7605//7388
f 7580//7363 7607//7390 6374//6199
f 4576//4459 6162//5987 7606//7389
f 4578//4461 6374//6199 7607//7390
f 7581//7364 7608//7391 6376//6201
f 4580//4463 6376//6201 7608//7391
f 7582//7365 7609//7392 6378//6203
f 4582//4465 6378//6203 7609//7392
f 7583//7366 7610//7393 6380//6205
f 6380//6205 7610//7393 7584//7367
f 4584//4467 7584//7367 7611//7394
f 6382//6207 7611//7394 7585//7368
f 4586//4469 7585//7368 7612//7395
f 6384//6209 7612//7395 7586//7369
f 4588//4471 7586//7369 7613//7396
f 4590//4473 7587//7370 7614//7397
f 6386//6211 7613//7396 7587//7370
f 6388//6213 7614//7397 7588//7371
f 4602//4485 7588//7371 7615//7398
f 7563//7346 7616//7399 7647//7430
f 7590//7373 7648//7431 7616//7399
f 7564//7347 7617//7400 7649//7432
f 7589//7372 7647//7430 7617//7400
f 7618//7401 7650//7433 7592//7375
f 7591//7374 7649//7432 7618//7401
f 7566//7349 7619//7402 7651//7434
f 7592//7375 7650//7433 7619//7402
f 7567//7350 7620//7403 7642//7425
f 7593//7376 7651//7434 7620//7403
f 7621//7404 7652//7435 7595//7378
f 7568//7351 7594//7377 7642//7425
f 7569//7352 7595//7378 7652//7435
f 7622//7405 7653//7436 7596//7379
f 7570//7353 7596//7379 7653//7436
f 7623//7406 7654//7437 7597//7380
f 7624//7407 7655//7438 7598//7381
f 7571//7354 7597//7380 7654//7437
f 7572//7355 7625//7408 7656//7439
f 7572//7355 7598//7381 7655//7438
f 7573//7356 7626//7409 7643//7426
f 7573//7356 7599//7382 7656//7439
f 7574//7357 7627//7410 7644//7427
f 7600//7383 7643//7426 7627//7410
f 7575//7358 7628//7411 7645//7428
f 7601//7384 7644//7427 7628//7411
f 7576//7359 7629//7412 7657//7440
f 7602//7385 7645//7428 7629//7412
f 7630//7413 7646//7429 7604//7387
f 7603//7386 7657//7440 7630//7413
f 7631//7414 7658//7441 7605//7388
f 7578//7361 7604//7387 7646//7429
f 7632//7415 7659//7442 7606//7389
f 7579//7362 7605//7388 7658//7441
f 7633//7416 7660//7443 7607//7390
f 7580//7363 7606//7389 7659//7442
f 7581//7364 7607//7390 7660//7443
f 7634//7417 7661//7444 7608//7391
f 7582//7365 7608//7391 7661//7444
f 7635//7418 7662//7445 7609//7392
f 7583//7366 7609//7392 7662//7445
f 7636//7419 7663//7446 7610//7393
f 7610//7393 7663//7446 7637//7420
f 7584//7367 7637//7420 7664//7447
f 7611//7394 7664//7447 7638//7421
f 7585//7368 7638//7421 7665//7448
f 7612//7395 7665//7448 7639//7422
f 7586//7369 7639//7422 7666//7449
f 7587//7370 7640//7423 7667//7450
f 7613//7396 7666//7449 7640//7423
f 7614//7397 7667//7450 7641//7424
f 7588//7371 7641//7424 7668//7451
f 5105//4931 6043//5868 6045//5870
f 5042//4868 7685//7468 7669//7452
f 3922//3805 7669//7452 7684//7467
f 5043//4869 7686//7469 7670//7453
f 7670//7453 7685//7468 5042//4868
f 3924//3807 5044//4870 7687//7470
f 7671//7454 7686//7469 5043//4869
f 5045//4871 7688//7471 7672//7455
f 3925//3808 7672//7455 7687//7470
f 7673//7456 7690//7473 5047//4873
f 3942//3825 5049//4875 7691//7474
f 7674//7457 7691//7474 5049//4875
f 3964//3847 5050//4876 7692//7475
f 7675//7458 7697//7480 5071//4897
f 3969//3852 5068//4894 7696//7479
f 7676//7459 7698//7481 5077//4903
f 5071//4897 7697//7480 7676//7459
f 7677//7460 7688//7471 5045//4871
f 5046//4872 7689//7472 7677//7460
f 3972//3855 7678//7461 7699//7482
f 5077//4903 7698//7481 7678//7461
f 3973//3856 7679//7462 7695//7478
f 3973//3856 5081//4907 7699//7482
f 7680//7463 7694//7477 5052//4878
f 5053//4879 7695//7478 7680//7463
f 3976//3859 7681//7464 7689//7472
f 3976//3859 5047//4873 7690//7473
f 3977//3860 7682//7465 7692//7475
f 5051//4877 7693//7476 7682//7465
f 3978//3861 7683//7466 7693//7476
f 3978//3861 5052//4878 7694//7477
